v 0.0 0.30901699437495 -0.5 
v 0.30901699437495 0.5 0.0 
v -0.30901699437495 0.5 0.0 
v 0.0 0.30901699437495 0.5 
v 0.0 -0.30901699437495 0.5 
v -0.5 0.0 0.30901699437495 
v 0.5 0.0 0.30901699437495 
v 0.0 -0.30901699437495 -0.5 
v 0.5 0.0 -0.30901699437495 
v -0.5 0.0 -0.30901699437495 
v 0.30901699437495 -0.5 0.0 
v -0.30901699437495 -0.5 0.0 
v -0.3090169943749491 0.8090169943749477 -0.49999999999999856 
v 0.3090169943749491 0.8090169943749477 -0.49999999999999856 
v 0.0 1.0 0.0 
v 0.3090169943749491 0.8090169943749477 0.49999999999999856 
v -0.3090169943749491 0.8090169943749477 0.49999999999999856 
v 0.0 1.0 0.0 
v -0.49999999999999856 0.3090169943749491 0.8090169943749477 
v 0.0 0.0 1.0 
v -0.49999999999999856 -0.3090169943749491 0.8090169943749477 
v 0.0 0.0 1.0 
v 0.49999999999999856 0.3090169943749491 0.8090169943749477 
v 0.49999999999999856 -0.3090169943749491 0.8090169943749477 
v 0.49999999999999856 0.3090169943749491 -0.8090169943749477 
v 0.0 0.0 -1.0 
v 0.49999999999999856 -0.3090169943749491 -0.8090169943749477 
v 0.0 0.0 -1.0 
v -0.49999999999999856 0.3090169943749491 -0.8090169943749477 
v -0.49999999999999856 -0.3090169943749491 -0.8090169943749477 
v -0.3090169943749491 -0.8090169943749477 0.49999999999999856 
v 0.3090169943749491 -0.8090169943749477 0.49999999999999856 
v 0.0 -1.0 0.0 
v 0.3090169943749491 -0.8090169943749477 -0.49999999999999856 
v -0.3090169943749491 -0.8090169943749477 -0.49999999999999856 
v 0.0 -1.0 0.0 
v -0.8090169943749477 0.49999999999999856 -0.3090169943749491 
v -0.8090169943749477 0.49999999999999856 0.3090169943749491 
v -1.0 0.0 0.0 
v -0.8090169943749477 -0.49999999999999856 0.3090169943749491 
v -0.8090169943749477 -0.49999999999999856 -0.3090169943749491 
v -1.0 0.0 0.0 
v 0.8090169943749477 0.49999999999999856 0.3090169943749491 
v 0.8090169943749477 0.49999999999999856 -0.3090169943749491 
v 1.0 0.0 0.0 
v 0.8090169943749477 -0.49999999999999856 -0.3090169943749491 
v 0.8090169943749477 -0.49999999999999856 0.3090169943749491 
v 1.0 0.0 0.0 
v -0.3090169943749491 0.8090169943749477 0.49999999999999856 
v -0.49999999999999856 0.3090169943749491 0.8090169943749477 
v -0.8090169943749477 0.49999999999999856 0.3090169943749491 
v 0.49999999999999856 0.3090169943749491 0.8090169943749477 
v 0.3090169943749491 0.8090169943749477 0.49999999999999856 
v 0.8090169943749477 0.49999999999999856 0.3090169943749491 
v -0.49999999999999856 0.3090169943749491 -0.8090169943749477 
v -0.3090169943749491 0.8090169943749477 -0.49999999999999856 
v -0.8090169943749477 0.49999999999999856 -0.3090169943749491 
v 0.3090169943749491 0.8090169943749477 -0.49999999999999856 
v 0.49999999999999856 0.3090169943749491 -0.8090169943749477 
v 0.8090169943749477 0.49999999999999856 -0.3090169943749491 
v -0.3090169943749491 -0.8090169943749477 -0.49999999999999856 
v -0.49999999999999856 -0.3090169943749491 -0.8090169943749477 
v -0.8090169943749477 -0.49999999999999856 -0.3090169943749491 
v 0.49999999999999856 -0.3090169943749491 -0.8090169943749477 
v 0.3090169943749491 -0.8090169943749477 -0.49999999999999856 
v 0.8090169943749477 -0.49999999999999856 -0.3090169943749491 
v -0.49999999999999856 -0.3090169943749491 0.8090169943749477 
v -0.3090169943749491 -0.8090169943749477 0.49999999999999856 
v -0.8090169943749477 -0.49999999999999856 0.3090169943749491 
v 0.3090169943749491 -0.8090169943749477 0.49999999999999856 
v 0.49999999999999856 -0.3090169943749491 0.8090169943749477 
v 0.8090169943749477 -0.49999999999999856 0.3090169943749491 
v -0.2017741061675998 0.7300255741640036 -0.652954723657608 
v 0.2017741061675998 0.7300255741640036 -0.652954723657608 
v 0.0 0.8506508083520407 -0.5257311121191324 
v -0.4035482123352001 0.8547288298252076 -0.3264773618288035 
v -0.16245984811645403 0.9510565162951536 -0.262865556059566 
v -0.20177410616760047 0.9794320854864138 0.0 
v 0.16245984811645403 0.9510565162951536 -0.262865556059566 
v 0.4035482123352001 0.8547288298252076 -0.3264773618288035 
v 0.20177410616760047 0.9794320854864138 0.0 
v -0.16245984811645403 0.9510565162951536 -0.262865556059566 
v 0.0 0.8506508083520407 -0.5257311121191324 
v 0.16245984811645403 0.9510565162951536 -0.262865556059566 
v 0.2017741061675998 0.7300255741640036 0.652954723657608 
v -0.2017741061675998 0.7300255741640036 0.652954723657608 
v 0.0 0.8506508083520407 0.5257311121191324 
v 0.4035482123352001 0.8547288298252076 0.3264773618288035 
v 0.16245984811645403 0.9510565162951536 0.262865556059566 
v 0.20177410616760047 0.9794320854864138 0.0 
v -0.16245984811645403 0.9510565162951536 0.262865556059566 
v -0.4035482123352001 0.8547288298252076 0.3264773618288035 
v -0.20177410616760047 0.9794320854864138 0.0 
v 0.16245984811645403 0.9510565162951536 0.262865556059566 
v 0.0 0.8506508083520407 0.5257311121191324 
v -0.16245984811645403 0.9510565162951536 0.262865556059566 
v -0.3264773618288035 0.4035482123352001 0.8547288298252076 
v 0.0 0.20177410616760047 0.9794320854864138 
v -0.262865556059566 0.16245984811645403 0.9510565162951536 
v -0.652954723657608 0.2017741061675998 0.7300255741640036 
v -0.5257311121191324 0.0 0.8506508083520407 
v -0.652954723657608 -0.2017741061675998 0.7300255741640036 
v -0.262865556059566 -0.16245984811645403 0.9510565162951536 
v 0.0 -0.20177410616760047 0.9794320854864138 
v -0.3264773618288035 -0.4035482123352001 0.8547288298252076 
v -0.5257311121191324 0.0 0.8506508083520407 
v -0.262865556059566 0.16245984811645403 0.9510565162951536 
v -0.262865556059566 -0.16245984811645403 0.9510565162951536 
v 0.0 0.20177410616760047 0.9794320854864138 
v 0.3264773618288035 0.4035482123352001 0.8547288298252076 
v 0.262865556059566 0.16245984811645403 0.9510565162951536 
v 0.0 -0.20177410616760047 0.9794320854864138 
v 0.262865556059566 -0.16245984811645403 0.9510565162951536 
v 0.3264773618288035 -0.4035482123352001 0.8547288298252076 
v 0.5257311121191324 0.0 0.8506508083520407 
v 0.652954723657608 0.2017741061675998 0.7300255741640036 
v 0.652954723657608 -0.2017741061675998 0.7300255741640036 
v 0.262865556059566 -0.16245984811645403 0.9510565162951536 
v 0.262865556059566 0.16245984811645403 0.9510565162951536 
v 0.5257311121191324 0.0 0.8506508083520407 
v 0.3264773618288035 0.4035482123352001 -0.8547288298252076 
v 0.0 0.20177410616760047 -0.9794320854864138 
v 0.262865556059566 0.16245984811645403 -0.9510565162951536 
v 0.652954723657608 0.2017741061675998 -0.7300255741640036 
v 0.5257311121191324 0.0 -0.8506508083520407 
v 0.652954723657608 -0.2017741061675998 -0.7300255741640036 
v 0.262865556059566 -0.16245984811645403 -0.9510565162951536 
v 0.0 -0.20177410616760047 -0.9794320854864138 
v 0.3264773618288035 -0.4035482123352001 -0.8547288298252076 
v 0.5257311121191324 0.0 -0.8506508083520407 
v 0.262865556059566 0.16245984811645403 -0.9510565162951536 
v 0.262865556059566 -0.16245984811645403 -0.9510565162951536 
v 0.0 0.20177410616760047 -0.9794320854864138 
v -0.3264773618288035 0.4035482123352001 -0.8547288298252076 
v -0.262865556059566 0.16245984811645403 -0.9510565162951536 
v 0.0 -0.20177410616760047 -0.9794320854864138 
v -0.262865556059566 -0.16245984811645403 -0.9510565162951536 
v -0.3264773618288035 -0.4035482123352001 -0.8547288298252076 
v -0.5257311121191324 0.0 -0.8506508083520407 
v -0.652954723657608 0.2017741061675998 -0.7300255741640036 
v -0.652954723657608 -0.2017741061675998 -0.7300255741640036 
v -0.262865556059566 -0.16245984811645403 -0.9510565162951536 
v -0.262865556059566 0.16245984811645403 -0.9510565162951536 
v -0.5257311121191324 0.0 -0.8506508083520407 
v -0.2017741061675998 -0.7300255741640036 0.652954723657608 
v 0.2017741061675998 -0.7300255741640036 0.652954723657608 
v 0.0 -0.8506508083520407 0.5257311121191324 
v -0.4035482123352001 -0.8547288298252076 0.3264773618288035 
v -0.16245984811645403 -0.9510565162951536 0.262865556059566 
v -0.20177410616760047 -0.9794320854864138 0.0 
v 0.16245984811645403 -0.9510565162951536 0.262865556059566 
v 0.4035482123352001 -0.8547288298252076 0.3264773618288035 
v 0.20177410616760047 -0.9794320854864138 0.0 
v -0.16245984811645403 -0.9510565162951536 0.262865556059566 
v 0.0 -0.8506508083520407 0.5257311121191324 
v 0.16245984811645403 -0.9510565162951536 0.262865556059566 
v 0.2017741061675998 -0.7300255741640036 -0.652954723657608 
v -0.2017741061675998 -0.7300255741640036 -0.652954723657608 
v 0.0 -0.8506508083520407 -0.5257311121191324 
v 0.4035482123352001 -0.8547288298252076 -0.3264773618288035 
v 0.16245984811645403 -0.9510565162951536 -0.262865556059566 
v 0.20177410616760047 -0.9794320854864138 0.0 
v -0.16245984811645403 -0.9510565162951536 -0.262865556059566 
v -0.4035482123352001 -0.8547288298252076 -0.3264773618288035 
v -0.20177410616760047 -0.9794320854864138 0.0 
v 0.16245984811645403 -0.9510565162951536 -0.262865556059566 
v 0.0 -0.8506508083520407 -0.5257311121191324 
v -0.16245984811645403 -0.9510565162951536 -0.262865556059566 
v -0.7300255741640036 0.652954723657608 -0.2017741061675998 
v -0.7300255741640036 0.652954723657608 0.2017741061675998 
v -0.8506508083520407 0.5257311121191324 0.0 
v -0.8547288298252076 0.3264773618288035 -0.4035482123352001 
v -0.9510565162951536 0.262865556059566 -0.16245984811645403 
v -0.9794320854864138 0.0 -0.20177410616760047 
v -0.9510565162951536 0.262865556059566 0.16245984811645403 
v -0.8547288298252076 0.3264773618288035 0.4035482123352001 
v -0.9794320854864138 0.0 0.20177410616760047 
v -0.9510565162951536 0.262865556059566 -0.16245984811645403 
v -0.8506508083520407 0.5257311121191324 0.0 
v -0.9510565162951536 0.262865556059566 0.16245984811645403 
v -0.7300255741640036 -0.652954723657608 0.2017741061675998 
v -0.7300255741640036 -0.652954723657608 -0.2017741061675998 
v -0.8506508083520407 -0.5257311121191324 0.0 
v -0.8547288298252076 -0.3264773618288035 0.4035482123352001 
v -0.9510565162951536 -0.262865556059566 0.16245984811645403 
v -0.9794320854864138 0.0 0.20177410616760047 
v -0.9510565162951536 -0.262865556059566 -0.16245984811645403 
v -0.8547288298252076 -0.3264773618288035 -0.4035482123352001 
v -0.9794320854864138 0.0 -0.20177410616760047 
v -0.9510565162951536 -0.262865556059566 0.16245984811645403 
v -0.8506508083520407 -0.5257311121191324 0.0 
v -0.9510565162951536 -0.262865556059566 -0.16245984811645403 
v 0.7300255741640036 0.652954723657608 0.2017741061675998 
v 0.7300255741640036 0.652954723657608 -0.2017741061675998 
v 0.8506508083520407 0.5257311121191324 0.0 
v 0.8547288298252076 0.3264773618288035 0.4035482123352001 
v 0.9510565162951536 0.262865556059566 0.16245984811645403 
v 0.9794320854864138 0.0 0.20177410616760047 
v 0.9510565162951536 0.262865556059566 -0.16245984811645403 
v 0.8547288298252076 0.3264773618288035 -0.4035482123352001 
v 0.9794320854864138 0.0 -0.20177410616760047 
v 0.9510565162951536 0.262865556059566 0.16245984811645403 
v 0.8506508083520407 0.5257311121191324 0.0 
v 0.9510565162951536 0.262865556059566 -0.16245984811645403 
v 0.7300255741640036 -0.652954723657608 -0.2017741061675998 
v 0.7300255741640036 -0.652954723657608 0.2017741061675998 
v 0.8506508083520407 -0.5257311121191324 0.0 
v 0.8547288298252076 -0.3264773618288035 -0.4035482123352001 
v 0.9510565162951536 -0.262865556059566 -0.16245984811645403 
v 0.9794320854864138 0.0 -0.20177410616760047 
v 0.9510565162951536 -0.262865556059566 0.16245984811645403 
v 0.8547288298252076 -0.3264773618288035 0.4035482123352001 
v 0.9794320854864138 0.0 0.20177410616760047 
v 0.9510565162951536 -0.262865556059566 -0.16245984811645403 
v 0.8506508083520407 -0.5257311121191324 0.0 
v 0.9510565162951536 -0.262865556059566 0.16245984811645403 
v -0.2017741061675998 0.7300255741640036 0.652954723657608 
v -0.3264773618288035 0.4035482123352001 0.8547288298252076 
v -0.42532540417602005 0.587785252292474 0.688190960235586 
v -0.4035482123352001 0.8547288298252076 0.3264773618288035 
v -0.587785252292474 0.688190960235586 0.42532540417602005 
v -0.7300255741640036 0.652954723657608 0.2017741061675998 
v -0.688190960235586 0.42532540417602005 0.587785252292474 
v -0.652954723657608 0.2017741061675998 0.7300255741640036 
v -0.8547288298252076 0.3264773618288035 0.4035482123352001 
v -0.587785252292474 0.688190960235586 0.42532540417602005 
v -0.42532540417602005 0.587785252292474 0.688190960235586 
v -0.688190960235586 0.42532540417602005 0.587785252292474 
v 0.3264773618288035 0.4035482123352001 0.8547288298252076 
v 0.2017741061675998 0.7300255741640036 0.652954723657608 
v 0.42532540417602005 0.587785252292474 0.688190960235586 
v 0.652954723657608 0.2017741061675998 0.7300255741640036 
v 0.688190960235586 0.42532540417602005 0.587785252292474 
v 0.8547288298252076 0.3264773618288035 0.4035482123352001 
v 0.587785252292474 0.688190960235586 0.42532540417602005 
v 0.4035482123352001 0.8547288298252076 0.3264773618288035 
v 0.7300255741640036 0.652954723657608 0.2017741061675998 
v 0.688190960235586 0.42532540417602005 0.587785252292474 
v 0.42532540417602005 0.587785252292474 0.688190960235586 
v 0.587785252292474 0.688190960235586 0.42532540417602005 
v -0.3264773618288035 0.4035482123352001 -0.8547288298252076 
v -0.2017741061675998 0.7300255741640036 -0.652954723657608 
v -0.42532540417602005 0.587785252292474 -0.688190960235586 
v -0.652954723657608 0.2017741061675998 -0.7300255741640036 
v -0.688190960235586 0.42532540417602005 -0.587785252292474 
v -0.8547288298252076 0.3264773618288035 -0.4035482123352001 
v -0.587785252292474 0.688190960235586 -0.42532540417602005 
v -0.4035482123352001 0.8547288298252076 -0.3264773618288035 
v -0.7300255741640036 0.652954723657608 -0.2017741061675998 
v -0.688190960235586 0.42532540417602005 -0.587785252292474 
v -0.42532540417602005 0.587785252292474 -0.688190960235586 
v -0.587785252292474 0.688190960235586 -0.42532540417602005 
v 0.2017741061675998 0.7300255741640036 -0.652954723657608 
v 0.3264773618288035 0.4035482123352001 -0.8547288298252076 
v 0.42532540417602005 0.587785252292474 -0.688190960235586 
v 0.4035482123352001 0.8547288298252076 -0.3264773618288035 
v 0.587785252292474 0.688190960235586 -0.42532540417602005 
v 0.7300255741640036 0.652954723657608 -0.2017741061675998 
v 0.688190960235586 0.42532540417602005 -0.587785252292474 
v 0.652954723657608 0.2017741061675998 -0.7300255741640036 
v 0.8547288298252076 0.3264773618288035 -0.4035482123352001 
v 0.587785252292474 0.688190960235586 -0.42532540417602005 
v 0.42532540417602005 0.587785252292474 -0.688190960235586 
v 0.688190960235586 0.42532540417602005 -0.587785252292474 
v -0.2017741061675998 -0.7300255741640036 -0.652954723657608 
v -0.3264773618288035 -0.4035482123352001 -0.8547288298252076 
v -0.42532540417602005 -0.587785252292474 -0.688190960235586 
v -0.4035482123352001 -0.8547288298252076 -0.3264773618288035 
v -0.587785252292474 -0.688190960235586 -0.42532540417602005 
v -0.7300255741640036 -0.652954723657608 -0.2017741061675998 
v -0.688190960235586 -0.42532540417602005 -0.587785252292474 
v -0.652954723657608 -0.2017741061675998 -0.7300255741640036 
v -0.8547288298252076 -0.3264773618288035 -0.4035482123352001 
v -0.587785252292474 -0.688190960235586 -0.42532540417602005 
v -0.42532540417602005 -0.587785252292474 -0.688190960235586 
v -0.688190960235586 -0.42532540417602005 -0.587785252292474 
v 0.3264773618288035 -0.4035482123352001 -0.8547288298252076 
v 0.2017741061675998 -0.7300255741640036 -0.652954723657608 
v 0.42532540417602005 -0.587785252292474 -0.688190960235586 
v 0.652954723657608 -0.2017741061675998 -0.7300255741640036 
v 0.688190960235586 -0.42532540417602005 -0.587785252292474 
v 0.8547288298252076 -0.3264773618288035 -0.4035482123352001 
v 0.587785252292474 -0.688190960235586 -0.42532540417602005 
v 0.4035482123352001 -0.8547288298252076 -0.3264773618288035 
v 0.7300255741640036 -0.652954723657608 -0.2017741061675998 
v 0.688190960235586 -0.42532540417602005 -0.587785252292474 
v 0.42532540417602005 -0.587785252292474 -0.688190960235586 
v 0.587785252292474 -0.688190960235586 -0.42532540417602005 
v -0.3264773618288035 -0.4035482123352001 0.8547288298252076 
v -0.2017741061675998 -0.7300255741640036 0.652954723657608 
v -0.42532540417602005 -0.587785252292474 0.688190960235586 
v -0.652954723657608 -0.2017741061675998 0.7300255741640036 
v -0.688190960235586 -0.42532540417602005 0.587785252292474 
v -0.8547288298252076 -0.3264773618288035 0.4035482123352001 
v -0.587785252292474 -0.688190960235586 0.42532540417602005 
v -0.4035482123352001 -0.8547288298252076 0.3264773618288035 
v -0.7300255741640036 -0.652954723657608 0.2017741061675998 
v -0.688190960235586 -0.42532540417602005 0.587785252292474 
v -0.42532540417602005 -0.587785252292474 0.688190960235586 
v -0.587785252292474 -0.688190960235586 0.42532540417602005 
v 0.2017741061675998 -0.7300255741640036 0.652954723657608 
v 0.3264773618288035 -0.4035482123352001 0.8547288298252076 
v 0.42532540417602005 -0.587785252292474 0.688190960235586 
v 0.4035482123352001 -0.8547288298252076 0.3264773618288035 
v 0.587785252292474 -0.688190960235586 0.42532540417602005 
v 0.7300255741640036 -0.652954723657608 0.2017741061675998 
v 0.688190960235586 -0.42532540417602005 0.587785252292474 
v 0.652954723657608 -0.2017741061675998 0.7300255741640036 
v 0.8547288298252076 -0.3264773618288035 0.4035482123352001 
v 0.587785252292474 -0.688190960235586 0.42532540417602005 
v 0.42532540417602005 -0.587785252292474 0.688190960235586 
v 0.688190960235586 -0.42532540417602005 0.587785252292474 
v -0.1289185659305001 0.6638705055916375 -0.7366518547889 
v 0.1289185659305001 0.6638705055916375 -0.7366518547889 
v 0.0 0.7453559924999312 -0.6666666666666653 
v -0.25671900529199776 0.7735089293405747 -0.5794646568620773 
v -0.10180034247349024 0.7974928009158485 -0.5946779992228356 
v -0.15643446504023176 0.8401778853271394 -0.519258489728182 
v 0.10180034247349024 0.7974928009158485 -0.5946779992228356 
v 0.25671900529199776 0.7735089293405747 -0.5794646568620773 
v 0.15643446504023176 0.8401778853271394 -0.519258489728182 
v -0.10180034247349024 0.7974928009158485 -0.5946779992228356 
v 0.0 0.7453559924999312 -0.6666666666666653 
v 0.10180034247349024 0.7974928009158485 -0.5946779992228356 
v -0.3581288532200617 0.836183662154075 -0.4153800761205131 
v -0.23867693031959444 0.891006524188368 -0.38618738558759086 
v -0.2855659504142398 0.9110661925865174 -0.29733899961141746 
v -0.45527588413519604 0.8655704207194 -0.2085946214564416 
v -0.3090169943749495 0.936338998124982 -0.16666666666666605 
v -0.32635731820469616 0.9452464762453435 0.0 
v -0.18376560794074961 0.9739822643015138 -0.13262258542293207 
v -0.08224246527936274 0.9876883405951378 -0.13307110414059092 
v -0.10140984792806404 0.9948447329825931 0.0 
v -0.3090169943749495 0.936338998124982 -0.16666666666666605 
v -0.2855659504142398 0.9110661925865174 -0.29733899961141746 
v -0.18376560794074961 0.9739822643015138 -0.13262258542293207 
v 0.23867693031959444 0.891006524188368 -0.38618738558759086 
v 0.3581288532200617 0.836183662154075 -0.4153800761205131 
v 0.2855659504142398 0.9110661925865174 -0.29733899961141746 
v 0.08224246527936274 0.9876883405951378 -0.13307110414059092 
v 0.18376560794074961 0.9739822643015138 -0.13262258542293207 
v 0.10140984792806404 0.9948447329825931 0.0 
v 0.3090169943749495 0.936338998124982 -0.16666666666666605 
v 0.45527588413519604 0.8655704207194 -0.2085946214564416 
v 0.32635731820469616 0.9452464762453435 0.0 
v 0.18376560794074961 0.9739822643015138 -0.13262258542293207 
v 0.2855659504142398 0.9110661925865174 -0.29733899961141746 
v 0.3090169943749495 0.936338998124982 -0.16666666666666605 
v -0.23867693031959444 0.891006524188368 -0.38618738558759086 
v -0.15643446504023176 0.8401778853271394 -0.519258489728182 
v -0.08232358003196061 0.9129824929322995 -0.3996070517018501 
v -0.08224246527936274 0.9876883405951378 -0.13307110414059092 
v 0.0 0.9638612634676228 -0.26640470113456666 
v 0.08224246527936274 0.9876883405951378 -0.13307110414059092 
v 0.08232358003196061 0.9129824929322995 -0.3996070517018501 
v 0.15643446504023176 0.8401778853271394 -0.519258489728182 
v 0.23867693031959444 0.891006524188368 -0.38618738558759086 
v 0.0 0.9638612634676228 -0.26640470113456666 
v -0.08232358003196061 0.9129824929322995 -0.3996070517018501 
v 0.08232358003196061 0.9129824929322995 -0.3996070517018501 
v 0.1289185659305001 0.6638705055916375 0.7366518547889 
v -0.1289185659305001 0.6638705055916375 0.7366518547889 
v 0.0 0.7453559924999312 0.6666666666666653 
v 0.25671900529199776 0.7735089293405747 0.5794646568620773 
v 0.10180034247349024 0.7974928009158485 0.5946779992228356 
v 0.15643446504023176 0.8401778853271394 0.519258489728182 
v -0.10180034247349024 0.7974928009158485 0.5946779992228356 
v -0.25671900529199776 0.7735089293405747 0.5794646568620773 
v -0.15643446504023176 0.8401778853271394 0.519258489728182 
v 0.10180034247349024 0.7974928009158485 0.5946779992228356 
v 0.0 0.7453559924999312 0.6666666666666653 
v -0.10180034247349024 0.7974928009158485 0.5946779992228356 
v 0.3581288532200617 0.836183662154075 0.4153800761205131 
v 0.23867693031959444 0.891006524188368 0.38618738558759086 
v 0.2855659504142398 0.9110661925865174 0.29733899961141746 
v 0.45527588413519604 0.8655704207194 0.2085946214564416 
v 0.3090169943749495 0.936338998124982 0.16666666666666605 
v 0.32635731820469616 0.9452464762453435 0.0 
v 0.18376560794074961 0.9739822643015138 0.13262258542293207 
v 0.08224246527936274 0.9876883405951378 0.13307110414059092 
v 0.10140984792806404 0.9948447329825931 0.0 
v 0.3090169943749495 0.936338998124982 0.16666666666666605 
v 0.2855659504142398 0.9110661925865174 0.29733899961141746 
v 0.18376560794074961 0.9739822643015138 0.13262258542293207 
v -0.23867693031959444 0.891006524188368 0.38618738558759086 
v -0.3581288532200617 0.836183662154075 0.4153800761205131 
v -0.2855659504142398 0.9110661925865174 0.29733899961141746 
v -0.08224246527936274 0.9876883405951378 0.13307110414059092 
v -0.18376560794074961 0.9739822643015138 0.13262258542293207 
v -0.10140984792806404 0.9948447329825931 0.0 
v -0.3090169943749495 0.936338998124982 0.16666666666666605 
v -0.45527588413519604 0.8655704207194 0.2085946214564416 
v -0.32635731820469616 0.9452464762453435 0.0 
v -0.18376560794074961 0.9739822643015138 0.13262258542293207 
v -0.2855659504142398 0.9110661925865174 0.29733899961141746 
v -0.3090169943749495 0.936338998124982 0.16666666666666605 
v 0.23867693031959444 0.891006524188368 0.38618738558759086 
v 0.15643446504023176 0.8401778853271394 0.519258489728182 
v 0.08232358003196061 0.9129824929322995 0.3996070517018501 
v 0.08224246527936274 0.9876883405951378 0.13307110414059092 
v 0.0 0.9638612634676228 0.26640470113456666 
v -0.08224246527936274 0.9876883405951378 0.13307110414059092 
v -0.08232358003196061 0.9129824929322995 0.3996070517018501 
v -0.15643446504023176 0.8401778853271394 0.519258489728182 
v -0.23867693031959444 0.891006524188368 0.38618738558759086 
v 0.0 0.9638612634676228 0.26640470113456666 
v 0.08232358003196061 0.9129824929322995 0.3996070517018501 
v -0.08232358003196061 0.9129824929322995 0.3996070517018501 
v -0.20859462145644161 0.4552758841351961 0.8655704207194003 
v 0.0 0.32635731820469616 0.9452464762453435 
v -0.16666666666666605 0.3090169943749495 0.936338998124982 
v -0.4153800761205131 0.3581288532200617 0.836183662154075 
v -0.29733899961141746 0.2855659504142398 0.9110661925865174 
v -0.38618738558759086 0.23867693031959444 0.891006524188368 
v -0.13262258542293207 0.18376560794074961 0.9739822643015137 
v 0.0 0.10140984792806404 0.9948447329825931 
v -0.13307110414059092 0.08224246527936274 0.9876883405951378 
v -0.29733899961141746 0.2855659504142398 0.9110661925865174 
v -0.16666666666666605 0.3090169943749495 0.936338998124982 
v -0.13262258542293207 0.18376560794074961 0.9739822643015137 
v -0.5794646568620774 0.2567190052919978 0.7735089293405748 
v -0.5192584897281821 0.15643446504023178 0.8401778853271396 
v -0.5946779992228356 0.10180034247349025 0.7974928009158486 
v -0.7366518547889002 0.1289185659305001 0.6638705055916376 
v -0.6666666666666653 0.0 0.7453559924999312 
v -0.7366518547889002 -0.1289185659305001 0.6638705055916376 
v -0.5946779992228356 -0.10180034247349025 0.7974928009158486 
v -0.5192584897281821 -0.15643446504023178 0.8401778853271396 
v -0.5794646568620774 -0.2567190052919978 0.7735089293405748 
v -0.6666666666666653 0.0 0.7453559924999312 
v -0.5946779992228356 0.10180034247349025 0.7974928009158486 
v -0.5946779992228356 -0.10180034247349025 0.7974928009158486 
v -0.13307110414059092 -0.08224246527936274 0.9876883405951378 
v 0.0 -0.10140984792806404 0.9948447329825931 
v -0.13262258542293207 -0.18376560794074961 0.9739822643015137 
v -0.38618738558759086 -0.23867693031959444 0.891006524188368 
v -0.29733899961141746 -0.2855659504142398 0.9110661925865174 
v -0.4153800761205131 -0.3581288532200617 0.836183662154075 
v -0.16666666666666605 -0.3090169943749495 0.936338998124982 
v 0.0 -0.32635731820469616 0.9452464762453435 
v -0.20859462145644161 -0.4552758841351961 0.8655704207194003 
v -0.29733899961141746 -0.2855659504142398 0.9110661925865174 
v -0.13262258542293207 -0.18376560794074961 0.9739822643015137 
v -0.16666666666666605 -0.3090169943749495 0.936338998124982 
v -0.5192584897281821 0.15643446504023178 0.8401778853271396 
v -0.38618738558759086 0.23867693031959444 0.891006524188368 
v -0.3996070517018501 0.08232358003196061 0.9129824929322995 
v -0.5192584897281821 -0.15643446504023178 0.8401778853271396 
v -0.3996070517018501 -0.08232358003196061 0.9129824929322995 
v -0.38618738558759086 -0.23867693031959444 0.891006524188368 
v -0.26640470113456666 0.0 0.9638612634676228 
v -0.13307110414059092 0.08224246527936274 0.9876883405951378 
v -0.13307110414059092 -0.08224246527936274 0.9876883405951378 
v -0.3996070517018501 -0.08232358003196061 0.9129824929322995 
v -0.3996070517018501 0.08232358003196061 0.9129824929322995 
v -0.26640470113456666 0.0 0.9638612634676228 
v 0.0 0.32635731820469616 0.9452464762453435 
v 0.20859462145644161 0.4552758841351961 0.8655704207194003 
v 0.16666666666666605 0.3090169943749495 0.936338998124982 
v 0.0 0.10140984792806404 0.9948447329825931 
v 0.13262258542293207 0.18376560794074961 0.9739822643015137 
v 0.13307110414059092 0.08224246527936274 0.9876883405951378 
v 0.29733899961141746 0.2855659504142398 0.9110661925865174 
v 0.4153800761205131 0.3581288532200617 0.836183662154075 
v 0.38618738558759086 0.23867693031959444 0.891006524188368 
v 0.13262258542293207 0.18376560794074961 0.9739822643015137 
v 0.16666666666666605 0.3090169943749495 0.936338998124982 
v 0.29733899961141746 0.2855659504142398 0.9110661925865174 
v 0.0 -0.10140984792806404 0.9948447329825931 
v 0.13307110414059092 -0.08224246527936274 0.9876883405951378 
v 0.13262258542293207 -0.18376560794074961 0.9739822643015137 
v 0.0 -0.32635731820469616 0.9452464762453435 
v 0.16666666666666605 -0.3090169943749495 0.936338998124982 
v 0.20859462145644161 -0.4552758841351961 0.8655704207194003 
v 0.29733899961141746 -0.2855659504142398 0.9110661925865174 
v 0.38618738558759086 -0.23867693031959444 0.891006524188368 
v 0.4153800761205131 -0.3581288532200617 0.836183662154075 
v 0.16666666666666605 -0.3090169943749495 0.936338998124982 
v 0.13262258542293207 -0.18376560794074961 0.9739822643015137 
v 0.29733899961141746 -0.2855659504142398 0.9110661925865174 
v 0.5192584897281821 0.15643446504023178 0.8401778853271396 
v 0.5794646568620774 0.2567190052919978 0.7735089293405748 
v 0.5946779992228356 0.10180034247349025 0.7974928009158486 
v 0.5192584897281821 -0.15643446504023178 0.8401778853271396 
v 0.5946779992228356 -0.10180034247349025 0.7974928009158486 
v 0.5794646568620774 -0.2567190052919978 0.7735089293405748 
v 0.6666666666666653 0.0 0.7453559924999312 
v 0.7366518547889002 0.1289185659305001 0.6638705055916376 
v 0.7366518547889002 -0.1289185659305001 0.6638705055916376 
v 0.5946779992228356 -0.10180034247349025 0.7974928009158486 
v 0.5946779992228356 0.10180034247349025 0.7974928009158486 
v 0.6666666666666653 0.0 0.7453559924999312 
v 0.13307110414059092 -0.08224246527936274 0.9876883405951378 
v 0.13307110414059092 0.08224246527936274 0.9876883405951378 
v 0.26640470113456666 0.0 0.9638612634676228 
v 0.38618738558759086 -0.23867693031959444 0.891006524188368 
v 0.3996070517018501 -0.08232358003196061 0.9129824929322995 
v 0.5192584897281821 -0.15643446504023178 0.8401778853271396 
v 0.3996070517018501 0.08232358003196061 0.9129824929322995 
v 0.38618738558759086 0.23867693031959444 0.891006524188368 
v 0.5192584897281821 0.15643446504023178 0.8401778853271396 
v 0.3996070517018501 -0.08232358003196061 0.9129824929322995 
v 0.26640470113456666 0.0 0.9638612634676228 
v 0.3996070517018501 0.08232358003196061 0.9129824929322995 
v 0.20859462145644161 0.4552758841351961 -0.8655704207194003 
v 0.0 0.32635731820469616 -0.9452464762453435 
v 0.16666666666666605 0.3090169943749495 -0.936338998124982 
v 0.4153800761205131 0.3581288532200617 -0.836183662154075 
v 0.29733899961141746 0.2855659504142398 -0.9110661925865174 
v 0.38618738558759086 0.23867693031959444 -0.891006524188368 
v 0.13262258542293207 0.18376560794074961 -0.9739822643015137 
v 0.0 0.10140984792806404 -0.9948447329825931 
v 0.13307110414059092 0.08224246527936274 -0.9876883405951378 
v 0.29733899961141746 0.2855659504142398 -0.9110661925865174 
v 0.16666666666666605 0.3090169943749495 -0.936338998124982 
v 0.13262258542293207 0.18376560794074961 -0.9739822643015137 
v 0.5794646568620774 0.2567190052919978 -0.7735089293405748 
v 0.5192584897281821 0.15643446504023178 -0.8401778853271396 
v 0.5946779992228356 0.10180034247349025 -0.7974928009158486 
v 0.7366518547889002 0.1289185659305001 -0.6638705055916376 
v 0.6666666666666653 0.0 -0.7453559924999312 
v 0.7366518547889002 -0.1289185659305001 -0.6638705055916376 
v 0.5946779992228356 -0.10180034247349025 -0.7974928009158486 
v 0.5192584897281821 -0.15643446504023178 -0.8401778853271396 
v 0.5794646568620774 -0.2567190052919978 -0.7735089293405748 
v 0.6666666666666653 0.0 -0.7453559924999312 
v 0.5946779992228356 0.10180034247349025 -0.7974928009158486 
v 0.5946779992228356 -0.10180034247349025 -0.7974928009158486 
v 0.13307110414059092 -0.08224246527936274 -0.9876883405951378 
v 0.0 -0.10140984792806404 -0.9948447329825931 
v 0.13262258542293207 -0.18376560794074961 -0.9739822643015137 
v 0.38618738558759086 -0.23867693031959444 -0.891006524188368 
v 0.29733899961141746 -0.2855659504142398 -0.9110661925865174 
v 0.4153800761205131 -0.3581288532200617 -0.836183662154075 
v 0.16666666666666605 -0.3090169943749495 -0.936338998124982 
v 0.0 -0.32635731820469616 -0.9452464762453435 
v 0.20859462145644161 -0.4552758841351961 -0.8655704207194003 
v 0.29733899961141746 -0.2855659504142398 -0.9110661925865174 
v 0.13262258542293207 -0.18376560794074961 -0.9739822643015137 
v 0.16666666666666605 -0.3090169943749495 -0.936338998124982 
v 0.5192584897281821 0.15643446504023178 -0.8401778853271396 
v 0.38618738558759086 0.23867693031959444 -0.891006524188368 
v 0.3996070517018501 0.08232358003196061 -0.9129824929322995 
v 0.5192584897281821 -0.15643446504023178 -0.8401778853271396 
v 0.3996070517018501 -0.08232358003196061 -0.9129824929322995 
v 0.38618738558759086 -0.23867693031959444 -0.891006524188368 
v 0.26640470113456666 0.0 -0.9638612634676228 
v 0.13307110414059092 0.08224246527936274 -0.9876883405951378 
v 0.13307110414059092 -0.08224246527936274 -0.9876883405951378 
v 0.3996070517018501 -0.08232358003196061 -0.9129824929322995 
v 0.3996070517018501 0.08232358003196061 -0.9129824929322995 
v 0.26640470113456666 0.0 -0.9638612634676228 
v 0.0 0.32635731820469616 -0.9452464762453435 
v -0.20859462145644161 0.4552758841351961 -0.8655704207194003 
v -0.16666666666666605 0.3090169943749495 -0.936338998124982 
v 0.0 0.10140984792806404 -0.9948447329825931 
v -0.13262258542293207 0.18376560794074961 -0.9739822643015137 
v -0.13307110414059092 0.08224246527936274 -0.9876883405951378 
v -0.29733899961141746 0.2855659504142398 -0.9110661925865174 
v -0.4153800761205131 0.3581288532200617 -0.836183662154075 
v -0.38618738558759086 0.23867693031959444 -0.891006524188368 
v -0.13262258542293207 0.18376560794074961 -0.9739822643015137 
v -0.16666666666666605 0.3090169943749495 -0.936338998124982 
v -0.29733899961141746 0.2855659504142398 -0.9110661925865174 
v 0.0 -0.10140984792806404 -0.9948447329825931 
v -0.13307110414059092 -0.08224246527936274 -0.9876883405951378 
v -0.13262258542293207 -0.18376560794074961 -0.9739822643015137 
v 0.0 -0.32635731820469616 -0.9452464762453435 
v -0.16666666666666605 -0.3090169943749495 -0.936338998124982 
v -0.20859462145644161 -0.4552758841351961 -0.8655704207194003 
v -0.29733899961141746 -0.2855659504142398 -0.9110661925865174 
v -0.38618738558759086 -0.23867693031959444 -0.891006524188368 
v -0.4153800761205131 -0.3581288532200617 -0.836183662154075 
v -0.16666666666666605 -0.3090169943749495 -0.936338998124982 
v -0.13262258542293207 -0.18376560794074961 -0.9739822643015137 
v -0.29733899961141746 -0.2855659504142398 -0.9110661925865174 
v -0.5192584897281821 0.15643446504023178 -0.8401778853271396 
v -0.5794646568620774 0.2567190052919978 -0.7735089293405748 
v -0.5946779992228356 0.10180034247349025 -0.7974928009158486 
v -0.5192584897281821 -0.15643446504023178 -0.8401778853271396 
v -0.5946779992228356 -0.10180034247349025 -0.7974928009158486 
v -0.5794646568620774 -0.2567190052919978 -0.7735089293405748 
v -0.6666666666666653 0.0 -0.7453559924999312 
v -0.7366518547889002 0.1289185659305001 -0.6638705055916376 
v -0.7366518547889002 -0.1289185659305001 -0.6638705055916376 
v -0.5946779992228356 -0.10180034247349025 -0.7974928009158486 
v -0.5946779992228356 0.10180034247349025 -0.7974928009158486 
v -0.6666666666666653 0.0 -0.7453559924999312 
v -0.13307110414059092 -0.08224246527936274 -0.9876883405951378 
v -0.13307110414059092 0.08224246527936274 -0.9876883405951378 
v -0.26640470113456666 0.0 -0.9638612634676228 
v -0.38618738558759086 -0.23867693031959444 -0.891006524188368 
v -0.3996070517018501 -0.08232358003196061 -0.9129824929322995 
v -0.5192584897281821 -0.15643446504023178 -0.8401778853271396 
v -0.3996070517018501 0.08232358003196061 -0.9129824929322995 
v -0.38618738558759086 0.23867693031959444 -0.891006524188368 
v -0.5192584897281821 0.15643446504023178 -0.8401778853271396 
v -0.3996070517018501 -0.08232358003196061 -0.9129824929322995 
v -0.26640470113456666 0.0 -0.9638612634676228 
v -0.3996070517018501 0.08232358003196061 -0.9129824929322995 
v -0.1289185659305001 -0.6638705055916375 0.7366518547889 
v 0.1289185659305001 -0.6638705055916375 0.7366518547889 
v 0.0 -0.7453559924999312 0.6666666666666653 
v -0.25671900529199776 -0.7735089293405747 0.5794646568620773 
v -0.10180034247349024 -0.7974928009158485 0.5946779992228356 
v -0.15643446504023176 -0.8401778853271394 0.519258489728182 
v 0.10180034247349024 -0.7974928009158485 0.5946779992228356 
v 0.25671900529199776 -0.7735089293405747 0.5794646568620773 
v 0.15643446504023176 -0.8401778853271394 0.519258489728182 
v -0.10180034247349024 -0.7974928009158485 0.5946779992228356 
v 0.0 -0.7453559924999312 0.6666666666666653 
v 0.10180034247349024 -0.7974928009158485 0.5946779992228356 
v -0.3581288532200617 -0.836183662154075 0.4153800761205131 
v -0.23867693031959444 -0.891006524188368 0.38618738558759086 
v -0.2855659504142398 -0.9110661925865174 0.29733899961141746 
v -0.45527588413519604 -0.8655704207194 0.2085946214564416 
v -0.3090169943749495 -0.936338998124982 0.16666666666666605 
v -0.32635731820469616 -0.9452464762453435 0.0 
v -0.18376560794074961 -0.9739822643015138 0.13262258542293207 
v -0.08224246527936274 -0.9876883405951378 0.13307110414059092 
v -0.10140984792806404 -0.9948447329825931 0.0 
v -0.3090169943749495 -0.936338998124982 0.16666666666666605 
v -0.2855659504142398 -0.9110661925865174 0.29733899961141746 
v -0.18376560794074961 -0.9739822643015138 0.13262258542293207 
v 0.23867693031959444 -0.891006524188368 0.38618738558759086 
v 0.3581288532200617 -0.836183662154075 0.4153800761205131 
v 0.2855659504142398 -0.9110661925865174 0.29733899961141746 
v 0.08224246527936274 -0.9876883405951378 0.13307110414059092 
v 0.18376560794074961 -0.9739822643015138 0.13262258542293207 
v 0.10140984792806404 -0.9948447329825931 0.0 
v 0.3090169943749495 -0.936338998124982 0.16666666666666605 
v 0.45527588413519604 -0.8655704207194 0.2085946214564416 
v 0.32635731820469616 -0.9452464762453435 0.0 
v 0.18376560794074961 -0.9739822643015138 0.13262258542293207 
v 0.2855659504142398 -0.9110661925865174 0.29733899961141746 
v 0.3090169943749495 -0.936338998124982 0.16666666666666605 
v -0.23867693031959444 -0.891006524188368 0.38618738558759086 
v -0.15643446504023176 -0.8401778853271394 0.519258489728182 
v -0.08232358003196061 -0.9129824929322995 0.3996070517018501 
v -0.08224246527936274 -0.9876883405951378 0.13307110414059092 
v 0.0 -0.9638612634676228 0.26640470113456666 
v 0.08224246527936274 -0.9876883405951378 0.13307110414059092 
v 0.08232358003196061 -0.9129824929322995 0.3996070517018501 
v 0.15643446504023176 -0.8401778853271394 0.519258489728182 
v 0.23867693031959444 -0.891006524188368 0.38618738558759086 
v 0.0 -0.9638612634676228 0.26640470113456666 
v -0.08232358003196061 -0.9129824929322995 0.3996070517018501 
v 0.08232358003196061 -0.9129824929322995 0.3996070517018501 
v 0.1289185659305001 -0.6638705055916375 -0.7366518547889 
v -0.1289185659305001 -0.6638705055916375 -0.7366518547889 
v 0.0 -0.7453559924999312 -0.6666666666666653 
v 0.25671900529199776 -0.7735089293405747 -0.5794646568620773 
v 0.10180034247349024 -0.7974928009158485 -0.5946779992228356 
v 0.15643446504023176 -0.8401778853271394 -0.519258489728182 
v -0.10180034247349024 -0.7974928009158485 -0.5946779992228356 
v -0.25671900529199776 -0.7735089293405747 -0.5794646568620773 
v -0.15643446504023176 -0.8401778853271394 -0.519258489728182 
v 0.10180034247349024 -0.7974928009158485 -0.5946779992228356 
v 0.0 -0.7453559924999312 -0.6666666666666653 
v -0.10180034247349024 -0.7974928009158485 -0.5946779992228356 
v 0.3581288532200617 -0.836183662154075 -0.4153800761205131 
v 0.23867693031959444 -0.891006524188368 -0.38618738558759086 
v 0.2855659504142398 -0.9110661925865174 -0.29733899961141746 
v 0.45527588413519604 -0.8655704207194 -0.2085946214564416 
v 0.3090169943749495 -0.936338998124982 -0.16666666666666605 
v 0.32635731820469616 -0.9452464762453435 0.0 
v 0.18376560794074961 -0.9739822643015138 -0.13262258542293207 
v 0.08224246527936274 -0.9876883405951378 -0.13307110414059092 
v 0.10140984792806404 -0.9948447329825931 0.0 
v 0.3090169943749495 -0.936338998124982 -0.16666666666666605 
v 0.2855659504142398 -0.9110661925865174 -0.29733899961141746 
v 0.18376560794074961 -0.9739822643015138 -0.13262258542293207 
v -0.23867693031959444 -0.891006524188368 -0.38618738558759086 
v -0.3581288532200617 -0.836183662154075 -0.4153800761205131 
v -0.2855659504142398 -0.9110661925865174 -0.29733899961141746 
v -0.08224246527936274 -0.9876883405951378 -0.13307110414059092 
v -0.18376560794074961 -0.9739822643015138 -0.13262258542293207 
v -0.10140984792806404 -0.9948447329825931 0.0 
v -0.3090169943749495 -0.936338998124982 -0.16666666666666605 
v -0.45527588413519604 -0.8655704207194 -0.2085946214564416 
v -0.32635731820469616 -0.9452464762453435 0.0 
v -0.18376560794074961 -0.9739822643015138 -0.13262258542293207 
v -0.2855659504142398 -0.9110661925865174 -0.29733899961141746 
v -0.3090169943749495 -0.936338998124982 -0.16666666666666605 
v 0.23867693031959444 -0.891006524188368 -0.38618738558759086 
v 0.15643446504023176 -0.8401778853271394 -0.519258489728182 
v 0.08232358003196061 -0.9129824929322995 -0.3996070517018501 
v 0.08224246527936274 -0.9876883405951378 -0.13307110414059092 
v 0.0 -0.9638612634676228 -0.26640470113456666 
v -0.08224246527936274 -0.9876883405951378 -0.13307110414059092 
v -0.08232358003196061 -0.9129824929322995 -0.3996070517018501 
v -0.15643446504023176 -0.8401778853271394 -0.519258489728182 
v -0.23867693031959444 -0.891006524188368 -0.38618738558759086 
v 0.0 -0.9638612634676228 -0.26640470113456666 
v 0.08232358003196061 -0.9129824929322995 -0.3996070517018501 
v -0.08232358003196061 -0.9129824929322995 -0.3996070517018501 
v -0.6638705055916375 0.7366518547889 -0.1289185659305001 
v -0.6638705055916375 0.7366518547889 0.1289185659305001 
v -0.7453559924999312 0.6666666666666653 0.0 
v -0.7735089293405747 0.5794646568620773 -0.25671900529199776 
v -0.7974928009158486 0.5946779992228356 -0.10180034247349025 
v -0.8401778853271396 0.5192584897281821 -0.15643446504023178 
v -0.7974928009158486 0.5946779992228356 0.10180034247349025 
v -0.7735089293405747 0.5794646568620773 0.25671900529199776 
v -0.8401778853271396 0.5192584897281821 0.15643446504023178 
v -0.7974928009158486 0.5946779992228356 -0.10180034247349025 
v -0.7453559924999312 0.6666666666666653 0.0 
v -0.7974928009158486 0.5946779992228356 0.10180034247349025 
v -0.836183662154075 0.4153800761205131 -0.3581288532200617 
v -0.891006524188368 0.38618738558759086 -0.23867693031959444 
v -0.9110661925865174 0.29733899961141746 -0.2855659504142398 
v -0.8655704207194003 0.20859462145644161 -0.4552758841351961 
v -0.936338998124982 0.16666666666666605 -0.3090169943749495 
v -0.9452464762453435 0.0 -0.32635731820469616 
v -0.9739822643015137 0.13262258542293207 -0.18376560794074961 
v -0.9876883405951378 0.13307110414059092 -0.08224246527936274 
v -0.9948447329825931 0.0 -0.10140984792806404 
v -0.936338998124982 0.16666666666666605 -0.3090169943749495 
v -0.9110661925865174 0.29733899961141746 -0.2855659504142398 
v -0.9739822643015137 0.13262258542293207 -0.18376560794074961 
v -0.891006524188368 0.38618738558759086 0.23867693031959444 
v -0.836183662154075 0.4153800761205131 0.3581288532200617 
v -0.9110661925865174 0.29733899961141746 0.2855659504142398 
v -0.9876883405951378 0.13307110414059092 0.08224246527936274 
v -0.9739822643015137 0.13262258542293207 0.18376560794074961 
v -0.9948447329825931 0.0 0.10140984792806404 
v -0.936338998124982 0.16666666666666605 0.3090169943749495 
v -0.8655704207194003 0.20859462145644161 0.4552758841351961 
v -0.9452464762453435 0.0 0.32635731820469616 
v -0.9739822643015137 0.13262258542293207 0.18376560794074961 
v -0.9110661925865174 0.29733899961141746 0.2855659504142398 
v -0.936338998124982 0.16666666666666605 0.3090169943749495 
v -0.891006524188368 0.38618738558759086 -0.23867693031959444 
v -0.8401778853271396 0.5192584897281821 -0.15643446504023178 
v -0.9129824929322995 0.3996070517018501 -0.08232358003196061 
v -0.9876883405951378 0.13307110414059092 -0.08224246527936274 
v -0.9638612634676228 0.26640470113456666 0.0 
v -0.9876883405951378 0.13307110414059092 0.08224246527936274 
v -0.9129824929322995 0.3996070517018501 0.08232358003196061 
v -0.8401778853271396 0.5192584897281821 0.15643446504023178 
v -0.891006524188368 0.38618738558759086 0.23867693031959444 
v -0.9638612634676228 0.26640470113456666 0.0 
v -0.9129824929322995 0.3996070517018501 -0.08232358003196061 
v -0.9129824929322995 0.3996070517018501 0.08232358003196061 
v -0.6638705055916375 -0.7366518547889 0.1289185659305001 
v -0.6638705055916375 -0.7366518547889 -0.1289185659305001 
v -0.7453559924999312 -0.6666666666666653 0.0 
v -0.7735089293405747 -0.5794646568620773 0.25671900529199776 
v -0.7974928009158486 -0.5946779992228356 0.10180034247349025 
v -0.8401778853271396 -0.5192584897281821 0.15643446504023178 
v -0.7974928009158486 -0.5946779992228356 -0.10180034247349025 
v -0.7735089293405747 -0.5794646568620773 -0.25671900529199776 
v -0.8401778853271396 -0.5192584897281821 -0.15643446504023178 
v -0.7974928009158486 -0.5946779992228356 0.10180034247349025 
v -0.7453559924999312 -0.6666666666666653 0.0 
v -0.7974928009158486 -0.5946779992228356 -0.10180034247349025 
v -0.836183662154075 -0.4153800761205131 0.3581288532200617 
v -0.891006524188368 -0.38618738558759086 0.23867693031959444 
v -0.9110661925865174 -0.29733899961141746 0.2855659504142398 
v -0.8655704207194003 -0.20859462145644161 0.4552758841351961 
v -0.936338998124982 -0.16666666666666605 0.3090169943749495 
v -0.9452464762453435 0.0 0.32635731820469616 
v -0.9739822643015137 -0.13262258542293207 0.18376560794074961 
v -0.9876883405951378 -0.13307110414059092 0.08224246527936274 
v -0.9948447329825931 0.0 0.10140984792806404 
v -0.936338998124982 -0.16666666666666605 0.3090169943749495 
v -0.9110661925865174 -0.29733899961141746 0.2855659504142398 
v -0.9739822643015137 -0.13262258542293207 0.18376560794074961 
v -0.891006524188368 -0.38618738558759086 -0.23867693031959444 
v -0.836183662154075 -0.4153800761205131 -0.3581288532200617 
v -0.9110661925865174 -0.29733899961141746 -0.2855659504142398 
v -0.9876883405951378 -0.13307110414059092 -0.08224246527936274 
v -0.9739822643015137 -0.13262258542293207 -0.18376560794074961 
v -0.9948447329825931 0.0 -0.10140984792806404 
v -0.936338998124982 -0.16666666666666605 -0.3090169943749495 
v -0.8655704207194003 -0.20859462145644161 -0.4552758841351961 
v -0.9452464762453435 0.0 -0.32635731820469616 
v -0.9739822643015137 -0.13262258542293207 -0.18376560794074961 
v -0.9110661925865174 -0.29733899961141746 -0.2855659504142398 
v -0.936338998124982 -0.16666666666666605 -0.3090169943749495 
v -0.891006524188368 -0.38618738558759086 0.23867693031959444 
v -0.8401778853271396 -0.5192584897281821 0.15643446504023178 
v -0.9129824929322995 -0.3996070517018501 0.08232358003196061 
v -0.9876883405951378 -0.13307110414059092 0.08224246527936274 
v -0.9638612634676228 -0.26640470113456666 0.0 
v -0.9876883405951378 -0.13307110414059092 -0.08224246527936274 
v -0.9129824929322995 -0.3996070517018501 -0.08232358003196061 
v -0.8401778853271396 -0.5192584897281821 -0.15643446504023178 
v -0.891006524188368 -0.38618738558759086 -0.23867693031959444 
v -0.9638612634676228 -0.26640470113456666 0.0 
v -0.9129824929322995 -0.3996070517018501 0.08232358003196061 
v -0.9129824929322995 -0.3996070517018501 -0.08232358003196061 
v 0.6638705055916375 0.7366518547889 0.1289185659305001 
v 0.6638705055916375 0.7366518547889 -0.1289185659305001 
v 0.7453559924999312 0.6666666666666653 0.0 
v 0.7735089293405747 0.5794646568620773 0.25671900529199776 
v 0.7974928009158486 0.5946779992228356 0.10180034247349025 
v 0.8401778853271396 0.5192584897281821 0.15643446504023178 
v 0.7974928009158486 0.5946779992228356 -0.10180034247349025 
v 0.7735089293405747 0.5794646568620773 -0.25671900529199776 
v 0.8401778853271396 0.5192584897281821 -0.15643446504023178 
v 0.7974928009158486 0.5946779992228356 0.10180034247349025 
v 0.7453559924999312 0.6666666666666653 0.0 
v 0.7974928009158486 0.5946779992228356 -0.10180034247349025 
v 0.836183662154075 0.4153800761205131 0.3581288532200617 
v 0.891006524188368 0.38618738558759086 0.23867693031959444 
v 0.9110661925865174 0.29733899961141746 0.2855659504142398 
v 0.8655704207194003 0.20859462145644161 0.4552758841351961 
v 0.936338998124982 0.16666666666666605 0.3090169943749495 
v 0.9452464762453435 0.0 0.32635731820469616 
v 0.9739822643015137 0.13262258542293207 0.18376560794074961 
v 0.9876883405951378 0.13307110414059092 0.08224246527936274 
v 0.9948447329825931 0.0 0.10140984792806404 
v 0.936338998124982 0.16666666666666605 0.3090169943749495 
v 0.9110661925865174 0.29733899961141746 0.2855659504142398 
v 0.9739822643015137 0.13262258542293207 0.18376560794074961 
v 0.891006524188368 0.38618738558759086 -0.23867693031959444 
v 0.836183662154075 0.4153800761205131 -0.3581288532200617 
v 0.9110661925865174 0.29733899961141746 -0.2855659504142398 
v 0.9876883405951378 0.13307110414059092 -0.08224246527936274 
v 0.9739822643015137 0.13262258542293207 -0.18376560794074961 
v 0.9948447329825931 0.0 -0.10140984792806404 
v 0.936338998124982 0.16666666666666605 -0.3090169943749495 
v 0.8655704207194003 0.20859462145644161 -0.4552758841351961 
v 0.9452464762453435 0.0 -0.32635731820469616 
v 0.9739822643015137 0.13262258542293207 -0.18376560794074961 
v 0.9110661925865174 0.29733899961141746 -0.2855659504142398 
v 0.936338998124982 0.16666666666666605 -0.3090169943749495 
v 0.891006524188368 0.38618738558759086 0.23867693031959444 
v 0.8401778853271396 0.5192584897281821 0.15643446504023178 
v 0.9129824929322995 0.3996070517018501 0.08232358003196061 
v 0.9876883405951378 0.13307110414059092 0.08224246527936274 
v 0.9638612634676228 0.26640470113456666 0.0 
v 0.9876883405951378 0.13307110414059092 -0.08224246527936274 
v 0.9129824929322995 0.3996070517018501 -0.08232358003196061 
v 0.8401778853271396 0.5192584897281821 -0.15643446504023178 
v 0.891006524188368 0.38618738558759086 -0.23867693031959444 
v 0.9638612634676228 0.26640470113456666 0.0 
v 0.9129824929322995 0.3996070517018501 0.08232358003196061 
v 0.9129824929322995 0.3996070517018501 -0.08232358003196061 
v 0.6638705055916375 -0.7366518547889 -0.1289185659305001 
v 0.6638705055916375 -0.7366518547889 0.1289185659305001 
v 0.7453559924999312 -0.6666666666666653 0.0 
v 0.7735089293405747 -0.5794646568620773 -0.25671900529199776 
v 0.7974928009158486 -0.5946779992228356 -0.10180034247349025 
v 0.8401778853271396 -0.5192584897281821 -0.15643446504023178 
v 0.7974928009158486 -0.5946779992228356 0.10180034247349025 
v 0.7735089293405747 -0.5794646568620773 0.25671900529199776 
v 0.8401778853271396 -0.5192584897281821 0.15643446504023178 
v 0.7974928009158486 -0.5946779992228356 -0.10180034247349025 
v 0.7453559924999312 -0.6666666666666653 0.0 
v 0.7974928009158486 -0.5946779992228356 0.10180034247349025 
v 0.836183662154075 -0.4153800761205131 -0.3581288532200617 
v 0.891006524188368 -0.38618738558759086 -0.23867693031959444 
v 0.9110661925865174 -0.29733899961141746 -0.2855659504142398 
v 0.8655704207194003 -0.20859462145644161 -0.4552758841351961 
v 0.936338998124982 -0.16666666666666605 -0.3090169943749495 
v 0.9452464762453435 0.0 -0.32635731820469616 
v 0.9739822643015137 -0.13262258542293207 -0.18376560794074961 
v 0.9876883405951378 -0.13307110414059092 -0.08224246527936274 
v 0.9948447329825931 0.0 -0.10140984792806404 
v 0.936338998124982 -0.16666666666666605 -0.3090169943749495 
v 0.9110661925865174 -0.29733899961141746 -0.2855659504142398 
v 0.9739822643015137 -0.13262258542293207 -0.18376560794074961 
v 0.891006524188368 -0.38618738558759086 0.23867693031959444 
v 0.836183662154075 -0.4153800761205131 0.3581288532200617 
v 0.9110661925865174 -0.29733899961141746 0.2855659504142398 
v 0.9876883405951378 -0.13307110414059092 0.08224246527936274 
v 0.9739822643015137 -0.13262258542293207 0.18376560794074961 
v 0.9948447329825931 0.0 0.10140984792806404 
v 0.936338998124982 -0.16666666666666605 0.3090169943749495 
v 0.8655704207194003 -0.20859462145644161 0.4552758841351961 
v 0.9452464762453435 0.0 0.32635731820469616 
v 0.9739822643015137 -0.13262258542293207 0.18376560794074961 
v 0.9110661925865174 -0.29733899961141746 0.2855659504142398 
v 0.936338998124982 -0.16666666666666605 0.3090169943749495 
v 0.891006524188368 -0.38618738558759086 -0.23867693031959444 
v 0.8401778853271396 -0.5192584897281821 -0.15643446504023178 
v 0.9129824929322995 -0.3996070517018501 -0.08232358003196061 
v 0.9876883405951378 -0.13307110414059092 -0.08224246527936274 
v 0.9638612634676228 -0.26640470113456666 0.0 
v 0.9876883405951378 -0.13307110414059092 0.08224246527936274 
v 0.9129824929322995 -0.3996070517018501 0.08232358003196061 
v 0.8401778853271396 -0.5192584897281821 0.15643446504023178 
v 0.891006524188368 -0.38618738558759086 0.23867693031959444 
v 0.9638612634676228 -0.26640470113456666 0.0 
v 0.9129824929322995 -0.3996070517018501 -0.08232358003196061 
v 0.9129824929322995 -0.3996070517018501 0.08232358003196061 
v -0.1289185659305001 0.6638705055916375 0.7366518547889 
v -0.20859462145644161 0.4552758841351961 0.8655704207194003 
v -0.26967233145831565 0.5786893258332649 0.7696723314583146 
v -0.25671900529199776 0.7735089293405747 0.5794646568620773 
v -0.31638819336368135 0.6648702154929161 0.6766432646900943 
v -0.3717480344601854 0.7071067811865481 0.6015009550075445 
v -0.37930426507867643 0.5001538013044309 0.7784436071635845 
v -0.4153800761205131 0.3581288532200617 0.836183662154075 
v -0.46842985086695366 0.4539904997395481 0.7579354200477763 
v -0.31638819336368135 0.6648702154929161 0.6766432646900943 
v -0.26967233145831565 0.5786893258332649 0.7696723314583146 
v -0.37930426507867643 0.5001538013044309 0.7784436071635845 
v -0.3581288532200617 0.836183662154075 0.4153800761205131 
v -0.4539904997395481 0.7579354200477763 0.46842985086695366 
v -0.5001538013044309 0.7784436071635845 0.37930426507867643 
v -0.45527588413519604 0.8655704207194 0.2085946214564416 
v -0.5786893258332649 0.7696723314583146 0.26967233145831565 
v -0.6638705055916375 0.7366518547889 0.1289185659305001 
v -0.6648702154929161 0.6766432646900943 0.31638819336368135 
v -0.7071067811865481 0.6015009550075445 0.3717480344601854 
v -0.7735089293405747 0.5794646568620773 0.25671900529199776 
v -0.5786893258332649 0.7696723314583146 0.26967233145831565 
v -0.5001538013044309 0.7784436071635845 0.37930426507867643 
v -0.6648702154929161 0.6766432646900943 0.31638819336368135 
v -0.6015009550075445 0.3717480344601854 0.7071067811865481 
v -0.5794646568620774 0.2567190052919978 0.7735089293405748 
v -0.6766432646900943 0.31638819336368135 0.6648702154929161 
v -0.7579354200477763 0.46842985086695366 0.4539904997395481 
v -0.7784436071635845 0.37930426507867643 0.5001538013044309 
v -0.836183662154075 0.4153800761205131 0.3581288532200617 
v -0.7696723314583146 0.26967233145831565 0.5786893258332649 
v -0.7366518547889002 0.1289185659305001 0.6638705055916376 
v -0.8655704207194003 0.20859462145644161 0.4552758841351961 
v -0.7784436071635845 0.37930426507867643 0.5001538013044309 
v -0.6766432646900943 0.31638819336368135 0.6648702154929161 
v -0.7696723314583146 0.26967233145831565 0.5786893258332649 
v -0.4539904997395481 0.7579354200477763 0.46842985086695366 
v -0.3717480344601854 0.7071067811865481 0.6015009550075445 
v -0.5133754412304483 0.6465777917977317 0.5642542117657711 
v -0.7071067811865481 0.6015009550075445 0.3717480344601854 
v -0.6465777917977317 0.5642542117657711 0.5133754412304483 
v -0.7579354200477763 0.46842985086695366 0.4539904997395481 
v -0.5642542117657711 0.5133754412304483 0.6465777917977317 
v -0.46842985086695366 0.4539904997395481 0.7579354200477763 
v -0.6015009550075445 0.3717480344601854 0.7071067811865481 
v -0.6465777917977317 0.5642542117657711 0.5133754412304483 
v -0.5133754412304483 0.6465777917977317 0.5642542117657711 
v -0.5642542117657711 0.5133754412304483 0.6465777917977317 
v 0.20859462145644161 0.4552758841351961 0.8655704207194003 
v 0.1289185659305001 0.6638705055916375 0.7366518547889 
v 0.26967233145831565 0.5786893258332649 0.7696723314583146 
v 0.4153800761205131 0.3581288532200617 0.836183662154075 
v 0.37930426507867643 0.5001538013044309 0.7784436071635845 
v 0.46842985086695366 0.4539904997395481 0.7579354200477763 
v 0.31638819336368135 0.6648702154929161 0.6766432646900943 
v 0.25671900529199776 0.7735089293405747 0.5794646568620773 
v 0.3717480344601854 0.7071067811865481 0.6015009550075445 
v 0.37930426507867643 0.5001538013044309 0.7784436071635845 
v 0.26967233145831565 0.5786893258332649 0.7696723314583146 
v 0.31638819336368135 0.6648702154929161 0.6766432646900943 
v 0.5794646568620774 0.2567190052919978 0.7735089293405748 
v 0.6015009550075445 0.3717480344601854 0.7071067811865481 
v 0.6766432646900943 0.31638819336368135 0.6648702154929161 
v 0.7366518547889002 0.1289185659305001 0.6638705055916376 
v 0.7696723314583146 0.26967233145831565 0.5786893258332649 
v 0.8655704207194003 0.20859462145644161 0.4552758841351961 
v 0.7784436071635845 0.37930426507867643 0.5001538013044309 
v 0.7579354200477763 0.46842985086695366 0.4539904997395481 
v 0.836183662154075 0.4153800761205131 0.3581288532200617 
v 0.7696723314583146 0.26967233145831565 0.5786893258332649 
v 0.6766432646900943 0.31638819336368135 0.6648702154929161 
v 0.7784436071635845 0.37930426507867643 0.5001538013044309 
v 0.4539904997395481 0.7579354200477763 0.46842985086695366 
v 0.3581288532200617 0.836183662154075 0.4153800761205131 
v 0.5001538013044309 0.7784436071635845 0.37930426507867643 
v 0.7071067811865481 0.6015009550075445 0.3717480344601854 
v 0.6648702154929161 0.6766432646900943 0.31638819336368135 
v 0.7735089293405747 0.5794646568620773 0.25671900529199776 
v 0.5786893258332649 0.7696723314583146 0.26967233145831565 
v 0.45527588413519604 0.8655704207194 0.2085946214564416 
v 0.6638705055916375 0.7366518547889 0.1289185659305001 
v 0.6648702154929161 0.6766432646900943 0.31638819336368135 
v 0.5001538013044309 0.7784436071635845 0.37930426507867643 
v 0.5786893258332649 0.7696723314583146 0.26967233145831565 
v 0.6015009550075445 0.3717480344601854 0.7071067811865481 
v 0.46842985086695366 0.4539904997395481 0.7579354200477763 
v 0.5642542117657711 0.5133754412304483 0.6465777917977317 
v 0.7579354200477763 0.46842985086695366 0.4539904997395481 
v 0.6465777917977317 0.5642542117657711 0.5133754412304483 
v 0.7071067811865481 0.6015009550075445 0.3717480344601854 
v 0.5133754412304483 0.6465777917977317 0.5642542117657711 
v 0.3717480344601854 0.7071067811865481 0.6015009550075445 
v 0.4539904997395481 0.7579354200477763 0.46842985086695366 
v 0.6465777917977317 0.5642542117657711 0.5133754412304483 
v 0.5642542117657711 0.5133754412304483 0.6465777917977317 
v 0.5133754412304483 0.6465777917977317 0.5642542117657711 
v -0.20859462145644161 0.4552758841351961 -0.8655704207194003 
v -0.1289185659305001 0.6638705055916375 -0.7366518547889 
v -0.26967233145831565 0.5786893258332649 -0.7696723314583146 
v -0.4153800761205131 0.3581288532200617 -0.836183662154075 
v -0.37930426507867643 0.5001538013044309 -0.7784436071635845 
v -0.46842985086695366 0.4539904997395481 -0.7579354200477763 
v -0.31638819336368135 0.6648702154929161 -0.6766432646900943 
v -0.25671900529199776 0.7735089293405747 -0.5794646568620773 
v -0.3717480344601854 0.7071067811865481 -0.6015009550075445 
v -0.37930426507867643 0.5001538013044309 -0.7784436071635845 
v -0.26967233145831565 0.5786893258332649 -0.7696723314583146 
v -0.31638819336368135 0.6648702154929161 -0.6766432646900943 
v -0.5794646568620774 0.2567190052919978 -0.7735089293405748 
v -0.6015009550075445 0.3717480344601854 -0.7071067811865481 
v -0.6766432646900943 0.31638819336368135 -0.6648702154929161 
v -0.7366518547889002 0.1289185659305001 -0.6638705055916376 
v -0.7696723314583146 0.26967233145831565 -0.5786893258332649 
v -0.8655704207194003 0.20859462145644161 -0.4552758841351961 
v -0.7784436071635845 0.37930426507867643 -0.5001538013044309 
v -0.7579354200477763 0.46842985086695366 -0.4539904997395481 
v -0.836183662154075 0.4153800761205131 -0.3581288532200617 
v -0.7696723314583146 0.26967233145831565 -0.5786893258332649 
v -0.6766432646900943 0.31638819336368135 -0.6648702154929161 
v -0.7784436071635845 0.37930426507867643 -0.5001538013044309 
v -0.4539904997395481 0.7579354200477763 -0.46842985086695366 
v -0.3581288532200617 0.836183662154075 -0.4153800761205131 
v -0.5001538013044309 0.7784436071635845 -0.37930426507867643 
v -0.7071067811865481 0.6015009550075445 -0.3717480344601854 
v -0.6648702154929161 0.6766432646900943 -0.31638819336368135 
v -0.7735089293405747 0.5794646568620773 -0.25671900529199776 
v -0.5786893258332649 0.7696723314583146 -0.26967233145831565 
v -0.45527588413519604 0.8655704207194 -0.2085946214564416 
v -0.6638705055916375 0.7366518547889 -0.1289185659305001 
v -0.6648702154929161 0.6766432646900943 -0.31638819336368135 
v -0.5001538013044309 0.7784436071635845 -0.37930426507867643 
v -0.5786893258332649 0.7696723314583146 -0.26967233145831565 
v -0.6015009550075445 0.3717480344601854 -0.7071067811865481 
v -0.46842985086695366 0.4539904997395481 -0.7579354200477763 
v -0.5642542117657711 0.5133754412304483 -0.6465777917977317 
v -0.7579354200477763 0.46842985086695366 -0.4539904997395481 
v -0.6465777917977317 0.5642542117657711 -0.5133754412304483 
v -0.7071067811865481 0.6015009550075445 -0.3717480344601854 
v -0.5133754412304483 0.6465777917977317 -0.5642542117657711 
v -0.3717480344601854 0.7071067811865481 -0.6015009550075445 
v -0.4539904997395481 0.7579354200477763 -0.46842985086695366 
v -0.6465777917977317 0.5642542117657711 -0.5133754412304483 
v -0.5642542117657711 0.5133754412304483 -0.6465777917977317 
v -0.5133754412304483 0.6465777917977317 -0.5642542117657711 
v 0.1289185659305001 0.6638705055916375 -0.7366518547889 
v 0.20859462145644161 0.4552758841351961 -0.8655704207194003 
v 0.26967233145831565 0.5786893258332649 -0.7696723314583146 
v 0.25671900529199776 0.7735089293405747 -0.5794646568620773 
v 0.31638819336368135 0.6648702154929161 -0.6766432646900943 
v 0.3717480344601854 0.7071067811865481 -0.6015009550075445 
v 0.37930426507867643 0.5001538013044309 -0.7784436071635845 
v 0.4153800761205131 0.3581288532200617 -0.836183662154075 
v 0.46842985086695366 0.4539904997395481 -0.7579354200477763 
v 0.31638819336368135 0.6648702154929161 -0.6766432646900943 
v 0.26967233145831565 0.5786893258332649 -0.7696723314583146 
v 0.37930426507867643 0.5001538013044309 -0.7784436071635845 
v 0.3581288532200617 0.836183662154075 -0.4153800761205131 
v 0.4539904997395481 0.7579354200477763 -0.46842985086695366 
v 0.5001538013044309 0.7784436071635845 -0.37930426507867643 
v 0.45527588413519604 0.8655704207194 -0.2085946214564416 
v 0.5786893258332649 0.7696723314583146 -0.26967233145831565 
v 0.6638705055916375 0.7366518547889 -0.1289185659305001 
v 0.6648702154929161 0.6766432646900943 -0.31638819336368135 
v 0.7071067811865481 0.6015009550075445 -0.3717480344601854 
v 0.7735089293405747 0.5794646568620773 -0.25671900529199776 
v 0.5786893258332649 0.7696723314583146 -0.26967233145831565 
v 0.5001538013044309 0.7784436071635845 -0.37930426507867643 
v 0.6648702154929161 0.6766432646900943 -0.31638819336368135 
v 0.6015009550075445 0.3717480344601854 -0.7071067811865481 
v 0.5794646568620774 0.2567190052919978 -0.7735089293405748 
v 0.6766432646900943 0.31638819336368135 -0.6648702154929161 
v 0.7579354200477763 0.46842985086695366 -0.4539904997395481 
v 0.7784436071635845 0.37930426507867643 -0.5001538013044309 
v 0.836183662154075 0.4153800761205131 -0.3581288532200617 
v 0.7696723314583146 0.26967233145831565 -0.5786893258332649 
v 0.7366518547889002 0.1289185659305001 -0.6638705055916376 
v 0.8655704207194003 0.20859462145644161 -0.4552758841351961 
v 0.7784436071635845 0.37930426507867643 -0.5001538013044309 
v 0.6766432646900943 0.31638819336368135 -0.6648702154929161 
v 0.7696723314583146 0.26967233145831565 -0.5786893258332649 
v 0.4539904997395481 0.7579354200477763 -0.46842985086695366 
v 0.3717480344601854 0.7071067811865481 -0.6015009550075445 
v 0.5133754412304483 0.6465777917977317 -0.5642542117657711 
v 0.7071067811865481 0.6015009550075445 -0.3717480344601854 
v 0.6465777917977317 0.5642542117657711 -0.5133754412304483 
v 0.7579354200477763 0.46842985086695366 -0.4539904997395481 
v 0.5642542117657711 0.5133754412304483 -0.6465777917977317 
v 0.46842985086695366 0.4539904997395481 -0.7579354200477763 
v 0.6015009550075445 0.3717480344601854 -0.7071067811865481 
v 0.6465777917977317 0.5642542117657711 -0.5133754412304483 
v 0.5133754412304483 0.6465777917977317 -0.5642542117657711 
v 0.5642542117657711 0.5133754412304483 -0.6465777917977317 
v -0.1289185659305001 -0.6638705055916375 -0.7366518547889 
v -0.20859462145644161 -0.4552758841351961 -0.8655704207194003 
v -0.26967233145831565 -0.5786893258332649 -0.7696723314583146 
v -0.25671900529199776 -0.7735089293405747 -0.5794646568620773 
v -0.31638819336368135 -0.6648702154929161 -0.6766432646900943 
v -0.3717480344601854 -0.7071067811865481 -0.6015009550075445 
v -0.37930426507867643 -0.5001538013044309 -0.7784436071635845 
v -0.4153800761205131 -0.3581288532200617 -0.836183662154075 
v -0.46842985086695366 -0.4539904997395481 -0.7579354200477763 
v -0.31638819336368135 -0.6648702154929161 -0.6766432646900943 
v -0.26967233145831565 -0.5786893258332649 -0.7696723314583146 
v -0.37930426507867643 -0.5001538013044309 -0.7784436071635845 
v -0.3581288532200617 -0.836183662154075 -0.4153800761205131 
v -0.4539904997395481 -0.7579354200477763 -0.46842985086695366 
v -0.5001538013044309 -0.7784436071635845 -0.37930426507867643 
v -0.45527588413519604 -0.8655704207194 -0.2085946214564416 
v -0.5786893258332649 -0.7696723314583146 -0.26967233145831565 
v -0.6638705055916375 -0.7366518547889 -0.1289185659305001 
v -0.6648702154929161 -0.6766432646900943 -0.31638819336368135 
v -0.7071067811865481 -0.6015009550075445 -0.3717480344601854 
v -0.7735089293405747 -0.5794646568620773 -0.25671900529199776 
v -0.5786893258332649 -0.7696723314583146 -0.26967233145831565 
v -0.5001538013044309 -0.7784436071635845 -0.37930426507867643 
v -0.6648702154929161 -0.6766432646900943 -0.31638819336368135 
v -0.6015009550075445 -0.3717480344601854 -0.7071067811865481 
v -0.5794646568620774 -0.2567190052919978 -0.7735089293405748 
v -0.6766432646900943 -0.31638819336368135 -0.6648702154929161 
v -0.7579354200477763 -0.46842985086695366 -0.4539904997395481 
v -0.7784436071635845 -0.37930426507867643 -0.5001538013044309 
v -0.836183662154075 -0.4153800761205131 -0.3581288532200617 
v -0.7696723314583146 -0.26967233145831565 -0.5786893258332649 
v -0.7366518547889002 -0.1289185659305001 -0.6638705055916376 
v -0.8655704207194003 -0.20859462145644161 -0.4552758841351961 
v -0.7784436071635845 -0.37930426507867643 -0.5001538013044309 
v -0.6766432646900943 -0.31638819336368135 -0.6648702154929161 
v -0.7696723314583146 -0.26967233145831565 -0.5786893258332649 
v -0.4539904997395481 -0.7579354200477763 -0.46842985086695366 
v -0.3717480344601854 -0.7071067811865481 -0.6015009550075445 
v -0.5133754412304483 -0.6465777917977317 -0.5642542117657711 
v -0.7071067811865481 -0.6015009550075445 -0.3717480344601854 
v -0.6465777917977317 -0.5642542117657711 -0.5133754412304483 
v -0.7579354200477763 -0.46842985086695366 -0.4539904997395481 
v -0.5642542117657711 -0.5133754412304483 -0.6465777917977317 
v -0.46842985086695366 -0.4539904997395481 -0.7579354200477763 
v -0.6015009550075445 -0.3717480344601854 -0.7071067811865481 
v -0.6465777917977317 -0.5642542117657711 -0.5133754412304483 
v -0.5133754412304483 -0.6465777917977317 -0.5642542117657711 
v -0.5642542117657711 -0.5133754412304483 -0.6465777917977317 
v 0.20859462145644161 -0.4552758841351961 -0.8655704207194003 
v 0.1289185659305001 -0.6638705055916375 -0.7366518547889 
v 0.26967233145831565 -0.5786893258332649 -0.7696723314583146 
v 0.4153800761205131 -0.3581288532200617 -0.836183662154075 
v 0.37930426507867643 -0.5001538013044309 -0.7784436071635845 
v 0.46842985086695366 -0.4539904997395481 -0.7579354200477763 
v 0.31638819336368135 -0.6648702154929161 -0.6766432646900943 
v 0.25671900529199776 -0.7735089293405747 -0.5794646568620773 
v 0.3717480344601854 -0.7071067811865481 -0.6015009550075445 
v 0.37930426507867643 -0.5001538013044309 -0.7784436071635845 
v 0.26967233145831565 -0.5786893258332649 -0.7696723314583146 
v 0.31638819336368135 -0.6648702154929161 -0.6766432646900943 
v 0.5794646568620774 -0.2567190052919978 -0.7735089293405748 
v 0.6015009550075445 -0.3717480344601854 -0.7071067811865481 
v 0.6766432646900943 -0.31638819336368135 -0.6648702154929161 
v 0.7366518547889002 -0.1289185659305001 -0.6638705055916376 
v 0.7696723314583146 -0.26967233145831565 -0.5786893258332649 
v 0.8655704207194003 -0.20859462145644161 -0.4552758841351961 
v 0.7784436071635845 -0.37930426507867643 -0.5001538013044309 
v 0.7579354200477763 -0.46842985086695366 -0.4539904997395481 
v 0.836183662154075 -0.4153800761205131 -0.3581288532200617 
v 0.7696723314583146 -0.26967233145831565 -0.5786893258332649 
v 0.6766432646900943 -0.31638819336368135 -0.6648702154929161 
v 0.7784436071635845 -0.37930426507867643 -0.5001538013044309 
v 0.4539904997395481 -0.7579354200477763 -0.46842985086695366 
v 0.3581288532200617 -0.836183662154075 -0.4153800761205131 
v 0.5001538013044309 -0.7784436071635845 -0.37930426507867643 
v 0.7071067811865481 -0.6015009550075445 -0.3717480344601854 
v 0.6648702154929161 -0.6766432646900943 -0.31638819336368135 
v 0.7735089293405747 -0.5794646568620773 -0.25671900529199776 
v 0.5786893258332649 -0.7696723314583146 -0.26967233145831565 
v 0.45527588413519604 -0.8655704207194 -0.2085946214564416 
v 0.6638705055916375 -0.7366518547889 -0.1289185659305001 
v 0.6648702154929161 -0.6766432646900943 -0.31638819336368135 
v 0.5001538013044309 -0.7784436071635845 -0.37930426507867643 
v 0.5786893258332649 -0.7696723314583146 -0.26967233145831565 
v 0.6015009550075445 -0.3717480344601854 -0.7071067811865481 
v 0.46842985086695366 -0.4539904997395481 -0.7579354200477763 
v 0.5642542117657711 -0.5133754412304483 -0.6465777917977317 
v 0.7579354200477763 -0.46842985086695366 -0.4539904997395481 
v 0.6465777917977317 -0.5642542117657711 -0.5133754412304483 
v 0.7071067811865481 -0.6015009550075445 -0.3717480344601854 
v 0.5133754412304483 -0.6465777917977317 -0.5642542117657711 
v 0.3717480344601854 -0.7071067811865481 -0.6015009550075445 
v 0.4539904997395481 -0.7579354200477763 -0.46842985086695366 
v 0.6465777917977317 -0.5642542117657711 -0.5133754412304483 
v 0.5642542117657711 -0.5133754412304483 -0.6465777917977317 
v 0.5133754412304483 -0.6465777917977317 -0.5642542117657711 
v -0.20859462145644161 -0.4552758841351961 0.8655704207194003 
v -0.1289185659305001 -0.6638705055916375 0.7366518547889 
v -0.26967233145831565 -0.5786893258332649 0.7696723314583146 
v -0.4153800761205131 -0.3581288532200617 0.836183662154075 
v -0.37930426507867643 -0.5001538013044309 0.7784436071635845 
v -0.46842985086695366 -0.4539904997395481 0.7579354200477763 
v -0.31638819336368135 -0.6648702154929161 0.6766432646900943 
v -0.25671900529199776 -0.7735089293405747 0.5794646568620773 
v -0.3717480344601854 -0.7071067811865481 0.6015009550075445 
v -0.37930426507867643 -0.5001538013044309 0.7784436071635845 
v -0.26967233145831565 -0.5786893258332649 0.7696723314583146 
v -0.31638819336368135 -0.6648702154929161 0.6766432646900943 
v -0.5794646568620774 -0.2567190052919978 0.7735089293405748 
v -0.6015009550075445 -0.3717480344601854 0.7071067811865481 
v -0.6766432646900943 -0.31638819336368135 0.6648702154929161 
v -0.7366518547889002 -0.1289185659305001 0.6638705055916376 
v -0.7696723314583146 -0.26967233145831565 0.5786893258332649 
v -0.8655704207194003 -0.20859462145644161 0.4552758841351961 
v -0.7784436071635845 -0.37930426507867643 0.5001538013044309 
v -0.7579354200477763 -0.46842985086695366 0.4539904997395481 
v -0.836183662154075 -0.4153800761205131 0.3581288532200617 
v -0.7696723314583146 -0.26967233145831565 0.5786893258332649 
v -0.6766432646900943 -0.31638819336368135 0.6648702154929161 
v -0.7784436071635845 -0.37930426507867643 0.5001538013044309 
v -0.4539904997395481 -0.7579354200477763 0.46842985086695366 
v -0.3581288532200617 -0.836183662154075 0.4153800761205131 
v -0.5001538013044309 -0.7784436071635845 0.37930426507867643 
v -0.7071067811865481 -0.6015009550075445 0.3717480344601854 
v -0.6648702154929161 -0.6766432646900943 0.31638819336368135 
v -0.7735089293405747 -0.5794646568620773 0.25671900529199776 
v -0.5786893258332649 -0.7696723314583146 0.26967233145831565 
v -0.45527588413519604 -0.8655704207194 0.2085946214564416 
v -0.6638705055916375 -0.7366518547889 0.1289185659305001 
v -0.6648702154929161 -0.6766432646900943 0.31638819336368135 
v -0.5001538013044309 -0.7784436071635845 0.37930426507867643 
v -0.5786893258332649 -0.7696723314583146 0.26967233145831565 
v -0.6015009550075445 -0.3717480344601854 0.7071067811865481 
v -0.46842985086695366 -0.4539904997395481 0.7579354200477763 
v -0.5642542117657711 -0.5133754412304483 0.6465777917977317 
v -0.7579354200477763 -0.46842985086695366 0.4539904997395481 
v -0.6465777917977317 -0.5642542117657711 0.5133754412304483 
v -0.7071067811865481 -0.6015009550075445 0.3717480344601854 
v -0.5133754412304483 -0.6465777917977317 0.5642542117657711 
v -0.3717480344601854 -0.7071067811865481 0.6015009550075445 
v -0.4539904997395481 -0.7579354200477763 0.46842985086695366 
v -0.6465777917977317 -0.5642542117657711 0.5133754412304483 
v -0.5642542117657711 -0.5133754412304483 0.6465777917977317 
v -0.5133754412304483 -0.6465777917977317 0.5642542117657711 
v 0.1289185659305001 -0.6638705055916375 0.7366518547889 
v 0.20859462145644161 -0.4552758841351961 0.8655704207194003 
v 0.26967233145831565 -0.5786893258332649 0.7696723314583146 
v 0.25671900529199776 -0.7735089293405747 0.5794646568620773 
v 0.31638819336368135 -0.6648702154929161 0.6766432646900943 
v 0.3717480344601854 -0.7071067811865481 0.6015009550075445 
v 0.37930426507867643 -0.5001538013044309 0.7784436071635845 
v 0.4153800761205131 -0.3581288532200617 0.836183662154075 
v 0.46842985086695366 -0.4539904997395481 0.7579354200477763 
v 0.31638819336368135 -0.6648702154929161 0.6766432646900943 
v 0.26967233145831565 -0.5786893258332649 0.7696723314583146 
v 0.37930426507867643 -0.5001538013044309 0.7784436071635845 
v 0.3581288532200617 -0.836183662154075 0.4153800761205131 
v 0.4539904997395481 -0.7579354200477763 0.46842985086695366 
v 0.5001538013044309 -0.7784436071635845 0.37930426507867643 
v 0.45527588413519604 -0.8655704207194 0.2085946214564416 
v 0.5786893258332649 -0.7696723314583146 0.26967233145831565 
v 0.6638705055916375 -0.7366518547889 0.1289185659305001 
v 0.6648702154929161 -0.6766432646900943 0.31638819336368135 
v 0.7071067811865481 -0.6015009550075445 0.3717480344601854 
v 0.7735089293405747 -0.5794646568620773 0.25671900529199776 
v 0.5786893258332649 -0.7696723314583146 0.26967233145831565 
v 0.5001538013044309 -0.7784436071635845 0.37930426507867643 
v 0.6648702154929161 -0.6766432646900943 0.31638819336368135 
v 0.6015009550075445 -0.3717480344601854 0.7071067811865481 
v 0.5794646568620774 -0.2567190052919978 0.7735089293405748 
v 0.6766432646900943 -0.31638819336368135 0.6648702154929161 
v 0.7579354200477763 -0.46842985086695366 0.4539904997395481 
v 0.7784436071635845 -0.37930426507867643 0.5001538013044309 
v 0.836183662154075 -0.4153800761205131 0.3581288532200617 
v 0.7696723314583146 -0.26967233145831565 0.5786893258332649 
v 0.7366518547889002 -0.1289185659305001 0.6638705055916376 
v 0.8655704207194003 -0.20859462145644161 0.4552758841351961 
v 0.7784436071635845 -0.37930426507867643 0.5001538013044309 
v 0.6766432646900943 -0.31638819336368135 0.6648702154929161 
v 0.7696723314583146 -0.26967233145831565 0.5786893258332649 
v 0.4539904997395481 -0.7579354200477763 0.46842985086695366 
v 0.3717480344601854 -0.7071067811865481 0.6015009550075445 
v 0.5133754412304483 -0.6465777917977317 0.5642542117657711 
v 0.7071067811865481 -0.6015009550075445 0.3717480344601854 
v 0.6465777917977317 -0.5642542117657711 0.5133754412304483 
v 0.7579354200477763 -0.46842985086695366 0.4539904997395481 
v 0.5642542117657711 -0.5133754412304483 0.6465777917977317 
v 0.46842985086695366 -0.4539904997395481 0.7579354200477763 
v 0.6015009550075445 -0.3717480344601854 0.7071067811865481 
v 0.6465777917977317 -0.5642542117657711 0.5133754412304483 
v 0.5133754412304483 -0.6465777917977317 0.5642542117657711 
v 0.5642542117657711 -0.5133754412304483 0.6465777917977317 
v -0.08165885632250933 0.616240802900069 -0.7833129030120582 
v 0.08165885632250933 0.616240802900069 -0.7833129030120582 
v 0.0 0.6694570012883597 -0.7428508083229075 
v -0.16569236545835012 0.6984065815323527 -0.6962573424396398 
v -0.06468736687582514 0.7071064655057321 -0.7041420247412189 
v -0.10140984792806368 0.7415134833355698 -0.663229821988394 
v 0.06468736687582514 0.7071064655057321 -0.7041420247412189 
v 0.16569236545835012 0.6984065815323527 -0.6962573424396398 
v 0.10140984792806368 0.7415134833355698 -0.663229821988394 
v -0.06468736687582514 0.7071064655057321 -0.7041420247412189 
v 0.0 0.6694570012883597 -0.7428508083229075 
v 0.06468736687582514 0.7071064655057321 -0.7041420247412189 
v -0.22954258494590948 0.7527380190971918 -0.617005410269623 
v -0.15212880908837384 0.7654779652955691 -0.6252202092801452 
v -0.17981812252250978 0.7879479402576277 -0.588900234552714 
v -0.28323327115450564 0.7922847305538729 -0.5404292921764098 
v -0.20704639671758127 0.8086778023163038 -0.5506105716812373 
v -0.23344536385590672 0.8271472588034929 -0.5112051196418625 
v -0.1292871238013964 0.8199116718491335 -0.5577003586019298 
v -0.05101471792044778 0.8259263110149673 -0.5614652503305123 
v -0.0784590957278454 0.8480285358002464 -0.5241104585543576 
v -0.20704639671758127 0.8086778023163038 -0.5506105716812373 
v -0.17981812252250978 0.7879479402576277 -0.588900234552714 
v -0.1292871238013964 0.8199116718491335 -0.5577003586019298 
v 0.15212880908837384 0.7654779652955691 -0.6252202092801452 
v 0.22954258494590948 0.7527380190971918 -0.617005410269623 
v 0.17981812252250978 0.7879479402576277 -0.588900234552714 
v 0.05101471792044778 0.8259263110149673 -0.5614652503305123 
v 0.1292871238013964 0.8199116718491335 -0.5577003586019298 
v 0.0784590957278454 0.8480285358002464 -0.5241104585543576 
v 0.20704639671758127 0.8086778023163038 -0.5506105716812373 
v 0.28323327115450564 0.7922847305538729 -0.5404292921764098 
v 0.23344536385590672 0.8271472588034929 -0.5112051196418625 
v 0.1292871238013964 0.8199116718491335 -0.5577003586019298 
v 0.17981812252250978 0.7879479402576277 -0.588900234552714 
v 0.20704639671758127 0.8086778023163038 -0.5506105716812373 
v -0.15212880908837384 0.7654779652955691 -0.6252202092801452 
v -0.10140984792806368 0.7415134833355698 -0.663229821988394 
v -0.05101677531025062 0.77319160543965 -0.6321171014255191 
v -0.05101471792044778 0.8259263110149673 -0.5614652503305123 
v 0.0 0.8016575317644792 -0.5977835743521923 
v 0.05101471792044778 0.8259263110149673 -0.5614652503305123 
v 0.05101677531025062 0.77319160543965 -0.6321171014255191 
v 0.10140984792806368 0.7415134833355698 -0.663229821988394 
v 0.15212880908837384 0.7654779652955691 -0.6252202092801452 
v 0.0 0.8016575317644792 -0.5977835743521923 
v -0.05101677531025062 0.77319160543965 -0.6321171014255191 
v 0.05101677531025062 0.77319160543965 -0.6321171014255191 
v -0.3340036710810716 0.8236625633309153 -0.4582810594728014 
v -0.2746937515087684 0.8526401643540924 -0.44446382643840127 
v -0.2990813242418972 0.8655585156784632 -0.40169493079476204 
v -0.38133031478920354 0.8465479952155323 -0.3714077043079883 
v -0.3228500547834532 0.8763465358714617 -0.35746970667793687 
v -0.3453324789826017 0.8848844000414144 -0.3126101046400723 
v -0.26246598929090675 0.9022207373048001 -0.34221242765675314 
v -0.20118858648686697 0.9238795325112868 -0.3255299710842958 
v -0.22451702202356158 0.9331566320771104 -0.2807326251652559 
v -0.3228500547834532 0.8763465358714617 -0.35746970667793687 
v -0.2990813242418972 0.8655585156784632 -0.40169493079476204 
v -0.26246598929090675 0.9022207373048001 -0.34221242765675314 
v -0.4303107025443756 0.8619497078979897 -0.26809587898797727 
v -0.3581288532200619 0.9001745541640858 -0.2478497458678801 
v -0.38349863323347355 0.904142664111151 -0.18829455977815207 
v -0.4841139978878059 0.8649717593345675 -0.1321268050122632 
v -0.3941053378170091 0.9130274952070262 -0.10517497658723292 
v -0.40245514156529666 0.9154397080243225 0.0 
v -0.3188112663576485 0.944121655483145 -0.08362820153033376 
v -0.25671900529199826 0.9628492869775871 -0.08376516512631635 
v -0.26461833708602567 0.964353221427619 0.0 
v -0.3941053378170091 0.9130274952070262 -0.10517497658723292 
v -0.38349863323347355 0.904142664111151 -0.18829455977815207 
v -0.3188112663576485 0.944121655483145 -0.08362820153033376 
v -0.1735023041031138 0.9646854616784353 -0.19818907764348365 
v -0.1227294907590216 0.9723699203976767 -0.19858048747006143 
v -0.13317886548951036 0.9821245741217781 -0.13302146703838003 
v -0.19320366989422796 0.9789051747260731 -0.0664605208670415 
v -0.14303193226094346 0.9874802473835653 -0.0665178726433254 
v -0.15178772984329422 0.9884131145776139 0.0 
v -0.09203492752431597 0.9935202260981224 -0.06668682365752374 
v -0.04124838765286171 0.996917333733128 -0.06674129320346119 
v -0.05077039992656606 0.998710351649214 0.0 
v -0.14303193226094346 0.9874802473835653 -0.0665178726433254 
v -0.13317886548951036 0.9821245741217781 -0.13302146703838003 
v -0.09203492752431597 0.9935202260981224 -0.06668682365752374 
v -0.3581288532200619 0.9001745541640858 -0.2478497458678801 
v -0.3453324789826017 0.8848844000414144 -0.3126101046400723 
v -0.2979725191545048 0.9258186488524093 -0.23253431416850634 
v -0.25671900529199826 0.9628492869775871 -0.08376516512631635 
v -0.24695574384425423 0.9573487499905604 -0.14998743772010503 
v -0.19320366989422796 0.9789051747260731 -0.0664605208670415 
v -0.23589126962522802 0.9474463540422338 -0.21610348244921068 
v -0.22451702202356158 0.9331566320771104 -0.2807326251652559 
v -0.1735023041031138 0.9646854616784353 -0.19818907764348365 
v -0.24695574384425423 0.9573487499905604 -0.14998743772010503 
v -0.2979725191545048 0.9258186488524093 -0.23253431416850634 
v -0.23589126962522802 0.9474463540422338 -0.21610348244921068 
v 0.2746937515087684 0.8526401643540924 -0.44446382643840127 
v 0.3340036710810716 0.8236625633309153 -0.4582810594728014 
v 0.2990813242418972 0.8655585156784632 -0.40169493079476204 
v 0.20118858648686697 0.9238795325112868 -0.3255299710842958 
v 0.26246598929090675 0.9022207373048001 -0.34221242765675314 
v 0.22451702202356158 0.9331566320771104 -0.2807326251652559 
v 0.3228500547834532 0.8763465358714617 -0.35746970667793687 
v 0.38133031478920354 0.8465479952155323 -0.3714077043079883 
v 0.3453324789826017 0.8848844000414144 -0.3126101046400723 
v 0.26246598929090675 0.9022207373048001 -0.34221242765675314 
v 0.2990813242418972 0.8655585156784632 -0.40169493079476204 
v 0.3228500547834532 0.8763465358714617 -0.35746970667793687 
v 0.1227294907590216 0.9723699203976767 -0.19858048747006143 
v 0.1735023041031138 0.9646854616784353 -0.19818907764348365 
v 0.13317886548951036 0.9821245741217781 -0.13302146703838003 
v 0.04124838765286171 0.996917333733128 -0.06674129320346119 
v 0.09203492752431597 0.9935202260981224 -0.06668682365752374 
v 0.05077039992656606 0.998710351649214 0.0 
v 0.14303193226094346 0.9874802473835653 -0.0665178726433254 
v 0.19320366989422796 0.9789051747260731 -0.0664605208670415 
v 0.15178772984329422 0.9884131145776139 0.0 
v 0.09203492752431597 0.9935202260981224 -0.06668682365752374 
v 0.13317886548951036 0.9821245741217781 -0.13302146703838003 
v 0.14303193226094346 0.9874802473835653 -0.0665178726433254 
v 0.3581288532200619 0.9001745541640858 -0.2478497458678801 
v 0.4303107025443756 0.8619497078979897 -0.26809587898797727 
v 0.38349863323347355 0.904142664111151 -0.18829455977815207 
v 0.25671900529199826 0.9628492869775871 -0.08376516512631635 
v 0.3188112663576485 0.944121655483145 -0.08362820153033376 
v 0.26461833708602567 0.964353221427619 0.0 
v 0.3941053378170091 0.9130274952070262 -0.10517497658723292 
v 0.4841139978878059 0.8649717593345675 -0.1321268050122632 
v 0.40245514156529666 0.9154397080243225 0.0 
v 0.3188112663576485 0.944121655483145 -0.08362820153033376 
v 0.38349863323347355 0.904142664111151 -0.18829455977815207 
v 0.3941053378170091 0.9130274952070262 -0.10517497658723292 
v 0.1735023041031138 0.9646854616784353 -0.19818907764348365 
v 0.22451702202356158 0.9331566320771104 -0.2807326251652559 
v 0.23589126962522802 0.9474463540422338 -0.21610348244921068 
v 0.19320366989422796 0.9789051747260731 -0.0664605208670415 
v 0.24695574384425423 0.9573487499905604 -0.14998743772010503 
v 0.25671900529199826 0.9628492869775871 -0.08376516512631635 
v 0.2979725191545048 0.9258186488524093 -0.23253431416850634 
v 0.3453324789826017 0.8848844000414144 -0.3126101046400723 
v 0.3581288532200619 0.9001745541640858 -0.2478497458678801 
v 0.24695574384425423 0.9573487499905604 -0.14998743772010503 
v 0.23589126962522802 0.9474463540422338 -0.21610348244921068 
v 0.2979725191545048 0.9258186488524093 -0.23253431416850634 
v -0.2746937515087684 0.8526401643540924 -0.44446382643840127 
v -0.23344536385590672 0.8271472588034929 -0.5112051196418625 
v -0.19822722205588805 0.8685344953217573 -0.4542618175371842 
v -0.20118858648686697 0.9238795325112868 -0.3255299710842958 
v -0.16100639750493362 0.9048389750750364 -0.39413623171137263 
v -0.1228002391291961 0.9351304449437401 -0.3323419206316517 
v -0.11975548783487482 0.8793445108320886 -0.4608816056243791 
v -0.0784590957278454 0.8480285358002464 -0.5241104585543576 
v -0.04129918185379311 0.8847600214284896 -0.46421340142230466 
v -0.16100639750493362 0.9048389750750364 -0.39413623171137263 
v -0.19822722205588805 0.8685344953217573 -0.4542618175371842 
v -0.11975548783487482 0.8793445108320886 -0.4608816056243791 
v -0.1227294907590216 0.9723699203976767 -0.19858048747006143 
v -0.08150105727540298 0.9606547430369469 -0.265518440684652 
v -0.04125090967005882 0.9788519368963131 -0.20036778205522218 
v -0.04124838765286171 0.996917333733128 -0.06674129320346119 
v 0.0 0.9910456560477678 -0.13352343475528722 
v 0.04124838765286171 0.996917333733128 -0.06674129320346119 
v 0.04125090967005882 0.9788519368963131 -0.20036778205522218 
v 0.08150105727540298 0.9606547430369469 -0.265518440684652 
v 0.1227294907590216 0.9723699203976767 -0.19858048747006143 
v 0.0 0.9910456560477678 -0.13352343475528722 
v -0.04125090967005882 0.9788519368963131 -0.20036778205522218 
v 0.04125090967005882 0.9788519368963131 -0.20036778205522218 
v 0.04129918185379311 0.8847600214284896 -0.46421340142230466 
v 0.0784590957278454 0.8480285358002464 -0.5241104585543576 
v 0.11975548783487482 0.8793445108320886 -0.4608816056243791 
v 0.1228002391291961 0.9351304449437401 -0.3323419206316517 
v 0.16100639750493362 0.9048389750750364 -0.39413623171137263 
v 0.20118858648686697 0.9238795325112868 -0.3255299710842958 
v 0.19822722205588805 0.8685344953217573 -0.4542618175371842 
v 0.23344536385590672 0.8271472588034929 -0.5112051196418625 
v 0.2746937515087684 0.8526401643540924 -0.44446382643840127 
v 0.16100639750493362 0.9048389750750364 -0.39413623171137263 
v 0.11975548783487482 0.8793445108320886 -0.4608816056243791 
v 0.19822722205588805 0.8685344953217573 -0.4542618175371842 
v -0.08150105727540298 0.9606547430369469 -0.265518440684652 
v -0.1228002391291961 0.9351304449437401 -0.3323419206316517 
v -0.041301983266975546 0.9416180563510774 -0.3341400636437266 
v 0.08150105727540298 0.9606547430369469 -0.265518440684652 
v 0.041301983266975546 0.9416180563510774 -0.3341400636437266 
v 0.1228002391291961 0.9351304449437401 -0.3323419206316517 
v 0.0 0.9160920268893074 -0.40096807637247195 
v -0.04129918185379311 0.8847600214284896 -0.46421340142230466 
v 0.04129918185379311 0.8847600214284896 -0.46421340142230466 
v 0.041301983266975546 0.9416180563510774 -0.3341400636437266 
v -0.041301983266975546 0.9416180563510774 -0.3341400636437266 
v 0.0 0.9160920268893074 -0.40096807637247195 
v 0.08165885632250933 0.616240802900069 0.7833129030120582 
v -0.08165885632250933 0.616240802900069 0.7833129030120582 
v 0.0 0.6694570012883597 0.7428508083229075 
v 0.16569236545835012 0.6984065815323527 0.6962573424396398 
v 0.06468736687582514 0.7071064655057321 0.7041420247412189 
v 0.10140984792806368 0.7415134833355698 0.663229821988394 
v -0.06468736687582514 0.7071064655057321 0.7041420247412189 
v -0.16569236545835012 0.6984065815323527 0.6962573424396398 
v -0.10140984792806368 0.7415134833355698 0.663229821988394 
v 0.06468736687582514 0.7071064655057321 0.7041420247412189 
v 0.0 0.6694570012883597 0.7428508083229075 
v -0.06468736687582514 0.7071064655057321 0.7041420247412189 
v 0.22954258494590948 0.7527380190971918 0.617005410269623 
v 0.15212880908837384 0.7654779652955691 0.6252202092801452 
v 0.17981812252250978 0.7879479402576277 0.588900234552714 
v 0.28323327115450564 0.7922847305538729 0.5404292921764098 
v 0.20704639671758127 0.8086778023163038 0.5506105716812373 
v 0.23344536385590672 0.8271472588034929 0.5112051196418625 
v 0.1292871238013964 0.8199116718491335 0.5577003586019298 
v 0.05101471792044778 0.8259263110149673 0.5614652503305123 
v 0.0784590957278454 0.8480285358002464 0.5241104585543576 
v 0.20704639671758127 0.8086778023163038 0.5506105716812373 
v 0.17981812252250978 0.7879479402576277 0.588900234552714 
v 0.1292871238013964 0.8199116718491335 0.5577003586019298 
v -0.15212880908837384 0.7654779652955691 0.6252202092801452 
v -0.22954258494590948 0.7527380190971918 0.617005410269623 
v -0.17981812252250978 0.7879479402576277 0.588900234552714 
v -0.05101471792044778 0.8259263110149673 0.5614652503305123 
v -0.1292871238013964 0.8199116718491335 0.5577003586019298 
v -0.0784590957278454 0.8480285358002464 0.5241104585543576 
v -0.20704639671758127 0.8086778023163038 0.5506105716812373 
v -0.28323327115450564 0.7922847305538729 0.5404292921764098 
v -0.23344536385590672 0.8271472588034929 0.5112051196418625 
v -0.1292871238013964 0.8199116718491335 0.5577003586019298 
v -0.17981812252250978 0.7879479402576277 0.588900234552714 
v -0.20704639671758127 0.8086778023163038 0.5506105716812373 
v 0.15212880908837384 0.7654779652955691 0.6252202092801452 
v 0.10140984792806368 0.7415134833355698 0.663229821988394 
v 0.05101677531025062 0.77319160543965 0.6321171014255191 
v 0.05101471792044778 0.8259263110149673 0.5614652503305123 
v 0.0 0.8016575317644792 0.5977835743521923 
v -0.05101471792044778 0.8259263110149673 0.5614652503305123 
v -0.05101677531025062 0.77319160543965 0.6321171014255191 
v -0.10140984792806368 0.7415134833355698 0.663229821988394 
v -0.15212880908837384 0.7654779652955691 0.6252202092801452 
v 0.0 0.8016575317644792 0.5977835743521923 
v 0.05101677531025062 0.77319160543965 0.6321171014255191 
v -0.05101677531025062 0.77319160543965 0.6321171014255191 
v 0.3340036710810716 0.8236625633309153 0.4582810594728014 
v 0.2746937515087684 0.8526401643540924 0.44446382643840127 
v 0.2990813242418972 0.8655585156784632 0.40169493079476204 
v 0.38133031478920354 0.8465479952155323 0.3714077043079883 
v 0.3228500547834532 0.8763465358714617 0.35746970667793687 
v 0.3453324789826017 0.8848844000414144 0.3126101046400723 
v 0.26246598929090675 0.9022207373048001 0.34221242765675314 
v 0.20118858648686697 0.9238795325112868 0.3255299710842958 
v 0.22451702202356158 0.9331566320771104 0.2807326251652559 
v 0.3228500547834532 0.8763465358714617 0.35746970667793687 
v 0.2990813242418972 0.8655585156784632 0.40169493079476204 
v 0.26246598929090675 0.9022207373048001 0.34221242765675314 
v 0.4303107025443756 0.8619497078979897 0.26809587898797727 
v 0.3581288532200619 0.9001745541640858 0.2478497458678801 
v 0.38349863323347355 0.904142664111151 0.18829455977815207 
v 0.4841139978878059 0.8649717593345675 0.1321268050122632 
v 0.3941053378170091 0.9130274952070262 0.10517497658723292 
v 0.40245514156529666 0.9154397080243225 0.0 
v 0.3188112663576485 0.944121655483145 0.08362820153033376 
v 0.25671900529199826 0.9628492869775871 0.08376516512631635 
v 0.26461833708602567 0.964353221427619 0.0 
v 0.3941053378170091 0.9130274952070262 0.10517497658723292 
v 0.38349863323347355 0.904142664111151 0.18829455977815207 
v 0.3188112663576485 0.944121655483145 0.08362820153033376 
v 0.1735023041031138 0.9646854616784353 0.19818907764348365 
v 0.1227294907590216 0.9723699203976767 0.19858048747006143 
v 0.13317886548951036 0.9821245741217781 0.13302146703838003 
v 0.19320366989422796 0.9789051747260731 0.0664605208670415 
v 0.14303193226094346 0.9874802473835653 0.0665178726433254 
v 0.15178772984329422 0.9884131145776139 0.0 
v 0.09203492752431597 0.9935202260981224 0.06668682365752374 
v 0.04124838765286171 0.996917333733128 0.06674129320346119 
v 0.05077039992656606 0.998710351649214 0.0 
v 0.14303193226094346 0.9874802473835653 0.0665178726433254 
v 0.13317886548951036 0.9821245741217781 0.13302146703838003 
v 0.09203492752431597 0.9935202260981224 0.06668682365752374 
v 0.3581288532200619 0.9001745541640858 0.2478497458678801 
v 0.3453324789826017 0.8848844000414144 0.3126101046400723 
v 0.2979725191545048 0.9258186488524093 0.23253431416850634 
v 0.25671900529199826 0.9628492869775871 0.08376516512631635 
v 0.24695574384425423 0.9573487499905604 0.14998743772010503 
v 0.19320366989422796 0.9789051747260731 0.0664605208670415 
v 0.23589126962522802 0.9474463540422338 0.21610348244921068 
v 0.22451702202356158 0.9331566320771104 0.2807326251652559 
v 0.1735023041031138 0.9646854616784353 0.19818907764348365 
v 0.24695574384425423 0.9573487499905604 0.14998743772010503 
v 0.2979725191545048 0.9258186488524093 0.23253431416850634 
v 0.23589126962522802 0.9474463540422338 0.21610348244921068 
v -0.2746937515087684 0.8526401643540924 0.44446382643840127 
v -0.3340036710810716 0.8236625633309153 0.4582810594728014 
v -0.2990813242418972 0.8655585156784632 0.40169493079476204 
v -0.20118858648686697 0.9238795325112868 0.3255299710842958 
v -0.26246598929090675 0.9022207373048001 0.34221242765675314 
v -0.22451702202356158 0.9331566320771104 0.2807326251652559 
v -0.3228500547834532 0.8763465358714617 0.35746970667793687 
v -0.38133031478920354 0.8465479952155323 0.3714077043079883 
v -0.3453324789826017 0.8848844000414144 0.3126101046400723 
v -0.26246598929090675 0.9022207373048001 0.34221242765675314 
v -0.2990813242418972 0.8655585156784632 0.40169493079476204 
v -0.3228500547834532 0.8763465358714617 0.35746970667793687 
v -0.1227294907590216 0.9723699203976767 0.19858048747006143 
v -0.1735023041031138 0.9646854616784353 0.19818907764348365 
v -0.13317886548951036 0.9821245741217781 0.13302146703838003 
v -0.04124838765286171 0.996917333733128 0.06674129320346119 
v -0.09203492752431597 0.9935202260981224 0.06668682365752374 
v -0.05077039992656606 0.998710351649214 0.0 
v -0.14303193226094346 0.9874802473835653 0.0665178726433254 
v -0.19320366989422796 0.9789051747260731 0.0664605208670415 
v -0.15178772984329422 0.9884131145776139 0.0 
v -0.09203492752431597 0.9935202260981224 0.06668682365752374 
v -0.13317886548951036 0.9821245741217781 0.13302146703838003 
v -0.14303193226094346 0.9874802473835653 0.0665178726433254 
v -0.3581288532200619 0.9001745541640858 0.2478497458678801 
v -0.4303107025443756 0.8619497078979897 0.26809587898797727 
v -0.38349863323347355 0.904142664111151 0.18829455977815207 
v -0.25671900529199826 0.9628492869775871 0.08376516512631635 
v -0.3188112663576485 0.944121655483145 0.08362820153033376 
v -0.26461833708602567 0.964353221427619 0.0 
v -0.3941053378170091 0.9130274952070262 0.10517497658723292 
v -0.4841139978878059 0.8649717593345675 0.1321268050122632 
v -0.40245514156529666 0.9154397080243225 0.0 
v -0.3188112663576485 0.944121655483145 0.08362820153033376 
v -0.38349863323347355 0.904142664111151 0.18829455977815207 
v -0.3941053378170091 0.9130274952070262 0.10517497658723292 
v -0.1735023041031138 0.9646854616784353 0.19818907764348365 
v -0.22451702202356158 0.9331566320771104 0.2807326251652559 
v -0.23589126962522802 0.9474463540422338 0.21610348244921068 
v -0.19320366989422796 0.9789051747260731 0.0664605208670415 
v -0.24695574384425423 0.9573487499905604 0.14998743772010503 
v -0.25671900529199826 0.9628492869775871 0.08376516512631635 
v -0.2979725191545048 0.9258186488524093 0.23253431416850634 
v -0.3453324789826017 0.8848844000414144 0.3126101046400723 
v -0.3581288532200619 0.9001745541640858 0.2478497458678801 
v -0.24695574384425423 0.9573487499905604 0.14998743772010503 
v -0.23589126962522802 0.9474463540422338 0.21610348244921068 
v -0.2979725191545048 0.9258186488524093 0.23253431416850634 
v 0.2746937515087684 0.8526401643540924 0.44446382643840127 
v 0.23344536385590672 0.8271472588034929 0.5112051196418625 
v 0.19822722205588805 0.8685344953217573 0.4542618175371842 
v 0.20118858648686697 0.9238795325112868 0.3255299710842958 
v 0.16100639750493362 0.9048389750750364 0.39413623171137263 
v 0.1228002391291961 0.9351304449437401 0.3323419206316517 
v 0.11975548783487482 0.8793445108320886 0.4608816056243791 
v 0.0784590957278454 0.8480285358002464 0.5241104585543576 
v 0.04129918185379311 0.8847600214284896 0.46421340142230466 
v 0.16100639750493362 0.9048389750750364 0.39413623171137263 
v 0.19822722205588805 0.8685344953217573 0.4542618175371842 
v 0.11975548783487482 0.8793445108320886 0.4608816056243791 
v 0.1227294907590216 0.9723699203976767 0.19858048747006143 
v 0.08150105727540298 0.9606547430369469 0.265518440684652 
v 0.04125090967005882 0.9788519368963131 0.20036778205522218 
v 0.04124838765286171 0.996917333733128 0.06674129320346119 
v 0.0 0.9910456560477678 0.13352343475528722 
v -0.04124838765286171 0.996917333733128 0.06674129320346119 
v -0.04125090967005882 0.9788519368963131 0.20036778205522218 
v -0.08150105727540298 0.9606547430369469 0.265518440684652 
v -0.1227294907590216 0.9723699203976767 0.19858048747006143 
v 0.0 0.9910456560477678 0.13352343475528722 
v 0.04125090967005882 0.9788519368963131 0.20036778205522218 
v -0.04125090967005882 0.9788519368963131 0.20036778205522218 
v -0.04129918185379311 0.8847600214284896 0.46421340142230466 
v -0.0784590957278454 0.8480285358002464 0.5241104585543576 
v -0.11975548783487482 0.8793445108320886 0.4608816056243791 
v -0.1228002391291961 0.9351304449437401 0.3323419206316517 
v -0.16100639750493362 0.9048389750750364 0.39413623171137263 
v -0.20118858648686697 0.9238795325112868 0.3255299710842958 
v -0.19822722205588805 0.8685344953217573 0.4542618175371842 
v -0.23344536385590672 0.8271472588034929 0.5112051196418625 
v -0.2746937515087684 0.8526401643540924 0.44446382643840127 
v -0.16100639750493362 0.9048389750750364 0.39413623171137263 
v -0.11975548783487482 0.8793445108320886 0.4608816056243791 
v -0.19822722205588805 0.8685344953217573 0.4542618175371842 
v 0.08150105727540298 0.9606547430369469 0.265518440684652 
v 0.1228002391291961 0.9351304449437401 0.3323419206316517 
v 0.041301983266975546 0.9416180563510774 0.3341400636437266 
v -0.08150105727540298 0.9606547430369469 0.265518440684652 
v -0.041301983266975546 0.9416180563510774 0.3341400636437266 
v -0.1228002391291961 0.9351304449437401 0.3323419206316517 
v 0.0 0.9160920268893074 0.40096807637247195 
v 0.04129918185379311 0.8847600214284896 0.46421340142230466 
v -0.04129918185379311 0.8847600214284896 0.46421340142230466 
v -0.041301983266975546 0.9416180563510774 0.3341400636437266 
v 0.041301983266975546 0.9416180563510774 0.3341400636437266 
v 0.0 0.9160920268893074 0.40096807637247195 
v -0.1321268050122632 0.4841139978878059 0.8649717593345674 
v 0.0 0.40245514156529666 0.9154397080243225 
v -0.10517497658723292 0.39410533781700907 0.9130274952070262 
v -0.26809587898797715 0.43031070254437553 0.8619497078979897 
v -0.18829455977815207 0.3834986332334736 0.904142664111151 
v -0.2478497458678801 0.3581288532200619 0.9001745541640858 
v -0.08362820153033376 0.3188112663576485 0.944121655483145 
v 0.0 0.26461833708602567 0.964353221427619 
v -0.08376516512631635 0.25671900529199826 0.9628492869775871 
v -0.18829455977815207 0.3834986332334736 0.904142664111151 
v -0.10517497658723292 0.39410533781700907 0.9130274952070262 
v -0.08362820153033376 0.3188112663576485 0.944121655483145 
v -0.3714077043079883 0.38133031478920354 0.8465479952155323 
v -0.3126101046400723 0.3453324789826017 0.8848844000414144 
v -0.3574697066779368 0.3228500547834532 0.8763465358714616 
v -0.4582810594728014 0.3340036710810716 0.8236625633309153 
v -0.40169493079476204 0.2990813242418972 0.8655585156784632 
v -0.44446382643840127 0.2746937515087684 0.8526401643540924 
v -0.34221242765675314 0.26246598929090675 0.9022207373048001 
v -0.2807326251652559 0.22451702202356158 0.9331566320771104 
v -0.3255299710842958 0.20118858648686697 0.9238795325112868 
v -0.40169493079476204 0.2990813242418972 0.8655585156784632 
v -0.3574697066779368 0.3228500547834532 0.8763465358714616 
v -0.34221242765675314 0.26246598929090675 0.9022207373048001 
v -0.0664605208670415 0.19320366989422796 0.9789051747260731 
v 0.0 0.15178772984329422 0.9884131145776139 
v -0.0665178726433254 0.14303193226094346 0.9874802473835653 
v -0.19818907764348367 0.1735023041031138 0.9646854616784353 
v -0.13302146703838003 0.13317886548951036 0.9821245741217781 
v -0.19858048747006143 0.1227294907590216 0.9723699203976767 
v -0.06668682365752374 0.09203492752431597 0.9935202260981224 
v 0.0 0.05077039992656606 0.998710351649214 
v -0.06674129320346119 0.04124838765286171 0.996917333733128 
v -0.13302146703838003 0.13317886548951036 0.9821245741217781 
v -0.0665178726433254 0.14303193226094346 0.9874802473835653 
v -0.06668682365752374 0.09203492752431597 0.9935202260981224 
v -0.3126101046400723 0.3453324789826017 0.8848844000414144 
v -0.2478497458678801 0.3581288532200619 0.9001745541640858 
v -0.2325343141685063 0.2979725191545048 0.9258186488524092 
v -0.2807326251652559 0.22451702202356158 0.9331566320771104 
v -0.21610348244921065 0.235891269625228 0.9474463540422337 
v -0.19818907764348367 0.1735023041031138 0.9646854616784353 
v -0.14998743772010503 0.24695574384425423 0.9573487499905604 
v -0.08376516512631635 0.25671900529199826 0.9628492869775871 
v -0.0664605208670415 0.19320366989422796 0.9789051747260731 
v -0.21610348244921065 0.235891269625228 0.9474463540422337 
v -0.2325343141685063 0.2979725191545048 0.9258186488524092 
v -0.14998743772010503 0.24695574384425423 0.9573487499905604 
v -0.5404292921764098 0.2832332711545056 0.792284730553873 
v -0.5112051196418625 0.23344536385590672 0.8271472588034928 
v -0.5506105716812374 0.20704639671758127 0.8086778023163037 
v -0.6170054102696229 0.22954258494590943 0.7527380190971917 
v -0.588900234552714 0.1798181225225098 0.7879479402576278 
v -0.6252202092801453 0.15212880908837387 0.7654779652955692 
v -0.5577003586019298 0.12928712380139643 0.8199116718491336 
v -0.5241104585543576 0.0784590957278454 0.8480285358002464 
v -0.5614652503305123 0.05101471792044779 0.8259263110149673 
v -0.588900234552714 0.1798181225225098 0.7879479402576278 
v -0.5506105716812374 0.20704639671758127 0.8086778023163037 
v -0.5577003586019298 0.12928712380139643 0.8199116718491336 
v -0.6962573424396398 0.1656923654583501 0.6984065815323527 
v -0.663229821988394 0.10140984792806368 0.7415134833355698 
v -0.7041420247412189 0.06468736687582514 0.7071064655057321 
v -0.7833129030120582 0.08165885632250931 0.616240802900069 
v -0.7428508083229075 0.0 0.6694570012883597 
v -0.7833129030120582 -0.08165885632250931 0.616240802900069 
v -0.7041420247412189 -0.06468736687582514 0.7071064655057321 
v -0.663229821988394 -0.10140984792806368 0.7415134833355698 
v -0.6962573424396398 -0.1656923654583501 0.6984065815323527 
v -0.7428508083229075 0.0 0.6694570012883597 
v -0.7041420247412189 0.06468736687582514 0.7071064655057321 
v -0.7041420247412189 -0.06468736687582514 0.7071064655057321 
v -0.5614652503305123 -0.05101471792044779 0.8259263110149673 
v -0.5241104585543576 -0.0784590957278454 0.8480285358002464 
v -0.5577003586019298 -0.12928712380139643 0.8199116718491336 
v -0.6252202092801453 -0.15212880908837387 0.7654779652955692 
v -0.588900234552714 -0.1798181225225098 0.7879479402576278 
v -0.6170054102696229 -0.22954258494590943 0.7527380190971917 
v -0.5506105716812374 -0.20704639671758127 0.8086778023163037 
v -0.5112051196418625 -0.23344536385590672 0.8271472588034928 
v -0.5404292921764098 -0.2832332711545056 0.792284730553873 
v -0.588900234552714 -0.1798181225225098 0.7879479402576278 
v -0.5577003586019298 -0.12928712380139643 0.8199116718491336 
v -0.5506105716812374 -0.20704639671758127 0.8086778023163037 
v -0.663229821988394 0.10140984792806368 0.7415134833355698 
v -0.6252202092801453 0.15212880908837387 0.7654779652955692 
v -0.632117101425519 0.051016775310250624 0.77319160543965 
v -0.663229821988394 -0.10140984792806368 0.7415134833355698 
v -0.632117101425519 -0.051016775310250624 0.77319160543965 
v -0.6252202092801453 -0.15212880908837387 0.7654779652955692 
v -0.5977835743521923 0.0 0.8016575317644793 
v -0.5614652503305123 0.05101471792044779 0.8259263110149673 
v -0.5614652503305123 -0.05101471792044779 0.8259263110149673 
v -0.632117101425519 -0.051016775310250624 0.77319160543965 
v -0.632117101425519 0.051016775310250624 0.77319160543965 
v -0.5977835743521923 0.0 0.8016575317644793 
v -0.06674129320346119 -0.04124838765286171 0.996917333733128 
v 0.0 -0.05077039992656606 0.998710351649214 
v -0.06668682365752374 -0.09203492752431597 0.9935202260981224 
v -0.19858048747006143 -0.1227294907590216 0.9723699203976767 
v -0.13302146703838003 -0.13317886548951036 0.9821245741217781 
v -0.19818907764348367 -0.1735023041031138 0.9646854616784353 
v -0.0665178726433254 -0.14303193226094346 0.9874802473835653 
v 0.0 -0.15178772984329422 0.9884131145776139 
v -0.0664605208670415 -0.19320366989422796 0.9789051747260731 
v -0.13302146703838003 -0.13317886548951036 0.9821245741217781 
v -0.06668682365752374 -0.09203492752431597 0.9935202260981224 
v -0.0665178726433254 -0.14303193226094346 0.9874802473835653 
v -0.3255299710842958 -0.20118858648686697 0.9238795325112868 
v -0.2807326251652559 -0.22451702202356158 0.9331566320771104 
v -0.34221242765675314 -0.26246598929090675 0.9022207373048001 
v -0.44446382643840127 -0.2746937515087684 0.8526401643540924 
v -0.40169493079476204 -0.2990813242418972 0.8655585156784632 
v -0.4582810594728014 -0.3340036710810716 0.8236625633309153 
v -0.3574697066779368 -0.3228500547834532 0.8763465358714616 
v -0.3126101046400723 -0.3453324789826017 0.8848844000414144 
v -0.3714077043079883 -0.38133031478920354 0.8465479952155323 
v -0.40169493079476204 -0.2990813242418972 0.8655585156784632 
v -0.34221242765675314 -0.26246598929090675 0.9022207373048001 
v -0.3574697066779368 -0.3228500547834532 0.8763465358714616 
v -0.08376516512631635 -0.25671900529199826 0.9628492869775871 
v 0.0 -0.26461833708602567 0.964353221427619 
v -0.08362820153033376 -0.3188112663576485 0.944121655483145 
v -0.2478497458678801 -0.3581288532200619 0.9001745541640858 
v -0.18829455977815207 -0.3834986332334736 0.904142664111151 
v -0.26809587898797715 -0.43031070254437553 0.8619497078979897 
v -0.10517497658723292 -0.39410533781700907 0.9130274952070262 
v 0.0 -0.40245514156529666 0.9154397080243225 
v -0.1321268050122632 -0.4841139978878059 0.8649717593345674 
v -0.18829455977815207 -0.3834986332334736 0.904142664111151 
v -0.08362820153033376 -0.3188112663576485 0.944121655483145 
v -0.10517497658723292 -0.39410533781700907 0.9130274952070262 
v -0.2807326251652559 -0.22451702202356158 0.9331566320771104 
v -0.19818907764348367 -0.1735023041031138 0.9646854616784353 
v -0.21610348244921065 -0.235891269625228 0.9474463540422337 
v -0.3126101046400723 -0.3453324789826017 0.8848844000414144 
v -0.2325343141685063 -0.2979725191545048 0.9258186488524092 
v -0.2478497458678801 -0.3581288532200619 0.9001745541640858 
v -0.14998743772010503 -0.24695574384425423 0.9573487499905604 
v -0.0664605208670415 -0.19320366989422796 0.9789051747260731 
v -0.08376516512631635 -0.25671900529199826 0.9628492869775871 
v -0.2325343141685063 -0.2979725191545048 0.9258186488524092 
v -0.21610348244921065 -0.235891269625228 0.9474463540422337 
v -0.14998743772010503 -0.24695574384425423 0.9573487499905604 
v -0.5112051196418625 0.23344536385590672 0.8271472588034928 
v -0.44446382643840127 0.2746937515087684 0.8526401643540924 
v -0.4542618175371843 0.19822722205588805 0.8685344953217573 
v -0.5241104585543576 0.0784590957278454 0.8480285358002464 
v -0.460881605624379 0.11975548783487482 0.8793445108320888 
v -0.46421340142230466 0.04129918185379311 0.8847600214284896 
v -0.39413623171137263 0.16100639750493362 0.9048389750750364 
v -0.3255299710842958 0.20118858648686697 0.9238795325112868 
v -0.3323419206316517 0.12280023912919609 0.93513044494374 
v -0.460881605624379 0.11975548783487482 0.8793445108320888 
v -0.4542618175371843 0.19822722205588805 0.8685344953217573 
v -0.39413623171137263 0.16100639750493362 0.9048389750750364 
v -0.5241104585543576 -0.0784590957278454 0.8480285358002464 
v -0.46421340142230466 -0.04129918185379311 0.8847600214284896 
v -0.460881605624379 -0.11975548783487482 0.8793445108320888 
v -0.5112051196418625 -0.23344536385590672 0.8271472588034928 
v -0.4542618175371843 -0.19822722205588805 0.8685344953217573 
v -0.44446382643840127 -0.2746937515087684 0.8526401643540924 
v -0.39413623171137263 -0.16100639750493362 0.9048389750750364 
v -0.3323419206316517 -0.12280023912919609 0.93513044494374 
v -0.3255299710842958 -0.20118858648686697 0.9238795325112868 
v -0.4542618175371843 -0.19822722205588805 0.8685344953217573 
v -0.460881605624379 -0.11975548783487482 0.8793445108320888 
v -0.39413623171137263 -0.16100639750493362 0.9048389750750364 
v -0.265518440684652 0.08150105727540298 0.9606547430369469 
v -0.19858048747006143 0.1227294907590216 0.9723699203976767 
v -0.20036778205522218 0.04125090967005882 0.9788519368963131 
v -0.265518440684652 -0.08150105727540298 0.9606547430369469 
v -0.20036778205522218 -0.04125090967005882 0.9788519368963131 
v -0.19858048747006143 -0.1227294907590216 0.9723699203976767 
v -0.13352343475528722 0.0 0.9910456560477678 
v -0.06674129320346119 0.04124838765286171 0.996917333733128 
v -0.06674129320346119 -0.04124838765286171 0.996917333733128 
v -0.20036778205522218 -0.04125090967005882 0.9788519368963131 
v -0.20036778205522218 0.04125090967005882 0.9788519368963131 
v -0.13352343475528722 0.0 0.9910456560477678 
v -0.46421340142230466 -0.04129918185379311 0.8847600214284896 
v -0.46421340142230466 0.04129918185379311 0.8847600214284896 
v -0.40096807637247195 0.0 0.9160920268893074 
v -0.3323419206316517 -0.12280023912919609 0.93513044494374 
v -0.3341400636437266 -0.041301983266975546 0.9416180563510774 
v -0.265518440684652 -0.08150105727540298 0.9606547430369469 
v -0.3341400636437266 0.041301983266975546 0.9416180563510774 
v -0.3323419206316517 0.12280023912919609 0.93513044494374 
v -0.265518440684652 0.08150105727540298 0.9606547430369469 
v -0.3341400636437266 -0.041301983266975546 0.9416180563510774 
v -0.40096807637247195 0.0 0.9160920268893074 
v -0.3341400636437266 0.041301983266975546 0.9416180563510774 
v 0.0 0.40245514156529666 0.9154397080243225 
v 0.1321268050122632 0.4841139978878059 0.8649717593345674 
v 0.10517497658723292 0.39410533781700907 0.9130274952070262 
v 0.0 0.26461833708602567 0.964353221427619 
v 0.08362820153033376 0.3188112663576485 0.944121655483145 
v 0.08376516512631635 0.25671900529199826 0.9628492869775871 
v 0.18829455977815207 0.3834986332334736 0.904142664111151 
v 0.26809587898797715 0.43031070254437553 0.8619497078979897 
v 0.2478497458678801 0.3581288532200619 0.9001745541640858 
v 0.08362820153033376 0.3188112663576485 0.944121655483145 
v 0.10517497658723292 0.39410533781700907 0.9130274952070262 
v 0.18829455977815207 0.3834986332334736 0.904142664111151 
v 0.0 0.15178772984329422 0.9884131145776139 
v 0.0664605208670415 0.19320366989422796 0.9789051747260731 
v 0.0665178726433254 0.14303193226094346 0.9874802473835653 
v 0.0 0.05077039992656606 0.998710351649214 
v 0.06668682365752374 0.09203492752431597 0.9935202260981224 
v 0.06674129320346119 0.04124838765286171 0.996917333733128 
v 0.13302146703838003 0.13317886548951036 0.9821245741217781 
v 0.19818907764348367 0.1735023041031138 0.9646854616784353 
v 0.19858048747006143 0.1227294907590216 0.9723699203976767 
v 0.06668682365752374 0.09203492752431597 0.9935202260981224 
v 0.0665178726433254 0.14303193226094346 0.9874802473835653 
v 0.13302146703838003 0.13317886548951036 0.9821245741217781 
v 0.3126101046400723 0.3453324789826017 0.8848844000414144 
v 0.3714077043079883 0.38133031478920354 0.8465479952155323 
v 0.3574697066779368 0.3228500547834532 0.8763465358714616 
v 0.2807326251652559 0.22451702202356158 0.9331566320771104 
v 0.34221242765675314 0.26246598929090675 0.9022207373048001 
v 0.3255299710842958 0.20118858648686697 0.9238795325112868 
v 0.40169493079476204 0.2990813242418972 0.8655585156784632 
v 0.4582810594728014 0.3340036710810716 0.8236625633309153 
v 0.44446382643840127 0.2746937515087684 0.8526401643540924 
v 0.34221242765675314 0.26246598929090675 0.9022207373048001 
v 0.3574697066779368 0.3228500547834532 0.8763465358714616 
v 0.40169493079476204 0.2990813242418972 0.8655585156784632 
v 0.0664605208670415 0.19320366989422796 0.9789051747260731 
v 0.08376516512631635 0.25671900529199826 0.9628492869775871 
v 0.14998743772010503 0.24695574384425423 0.9573487499905604 
v 0.19818907764348367 0.1735023041031138 0.9646854616784353 
v 0.21610348244921065 0.235891269625228 0.9474463540422337 
v 0.2807326251652559 0.22451702202356158 0.9331566320771104 
v 0.2325343141685063 0.2979725191545048 0.9258186488524092 
v 0.2478497458678801 0.3581288532200619 0.9001745541640858 
v 0.3126101046400723 0.3453324789826017 0.8848844000414144 
v 0.21610348244921065 0.235891269625228 0.9474463540422337 
v 0.14998743772010503 0.24695574384425423 0.9573487499905604 
v 0.2325343141685063 0.2979725191545048 0.9258186488524092 
v 0.0 -0.05077039992656606 0.998710351649214 
v 0.06674129320346119 -0.04124838765286171 0.996917333733128 
v 0.06668682365752374 -0.09203492752431597 0.9935202260981224 
v 0.0 -0.15178772984329422 0.9884131145776139 
v 0.0665178726433254 -0.14303193226094346 0.9874802473835653 
v 0.0664605208670415 -0.19320366989422796 0.9789051747260731 
v 0.13302146703838003 -0.13317886548951036 0.9821245741217781 
v 0.19858048747006143 -0.1227294907590216 0.9723699203976767 
v 0.19818907764348367 -0.1735023041031138 0.9646854616784353 
v 0.0665178726433254 -0.14303193226094346 0.9874802473835653 
v 0.06668682365752374 -0.09203492752431597 0.9935202260981224 
v 0.13302146703838003 -0.13317886548951036 0.9821245741217781 
v 0.0 -0.26461833708602567 0.964353221427619 
v 0.08376516512631635 -0.25671900529199826 0.9628492869775871 
v 0.08362820153033376 -0.3188112663576485 0.944121655483145 
v 0.0 -0.40245514156529666 0.9154397080243225 
v 0.10517497658723292 -0.39410533781700907 0.9130274952070262 
v 0.1321268050122632 -0.4841139978878059 0.8649717593345674 
v 0.18829455977815207 -0.3834986332334736 0.904142664111151 
v 0.2478497458678801 -0.3581288532200619 0.9001745541640858 
v 0.26809587898797715 -0.43031070254437553 0.8619497078979897 
v 0.10517497658723292 -0.39410533781700907 0.9130274952070262 
v 0.08362820153033376 -0.3188112663576485 0.944121655483145 
v 0.18829455977815207 -0.3834986332334736 0.904142664111151 
v 0.2807326251652559 -0.22451702202356158 0.9331566320771104 
v 0.3255299710842958 -0.20118858648686697 0.9238795325112868 
v 0.34221242765675314 -0.26246598929090675 0.9022207373048001 
v 0.3126101046400723 -0.3453324789826017 0.8848844000414144 
v 0.3574697066779368 -0.3228500547834532 0.8763465358714616 
v 0.3714077043079883 -0.38133031478920354 0.8465479952155323 
v 0.40169493079476204 -0.2990813242418972 0.8655585156784632 
v 0.44446382643840127 -0.2746937515087684 0.8526401643540924 
v 0.4582810594728014 -0.3340036710810716 0.8236625633309153 
v 0.3574697066779368 -0.3228500547834532 0.8763465358714616 
v 0.34221242765675314 -0.26246598929090675 0.9022207373048001 
v 0.40169493079476204 -0.2990813242418972 0.8655585156784632 
v 0.08376516512631635 -0.25671900529199826 0.9628492869775871 
v 0.0664605208670415 -0.19320366989422796 0.9789051747260731 
v 0.14998743772010503 -0.24695574384425423 0.9573487499905604 
v 0.2478497458678801 -0.3581288532200619 0.9001745541640858 
v 0.2325343141685063 -0.2979725191545048 0.9258186488524092 
v 0.3126101046400723 -0.3453324789826017 0.8848844000414144 
v 0.21610348244921065 -0.235891269625228 0.9474463540422337 
v 0.19818907764348367 -0.1735023041031138 0.9646854616784353 
v 0.2807326251652559 -0.22451702202356158 0.9331566320771104 
v 0.2325343141685063 -0.2979725191545048 0.9258186488524092 
v 0.14998743772010503 -0.24695574384425423 0.9573487499905604 
v 0.21610348244921065 -0.235891269625228 0.9474463540422337 
v 0.5112051196418625 0.23344536385590672 0.8271472588034928 
v 0.5404292921764098 0.2832332711545056 0.792284730553873 
v 0.5506105716812374 0.20704639671758127 0.8086778023163037 
v 0.5241104585543576 0.0784590957278454 0.8480285358002464 
v 0.5577003586019298 0.12928712380139643 0.8199116718491336 
v 0.5614652503305123 0.05101471792044779 0.8259263110149673 
v 0.588900234552714 0.1798181225225098 0.7879479402576278 
v 0.6170054102696229 0.22954258494590943 0.7527380190971917 
v 0.6252202092801453 0.15212880908837387 0.7654779652955692 
v 0.5577003586019298 0.12928712380139643 0.8199116718491336 
v 0.5506105716812374 0.20704639671758127 0.8086778023163037 
v 0.588900234552714 0.1798181225225098 0.7879479402576278 
v 0.5241104585543576 -0.0784590957278454 0.8480285358002464 
v 0.5614652503305123 -0.05101471792044779 0.8259263110149673 
v 0.5577003586019298 -0.12928712380139643 0.8199116718491336 
v 0.5112051196418625 -0.23344536385590672 0.8271472588034928 
v 0.5506105716812374 -0.20704639671758127 0.8086778023163037 
v 0.5404292921764098 -0.2832332711545056 0.792284730553873 
v 0.588900234552714 -0.1798181225225098 0.7879479402576278 
v 0.6252202092801453 -0.15212880908837387 0.7654779652955692 
v 0.6170054102696229 -0.22954258494590943 0.7527380190971917 
v 0.5506105716812374 -0.20704639671758127 0.8086778023163037 
v 0.5577003586019298 -0.12928712380139643 0.8199116718491336 
v 0.588900234552714 -0.1798181225225098 0.7879479402576278 
v 0.663229821988394 0.10140984792806368 0.7415134833355698 
v 0.6962573424396398 0.1656923654583501 0.6984065815323527 
v 0.7041420247412189 0.06468736687582514 0.7071064655057321 
v 0.663229821988394 -0.10140984792806368 0.7415134833355698 
v 0.7041420247412189 -0.06468736687582514 0.7071064655057321 
v 0.6962573424396398 -0.1656923654583501 0.6984065815323527 
v 0.7428508083229075 0.0 0.6694570012883597 
v 0.7833129030120582 0.08165885632250931 0.616240802900069 
v 0.7833129030120582 -0.08165885632250931 0.616240802900069 
v 0.7041420247412189 -0.06468736687582514 0.7071064655057321 
v 0.7041420247412189 0.06468736687582514 0.7071064655057321 
v 0.7428508083229075 0.0 0.6694570012883597 
v 0.5614652503305123 -0.05101471792044779 0.8259263110149673 
v 0.5614652503305123 0.05101471792044779 0.8259263110149673 
v 0.5977835743521923 0.0 0.8016575317644793 
v 0.6252202092801453 -0.15212880908837387 0.7654779652955692 
v 0.632117101425519 -0.051016775310250624 0.77319160543965 
v 0.663229821988394 -0.10140984792806368 0.7415134833355698 
v 0.632117101425519 0.051016775310250624 0.77319160543965 
v 0.6252202092801453 0.15212880908837387 0.7654779652955692 
v 0.663229821988394 0.10140984792806368 0.7415134833355698 
v 0.632117101425519 -0.051016775310250624 0.77319160543965 
v 0.5977835743521923 0.0 0.8016575317644793 
v 0.632117101425519 0.051016775310250624 0.77319160543965 
v 0.06674129320346119 -0.04124838765286171 0.996917333733128 
v 0.06674129320346119 0.04124838765286171 0.996917333733128 
v 0.13352343475528722 0.0 0.9910456560477678 
v 0.19858048747006143 -0.1227294907590216 0.9723699203976767 
v 0.20036778205522218 -0.04125090967005882 0.9788519368963131 
v 0.265518440684652 -0.08150105727540298 0.9606547430369469 
v 0.20036778205522218 0.04125090967005882 0.9788519368963131 
v 0.19858048747006143 0.1227294907590216 0.9723699203976767 
v 0.265518440684652 0.08150105727540298 0.9606547430369469 
v 0.20036778205522218 -0.04125090967005882 0.9788519368963131 
v 0.13352343475528722 0.0 0.9910456560477678 
v 0.20036778205522218 0.04125090967005882 0.9788519368963131 
v 0.3255299710842958 -0.20118858648686697 0.9238795325112868 
v 0.3323419206316517 -0.12280023912919609 0.93513044494374 
v 0.39413623171137263 -0.16100639750493362 0.9048389750750364 
v 0.44446382643840127 -0.2746937515087684 0.8526401643540924 
v 0.4542618175371843 -0.19822722205588805 0.8685344953217573 
v 0.5112051196418625 -0.23344536385590672 0.8271472588034928 
v 0.460881605624379 -0.11975548783487482 0.8793445108320888 
v 0.46421340142230466 -0.04129918185379311 0.8847600214284896 
v 0.5241104585543576 -0.0784590957278454 0.8480285358002464 
v 0.4542618175371843 -0.19822722205588805 0.8685344953217573 
v 0.39413623171137263 -0.16100639750493362 0.9048389750750364 
v 0.460881605624379 -0.11975548783487482 0.8793445108320888 
v 0.3323419206316517 0.12280023912919609 0.93513044494374 
v 0.3255299710842958 0.20118858648686697 0.9238795325112868 
v 0.39413623171137263 0.16100639750493362 0.9048389750750364 
v 0.46421340142230466 0.04129918185379311 0.8847600214284896 
v 0.460881605624379 0.11975548783487482 0.8793445108320888 
v 0.5241104585543576 0.0784590957278454 0.8480285358002464 
v 0.4542618175371843 0.19822722205588805 0.8685344953217573 
v 0.44446382643840127 0.2746937515087684 0.8526401643540924 
v 0.5112051196418625 0.23344536385590672 0.8271472588034928 
v 0.460881605624379 0.11975548783487482 0.8793445108320888 
v 0.39413623171137263 0.16100639750493362 0.9048389750750364 
v 0.4542618175371843 0.19822722205588805 0.8685344953217573 
v 0.3323419206316517 -0.12280023912919609 0.93513044494374 
v 0.265518440684652 -0.08150105727540298 0.9606547430369469 
v 0.3341400636437266 -0.041301983266975546 0.9416180563510774 
v 0.46421340142230466 -0.04129918185379311 0.8847600214284896 
v 0.40096807637247195 0.0 0.9160920268893074 
v 0.46421340142230466 0.04129918185379311 0.8847600214284896 
v 0.3341400636437266 0.041301983266975546 0.9416180563510774 
v 0.265518440684652 0.08150105727540298 0.9606547430369469 
v 0.3323419206316517 0.12280023912919609 0.93513044494374 
v 0.40096807637247195 0.0 0.9160920268893074 
v 0.3341400636437266 -0.041301983266975546 0.9416180563510774 
v 0.3341400636437266 0.041301983266975546 0.9416180563510774 
v 0.1321268050122632 0.4841139978878059 -0.8649717593345674 
v 0.0 0.40245514156529666 -0.9154397080243225 
v 0.10517497658723292 0.39410533781700907 -0.9130274952070262 
v 0.26809587898797715 0.43031070254437553 -0.8619497078979897 
v 0.18829455977815207 0.3834986332334736 -0.904142664111151 
v 0.2478497458678801 0.3581288532200619 -0.9001745541640858 
v 0.08362820153033376 0.3188112663576485 -0.944121655483145 
v 0.0 0.26461833708602567 -0.964353221427619 
v 0.08376516512631635 0.25671900529199826 -0.9628492869775871 
v 0.18829455977815207 0.3834986332334736 -0.904142664111151 
v 0.10517497658723292 0.39410533781700907 -0.9130274952070262 
v 0.08362820153033376 0.3188112663576485 -0.944121655483145 
v 0.3714077043079883 0.38133031478920354 -0.8465479952155323 
v 0.3126101046400723 0.3453324789826017 -0.8848844000414144 
v 0.3574697066779368 0.3228500547834532 -0.8763465358714616 
v 0.4582810594728014 0.3340036710810716 -0.8236625633309153 
v 0.40169493079476204 0.2990813242418972 -0.8655585156784632 
v 0.44446382643840127 0.2746937515087684 -0.8526401643540924 
v 0.34221242765675314 0.26246598929090675 -0.9022207373048001 
v 0.2807326251652559 0.22451702202356158 -0.9331566320771104 
v 0.3255299710842958 0.20118858648686697 -0.9238795325112868 
v 0.40169493079476204 0.2990813242418972 -0.8655585156784632 
v 0.3574697066779368 0.3228500547834532 -0.8763465358714616 
v 0.34221242765675314 0.26246598929090675 -0.9022207373048001 
v 0.0664605208670415 0.19320366989422796 -0.9789051747260731 
v 0.0 0.15178772984329422 -0.9884131145776139 
v 0.0665178726433254 0.14303193226094346 -0.9874802473835653 
v 0.19818907764348367 0.1735023041031138 -0.9646854616784353 
v 0.13302146703838003 0.13317886548951036 -0.9821245741217781 
v 0.19858048747006143 0.1227294907590216 -0.9723699203976767 
v 0.06668682365752374 0.09203492752431597 -0.9935202260981224 
v 0.0 0.05077039992656606 -0.998710351649214 
v 0.06674129320346119 0.04124838765286171 -0.996917333733128 
v 0.13302146703838003 0.13317886548951036 -0.9821245741217781 
v 0.0665178726433254 0.14303193226094346 -0.9874802473835653 
v 0.06668682365752374 0.09203492752431597 -0.9935202260981224 
v 0.3126101046400723 0.3453324789826017 -0.8848844000414144 
v 0.2478497458678801 0.3581288532200619 -0.9001745541640858 
v 0.2325343141685063 0.2979725191545048 -0.9258186488524092 
v 0.2807326251652559 0.22451702202356158 -0.9331566320771104 
v 0.21610348244921065 0.235891269625228 -0.9474463540422337 
v 0.19818907764348367 0.1735023041031138 -0.9646854616784353 
v 0.14998743772010503 0.24695574384425423 -0.9573487499905604 
v 0.08376516512631635 0.25671900529199826 -0.9628492869775871 
v 0.0664605208670415 0.19320366989422796 -0.9789051747260731 
v 0.21610348244921065 0.235891269625228 -0.9474463540422337 
v 0.2325343141685063 0.2979725191545048 -0.9258186488524092 
v 0.14998743772010503 0.24695574384425423 -0.9573487499905604 
v 0.5404292921764098 0.2832332711545056 -0.792284730553873 
v 0.5112051196418625 0.23344536385590672 -0.8271472588034928 
v 0.5506105716812374 0.20704639671758127 -0.8086778023163037 
v 0.6170054102696229 0.22954258494590943 -0.7527380190971917 
v 0.588900234552714 0.1798181225225098 -0.7879479402576278 
v 0.6252202092801453 0.15212880908837387 -0.7654779652955692 
v 0.5577003586019298 0.12928712380139643 -0.8199116718491336 
v 0.5241104585543576 0.0784590957278454 -0.8480285358002464 
v 0.5614652503305123 0.05101471792044779 -0.8259263110149673 
v 0.588900234552714 0.1798181225225098 -0.7879479402576278 
v 0.5506105716812374 0.20704639671758127 -0.8086778023163037 
v 0.5577003586019298 0.12928712380139643 -0.8199116718491336 
v 0.6962573424396398 0.1656923654583501 -0.6984065815323527 
v 0.663229821988394 0.10140984792806368 -0.7415134833355698 
v 0.7041420247412189 0.06468736687582514 -0.7071064655057321 
v 0.7833129030120582 0.08165885632250931 -0.616240802900069 
v 0.7428508083229075 0.0 -0.6694570012883597 
v 0.7833129030120582 -0.08165885632250931 -0.616240802900069 
v 0.7041420247412189 -0.06468736687582514 -0.7071064655057321 
v 0.663229821988394 -0.10140984792806368 -0.7415134833355698 
v 0.6962573424396398 -0.1656923654583501 -0.6984065815323527 
v 0.7428508083229075 0.0 -0.6694570012883597 
v 0.7041420247412189 0.06468736687582514 -0.7071064655057321 
v 0.7041420247412189 -0.06468736687582514 -0.7071064655057321 
v 0.5614652503305123 -0.05101471792044779 -0.8259263110149673 
v 0.5241104585543576 -0.0784590957278454 -0.8480285358002464 
v 0.5577003586019298 -0.12928712380139643 -0.8199116718491336 
v 0.6252202092801453 -0.15212880908837387 -0.7654779652955692 
v 0.588900234552714 -0.1798181225225098 -0.7879479402576278 
v 0.6170054102696229 -0.22954258494590943 -0.7527380190971917 
v 0.5506105716812374 -0.20704639671758127 -0.8086778023163037 
v 0.5112051196418625 -0.23344536385590672 -0.8271472588034928 
v 0.5404292921764098 -0.2832332711545056 -0.792284730553873 
v 0.588900234552714 -0.1798181225225098 -0.7879479402576278 
v 0.5577003586019298 -0.12928712380139643 -0.8199116718491336 
v 0.5506105716812374 -0.20704639671758127 -0.8086778023163037 
v 0.663229821988394 0.10140984792806368 -0.7415134833355698 
v 0.6252202092801453 0.15212880908837387 -0.7654779652955692 
v 0.632117101425519 0.051016775310250624 -0.77319160543965 
v 0.663229821988394 -0.10140984792806368 -0.7415134833355698 
v 0.632117101425519 -0.051016775310250624 -0.77319160543965 
v 0.6252202092801453 -0.15212880908837387 -0.7654779652955692 
v 0.5977835743521923 0.0 -0.8016575317644793 
v 0.5614652503305123 0.05101471792044779 -0.8259263110149673 
v 0.5614652503305123 -0.05101471792044779 -0.8259263110149673 
v 0.632117101425519 -0.051016775310250624 -0.77319160543965 
v 0.632117101425519 0.051016775310250624 -0.77319160543965 
v 0.5977835743521923 0.0 -0.8016575317644793 
v 0.06674129320346119 -0.04124838765286171 -0.996917333733128 
v 0.0 -0.05077039992656606 -0.998710351649214 
v 0.06668682365752374 -0.09203492752431597 -0.9935202260981224 
v 0.19858048747006143 -0.1227294907590216 -0.9723699203976767 
v 0.13302146703838003 -0.13317886548951036 -0.9821245741217781 
v 0.19818907764348367 -0.1735023041031138 -0.9646854616784353 
v 0.0665178726433254 -0.14303193226094346 -0.9874802473835653 
v 0.0 -0.15178772984329422 -0.9884131145776139 
v 0.0664605208670415 -0.19320366989422796 -0.9789051747260731 
v 0.13302146703838003 -0.13317886548951036 -0.9821245741217781 
v 0.06668682365752374 -0.09203492752431597 -0.9935202260981224 
v 0.0665178726433254 -0.14303193226094346 -0.9874802473835653 
v 0.3255299710842958 -0.20118858648686697 -0.9238795325112868 
v 0.2807326251652559 -0.22451702202356158 -0.9331566320771104 
v 0.34221242765675314 -0.26246598929090675 -0.9022207373048001 
v 0.44446382643840127 -0.2746937515087684 -0.8526401643540924 
v 0.40169493079476204 -0.2990813242418972 -0.8655585156784632 
v 0.4582810594728014 -0.3340036710810716 -0.8236625633309153 
v 0.3574697066779368 -0.3228500547834532 -0.8763465358714616 
v 0.3126101046400723 -0.3453324789826017 -0.8848844000414144 
v 0.3714077043079883 -0.38133031478920354 -0.8465479952155323 
v 0.40169493079476204 -0.2990813242418972 -0.8655585156784632 
v 0.34221242765675314 -0.26246598929090675 -0.9022207373048001 
v 0.3574697066779368 -0.3228500547834532 -0.8763465358714616 
v 0.08376516512631635 -0.25671900529199826 -0.9628492869775871 
v 0.0 -0.26461833708602567 -0.964353221427619 
v 0.08362820153033376 -0.3188112663576485 -0.944121655483145 
v 0.2478497458678801 -0.3581288532200619 -0.9001745541640858 
v 0.18829455977815207 -0.3834986332334736 -0.904142664111151 
v 0.26809587898797715 -0.43031070254437553 -0.8619497078979897 
v 0.10517497658723292 -0.39410533781700907 -0.9130274952070262 
v 0.0 -0.40245514156529666 -0.9154397080243225 
v 0.1321268050122632 -0.4841139978878059 -0.8649717593345674 
v 0.18829455977815207 -0.3834986332334736 -0.904142664111151 
v 0.08362820153033376 -0.3188112663576485 -0.944121655483145 
v 0.10517497658723292 -0.39410533781700907 -0.9130274952070262 
v 0.2807326251652559 -0.22451702202356158 -0.9331566320771104 
v 0.19818907764348367 -0.1735023041031138 -0.9646854616784353 
v 0.21610348244921065 -0.235891269625228 -0.9474463540422337 
v 0.3126101046400723 -0.3453324789826017 -0.8848844000414144 
v 0.2325343141685063 -0.2979725191545048 -0.9258186488524092 
v 0.2478497458678801 -0.3581288532200619 -0.9001745541640858 
v 0.14998743772010503 -0.24695574384425423 -0.9573487499905604 
v 0.0664605208670415 -0.19320366989422796 -0.9789051747260731 
v 0.08376516512631635 -0.25671900529199826 -0.9628492869775871 
v 0.2325343141685063 -0.2979725191545048 -0.9258186488524092 
v 0.21610348244921065 -0.235891269625228 -0.9474463540422337 
v 0.14998743772010503 -0.24695574384425423 -0.9573487499905604 
v 0.5112051196418625 0.23344536385590672 -0.8271472588034928 
v 0.44446382643840127 0.2746937515087684 -0.8526401643540924 
v 0.4542618175371843 0.19822722205588805 -0.8685344953217573 
v 0.5241104585543576 0.0784590957278454 -0.8480285358002464 
v 0.460881605624379 0.11975548783487482 -0.8793445108320888 
v 0.46421340142230466 0.04129918185379311 -0.8847600214284896 
v 0.39413623171137263 0.16100639750493362 -0.9048389750750364 
v 0.3255299710842958 0.20118858648686697 -0.9238795325112868 
v 0.3323419206316517 0.12280023912919609 -0.93513044494374 
v 0.460881605624379 0.11975548783487482 -0.8793445108320888 
v 0.4542618175371843 0.19822722205588805 -0.8685344953217573 
v 0.39413623171137263 0.16100639750493362 -0.9048389750750364 
v 0.5241104585543576 -0.0784590957278454 -0.8480285358002464 
v 0.46421340142230466 -0.04129918185379311 -0.8847600214284896 
v 0.460881605624379 -0.11975548783487482 -0.8793445108320888 
v 0.5112051196418625 -0.23344536385590672 -0.8271472588034928 
v 0.4542618175371843 -0.19822722205588805 -0.8685344953217573 
v 0.44446382643840127 -0.2746937515087684 -0.8526401643540924 
v 0.39413623171137263 -0.16100639750493362 -0.9048389750750364 
v 0.3323419206316517 -0.12280023912919609 -0.93513044494374 
v 0.3255299710842958 -0.20118858648686697 -0.9238795325112868 
v 0.4542618175371843 -0.19822722205588805 -0.8685344953217573 
v 0.460881605624379 -0.11975548783487482 -0.8793445108320888 
v 0.39413623171137263 -0.16100639750493362 -0.9048389750750364 
v 0.265518440684652 0.08150105727540298 -0.9606547430369469 
v 0.19858048747006143 0.1227294907590216 -0.9723699203976767 
v 0.20036778205522218 0.04125090967005882 -0.9788519368963131 
v 0.265518440684652 -0.08150105727540298 -0.9606547430369469 
v 0.20036778205522218 -0.04125090967005882 -0.9788519368963131 
v 0.19858048747006143 -0.1227294907590216 -0.9723699203976767 
v 0.13352343475528722 0.0 -0.9910456560477678 
v 0.06674129320346119 0.04124838765286171 -0.996917333733128 
v 0.06674129320346119 -0.04124838765286171 -0.996917333733128 
v 0.20036778205522218 -0.04125090967005882 -0.9788519368963131 
v 0.20036778205522218 0.04125090967005882 -0.9788519368963131 
v 0.13352343475528722 0.0 -0.9910456560477678 
v 0.46421340142230466 -0.04129918185379311 -0.8847600214284896 
v 0.46421340142230466 0.04129918185379311 -0.8847600214284896 
v 0.40096807637247195 0.0 -0.9160920268893074 
v 0.3323419206316517 -0.12280023912919609 -0.93513044494374 
v 0.3341400636437266 -0.041301983266975546 -0.9416180563510774 
v 0.265518440684652 -0.08150105727540298 -0.9606547430369469 
v 0.3341400636437266 0.041301983266975546 -0.9416180563510774 
v 0.3323419206316517 0.12280023912919609 -0.93513044494374 
v 0.265518440684652 0.08150105727540298 -0.9606547430369469 
v 0.3341400636437266 -0.041301983266975546 -0.9416180563510774 
v 0.40096807637247195 0.0 -0.9160920268893074 
v 0.3341400636437266 0.041301983266975546 -0.9416180563510774 
v 0.0 0.40245514156529666 -0.9154397080243225 
v -0.1321268050122632 0.4841139978878059 -0.8649717593345674 
v -0.10517497658723292 0.39410533781700907 -0.9130274952070262 
v 0.0 0.26461833708602567 -0.964353221427619 
v -0.08362820153033376 0.3188112663576485 -0.944121655483145 
v -0.08376516512631635 0.25671900529199826 -0.9628492869775871 
v -0.18829455977815207 0.3834986332334736 -0.904142664111151 
v -0.26809587898797715 0.43031070254437553 -0.8619497078979897 
v -0.2478497458678801 0.3581288532200619 -0.9001745541640858 
v -0.08362820153033376 0.3188112663576485 -0.944121655483145 
v -0.10517497658723292 0.39410533781700907 -0.9130274952070262 
v -0.18829455977815207 0.3834986332334736 -0.904142664111151 
v 0.0 0.15178772984329422 -0.9884131145776139 
v -0.0664605208670415 0.19320366989422796 -0.9789051747260731 
v -0.0665178726433254 0.14303193226094346 -0.9874802473835653 
v 0.0 0.05077039992656606 -0.998710351649214 
v -0.06668682365752374 0.09203492752431597 -0.9935202260981224 
v -0.06674129320346119 0.04124838765286171 -0.996917333733128 
v -0.13302146703838003 0.13317886548951036 -0.9821245741217781 
v -0.19818907764348367 0.1735023041031138 -0.9646854616784353 
v -0.19858048747006143 0.1227294907590216 -0.9723699203976767 
v -0.06668682365752374 0.09203492752431597 -0.9935202260981224 
v -0.0665178726433254 0.14303193226094346 -0.9874802473835653 
v -0.13302146703838003 0.13317886548951036 -0.9821245741217781 
v -0.3126101046400723 0.3453324789826017 -0.8848844000414144 
v -0.3714077043079883 0.38133031478920354 -0.8465479952155323 
v -0.3574697066779368 0.3228500547834532 -0.8763465358714616 
v -0.2807326251652559 0.22451702202356158 -0.9331566320771104 
v -0.34221242765675314 0.26246598929090675 -0.9022207373048001 
v -0.3255299710842958 0.20118858648686697 -0.9238795325112868 
v -0.40169493079476204 0.2990813242418972 -0.8655585156784632 
v -0.4582810594728014 0.3340036710810716 -0.8236625633309153 
v -0.44446382643840127 0.2746937515087684 -0.8526401643540924 
v -0.34221242765675314 0.26246598929090675 -0.9022207373048001 
v -0.3574697066779368 0.3228500547834532 -0.8763465358714616 
v -0.40169493079476204 0.2990813242418972 -0.8655585156784632 
v -0.0664605208670415 0.19320366989422796 -0.9789051747260731 
v -0.08376516512631635 0.25671900529199826 -0.9628492869775871 
v -0.14998743772010503 0.24695574384425423 -0.9573487499905604 
v -0.19818907764348367 0.1735023041031138 -0.9646854616784353 
v -0.21610348244921065 0.235891269625228 -0.9474463540422337 
v -0.2807326251652559 0.22451702202356158 -0.9331566320771104 
v -0.2325343141685063 0.2979725191545048 -0.9258186488524092 
v -0.2478497458678801 0.3581288532200619 -0.9001745541640858 
v -0.3126101046400723 0.3453324789826017 -0.8848844000414144 
v -0.21610348244921065 0.235891269625228 -0.9474463540422337 
v -0.14998743772010503 0.24695574384425423 -0.9573487499905604 
v -0.2325343141685063 0.2979725191545048 -0.9258186488524092 
v 0.0 -0.05077039992656606 -0.998710351649214 
v -0.06674129320346119 -0.04124838765286171 -0.996917333733128 
v -0.06668682365752374 -0.09203492752431597 -0.9935202260981224 
v 0.0 -0.15178772984329422 -0.9884131145776139 
v -0.0665178726433254 -0.14303193226094346 -0.9874802473835653 
v -0.0664605208670415 -0.19320366989422796 -0.9789051747260731 
v -0.13302146703838003 -0.13317886548951036 -0.9821245741217781 
v -0.19858048747006143 -0.1227294907590216 -0.9723699203976767 
v -0.19818907764348367 -0.1735023041031138 -0.9646854616784353 
v -0.0665178726433254 -0.14303193226094346 -0.9874802473835653 
v -0.06668682365752374 -0.09203492752431597 -0.9935202260981224 
v -0.13302146703838003 -0.13317886548951036 -0.9821245741217781 
v 0.0 -0.26461833708602567 -0.964353221427619 
v -0.08376516512631635 -0.25671900529199826 -0.9628492869775871 
v -0.08362820153033376 -0.3188112663576485 -0.944121655483145 
v 0.0 -0.40245514156529666 -0.9154397080243225 
v -0.10517497658723292 -0.39410533781700907 -0.9130274952070262 
v -0.1321268050122632 -0.4841139978878059 -0.8649717593345674 
v -0.18829455977815207 -0.3834986332334736 -0.904142664111151 
v -0.2478497458678801 -0.3581288532200619 -0.9001745541640858 
v -0.26809587898797715 -0.43031070254437553 -0.8619497078979897 
v -0.10517497658723292 -0.39410533781700907 -0.9130274952070262 
v -0.08362820153033376 -0.3188112663576485 -0.944121655483145 
v -0.18829455977815207 -0.3834986332334736 -0.904142664111151 
v -0.2807326251652559 -0.22451702202356158 -0.9331566320771104 
v -0.3255299710842958 -0.20118858648686697 -0.9238795325112868 
v -0.34221242765675314 -0.26246598929090675 -0.9022207373048001 
v -0.3126101046400723 -0.3453324789826017 -0.8848844000414144 
v -0.3574697066779368 -0.3228500547834532 -0.8763465358714616 
v -0.3714077043079883 -0.38133031478920354 -0.8465479952155323 
v -0.40169493079476204 -0.2990813242418972 -0.8655585156784632 
v -0.44446382643840127 -0.2746937515087684 -0.8526401643540924 
v -0.4582810594728014 -0.3340036710810716 -0.8236625633309153 
v -0.3574697066779368 -0.3228500547834532 -0.8763465358714616 
v -0.34221242765675314 -0.26246598929090675 -0.9022207373048001 
v -0.40169493079476204 -0.2990813242418972 -0.8655585156784632 
v -0.08376516512631635 -0.25671900529199826 -0.9628492869775871 
v -0.0664605208670415 -0.19320366989422796 -0.9789051747260731 
v -0.14998743772010503 -0.24695574384425423 -0.9573487499905604 
v -0.2478497458678801 -0.3581288532200619 -0.9001745541640858 
v -0.2325343141685063 -0.2979725191545048 -0.9258186488524092 
v -0.3126101046400723 -0.3453324789826017 -0.8848844000414144 
v -0.21610348244921065 -0.235891269625228 -0.9474463540422337 
v -0.19818907764348367 -0.1735023041031138 -0.9646854616784353 
v -0.2807326251652559 -0.22451702202356158 -0.9331566320771104 
v -0.2325343141685063 -0.2979725191545048 -0.9258186488524092 
v -0.14998743772010503 -0.24695574384425423 -0.9573487499905604 
v -0.21610348244921065 -0.235891269625228 -0.9474463540422337 
v -0.5112051196418625 0.23344536385590672 -0.8271472588034928 
v -0.5404292921764098 0.2832332711545056 -0.792284730553873 
v -0.5506105716812374 0.20704639671758127 -0.8086778023163037 
v -0.5241104585543576 0.0784590957278454 -0.8480285358002464 
v -0.5577003586019298 0.12928712380139643 -0.8199116718491336 
v -0.5614652503305123 0.05101471792044779 -0.8259263110149673 
v -0.588900234552714 0.1798181225225098 -0.7879479402576278 
v -0.6170054102696229 0.22954258494590943 -0.7527380190971917 
v -0.6252202092801453 0.15212880908837387 -0.7654779652955692 
v -0.5577003586019298 0.12928712380139643 -0.8199116718491336 
v -0.5506105716812374 0.20704639671758127 -0.8086778023163037 
v -0.588900234552714 0.1798181225225098 -0.7879479402576278 
v -0.5241104585543576 -0.0784590957278454 -0.8480285358002464 
v -0.5614652503305123 -0.05101471792044779 -0.8259263110149673 
v -0.5577003586019298 -0.12928712380139643 -0.8199116718491336 
v -0.5112051196418625 -0.23344536385590672 -0.8271472588034928 
v -0.5506105716812374 -0.20704639671758127 -0.8086778023163037 
v -0.5404292921764098 -0.2832332711545056 -0.792284730553873 
v -0.588900234552714 -0.1798181225225098 -0.7879479402576278 
v -0.6252202092801453 -0.15212880908837387 -0.7654779652955692 
v -0.6170054102696229 -0.22954258494590943 -0.7527380190971917 
v -0.5506105716812374 -0.20704639671758127 -0.8086778023163037 
v -0.5577003586019298 -0.12928712380139643 -0.8199116718491336 
v -0.588900234552714 -0.1798181225225098 -0.7879479402576278 
v -0.663229821988394 0.10140984792806368 -0.7415134833355698 
v -0.6962573424396398 0.1656923654583501 -0.6984065815323527 
v -0.7041420247412189 0.06468736687582514 -0.7071064655057321 
v -0.663229821988394 -0.10140984792806368 -0.7415134833355698 
v -0.7041420247412189 -0.06468736687582514 -0.7071064655057321 
v -0.6962573424396398 -0.1656923654583501 -0.6984065815323527 
v -0.7428508083229075 0.0 -0.6694570012883597 
v -0.7833129030120582 0.08165885632250931 -0.616240802900069 
v -0.7833129030120582 -0.08165885632250931 -0.616240802900069 
v -0.7041420247412189 -0.06468736687582514 -0.7071064655057321 
v -0.7041420247412189 0.06468736687582514 -0.7071064655057321 
v -0.7428508083229075 0.0 -0.6694570012883597 
v -0.5614652503305123 -0.05101471792044779 -0.8259263110149673 
v -0.5614652503305123 0.05101471792044779 -0.8259263110149673 
v -0.5977835743521923 0.0 -0.8016575317644793 
v -0.6252202092801453 -0.15212880908837387 -0.7654779652955692 
v -0.632117101425519 -0.051016775310250624 -0.77319160543965 
v -0.663229821988394 -0.10140984792806368 -0.7415134833355698 
v -0.632117101425519 0.051016775310250624 -0.77319160543965 
v -0.6252202092801453 0.15212880908837387 -0.7654779652955692 
v -0.663229821988394 0.10140984792806368 -0.7415134833355698 
v -0.632117101425519 -0.051016775310250624 -0.77319160543965 
v -0.5977835743521923 0.0 -0.8016575317644793 
v -0.632117101425519 0.051016775310250624 -0.77319160543965 
v -0.06674129320346119 -0.04124838765286171 -0.996917333733128 
v -0.06674129320346119 0.04124838765286171 -0.996917333733128 
v -0.13352343475528722 0.0 -0.9910456560477678 
v -0.19858048747006143 -0.1227294907590216 -0.9723699203976767 
v -0.20036778205522218 -0.04125090967005882 -0.9788519368963131 
v -0.265518440684652 -0.08150105727540298 -0.9606547430369469 
v -0.20036778205522218 0.04125090967005882 -0.9788519368963131 
v -0.19858048747006143 0.1227294907590216 -0.9723699203976767 
v -0.265518440684652 0.08150105727540298 -0.9606547430369469 
v -0.20036778205522218 -0.04125090967005882 -0.9788519368963131 
v -0.13352343475528722 0.0 -0.9910456560477678 
v -0.20036778205522218 0.04125090967005882 -0.9788519368963131 
v -0.3255299710842958 -0.20118858648686697 -0.9238795325112868 
v -0.3323419206316517 -0.12280023912919609 -0.93513044494374 
v -0.39413623171137263 -0.16100639750493362 -0.9048389750750364 
v -0.44446382643840127 -0.2746937515087684 -0.8526401643540924 
v -0.4542618175371843 -0.19822722205588805 -0.8685344953217573 
v -0.5112051196418625 -0.23344536385590672 -0.8271472588034928 
v -0.460881605624379 -0.11975548783487482 -0.8793445108320888 
v -0.46421340142230466 -0.04129918185379311 -0.8847600214284896 
v -0.5241104585543576 -0.0784590957278454 -0.8480285358002464 
v -0.4542618175371843 -0.19822722205588805 -0.8685344953217573 
v -0.39413623171137263 -0.16100639750493362 -0.9048389750750364 
v -0.460881605624379 -0.11975548783487482 -0.8793445108320888 
v -0.3323419206316517 0.12280023912919609 -0.93513044494374 
v -0.3255299710842958 0.20118858648686697 -0.9238795325112868 
v -0.39413623171137263 0.16100639750493362 -0.9048389750750364 
v -0.46421340142230466 0.04129918185379311 -0.8847600214284896 
v -0.460881605624379 0.11975548783487482 -0.8793445108320888 
v -0.5241104585543576 0.0784590957278454 -0.8480285358002464 
v -0.4542618175371843 0.19822722205588805 -0.8685344953217573 
v -0.44446382643840127 0.2746937515087684 -0.8526401643540924 
v -0.5112051196418625 0.23344536385590672 -0.8271472588034928 
v -0.460881605624379 0.11975548783487482 -0.8793445108320888 
v -0.39413623171137263 0.16100639750493362 -0.9048389750750364 
v -0.4542618175371843 0.19822722205588805 -0.8685344953217573 
v -0.3323419206316517 -0.12280023912919609 -0.93513044494374 
v -0.265518440684652 -0.08150105727540298 -0.9606547430369469 
v -0.3341400636437266 -0.041301983266975546 -0.9416180563510774 
v -0.46421340142230466 -0.04129918185379311 -0.8847600214284896 
v -0.40096807637247195 0.0 -0.9160920268893074 
v -0.46421340142230466 0.04129918185379311 -0.8847600214284896 
v -0.3341400636437266 0.041301983266975546 -0.9416180563510774 
v -0.265518440684652 0.08150105727540298 -0.9606547430369469 
v -0.3323419206316517 0.12280023912919609 -0.93513044494374 
v -0.40096807637247195 0.0 -0.9160920268893074 
v -0.3341400636437266 -0.041301983266975546 -0.9416180563510774 
v -0.3341400636437266 0.041301983266975546 -0.9416180563510774 
v -0.08165885632250933 -0.616240802900069 0.7833129030120582 
v 0.08165885632250933 -0.616240802900069 0.7833129030120582 
v 0.0 -0.6694570012883597 0.7428508083229075 
v -0.16569236545835012 -0.6984065815323527 0.6962573424396398 
v -0.06468736687582514 -0.7071064655057321 0.7041420247412189 
v -0.10140984792806368 -0.7415134833355698 0.663229821988394 
v 0.06468736687582514 -0.7071064655057321 0.7041420247412189 
v 0.16569236545835012 -0.6984065815323527 0.6962573424396398 
v 0.10140984792806368 -0.7415134833355698 0.663229821988394 
v -0.06468736687582514 -0.7071064655057321 0.7041420247412189 
v 0.0 -0.6694570012883597 0.7428508083229075 
v 0.06468736687582514 -0.7071064655057321 0.7041420247412189 
v -0.22954258494590948 -0.7527380190971918 0.617005410269623 
v -0.15212880908837384 -0.7654779652955691 0.6252202092801452 
v -0.17981812252250978 -0.7879479402576277 0.588900234552714 
v -0.28323327115450564 -0.7922847305538729 0.5404292921764098 
v -0.20704639671758127 -0.8086778023163038 0.5506105716812373 
v -0.23344536385590672 -0.8271472588034929 0.5112051196418625 
v -0.1292871238013964 -0.8199116718491335 0.5577003586019298 
v -0.05101471792044778 -0.8259263110149673 0.5614652503305123 
v -0.0784590957278454 -0.8480285358002464 0.5241104585543576 
v -0.20704639671758127 -0.8086778023163038 0.5506105716812373 
v -0.17981812252250978 -0.7879479402576277 0.588900234552714 
v -0.1292871238013964 -0.8199116718491335 0.5577003586019298 
v 0.15212880908837384 -0.7654779652955691 0.6252202092801452 
v 0.22954258494590948 -0.7527380190971918 0.617005410269623 
v 0.17981812252250978 -0.7879479402576277 0.588900234552714 
v 0.05101471792044778 -0.8259263110149673 0.5614652503305123 
v 0.1292871238013964 -0.8199116718491335 0.5577003586019298 
v 0.0784590957278454 -0.8480285358002464 0.5241104585543576 
v 0.20704639671758127 -0.8086778023163038 0.5506105716812373 
v 0.28323327115450564 -0.7922847305538729 0.5404292921764098 
v 0.23344536385590672 -0.8271472588034929 0.5112051196418625 
v 0.1292871238013964 -0.8199116718491335 0.5577003586019298 
v 0.17981812252250978 -0.7879479402576277 0.588900234552714 
v 0.20704639671758127 -0.8086778023163038 0.5506105716812373 
v -0.15212880908837384 -0.7654779652955691 0.6252202092801452 
v -0.10140984792806368 -0.7415134833355698 0.663229821988394 
v -0.05101677531025062 -0.77319160543965 0.6321171014255191 
v -0.05101471792044778 -0.8259263110149673 0.5614652503305123 
v 0.0 -0.8016575317644792 0.5977835743521923 
v 0.05101471792044778 -0.8259263110149673 0.5614652503305123 
v 0.05101677531025062 -0.77319160543965 0.6321171014255191 
v 0.10140984792806368 -0.7415134833355698 0.663229821988394 
v 0.15212880908837384 -0.7654779652955691 0.6252202092801452 
v 0.0 -0.8016575317644792 0.5977835743521923 
v -0.05101677531025062 -0.77319160543965 0.6321171014255191 
v 0.05101677531025062 -0.77319160543965 0.6321171014255191 
v -0.3340036710810716 -0.8236625633309153 0.4582810594728014 
v -0.2746937515087684 -0.8526401643540924 0.44446382643840127 
v -0.2990813242418972 -0.8655585156784632 0.40169493079476204 
v -0.38133031478920354 -0.8465479952155323 0.3714077043079883 
v -0.3228500547834532 -0.8763465358714617 0.35746970667793687 
v -0.3453324789826017 -0.8848844000414144 0.3126101046400723 
v -0.26246598929090675 -0.9022207373048001 0.34221242765675314 
v -0.20118858648686697 -0.9238795325112868 0.3255299710842958 
v -0.22451702202356158 -0.9331566320771104 0.2807326251652559 
v -0.3228500547834532 -0.8763465358714617 0.35746970667793687 
v -0.2990813242418972 -0.8655585156784632 0.40169493079476204 
v -0.26246598929090675 -0.9022207373048001 0.34221242765675314 
v -0.4303107025443756 -0.8619497078979897 0.26809587898797727 
v -0.3581288532200619 -0.9001745541640858 0.2478497458678801 
v -0.38349863323347355 -0.904142664111151 0.18829455977815207 
v -0.4841139978878059 -0.8649717593345675 0.1321268050122632 
v -0.3941053378170091 -0.9130274952070262 0.10517497658723292 
v -0.40245514156529666 -0.9154397080243225 0.0 
v -0.3188112663576485 -0.944121655483145 0.08362820153033376 
v -0.25671900529199826 -0.9628492869775871 0.08376516512631635 
v -0.26461833708602567 -0.964353221427619 0.0 
v -0.3941053378170091 -0.9130274952070262 0.10517497658723292 
v -0.38349863323347355 -0.904142664111151 0.18829455977815207 
v -0.3188112663576485 -0.944121655483145 0.08362820153033376 
v -0.1735023041031138 -0.9646854616784353 0.19818907764348365 
v -0.1227294907590216 -0.9723699203976767 0.19858048747006143 
v -0.13317886548951036 -0.9821245741217781 0.13302146703838003 
v -0.19320366989422796 -0.9789051747260731 0.0664605208670415 
v -0.14303193226094346 -0.9874802473835653 0.0665178726433254 
v -0.15178772984329422 -0.9884131145776139 0.0 
v -0.09203492752431597 -0.9935202260981224 0.06668682365752374 
v -0.04124838765286171 -0.996917333733128 0.06674129320346119 
v -0.05077039992656606 -0.998710351649214 0.0 
v -0.14303193226094346 -0.9874802473835653 0.0665178726433254 
v -0.13317886548951036 -0.9821245741217781 0.13302146703838003 
v -0.09203492752431597 -0.9935202260981224 0.06668682365752374 
v -0.3581288532200619 -0.9001745541640858 0.2478497458678801 
v -0.3453324789826017 -0.8848844000414144 0.3126101046400723 
v -0.2979725191545048 -0.9258186488524093 0.23253431416850634 
v -0.25671900529199826 -0.9628492869775871 0.08376516512631635 
v -0.24695574384425423 -0.9573487499905604 0.14998743772010503 
v -0.19320366989422796 -0.9789051747260731 0.0664605208670415 
v -0.23589126962522802 -0.9474463540422338 0.21610348244921068 
v -0.22451702202356158 -0.9331566320771104 0.2807326251652559 
v -0.1735023041031138 -0.9646854616784353 0.19818907764348365 
v -0.24695574384425423 -0.9573487499905604 0.14998743772010503 
v -0.2979725191545048 -0.9258186488524093 0.23253431416850634 
v -0.23589126962522802 -0.9474463540422338 0.21610348244921068 
v 0.2746937515087684 -0.8526401643540924 0.44446382643840127 
v 0.3340036710810716 -0.8236625633309153 0.4582810594728014 
v 0.2990813242418972 -0.8655585156784632 0.40169493079476204 
v 0.20118858648686697 -0.9238795325112868 0.3255299710842958 
v 0.26246598929090675 -0.9022207373048001 0.34221242765675314 
v 0.22451702202356158 -0.9331566320771104 0.2807326251652559 
v 0.3228500547834532 -0.8763465358714617 0.35746970667793687 
v 0.38133031478920354 -0.8465479952155323 0.3714077043079883 
v 0.3453324789826017 -0.8848844000414144 0.3126101046400723 
v 0.26246598929090675 -0.9022207373048001 0.34221242765675314 
v 0.2990813242418972 -0.8655585156784632 0.40169493079476204 
v 0.3228500547834532 -0.8763465358714617 0.35746970667793687 
v 0.1227294907590216 -0.9723699203976767 0.19858048747006143 
v 0.1735023041031138 -0.9646854616784353 0.19818907764348365 
v 0.13317886548951036 -0.9821245741217781 0.13302146703838003 
v 0.04124838765286171 -0.996917333733128 0.06674129320346119 
v 0.09203492752431597 -0.9935202260981224 0.06668682365752374 
v 0.05077039992656606 -0.998710351649214 0.0 
v 0.14303193226094346 -0.9874802473835653 0.0665178726433254 
v 0.19320366989422796 -0.9789051747260731 0.0664605208670415 
v 0.15178772984329422 -0.9884131145776139 0.0 
v 0.09203492752431597 -0.9935202260981224 0.06668682365752374 
v 0.13317886548951036 -0.9821245741217781 0.13302146703838003 
v 0.14303193226094346 -0.9874802473835653 0.0665178726433254 
v 0.3581288532200619 -0.9001745541640858 0.2478497458678801 
v 0.4303107025443756 -0.8619497078979897 0.26809587898797727 
v 0.38349863323347355 -0.904142664111151 0.18829455977815207 
v 0.25671900529199826 -0.9628492869775871 0.08376516512631635 
v 0.3188112663576485 -0.944121655483145 0.08362820153033376 
v 0.26461833708602567 -0.964353221427619 0.0 
v 0.3941053378170091 -0.9130274952070262 0.10517497658723292 
v 0.4841139978878059 -0.8649717593345675 0.1321268050122632 
v 0.40245514156529666 -0.9154397080243225 0.0 
v 0.3188112663576485 -0.944121655483145 0.08362820153033376 
v 0.38349863323347355 -0.904142664111151 0.18829455977815207 
v 0.3941053378170091 -0.9130274952070262 0.10517497658723292 
v 0.1735023041031138 -0.9646854616784353 0.19818907764348365 
v 0.22451702202356158 -0.9331566320771104 0.2807326251652559 
v 0.23589126962522802 -0.9474463540422338 0.21610348244921068 
v 0.19320366989422796 -0.9789051747260731 0.0664605208670415 
v 0.24695574384425423 -0.9573487499905604 0.14998743772010503 
v 0.25671900529199826 -0.9628492869775871 0.08376516512631635 
v 0.2979725191545048 -0.9258186488524093 0.23253431416850634 
v 0.3453324789826017 -0.8848844000414144 0.3126101046400723 
v 0.3581288532200619 -0.9001745541640858 0.2478497458678801 
v 0.24695574384425423 -0.9573487499905604 0.14998743772010503 
v 0.23589126962522802 -0.9474463540422338 0.21610348244921068 
v 0.2979725191545048 -0.9258186488524093 0.23253431416850634 
v -0.2746937515087684 -0.8526401643540924 0.44446382643840127 
v -0.23344536385590672 -0.8271472588034929 0.5112051196418625 
v -0.19822722205588805 -0.8685344953217573 0.4542618175371842 
v -0.20118858648686697 -0.9238795325112868 0.3255299710842958 
v -0.16100639750493362 -0.9048389750750364 0.39413623171137263 
v -0.1228002391291961 -0.9351304449437401 0.3323419206316517 
v -0.11975548783487482 -0.8793445108320886 0.4608816056243791 
v -0.0784590957278454 -0.8480285358002464 0.5241104585543576 
v -0.04129918185379311 -0.8847600214284896 0.46421340142230466 
v -0.16100639750493362 -0.9048389750750364 0.39413623171137263 
v -0.19822722205588805 -0.8685344953217573 0.4542618175371842 
v -0.11975548783487482 -0.8793445108320886 0.4608816056243791 
v -0.1227294907590216 -0.9723699203976767 0.19858048747006143 
v -0.08150105727540298 -0.9606547430369469 0.265518440684652 
v -0.04125090967005882 -0.9788519368963131 0.20036778205522218 
v -0.04124838765286171 -0.996917333733128 0.06674129320346119 
v 0.0 -0.9910456560477678 0.13352343475528722 
v 0.04124838765286171 -0.996917333733128 0.06674129320346119 
v 0.04125090967005882 -0.9788519368963131 0.20036778205522218 
v 0.08150105727540298 -0.9606547430369469 0.265518440684652 
v 0.1227294907590216 -0.9723699203976767 0.19858048747006143 
v 0.0 -0.9910456560477678 0.13352343475528722 
v -0.04125090967005882 -0.9788519368963131 0.20036778205522218 
v 0.04125090967005882 -0.9788519368963131 0.20036778205522218 
v 0.04129918185379311 -0.8847600214284896 0.46421340142230466 
v 0.0784590957278454 -0.8480285358002464 0.5241104585543576 
v 0.11975548783487482 -0.8793445108320886 0.4608816056243791 
v 0.1228002391291961 -0.9351304449437401 0.3323419206316517 
v 0.16100639750493362 -0.9048389750750364 0.39413623171137263 
v 0.20118858648686697 -0.9238795325112868 0.3255299710842958 
v 0.19822722205588805 -0.8685344953217573 0.4542618175371842 
v 0.23344536385590672 -0.8271472588034929 0.5112051196418625 
v 0.2746937515087684 -0.8526401643540924 0.44446382643840127 
v 0.16100639750493362 -0.9048389750750364 0.39413623171137263 
v 0.11975548783487482 -0.8793445108320886 0.4608816056243791 
v 0.19822722205588805 -0.8685344953217573 0.4542618175371842 
v -0.08150105727540298 -0.9606547430369469 0.265518440684652 
v -0.1228002391291961 -0.9351304449437401 0.3323419206316517 
v -0.041301983266975546 -0.9416180563510774 0.3341400636437266 
v 0.08150105727540298 -0.9606547430369469 0.265518440684652 
v 0.041301983266975546 -0.9416180563510774 0.3341400636437266 
v 0.1228002391291961 -0.9351304449437401 0.3323419206316517 
v 0.0 -0.9160920268893074 0.40096807637247195 
v -0.04129918185379311 -0.8847600214284896 0.46421340142230466 
v 0.04129918185379311 -0.8847600214284896 0.46421340142230466 
v 0.041301983266975546 -0.9416180563510774 0.3341400636437266 
v -0.041301983266975546 -0.9416180563510774 0.3341400636437266 
v 0.0 -0.9160920268893074 0.40096807637247195 
v 0.08165885632250933 -0.616240802900069 -0.7833129030120582 
v -0.08165885632250933 -0.616240802900069 -0.7833129030120582 
v 0.0 -0.6694570012883597 -0.7428508083229075 
v 0.16569236545835012 -0.6984065815323527 -0.6962573424396398 
v 0.06468736687582514 -0.7071064655057321 -0.7041420247412189 
v 0.10140984792806368 -0.7415134833355698 -0.663229821988394 
v -0.06468736687582514 -0.7071064655057321 -0.7041420247412189 
v -0.16569236545835012 -0.6984065815323527 -0.6962573424396398 
v -0.10140984792806368 -0.7415134833355698 -0.663229821988394 
v 0.06468736687582514 -0.7071064655057321 -0.7041420247412189 
v 0.0 -0.6694570012883597 -0.7428508083229075 
v -0.06468736687582514 -0.7071064655057321 -0.7041420247412189 
v 0.22954258494590948 -0.7527380190971918 -0.617005410269623 
v 0.15212880908837384 -0.7654779652955691 -0.6252202092801452 
v 0.17981812252250978 -0.7879479402576277 -0.588900234552714 
v 0.28323327115450564 -0.7922847305538729 -0.5404292921764098 
v 0.20704639671758127 -0.8086778023163038 -0.5506105716812373 
v 0.23344536385590672 -0.8271472588034929 -0.5112051196418625 
v 0.1292871238013964 -0.8199116718491335 -0.5577003586019298 
v 0.05101471792044778 -0.8259263110149673 -0.5614652503305123 
v 0.0784590957278454 -0.8480285358002464 -0.5241104585543576 
v 0.20704639671758127 -0.8086778023163038 -0.5506105716812373 
v 0.17981812252250978 -0.7879479402576277 -0.588900234552714 
v 0.1292871238013964 -0.8199116718491335 -0.5577003586019298 
v -0.15212880908837384 -0.7654779652955691 -0.6252202092801452 
v -0.22954258494590948 -0.7527380190971918 -0.617005410269623 
v -0.17981812252250978 -0.7879479402576277 -0.588900234552714 
v -0.05101471792044778 -0.8259263110149673 -0.5614652503305123 
v -0.1292871238013964 -0.8199116718491335 -0.5577003586019298 
v -0.0784590957278454 -0.8480285358002464 -0.5241104585543576 
v -0.20704639671758127 -0.8086778023163038 -0.5506105716812373 
v -0.28323327115450564 -0.7922847305538729 -0.5404292921764098 
v -0.23344536385590672 -0.8271472588034929 -0.5112051196418625 
v -0.1292871238013964 -0.8199116718491335 -0.5577003586019298 
v -0.17981812252250978 -0.7879479402576277 -0.588900234552714 
v -0.20704639671758127 -0.8086778023163038 -0.5506105716812373 
v 0.15212880908837384 -0.7654779652955691 -0.6252202092801452 
v 0.10140984792806368 -0.7415134833355698 -0.663229821988394 
v 0.05101677531025062 -0.77319160543965 -0.6321171014255191 
v 0.05101471792044778 -0.8259263110149673 -0.5614652503305123 
v 0.0 -0.8016575317644792 -0.5977835743521923 
v -0.05101471792044778 -0.8259263110149673 -0.5614652503305123 
v -0.05101677531025062 -0.77319160543965 -0.6321171014255191 
v -0.10140984792806368 -0.7415134833355698 -0.663229821988394 
v -0.15212880908837384 -0.7654779652955691 -0.6252202092801452 
v 0.0 -0.8016575317644792 -0.5977835743521923 
v 0.05101677531025062 -0.77319160543965 -0.6321171014255191 
v -0.05101677531025062 -0.77319160543965 -0.6321171014255191 
v 0.3340036710810716 -0.8236625633309153 -0.4582810594728014 
v 0.2746937515087684 -0.8526401643540924 -0.44446382643840127 
v 0.2990813242418972 -0.8655585156784632 -0.40169493079476204 
v 0.38133031478920354 -0.8465479952155323 -0.3714077043079883 
v 0.3228500547834532 -0.8763465358714617 -0.35746970667793687 
v 0.3453324789826017 -0.8848844000414144 -0.3126101046400723 
v 0.26246598929090675 -0.9022207373048001 -0.34221242765675314 
v 0.20118858648686697 -0.9238795325112868 -0.3255299710842958 
v 0.22451702202356158 -0.9331566320771104 -0.2807326251652559 
v 0.3228500547834532 -0.8763465358714617 -0.35746970667793687 
v 0.2990813242418972 -0.8655585156784632 -0.40169493079476204 
v 0.26246598929090675 -0.9022207373048001 -0.34221242765675314 
v 0.4303107025443756 -0.8619497078979897 -0.26809587898797727 
v 0.3581288532200619 -0.9001745541640858 -0.2478497458678801 
v 0.38349863323347355 -0.904142664111151 -0.18829455977815207 
v 0.4841139978878059 -0.8649717593345675 -0.1321268050122632 
v 0.3941053378170091 -0.9130274952070262 -0.10517497658723292 
v 0.40245514156529666 -0.9154397080243225 0.0 
v 0.3188112663576485 -0.944121655483145 -0.08362820153033376 
v 0.25671900529199826 -0.9628492869775871 -0.08376516512631635 
v 0.26461833708602567 -0.964353221427619 0.0 
v 0.3941053378170091 -0.9130274952070262 -0.10517497658723292 
v 0.38349863323347355 -0.904142664111151 -0.18829455977815207 
v 0.3188112663576485 -0.944121655483145 -0.08362820153033376 
v 0.1735023041031138 -0.9646854616784353 -0.19818907764348365 
v 0.1227294907590216 -0.9723699203976767 -0.19858048747006143 
v 0.13317886548951036 -0.9821245741217781 -0.13302146703838003 
v 0.19320366989422796 -0.9789051747260731 -0.0664605208670415 
v 0.14303193226094346 -0.9874802473835653 -0.0665178726433254 
v 0.15178772984329422 -0.9884131145776139 0.0 
v 0.09203492752431597 -0.9935202260981224 -0.06668682365752374 
v 0.04124838765286171 -0.996917333733128 -0.06674129320346119 
v 0.05077039992656606 -0.998710351649214 0.0 
v 0.14303193226094346 -0.9874802473835653 -0.0665178726433254 
v 0.13317886548951036 -0.9821245741217781 -0.13302146703838003 
v 0.09203492752431597 -0.9935202260981224 -0.06668682365752374 
v 0.3581288532200619 -0.9001745541640858 -0.2478497458678801 
v 0.3453324789826017 -0.8848844000414144 -0.3126101046400723 
v 0.2979725191545048 -0.9258186488524093 -0.23253431416850634 
v 0.25671900529199826 -0.9628492869775871 -0.08376516512631635 
v 0.24695574384425423 -0.9573487499905604 -0.14998743772010503 
v 0.19320366989422796 -0.9789051747260731 -0.0664605208670415 
v 0.23589126962522802 -0.9474463540422338 -0.21610348244921068 
v 0.22451702202356158 -0.9331566320771104 -0.2807326251652559 
v 0.1735023041031138 -0.9646854616784353 -0.19818907764348365 
v 0.24695574384425423 -0.9573487499905604 -0.14998743772010503 
v 0.2979725191545048 -0.9258186488524093 -0.23253431416850634 
v 0.23589126962522802 -0.9474463540422338 -0.21610348244921068 
v -0.2746937515087684 -0.8526401643540924 -0.44446382643840127 
v -0.3340036710810716 -0.8236625633309153 -0.4582810594728014 
v -0.2990813242418972 -0.8655585156784632 -0.40169493079476204 
v -0.20118858648686697 -0.9238795325112868 -0.3255299710842958 
v -0.26246598929090675 -0.9022207373048001 -0.34221242765675314 
v -0.22451702202356158 -0.9331566320771104 -0.2807326251652559 
v -0.3228500547834532 -0.8763465358714617 -0.35746970667793687 
v -0.38133031478920354 -0.8465479952155323 -0.3714077043079883 
v -0.3453324789826017 -0.8848844000414144 -0.3126101046400723 
v -0.26246598929090675 -0.9022207373048001 -0.34221242765675314 
v -0.2990813242418972 -0.8655585156784632 -0.40169493079476204 
v -0.3228500547834532 -0.8763465358714617 -0.35746970667793687 
v -0.1227294907590216 -0.9723699203976767 -0.19858048747006143 
v -0.1735023041031138 -0.9646854616784353 -0.19818907764348365 
v -0.13317886548951036 -0.9821245741217781 -0.13302146703838003 
v -0.04124838765286171 -0.996917333733128 -0.06674129320346119 
v -0.09203492752431597 -0.9935202260981224 -0.06668682365752374 
v -0.05077039992656606 -0.998710351649214 0.0 
v -0.14303193226094346 -0.9874802473835653 -0.0665178726433254 
v -0.19320366989422796 -0.9789051747260731 -0.0664605208670415 
v -0.15178772984329422 -0.9884131145776139 0.0 
v -0.09203492752431597 -0.9935202260981224 -0.06668682365752374 
v -0.13317886548951036 -0.9821245741217781 -0.13302146703838003 
v -0.14303193226094346 -0.9874802473835653 -0.0665178726433254 
v -0.3581288532200619 -0.9001745541640858 -0.2478497458678801 
v -0.4303107025443756 -0.8619497078979897 -0.26809587898797727 
v -0.38349863323347355 -0.904142664111151 -0.18829455977815207 
v -0.25671900529199826 -0.9628492869775871 -0.08376516512631635 
v -0.3188112663576485 -0.944121655483145 -0.08362820153033376 
v -0.26461833708602567 -0.964353221427619 0.0 
v -0.3941053378170091 -0.9130274952070262 -0.10517497658723292 
v -0.4841139978878059 -0.8649717593345675 -0.1321268050122632 
v -0.40245514156529666 -0.9154397080243225 0.0 
v -0.3188112663576485 -0.944121655483145 -0.08362820153033376 
v -0.38349863323347355 -0.904142664111151 -0.18829455977815207 
v -0.3941053378170091 -0.9130274952070262 -0.10517497658723292 
v -0.1735023041031138 -0.9646854616784353 -0.19818907764348365 
v -0.22451702202356158 -0.9331566320771104 -0.2807326251652559 
v -0.23589126962522802 -0.9474463540422338 -0.21610348244921068 
v -0.19320366989422796 -0.9789051747260731 -0.0664605208670415 
v -0.24695574384425423 -0.9573487499905604 -0.14998743772010503 
v -0.25671900529199826 -0.9628492869775871 -0.08376516512631635 
v -0.2979725191545048 -0.9258186488524093 -0.23253431416850634 
v -0.3453324789826017 -0.8848844000414144 -0.3126101046400723 
v -0.3581288532200619 -0.9001745541640858 -0.2478497458678801 
v -0.24695574384425423 -0.9573487499905604 -0.14998743772010503 
v -0.23589126962522802 -0.9474463540422338 -0.21610348244921068 
v -0.2979725191545048 -0.9258186488524093 -0.23253431416850634 
v 0.2746937515087684 -0.8526401643540924 -0.44446382643840127 
v 0.23344536385590672 -0.8271472588034929 -0.5112051196418625 
v 0.19822722205588805 -0.8685344953217573 -0.4542618175371842 
v 0.20118858648686697 -0.9238795325112868 -0.3255299710842958 
v 0.16100639750493362 -0.9048389750750364 -0.39413623171137263 
v 0.1228002391291961 -0.9351304449437401 -0.3323419206316517 
v 0.11975548783487482 -0.8793445108320886 -0.4608816056243791 
v 0.0784590957278454 -0.8480285358002464 -0.5241104585543576 
v 0.04129918185379311 -0.8847600214284896 -0.46421340142230466 
v 0.16100639750493362 -0.9048389750750364 -0.39413623171137263 
v 0.19822722205588805 -0.8685344953217573 -0.4542618175371842 
v 0.11975548783487482 -0.8793445108320886 -0.4608816056243791 
v 0.1227294907590216 -0.9723699203976767 -0.19858048747006143 
v 0.08150105727540298 -0.9606547430369469 -0.265518440684652 
v 0.04125090967005882 -0.9788519368963131 -0.20036778205522218 
v 0.04124838765286171 -0.996917333733128 -0.06674129320346119 
v 0.0 -0.9910456560477678 -0.13352343475528722 
v -0.04124838765286171 -0.996917333733128 -0.06674129320346119 
v -0.04125090967005882 -0.9788519368963131 -0.20036778205522218 
v -0.08150105727540298 -0.9606547430369469 -0.265518440684652 
v -0.1227294907590216 -0.9723699203976767 -0.19858048747006143 
v 0.0 -0.9910456560477678 -0.13352343475528722 
v 0.04125090967005882 -0.9788519368963131 -0.20036778205522218 
v -0.04125090967005882 -0.9788519368963131 -0.20036778205522218 
v -0.04129918185379311 -0.8847600214284896 -0.46421340142230466 
v -0.0784590957278454 -0.8480285358002464 -0.5241104585543576 
v -0.11975548783487482 -0.8793445108320886 -0.4608816056243791 
v -0.1228002391291961 -0.9351304449437401 -0.3323419206316517 
v -0.16100639750493362 -0.9048389750750364 -0.39413623171137263 
v -0.20118858648686697 -0.9238795325112868 -0.3255299710842958 
v -0.19822722205588805 -0.8685344953217573 -0.4542618175371842 
v -0.23344536385590672 -0.8271472588034929 -0.5112051196418625 
v -0.2746937515087684 -0.8526401643540924 -0.44446382643840127 
v -0.16100639750493362 -0.9048389750750364 -0.39413623171137263 
v -0.11975548783487482 -0.8793445108320886 -0.4608816056243791 
v -0.19822722205588805 -0.8685344953217573 -0.4542618175371842 
v 0.08150105727540298 -0.9606547430369469 -0.265518440684652 
v 0.1228002391291961 -0.9351304449437401 -0.3323419206316517 
v 0.041301983266975546 -0.9416180563510774 -0.3341400636437266 
v -0.08150105727540298 -0.9606547430369469 -0.265518440684652 
v -0.041301983266975546 -0.9416180563510774 -0.3341400636437266 
v -0.1228002391291961 -0.9351304449437401 -0.3323419206316517 
v 0.0 -0.9160920268893074 -0.40096807637247195 
v 0.04129918185379311 -0.8847600214284896 -0.46421340142230466 
v -0.04129918185379311 -0.8847600214284896 -0.46421340142230466 
v -0.041301983266975546 -0.9416180563510774 -0.3341400636437266 
v 0.041301983266975546 -0.9416180563510774 -0.3341400636437266 
v 0.0 -0.9160920268893074 -0.40096807637247195 
v -0.616240802900069 0.7833129030120582 -0.08165885632250933 
v -0.616240802900069 0.7833129030120582 0.08165885632250933 
v -0.6694570012883597 0.7428508083229075 0.0 
v -0.6984065815323527 0.6962573424396398 -0.16569236545835012 
v -0.7071064655057321 0.7041420247412189 -0.06468736687582514 
v -0.7415134833355698 0.663229821988394 -0.10140984792806368 
v -0.7071064655057321 0.7041420247412189 0.06468736687582514 
v -0.6984065815323527 0.6962573424396398 0.16569236545835012 
v -0.7415134833355698 0.663229821988394 0.10140984792806368 
v -0.7071064655057321 0.7041420247412189 -0.06468736687582514 
v -0.6694570012883597 0.7428508083229075 0.0 
v -0.7071064655057321 0.7041420247412189 0.06468736687582514 
v -0.7527380190971918 0.617005410269623 -0.22954258494590948 
v -0.7654779652955692 0.6252202092801453 -0.15212880908837387 
v -0.7879479402576277 0.588900234552714 -0.17981812252250978 
v -0.7922847305538729 0.5404292921764098 -0.28323327115450564 
v -0.8086778023163038 0.5506105716812374 -0.2070463967175813 
v -0.8271472588034928 0.5112051196418625 -0.23344536385590672 
v -0.8199116718491336 0.5577003586019298 -0.12928712380139643 
v -0.8259263110149673 0.5614652503305123 -0.05101471792044779 
v -0.8480285358002464 0.5241104585543576 -0.07845909572784542 
v -0.8086778023163038 0.5506105716812374 -0.2070463967175813 
v -0.7879479402576277 0.588900234552714 -0.17981812252250978 
v -0.8199116718491336 0.5577003586019298 -0.12928712380139643 
v -0.7654779652955692 0.6252202092801453 0.15212880908837387 
v -0.7527380190971918 0.617005410269623 0.22954258494590948 
v -0.7879479402576277 0.588900234552714 0.17981812252250978 
v -0.8259263110149673 0.5614652503305123 0.05101471792044779 
v -0.8199116718491336 0.5577003586019298 0.12928712380139643 
v -0.8480285358002464 0.5241104585543576 0.07845909572784542 
v -0.8086778023163038 0.5506105716812374 0.2070463967175813 
v -0.7922847305538729 0.5404292921764098 0.28323327115450564 
v -0.8271472588034928 0.5112051196418625 0.23344536385590672 
v -0.8199116718491336 0.5577003586019298 0.12928712380139643 
v -0.7879479402576277 0.588900234552714 0.17981812252250978 
v -0.8086778023163038 0.5506105716812374 0.2070463967175813 
v -0.7654779652955692 0.6252202092801453 -0.15212880908837387 
v -0.7415134833355698 0.663229821988394 -0.10140984792806368 
v -0.77319160543965 0.632117101425519 -0.051016775310250624 
v -0.8259263110149673 0.5614652503305123 -0.05101471792044779 
v -0.8016575317644793 0.5977835743521923 0.0 
v -0.8259263110149673 0.5614652503305123 0.05101471792044779 
v -0.77319160543965 0.632117101425519 0.051016775310250624 
v -0.7415134833355698 0.663229821988394 0.10140984792806368 
v -0.7654779652955692 0.6252202092801453 0.15212880908837387 
v -0.8016575317644793 0.5977835743521923 0.0 
v -0.77319160543965 0.632117101425519 -0.051016775310250624 
v -0.77319160543965 0.632117101425519 0.051016775310250624 
v -0.8236625633309153 0.4582810594728014 -0.3340036710810716 
v -0.8526401643540924 0.44446382643840127 -0.2746937515087684 
v -0.8655585156784632 0.40169493079476204 -0.2990813242418972 
v -0.8465479952155323 0.3714077043079883 -0.38133031478920354 
v -0.8763465358714616 0.3574697066779368 -0.3228500547834532 
v -0.8848844000414144 0.3126101046400723 -0.3453324789826017 
v -0.9022207373048001 0.34221242765675314 -0.26246598929090675 
v -0.9238795325112868 0.3255299710842958 -0.20118858648686697 
v -0.9331566320771104 0.2807326251652559 -0.22451702202356158 
v -0.8763465358714616 0.3574697066779368 -0.3228500547834532 
v -0.8655585156784632 0.40169493079476204 -0.2990813242418972 
v -0.9022207373048001 0.34221242765675314 -0.26246598929090675 
v -0.8619497078979897 0.26809587898797715 -0.43031070254437553 
v -0.9001745541640858 0.2478497458678801 -0.3581288532200619 
v -0.904142664111151 0.18829455977815207 -0.3834986332334736 
v -0.8649717593345674 0.1321268050122632 -0.4841139978878059 
v -0.9130274952070262 0.10517497658723292 -0.39410533781700907 
v -0.9154397080243225 0.0 -0.40245514156529666 
v -0.944121655483145 0.08362820153033376 -0.3188112663576485 
v -0.9628492869775871 0.08376516512631635 -0.25671900529199826 
v -0.964353221427619 0.0 -0.26461833708602567 
v -0.9130274952070262 0.10517497658723292 -0.39410533781700907 
v -0.904142664111151 0.18829455977815207 -0.3834986332334736 
v -0.944121655483145 0.08362820153033376 -0.3188112663576485 
v -0.9646854616784353 0.19818907764348367 -0.1735023041031138 
v -0.9723699203976767 0.19858048747006143 -0.1227294907590216 
v -0.9821245741217781 0.13302146703838003 -0.13317886548951036 
v -0.9789051747260731 0.0664605208670415 -0.19320366989422796 
v -0.9874802473835653 0.0665178726433254 -0.14303193226094346 
v -0.9884131145776139 0.0 -0.15178772984329422 
v -0.9935202260981224 0.06668682365752374 -0.09203492752431597 
v -0.996917333733128 0.06674129320346119 -0.04124838765286171 
v -0.998710351649214 0.0 -0.05077039992656606 
v -0.9874802473835653 0.0665178726433254 -0.14303193226094346 
v -0.9821245741217781 0.13302146703838003 -0.13317886548951036 
v -0.9935202260981224 0.06668682365752374 -0.09203492752431597 
v -0.9001745541640858 0.2478497458678801 -0.3581288532200619 
v -0.8848844000414144 0.3126101046400723 -0.3453324789826017 
v -0.9258186488524093 0.23253431416850634 -0.2979725191545048 
v -0.9628492869775871 0.08376516512631635 -0.25671900529199826 
v -0.9573487499905604 0.14998743772010503 -0.24695574384425423 
v -0.9789051747260731 0.0664605208670415 -0.19320366989422796 
v -0.9474463540422337 0.21610348244921065 -0.235891269625228 
v -0.9331566320771104 0.2807326251652559 -0.22451702202356158 
v -0.9646854616784353 0.19818907764348367 -0.1735023041031138 
v -0.9573487499905604 0.14998743772010503 -0.24695574384425423 
v -0.9258186488524093 0.23253431416850634 -0.2979725191545048 
v -0.9474463540422337 0.21610348244921065 -0.235891269625228 
v -0.8526401643540924 0.44446382643840127 0.2746937515087684 
v -0.8236625633309153 0.4582810594728014 0.3340036710810716 
v -0.8655585156784632 0.40169493079476204 0.2990813242418972 
v -0.9238795325112868 0.3255299710842958 0.20118858648686697 
v -0.9022207373048001 0.34221242765675314 0.26246598929090675 
v -0.9331566320771104 0.2807326251652559 0.22451702202356158 
v -0.8763465358714616 0.3574697066779368 0.3228500547834532 
v -0.8465479952155323 0.3714077043079883 0.38133031478920354 
v -0.8848844000414144 0.3126101046400723 0.3453324789826017 
v -0.9022207373048001 0.34221242765675314 0.26246598929090675 
v -0.8655585156784632 0.40169493079476204 0.2990813242418972 
v -0.8763465358714616 0.3574697066779368 0.3228500547834532 
v -0.9723699203976767 0.19858048747006143 0.1227294907590216 
v -0.9646854616784353 0.19818907764348367 0.1735023041031138 
v -0.9821245741217781 0.13302146703838003 0.13317886548951036 
v -0.996917333733128 0.06674129320346119 0.04124838765286171 
v -0.9935202260981224 0.06668682365752374 0.09203492752431597 
v -0.998710351649214 0.0 0.05077039992656606 
v -0.9874802473835653 0.0665178726433254 0.14303193226094346 
v -0.9789051747260731 0.0664605208670415 0.19320366989422796 
v -0.9884131145776139 0.0 0.15178772984329422 
v -0.9935202260981224 0.06668682365752374 0.09203492752431597 
v -0.9821245741217781 0.13302146703838003 0.13317886548951036 
v -0.9874802473835653 0.0665178726433254 0.14303193226094346 
v -0.9001745541640858 0.2478497458678801 0.3581288532200619 
v -0.8619497078979897 0.26809587898797715 0.43031070254437553 
v -0.904142664111151 0.18829455977815207 0.3834986332334736 
v -0.9628492869775871 0.08376516512631635 0.25671900529199826 
v -0.944121655483145 0.08362820153033376 0.3188112663576485 
v -0.964353221427619 0.0 0.26461833708602567 
v -0.9130274952070262 0.10517497658723292 0.39410533781700907 
v -0.8649717593345674 0.1321268050122632 0.4841139978878059 
v -0.9154397080243225 0.0 0.40245514156529666 
v -0.944121655483145 0.08362820153033376 0.3188112663576485 
v -0.904142664111151 0.18829455977815207 0.3834986332334736 
v -0.9130274952070262 0.10517497658723292 0.39410533781700907 
v -0.9646854616784353 0.19818907764348367 0.1735023041031138 
v -0.9331566320771104 0.2807326251652559 0.22451702202356158 
v -0.9474463540422337 0.21610348244921065 0.235891269625228 
v -0.9789051747260731 0.0664605208670415 0.19320366989422796 
v -0.9573487499905604 0.14998743772010503 0.24695574384425423 
v -0.9628492869775871 0.08376516512631635 0.25671900529199826 
v -0.9258186488524093 0.23253431416850634 0.2979725191545048 
v -0.8848844000414144 0.3126101046400723 0.3453324789826017 
v -0.9001745541640858 0.2478497458678801 0.3581288532200619 
v -0.9573487499905604 0.14998743772010503 0.24695574384425423 
v -0.9474463540422337 0.21610348244921065 0.235891269625228 
v -0.9258186488524093 0.23253431416850634 0.2979725191545048 
v -0.8526401643540924 0.44446382643840127 -0.2746937515087684 
v -0.8271472588034928 0.5112051196418625 -0.23344536385590672 
v -0.8685344953217573 0.4542618175371843 -0.19822722205588805 
v -0.9238795325112868 0.3255299710842958 -0.20118858648686697 
v -0.9048389750750364 0.39413623171137263 -0.16100639750493362 
v -0.93513044494374 0.3323419206316517 -0.12280023912919609 
v -0.8793445108320888 0.460881605624379 -0.11975548783487482 
v -0.8480285358002464 0.5241104585543576 -0.07845909572784542 
v -0.8847600214284896 0.46421340142230466 -0.04129918185379311 
v -0.9048389750750364 0.39413623171137263 -0.16100639750493362 
v -0.8685344953217573 0.4542618175371843 -0.19822722205588805 
v -0.8793445108320888 0.460881605624379 -0.11975548783487482 
v -0.9723699203976767 0.19858048747006143 -0.1227294907590216 
v -0.9606547430369469 0.265518440684652 -0.08150105727540298 
v -0.9788519368963131 0.20036778205522218 -0.04125090967005882 
v -0.996917333733128 0.06674129320346119 -0.04124838765286171 
v -0.9910456560477678 0.13352343475528722 0.0 
v -0.996917333733128 0.06674129320346119 0.04124838765286171 
v -0.9788519368963131 0.20036778205522218 0.04125090967005882 
v -0.9606547430369469 0.265518440684652 0.08150105727540298 
v -0.9723699203976767 0.19858048747006143 0.1227294907590216 
v -0.9910456560477678 0.13352343475528722 0.0 
v -0.9788519368963131 0.20036778205522218 -0.04125090967005882 
v -0.9788519368963131 0.20036778205522218 0.04125090967005882 
v -0.8847600214284896 0.46421340142230466 0.04129918185379311 
v -0.8480285358002464 0.5241104585543576 0.07845909572784542 
v -0.8793445108320888 0.460881605624379 0.11975548783487482 
v -0.93513044494374 0.3323419206316517 0.12280023912919609 
v -0.9048389750750364 0.39413623171137263 0.16100639750493362 
v -0.9238795325112868 0.3255299710842958 0.20118858648686697 
v -0.8685344953217573 0.4542618175371843 0.19822722205588805 
v -0.8271472588034928 0.5112051196418625 0.23344536385590672 
v -0.8526401643540924 0.44446382643840127 0.2746937515087684 
v -0.9048389750750364 0.39413623171137263 0.16100639750493362 
v -0.8793445108320888 0.460881605624379 0.11975548783487482 
v -0.8685344953217573 0.4542618175371843 0.19822722205588805 
v -0.9606547430369469 0.265518440684652 -0.08150105727540298 
v -0.93513044494374 0.3323419206316517 -0.12280023912919609 
v -0.9416180563510774 0.3341400636437266 -0.041301983266975546 
v -0.9606547430369469 0.265518440684652 0.08150105727540298 
v -0.9416180563510774 0.3341400636437266 0.041301983266975546 
v -0.93513044494374 0.3323419206316517 0.12280023912919609 
v -0.9160920268893074 0.40096807637247195 0.0 
v -0.8847600214284896 0.46421340142230466 -0.04129918185379311 
v -0.8847600214284896 0.46421340142230466 0.04129918185379311 
v -0.9416180563510774 0.3341400636437266 0.041301983266975546 
v -0.9416180563510774 0.3341400636437266 -0.041301983266975546 
v -0.9160920268893074 0.40096807637247195 0.0 
v -0.616240802900069 -0.7833129030120582 0.08165885632250933 
v -0.616240802900069 -0.7833129030120582 -0.08165885632250933 
v -0.6694570012883597 -0.7428508083229075 0.0 
v -0.6984065815323527 -0.6962573424396398 0.16569236545835012 
v -0.7071064655057321 -0.7041420247412189 0.06468736687582514 
v -0.7415134833355698 -0.663229821988394 0.10140984792806368 
v -0.7071064655057321 -0.7041420247412189 -0.06468736687582514 
v -0.6984065815323527 -0.6962573424396398 -0.16569236545835012 
v -0.7415134833355698 -0.663229821988394 -0.10140984792806368 
v -0.7071064655057321 -0.7041420247412189 0.06468736687582514 
v -0.6694570012883597 -0.7428508083229075 0.0 
v -0.7071064655057321 -0.7041420247412189 -0.06468736687582514 
v -0.7527380190971918 -0.617005410269623 0.22954258494590948 
v -0.7654779652955692 -0.6252202092801453 0.15212880908837387 
v -0.7879479402576277 -0.588900234552714 0.17981812252250978 
v -0.7922847305538729 -0.5404292921764098 0.28323327115450564 
v -0.8086778023163038 -0.5506105716812374 0.2070463967175813 
v -0.8271472588034928 -0.5112051196418625 0.23344536385590672 
v -0.8199116718491336 -0.5577003586019298 0.12928712380139643 
v -0.8259263110149673 -0.5614652503305123 0.05101471792044779 
v -0.8480285358002464 -0.5241104585543576 0.07845909572784542 
v -0.8086778023163038 -0.5506105716812374 0.2070463967175813 
v -0.7879479402576277 -0.588900234552714 0.17981812252250978 
v -0.8199116718491336 -0.5577003586019298 0.12928712380139643 
v -0.7654779652955692 -0.6252202092801453 -0.15212880908837387 
v -0.7527380190971918 -0.617005410269623 -0.22954258494590948 
v -0.7879479402576277 -0.588900234552714 -0.17981812252250978 
v -0.8259263110149673 -0.5614652503305123 -0.05101471792044779 
v -0.8199116718491336 -0.5577003586019298 -0.12928712380139643 
v -0.8480285358002464 -0.5241104585543576 -0.07845909572784542 
v -0.8086778023163038 -0.5506105716812374 -0.2070463967175813 
v -0.7922847305538729 -0.5404292921764098 -0.28323327115450564 
v -0.8271472588034928 -0.5112051196418625 -0.23344536385590672 
v -0.8199116718491336 -0.5577003586019298 -0.12928712380139643 
v -0.7879479402576277 -0.588900234552714 -0.17981812252250978 
v -0.8086778023163038 -0.5506105716812374 -0.2070463967175813 
v -0.7654779652955692 -0.6252202092801453 0.15212880908837387 
v -0.7415134833355698 -0.663229821988394 0.10140984792806368 
v -0.77319160543965 -0.632117101425519 0.051016775310250624 
v -0.8259263110149673 -0.5614652503305123 0.05101471792044779 
v -0.8016575317644793 -0.5977835743521923 0.0 
v -0.8259263110149673 -0.5614652503305123 -0.05101471792044779 
v -0.77319160543965 -0.632117101425519 -0.051016775310250624 
v -0.7415134833355698 -0.663229821988394 -0.10140984792806368 
v -0.7654779652955692 -0.6252202092801453 -0.15212880908837387 
v -0.8016575317644793 -0.5977835743521923 0.0 
v -0.77319160543965 -0.632117101425519 0.051016775310250624 
v -0.77319160543965 -0.632117101425519 -0.051016775310250624 
v -0.8236625633309153 -0.4582810594728014 0.3340036710810716 
v -0.8526401643540924 -0.44446382643840127 0.2746937515087684 
v -0.8655585156784632 -0.40169493079476204 0.2990813242418972 
v -0.8465479952155323 -0.3714077043079883 0.38133031478920354 
v -0.8763465358714616 -0.3574697066779368 0.3228500547834532 
v -0.8848844000414144 -0.3126101046400723 0.3453324789826017 
v -0.9022207373048001 -0.34221242765675314 0.26246598929090675 
v -0.9238795325112868 -0.3255299710842958 0.20118858648686697 
v -0.9331566320771104 -0.2807326251652559 0.22451702202356158 
v -0.8763465358714616 -0.3574697066779368 0.3228500547834532 
v -0.8655585156784632 -0.40169493079476204 0.2990813242418972 
v -0.9022207373048001 -0.34221242765675314 0.26246598929090675 
v -0.8619497078979897 -0.26809587898797715 0.43031070254437553 
v -0.9001745541640858 -0.2478497458678801 0.3581288532200619 
v -0.904142664111151 -0.18829455977815207 0.3834986332334736 
v -0.8649717593345674 -0.1321268050122632 0.4841139978878059 
v -0.9130274952070262 -0.10517497658723292 0.39410533781700907 
v -0.9154397080243225 0.0 0.40245514156529666 
v -0.944121655483145 -0.08362820153033376 0.3188112663576485 
v -0.9628492869775871 -0.08376516512631635 0.25671900529199826 
v -0.964353221427619 0.0 0.26461833708602567 
v -0.9130274952070262 -0.10517497658723292 0.39410533781700907 
v -0.904142664111151 -0.18829455977815207 0.3834986332334736 
v -0.944121655483145 -0.08362820153033376 0.3188112663576485 
v -0.9646854616784353 -0.19818907764348367 0.1735023041031138 
v -0.9723699203976767 -0.19858048747006143 0.1227294907590216 
v -0.9821245741217781 -0.13302146703838003 0.13317886548951036 
v -0.9789051747260731 -0.0664605208670415 0.19320366989422796 
v -0.9874802473835653 -0.0665178726433254 0.14303193226094346 
v -0.9884131145776139 0.0 0.15178772984329422 
v -0.9935202260981224 -0.06668682365752374 0.09203492752431597 
v -0.996917333733128 -0.06674129320346119 0.04124838765286171 
v -0.998710351649214 0.0 0.05077039992656606 
v -0.9874802473835653 -0.0665178726433254 0.14303193226094346 
v -0.9821245741217781 -0.13302146703838003 0.13317886548951036 
v -0.9935202260981224 -0.06668682365752374 0.09203492752431597 
v -0.9001745541640858 -0.2478497458678801 0.3581288532200619 
v -0.8848844000414144 -0.3126101046400723 0.3453324789826017 
v -0.9258186488524093 -0.23253431416850634 0.2979725191545048 
v -0.9628492869775871 -0.08376516512631635 0.25671900529199826 
v -0.9573487499905604 -0.14998743772010503 0.24695574384425423 
v -0.9789051747260731 -0.0664605208670415 0.19320366989422796 
v -0.9474463540422337 -0.21610348244921065 0.235891269625228 
v -0.9331566320771104 -0.2807326251652559 0.22451702202356158 
v -0.9646854616784353 -0.19818907764348367 0.1735023041031138 
v -0.9573487499905604 -0.14998743772010503 0.24695574384425423 
v -0.9258186488524093 -0.23253431416850634 0.2979725191545048 
v -0.9474463540422337 -0.21610348244921065 0.235891269625228 
v -0.8526401643540924 -0.44446382643840127 -0.2746937515087684 
v -0.8236625633309153 -0.4582810594728014 -0.3340036710810716 
v -0.8655585156784632 -0.40169493079476204 -0.2990813242418972 
v -0.9238795325112868 -0.3255299710842958 -0.20118858648686697 
v -0.9022207373048001 -0.34221242765675314 -0.26246598929090675 
v -0.9331566320771104 -0.2807326251652559 -0.22451702202356158 
v -0.8763465358714616 -0.3574697066779368 -0.3228500547834532 
v -0.8465479952155323 -0.3714077043079883 -0.38133031478920354 
v -0.8848844000414144 -0.3126101046400723 -0.3453324789826017 
v -0.9022207373048001 -0.34221242765675314 -0.26246598929090675 
v -0.8655585156784632 -0.40169493079476204 -0.2990813242418972 
v -0.8763465358714616 -0.3574697066779368 -0.3228500547834532 
v -0.9723699203976767 -0.19858048747006143 -0.1227294907590216 
v -0.9646854616784353 -0.19818907764348367 -0.1735023041031138 
v -0.9821245741217781 -0.13302146703838003 -0.13317886548951036 
v -0.996917333733128 -0.06674129320346119 -0.04124838765286171 
v -0.9935202260981224 -0.06668682365752374 -0.09203492752431597 
v -0.998710351649214 0.0 -0.05077039992656606 
v -0.9874802473835653 -0.0665178726433254 -0.14303193226094346 
v -0.9789051747260731 -0.0664605208670415 -0.19320366989422796 
v -0.9884131145776139 0.0 -0.15178772984329422 
v -0.9935202260981224 -0.06668682365752374 -0.09203492752431597 
v -0.9821245741217781 -0.13302146703838003 -0.13317886548951036 
v -0.9874802473835653 -0.0665178726433254 -0.14303193226094346 
v -0.9001745541640858 -0.2478497458678801 -0.3581288532200619 
v -0.8619497078979897 -0.26809587898797715 -0.43031070254437553 
v -0.904142664111151 -0.18829455977815207 -0.3834986332334736 
v -0.9628492869775871 -0.08376516512631635 -0.25671900529199826 
v -0.944121655483145 -0.08362820153033376 -0.3188112663576485 
v -0.964353221427619 0.0 -0.26461833708602567 
v -0.9130274952070262 -0.10517497658723292 -0.39410533781700907 
v -0.8649717593345674 -0.1321268050122632 -0.4841139978878059 
v -0.9154397080243225 0.0 -0.40245514156529666 
v -0.944121655483145 -0.08362820153033376 -0.3188112663576485 
v -0.904142664111151 -0.18829455977815207 -0.3834986332334736 
v -0.9130274952070262 -0.10517497658723292 -0.39410533781700907 
v -0.9646854616784353 -0.19818907764348367 -0.1735023041031138 
v -0.9331566320771104 -0.2807326251652559 -0.22451702202356158 
v -0.9474463540422337 -0.21610348244921065 -0.235891269625228 
v -0.9789051747260731 -0.0664605208670415 -0.19320366989422796 
v -0.9573487499905604 -0.14998743772010503 -0.24695574384425423 
v -0.9628492869775871 -0.08376516512631635 -0.25671900529199826 
v -0.9258186488524093 -0.23253431416850634 -0.2979725191545048 
v -0.8848844000414144 -0.3126101046400723 -0.3453324789826017 
v -0.9001745541640858 -0.2478497458678801 -0.3581288532200619 
v -0.9573487499905604 -0.14998743772010503 -0.24695574384425423 
v -0.9474463540422337 -0.21610348244921065 -0.235891269625228 
v -0.9258186488524093 -0.23253431416850634 -0.2979725191545048 
v -0.8526401643540924 -0.44446382643840127 0.2746937515087684 
v -0.8271472588034928 -0.5112051196418625 0.23344536385590672 
v -0.8685344953217573 -0.4542618175371843 0.19822722205588805 
v -0.9238795325112868 -0.3255299710842958 0.20118858648686697 
v -0.9048389750750364 -0.39413623171137263 0.16100639750493362 
v -0.93513044494374 -0.3323419206316517 0.12280023912919609 
v -0.8793445108320888 -0.460881605624379 0.11975548783487482 
v -0.8480285358002464 -0.5241104585543576 0.07845909572784542 
v -0.8847600214284896 -0.46421340142230466 0.04129918185379311 
v -0.9048389750750364 -0.39413623171137263 0.16100639750493362 
v -0.8685344953217573 -0.4542618175371843 0.19822722205588805 
v -0.8793445108320888 -0.460881605624379 0.11975548783487482 
v -0.9723699203976767 -0.19858048747006143 0.1227294907590216 
v -0.9606547430369469 -0.265518440684652 0.08150105727540298 
v -0.9788519368963131 -0.20036778205522218 0.04125090967005882 
v -0.996917333733128 -0.06674129320346119 0.04124838765286171 
v -0.9910456560477678 -0.13352343475528722 0.0 
v -0.996917333733128 -0.06674129320346119 -0.04124838765286171 
v -0.9788519368963131 -0.20036778205522218 -0.04125090967005882 
v -0.9606547430369469 -0.265518440684652 -0.08150105727540298 
v -0.9723699203976767 -0.19858048747006143 -0.1227294907590216 
v -0.9910456560477678 -0.13352343475528722 0.0 
v -0.9788519368963131 -0.20036778205522218 0.04125090967005882 
v -0.9788519368963131 -0.20036778205522218 -0.04125090967005882 
v -0.8847600214284896 -0.46421340142230466 -0.04129918185379311 
v -0.8480285358002464 -0.5241104585543576 -0.07845909572784542 
v -0.8793445108320888 -0.460881605624379 -0.11975548783487482 
v -0.93513044494374 -0.3323419206316517 -0.12280023912919609 
v -0.9048389750750364 -0.39413623171137263 -0.16100639750493362 
v -0.9238795325112868 -0.3255299710842958 -0.20118858648686697 
v -0.8685344953217573 -0.4542618175371843 -0.19822722205588805 
v -0.8271472588034928 -0.5112051196418625 -0.23344536385590672 
v -0.8526401643540924 -0.44446382643840127 -0.2746937515087684 
v -0.9048389750750364 -0.39413623171137263 -0.16100639750493362 
v -0.8793445108320888 -0.460881605624379 -0.11975548783487482 
v -0.8685344953217573 -0.4542618175371843 -0.19822722205588805 
v -0.9606547430369469 -0.265518440684652 0.08150105727540298 
v -0.93513044494374 -0.3323419206316517 0.12280023912919609 
v -0.9416180563510774 -0.3341400636437266 0.041301983266975546 
v -0.9606547430369469 -0.265518440684652 -0.08150105727540298 
v -0.9416180563510774 -0.3341400636437266 -0.041301983266975546 
v -0.93513044494374 -0.3323419206316517 -0.12280023912919609 
v -0.9160920268893074 -0.40096807637247195 0.0 
v -0.8847600214284896 -0.46421340142230466 0.04129918185379311 
v -0.8847600214284896 -0.46421340142230466 -0.04129918185379311 
v -0.9416180563510774 -0.3341400636437266 -0.041301983266975546 
v -0.9416180563510774 -0.3341400636437266 0.041301983266975546 
v -0.9160920268893074 -0.40096807637247195 0.0 
v 0.616240802900069 0.7833129030120582 0.08165885632250933 
v 0.616240802900069 0.7833129030120582 -0.08165885632250933 
v 0.6694570012883597 0.7428508083229075 0.0 
v 0.6984065815323527 0.6962573424396398 0.16569236545835012 
v 0.7071064655057321 0.7041420247412189 0.06468736687582514 
v 0.7415134833355698 0.663229821988394 0.10140984792806368 
v 0.7071064655057321 0.7041420247412189 -0.06468736687582514 
v 0.6984065815323527 0.6962573424396398 -0.16569236545835012 
v 0.7415134833355698 0.663229821988394 -0.10140984792806368 
v 0.7071064655057321 0.7041420247412189 0.06468736687582514 
v 0.6694570012883597 0.7428508083229075 0.0 
v 0.7071064655057321 0.7041420247412189 -0.06468736687582514 
v 0.7527380190971918 0.617005410269623 0.22954258494590948 
v 0.7654779652955692 0.6252202092801453 0.15212880908837387 
v 0.7879479402576277 0.588900234552714 0.17981812252250978 
v 0.7922847305538729 0.5404292921764098 0.28323327115450564 
v 0.8086778023163038 0.5506105716812374 0.2070463967175813 
v 0.8271472588034928 0.5112051196418625 0.23344536385590672 
v 0.8199116718491336 0.5577003586019298 0.12928712380139643 
v 0.8259263110149673 0.5614652503305123 0.05101471792044779 
v 0.8480285358002464 0.5241104585543576 0.07845909572784542 
v 0.8086778023163038 0.5506105716812374 0.2070463967175813 
v 0.7879479402576277 0.588900234552714 0.17981812252250978 
v 0.8199116718491336 0.5577003586019298 0.12928712380139643 
v 0.7654779652955692 0.6252202092801453 -0.15212880908837387 
v 0.7527380190971918 0.617005410269623 -0.22954258494590948 
v 0.7879479402576277 0.588900234552714 -0.17981812252250978 
v 0.8259263110149673 0.5614652503305123 -0.05101471792044779 
v 0.8199116718491336 0.5577003586019298 -0.12928712380139643 
v 0.8480285358002464 0.5241104585543576 -0.07845909572784542 
v 0.8086778023163038 0.5506105716812374 -0.2070463967175813 
v 0.7922847305538729 0.5404292921764098 -0.28323327115450564 
v 0.8271472588034928 0.5112051196418625 -0.23344536385590672 
v 0.8199116718491336 0.5577003586019298 -0.12928712380139643 
v 0.7879479402576277 0.588900234552714 -0.17981812252250978 
v 0.8086778023163038 0.5506105716812374 -0.2070463967175813 
v 0.7654779652955692 0.6252202092801453 0.15212880908837387 
v 0.7415134833355698 0.663229821988394 0.10140984792806368 
v 0.77319160543965 0.632117101425519 0.051016775310250624 
v 0.8259263110149673 0.5614652503305123 0.05101471792044779 
v 0.8016575317644793 0.5977835743521923 0.0 
v 0.8259263110149673 0.5614652503305123 -0.05101471792044779 
v 0.77319160543965 0.632117101425519 -0.051016775310250624 
v 0.7415134833355698 0.663229821988394 -0.10140984792806368 
v 0.7654779652955692 0.6252202092801453 -0.15212880908837387 
v 0.8016575317644793 0.5977835743521923 0.0 
v 0.77319160543965 0.632117101425519 0.051016775310250624 
v 0.77319160543965 0.632117101425519 -0.051016775310250624 
v 0.8236625633309153 0.4582810594728014 0.3340036710810716 
v 0.8526401643540924 0.44446382643840127 0.2746937515087684 
v 0.8655585156784632 0.40169493079476204 0.2990813242418972 
v 0.8465479952155323 0.3714077043079883 0.38133031478920354 
v 0.8763465358714616 0.3574697066779368 0.3228500547834532 
v 0.8848844000414144 0.3126101046400723 0.3453324789826017 
v 0.9022207373048001 0.34221242765675314 0.26246598929090675 
v 0.9238795325112868 0.3255299710842958 0.20118858648686697 
v 0.9331566320771104 0.2807326251652559 0.22451702202356158 
v 0.8763465358714616 0.3574697066779368 0.3228500547834532 
v 0.8655585156784632 0.40169493079476204 0.2990813242418972 
v 0.9022207373048001 0.34221242765675314 0.26246598929090675 
v 0.8619497078979897 0.26809587898797715 0.43031070254437553 
v 0.9001745541640858 0.2478497458678801 0.3581288532200619 
v 0.904142664111151 0.18829455977815207 0.3834986332334736 
v 0.8649717593345674 0.1321268050122632 0.4841139978878059 
v 0.9130274952070262 0.10517497658723292 0.39410533781700907 
v 0.9154397080243225 0.0 0.40245514156529666 
v 0.944121655483145 0.08362820153033376 0.3188112663576485 
v 0.9628492869775871 0.08376516512631635 0.25671900529199826 
v 0.964353221427619 0.0 0.26461833708602567 
v 0.9130274952070262 0.10517497658723292 0.39410533781700907 
v 0.904142664111151 0.18829455977815207 0.3834986332334736 
v 0.944121655483145 0.08362820153033376 0.3188112663576485 
v 0.9646854616784353 0.19818907764348367 0.1735023041031138 
v 0.9723699203976767 0.19858048747006143 0.1227294907590216 
v 0.9821245741217781 0.13302146703838003 0.13317886548951036 
v 0.9789051747260731 0.0664605208670415 0.19320366989422796 
v 0.9874802473835653 0.0665178726433254 0.14303193226094346 
v 0.9884131145776139 0.0 0.15178772984329422 
v 0.9935202260981224 0.06668682365752374 0.09203492752431597 
v 0.996917333733128 0.06674129320346119 0.04124838765286171 
v 0.998710351649214 0.0 0.05077039992656606 
v 0.9874802473835653 0.0665178726433254 0.14303193226094346 
v 0.9821245741217781 0.13302146703838003 0.13317886548951036 
v 0.9935202260981224 0.06668682365752374 0.09203492752431597 
v 0.9001745541640858 0.2478497458678801 0.3581288532200619 
v 0.8848844000414144 0.3126101046400723 0.3453324789826017 
v 0.9258186488524093 0.23253431416850634 0.2979725191545048 
v 0.9628492869775871 0.08376516512631635 0.25671900529199826 
v 0.9573487499905604 0.14998743772010503 0.24695574384425423 
v 0.9789051747260731 0.0664605208670415 0.19320366989422796 
v 0.9474463540422337 0.21610348244921065 0.235891269625228 
v 0.9331566320771104 0.2807326251652559 0.22451702202356158 
v 0.9646854616784353 0.19818907764348367 0.1735023041031138 
v 0.9573487499905604 0.14998743772010503 0.24695574384425423 
v 0.9258186488524093 0.23253431416850634 0.2979725191545048 
v 0.9474463540422337 0.21610348244921065 0.235891269625228 
v 0.8526401643540924 0.44446382643840127 -0.2746937515087684 
v 0.8236625633309153 0.4582810594728014 -0.3340036710810716 
v 0.8655585156784632 0.40169493079476204 -0.2990813242418972 
v 0.9238795325112868 0.3255299710842958 -0.20118858648686697 
v 0.9022207373048001 0.34221242765675314 -0.26246598929090675 
v 0.9331566320771104 0.2807326251652559 -0.22451702202356158 
v 0.8763465358714616 0.3574697066779368 -0.3228500547834532 
v 0.8465479952155323 0.3714077043079883 -0.38133031478920354 
v 0.8848844000414144 0.3126101046400723 -0.3453324789826017 
v 0.9022207373048001 0.34221242765675314 -0.26246598929090675 
v 0.8655585156784632 0.40169493079476204 -0.2990813242418972 
v 0.8763465358714616 0.3574697066779368 -0.3228500547834532 
v 0.9723699203976767 0.19858048747006143 -0.1227294907590216 
v 0.9646854616784353 0.19818907764348367 -0.1735023041031138 
v 0.9821245741217781 0.13302146703838003 -0.13317886548951036 
v 0.996917333733128 0.06674129320346119 -0.04124838765286171 
v 0.9935202260981224 0.06668682365752374 -0.09203492752431597 
v 0.998710351649214 0.0 -0.05077039992656606 
v 0.9874802473835653 0.0665178726433254 -0.14303193226094346 
v 0.9789051747260731 0.0664605208670415 -0.19320366989422796 
v 0.9884131145776139 0.0 -0.15178772984329422 
v 0.9935202260981224 0.06668682365752374 -0.09203492752431597 
v 0.9821245741217781 0.13302146703838003 -0.13317886548951036 
v 0.9874802473835653 0.0665178726433254 -0.14303193226094346 
v 0.9001745541640858 0.2478497458678801 -0.3581288532200619 
v 0.8619497078979897 0.26809587898797715 -0.43031070254437553 
v 0.904142664111151 0.18829455977815207 -0.3834986332334736 
v 0.9628492869775871 0.08376516512631635 -0.25671900529199826 
v 0.944121655483145 0.08362820153033376 -0.3188112663576485 
v 0.964353221427619 0.0 -0.26461833708602567 
v 0.9130274952070262 0.10517497658723292 -0.39410533781700907 
v 0.8649717593345674 0.1321268050122632 -0.4841139978878059 
v 0.9154397080243225 0.0 -0.40245514156529666 
v 0.944121655483145 0.08362820153033376 -0.3188112663576485 
v 0.904142664111151 0.18829455977815207 -0.3834986332334736 
v 0.9130274952070262 0.10517497658723292 -0.39410533781700907 
v 0.9646854616784353 0.19818907764348367 -0.1735023041031138 
v 0.9331566320771104 0.2807326251652559 -0.22451702202356158 
v 0.9474463540422337 0.21610348244921065 -0.235891269625228 
v 0.9789051747260731 0.0664605208670415 -0.19320366989422796 
v 0.9573487499905604 0.14998743772010503 -0.24695574384425423 
v 0.9628492869775871 0.08376516512631635 -0.25671900529199826 
v 0.9258186488524093 0.23253431416850634 -0.2979725191545048 
v 0.8848844000414144 0.3126101046400723 -0.3453324789826017 
v 0.9001745541640858 0.2478497458678801 -0.3581288532200619 
v 0.9573487499905604 0.14998743772010503 -0.24695574384425423 
v 0.9474463540422337 0.21610348244921065 -0.235891269625228 
v 0.9258186488524093 0.23253431416850634 -0.2979725191545048 
v 0.8526401643540924 0.44446382643840127 0.2746937515087684 
v 0.8271472588034928 0.5112051196418625 0.23344536385590672 
v 0.8685344953217573 0.4542618175371843 0.19822722205588805 
v 0.9238795325112868 0.3255299710842958 0.20118858648686697 
v 0.9048389750750364 0.39413623171137263 0.16100639750493362 
v 0.93513044494374 0.3323419206316517 0.12280023912919609 
v 0.8793445108320888 0.460881605624379 0.11975548783487482 
v 0.8480285358002464 0.5241104585543576 0.07845909572784542 
v 0.8847600214284896 0.46421340142230466 0.04129918185379311 
v 0.9048389750750364 0.39413623171137263 0.16100639750493362 
v 0.8685344953217573 0.4542618175371843 0.19822722205588805 
v 0.8793445108320888 0.460881605624379 0.11975548783487482 
v 0.9723699203976767 0.19858048747006143 0.1227294907590216 
v 0.9606547430369469 0.265518440684652 0.08150105727540298 
v 0.9788519368963131 0.20036778205522218 0.04125090967005882 
v 0.996917333733128 0.06674129320346119 0.04124838765286171 
v 0.9910456560477678 0.13352343475528722 0.0 
v 0.996917333733128 0.06674129320346119 -0.04124838765286171 
v 0.9788519368963131 0.20036778205522218 -0.04125090967005882 
v 0.9606547430369469 0.265518440684652 -0.08150105727540298 
v 0.9723699203976767 0.19858048747006143 -0.1227294907590216 
v 0.9910456560477678 0.13352343475528722 0.0 
v 0.9788519368963131 0.20036778205522218 0.04125090967005882 
v 0.9788519368963131 0.20036778205522218 -0.04125090967005882 
v 0.8847600214284896 0.46421340142230466 -0.04129918185379311 
v 0.8480285358002464 0.5241104585543576 -0.07845909572784542 
v 0.8793445108320888 0.460881605624379 -0.11975548783487482 
v 0.93513044494374 0.3323419206316517 -0.12280023912919609 
v 0.9048389750750364 0.39413623171137263 -0.16100639750493362 
v 0.9238795325112868 0.3255299710842958 -0.20118858648686697 
v 0.8685344953217573 0.4542618175371843 -0.19822722205588805 
v 0.8271472588034928 0.5112051196418625 -0.23344536385590672 
v 0.8526401643540924 0.44446382643840127 -0.2746937515087684 
v 0.9048389750750364 0.39413623171137263 -0.16100639750493362 
v 0.8793445108320888 0.460881605624379 -0.11975548783487482 
v 0.8685344953217573 0.4542618175371843 -0.19822722205588805 
v 0.9606547430369469 0.265518440684652 0.08150105727540298 
v 0.93513044494374 0.3323419206316517 0.12280023912919609 
v 0.9416180563510774 0.3341400636437266 0.041301983266975546 
v 0.9606547430369469 0.265518440684652 -0.08150105727540298 
v 0.9416180563510774 0.3341400636437266 -0.041301983266975546 
v 0.93513044494374 0.3323419206316517 -0.12280023912919609 
v 0.9160920268893074 0.40096807637247195 0.0 
v 0.8847600214284896 0.46421340142230466 0.04129918185379311 
v 0.8847600214284896 0.46421340142230466 -0.04129918185379311 
v 0.9416180563510774 0.3341400636437266 -0.041301983266975546 
v 0.9416180563510774 0.3341400636437266 0.041301983266975546 
v 0.9160920268893074 0.40096807637247195 0.0 
v 0.616240802900069 -0.7833129030120582 -0.08165885632250933 
v 0.616240802900069 -0.7833129030120582 0.08165885632250933 
v 0.6694570012883597 -0.7428508083229075 0.0 
v 0.6984065815323527 -0.6962573424396398 -0.16569236545835012 
v 0.7071064655057321 -0.7041420247412189 -0.06468736687582514 
v 0.7415134833355698 -0.663229821988394 -0.10140984792806368 
v 0.7071064655057321 -0.7041420247412189 0.06468736687582514 
v 0.6984065815323527 -0.6962573424396398 0.16569236545835012 
v 0.7415134833355698 -0.663229821988394 0.10140984792806368 
v 0.7071064655057321 -0.7041420247412189 -0.06468736687582514 
v 0.6694570012883597 -0.7428508083229075 0.0 
v 0.7071064655057321 -0.7041420247412189 0.06468736687582514 
v 0.7527380190971918 -0.617005410269623 -0.22954258494590948 
v 0.7654779652955692 -0.6252202092801453 -0.15212880908837387 
v 0.7879479402576277 -0.588900234552714 -0.17981812252250978 
v 0.7922847305538729 -0.5404292921764098 -0.28323327115450564 
v 0.8086778023163038 -0.5506105716812374 -0.2070463967175813 
v 0.8271472588034928 -0.5112051196418625 -0.23344536385590672 
v 0.8199116718491336 -0.5577003586019298 -0.12928712380139643 
v 0.8259263110149673 -0.5614652503305123 -0.05101471792044779 
v 0.8480285358002464 -0.5241104585543576 -0.07845909572784542 
v 0.8086778023163038 -0.5506105716812374 -0.2070463967175813 
v 0.7879479402576277 -0.588900234552714 -0.17981812252250978 
v 0.8199116718491336 -0.5577003586019298 -0.12928712380139643 
v 0.7654779652955692 -0.6252202092801453 0.15212880908837387 
v 0.7527380190971918 -0.617005410269623 0.22954258494590948 
v 0.7879479402576277 -0.588900234552714 0.17981812252250978 
v 0.8259263110149673 -0.5614652503305123 0.05101471792044779 
v 0.8199116718491336 -0.5577003586019298 0.12928712380139643 
v 0.8480285358002464 -0.5241104585543576 0.07845909572784542 
v 0.8086778023163038 -0.5506105716812374 0.2070463967175813 
v 0.7922847305538729 -0.5404292921764098 0.28323327115450564 
v 0.8271472588034928 -0.5112051196418625 0.23344536385590672 
v 0.8199116718491336 -0.5577003586019298 0.12928712380139643 
v 0.7879479402576277 -0.588900234552714 0.17981812252250978 
v 0.8086778023163038 -0.5506105716812374 0.2070463967175813 
v 0.7654779652955692 -0.6252202092801453 -0.15212880908837387 
v 0.7415134833355698 -0.663229821988394 -0.10140984792806368 
v 0.77319160543965 -0.632117101425519 -0.051016775310250624 
v 0.8259263110149673 -0.5614652503305123 -0.05101471792044779 
v 0.8016575317644793 -0.5977835743521923 0.0 
v 0.8259263110149673 -0.5614652503305123 0.05101471792044779 
v 0.77319160543965 -0.632117101425519 0.051016775310250624 
v 0.7415134833355698 -0.663229821988394 0.10140984792806368 
v 0.7654779652955692 -0.6252202092801453 0.15212880908837387 
v 0.8016575317644793 -0.5977835743521923 0.0 
v 0.77319160543965 -0.632117101425519 -0.051016775310250624 
v 0.77319160543965 -0.632117101425519 0.051016775310250624 
v 0.8236625633309153 -0.4582810594728014 -0.3340036710810716 
v 0.8526401643540924 -0.44446382643840127 -0.2746937515087684 
v 0.8655585156784632 -0.40169493079476204 -0.2990813242418972 
v 0.8465479952155323 -0.3714077043079883 -0.38133031478920354 
v 0.8763465358714616 -0.3574697066779368 -0.3228500547834532 
v 0.8848844000414144 -0.3126101046400723 -0.3453324789826017 
v 0.9022207373048001 -0.34221242765675314 -0.26246598929090675 
v 0.9238795325112868 -0.3255299710842958 -0.20118858648686697 
v 0.9331566320771104 -0.2807326251652559 -0.22451702202356158 
v 0.8763465358714616 -0.3574697066779368 -0.3228500547834532 
v 0.8655585156784632 -0.40169493079476204 -0.2990813242418972 
v 0.9022207373048001 -0.34221242765675314 -0.26246598929090675 
v 0.8619497078979897 -0.26809587898797715 -0.43031070254437553 
v 0.9001745541640858 -0.2478497458678801 -0.3581288532200619 
v 0.904142664111151 -0.18829455977815207 -0.3834986332334736 
v 0.8649717593345674 -0.1321268050122632 -0.4841139978878059 
v 0.9130274952070262 -0.10517497658723292 -0.39410533781700907 
v 0.9154397080243225 0.0 -0.40245514156529666 
v 0.944121655483145 -0.08362820153033376 -0.3188112663576485 
v 0.9628492869775871 -0.08376516512631635 -0.25671900529199826 
v 0.964353221427619 0.0 -0.26461833708602567 
v 0.9130274952070262 -0.10517497658723292 -0.39410533781700907 
v 0.904142664111151 -0.18829455977815207 -0.3834986332334736 
v 0.944121655483145 -0.08362820153033376 -0.3188112663576485 
v 0.9646854616784353 -0.19818907764348367 -0.1735023041031138 
v 0.9723699203976767 -0.19858048747006143 -0.1227294907590216 
v 0.9821245741217781 -0.13302146703838003 -0.13317886548951036 
v 0.9789051747260731 -0.0664605208670415 -0.19320366989422796 
v 0.9874802473835653 -0.0665178726433254 -0.14303193226094346 
v 0.9884131145776139 0.0 -0.15178772984329422 
v 0.9935202260981224 -0.06668682365752374 -0.09203492752431597 
v 0.996917333733128 -0.06674129320346119 -0.04124838765286171 
v 0.998710351649214 0.0 -0.05077039992656606 
v 0.9874802473835653 -0.0665178726433254 -0.14303193226094346 
v 0.9821245741217781 -0.13302146703838003 -0.13317886548951036 
v 0.9935202260981224 -0.06668682365752374 -0.09203492752431597 
v 0.9001745541640858 -0.2478497458678801 -0.3581288532200619 
v 0.8848844000414144 -0.3126101046400723 -0.3453324789826017 
v 0.9258186488524093 -0.23253431416850634 -0.2979725191545048 
v 0.9628492869775871 -0.08376516512631635 -0.25671900529199826 
v 0.9573487499905604 -0.14998743772010503 -0.24695574384425423 
v 0.9789051747260731 -0.0664605208670415 -0.19320366989422796 
v 0.9474463540422337 -0.21610348244921065 -0.235891269625228 
v 0.9331566320771104 -0.2807326251652559 -0.22451702202356158 
v 0.9646854616784353 -0.19818907764348367 -0.1735023041031138 
v 0.9573487499905604 -0.14998743772010503 -0.24695574384425423 
v 0.9258186488524093 -0.23253431416850634 -0.2979725191545048 
v 0.9474463540422337 -0.21610348244921065 -0.235891269625228 
v 0.8526401643540924 -0.44446382643840127 0.2746937515087684 
v 0.8236625633309153 -0.4582810594728014 0.3340036710810716 
v 0.8655585156784632 -0.40169493079476204 0.2990813242418972 
v 0.9238795325112868 -0.3255299710842958 0.20118858648686697 
v 0.9022207373048001 -0.34221242765675314 0.26246598929090675 
v 0.9331566320771104 -0.2807326251652559 0.22451702202356158 
v 0.8763465358714616 -0.3574697066779368 0.3228500547834532 
v 0.8465479952155323 -0.3714077043079883 0.38133031478920354 
v 0.8848844000414144 -0.3126101046400723 0.3453324789826017 
v 0.9022207373048001 -0.34221242765675314 0.26246598929090675 
v 0.8655585156784632 -0.40169493079476204 0.2990813242418972 
v 0.8763465358714616 -0.3574697066779368 0.3228500547834532 
v 0.9723699203976767 -0.19858048747006143 0.1227294907590216 
v 0.9646854616784353 -0.19818907764348367 0.1735023041031138 
v 0.9821245741217781 -0.13302146703838003 0.13317886548951036 
v 0.996917333733128 -0.06674129320346119 0.04124838765286171 
v 0.9935202260981224 -0.06668682365752374 0.09203492752431597 
v 0.998710351649214 0.0 0.05077039992656606 
v 0.9874802473835653 -0.0665178726433254 0.14303193226094346 
v 0.9789051747260731 -0.0664605208670415 0.19320366989422796 
v 0.9884131145776139 0.0 0.15178772984329422 
v 0.9935202260981224 -0.06668682365752374 0.09203492752431597 
v 0.9821245741217781 -0.13302146703838003 0.13317886548951036 
v 0.9874802473835653 -0.0665178726433254 0.14303193226094346 
v 0.9001745541640858 -0.2478497458678801 0.3581288532200619 
v 0.8619497078979897 -0.26809587898797715 0.43031070254437553 
v 0.904142664111151 -0.18829455977815207 0.3834986332334736 
v 0.9628492869775871 -0.08376516512631635 0.25671900529199826 
v 0.944121655483145 -0.08362820153033376 0.3188112663576485 
v 0.964353221427619 0.0 0.26461833708602567 
v 0.9130274952070262 -0.10517497658723292 0.39410533781700907 
v 0.8649717593345674 -0.1321268050122632 0.4841139978878059 
v 0.9154397080243225 0.0 0.40245514156529666 
v 0.944121655483145 -0.08362820153033376 0.3188112663576485 
v 0.904142664111151 -0.18829455977815207 0.3834986332334736 
v 0.9130274952070262 -0.10517497658723292 0.39410533781700907 
v 0.9646854616784353 -0.19818907764348367 0.1735023041031138 
v 0.9331566320771104 -0.2807326251652559 0.22451702202356158 
v 0.9474463540422337 -0.21610348244921065 0.235891269625228 
v 0.9789051747260731 -0.0664605208670415 0.19320366989422796 
v 0.9573487499905604 -0.14998743772010503 0.24695574384425423 
v 0.9628492869775871 -0.08376516512631635 0.25671900529199826 
v 0.9258186488524093 -0.23253431416850634 0.2979725191545048 
v 0.8848844000414144 -0.3126101046400723 0.3453324789826017 
v 0.9001745541640858 -0.2478497458678801 0.3581288532200619 
v 0.9573487499905604 -0.14998743772010503 0.24695574384425423 
v 0.9474463540422337 -0.21610348244921065 0.235891269625228 
v 0.9258186488524093 -0.23253431416850634 0.2979725191545048 
v 0.8526401643540924 -0.44446382643840127 -0.2746937515087684 
v 0.8271472588034928 -0.5112051196418625 -0.23344536385590672 
v 0.8685344953217573 -0.4542618175371843 -0.19822722205588805 
v 0.9238795325112868 -0.3255299710842958 -0.20118858648686697 
v 0.9048389750750364 -0.39413623171137263 -0.16100639750493362 
v 0.93513044494374 -0.3323419206316517 -0.12280023912919609 
v 0.8793445108320888 -0.460881605624379 -0.11975548783487482 
v 0.8480285358002464 -0.5241104585543576 -0.07845909572784542 
v 0.8847600214284896 -0.46421340142230466 -0.04129918185379311 
v 0.9048389750750364 -0.39413623171137263 -0.16100639750493362 
v 0.8685344953217573 -0.4542618175371843 -0.19822722205588805 
v 0.8793445108320888 -0.460881605624379 -0.11975548783487482 
v 0.9723699203976767 -0.19858048747006143 -0.1227294907590216 
v 0.9606547430369469 -0.265518440684652 -0.08150105727540298 
v 0.9788519368963131 -0.20036778205522218 -0.04125090967005882 
v 0.996917333733128 -0.06674129320346119 -0.04124838765286171 
v 0.9910456560477678 -0.13352343475528722 0.0 
v 0.996917333733128 -0.06674129320346119 0.04124838765286171 
v 0.9788519368963131 -0.20036778205522218 0.04125090967005882 
v 0.9606547430369469 -0.265518440684652 0.08150105727540298 
v 0.9723699203976767 -0.19858048747006143 0.1227294907590216 
v 0.9910456560477678 -0.13352343475528722 0.0 
v 0.9788519368963131 -0.20036778205522218 -0.04125090967005882 
v 0.9788519368963131 -0.20036778205522218 0.04125090967005882 
v 0.8847600214284896 -0.46421340142230466 0.04129918185379311 
v 0.8480285358002464 -0.5241104585543576 0.07845909572784542 
v 0.8793445108320888 -0.460881605624379 0.11975548783487482 
v 0.93513044494374 -0.3323419206316517 0.12280023912919609 
v 0.9048389750750364 -0.39413623171137263 0.16100639750493362 
v 0.9238795325112868 -0.3255299710842958 0.20118858648686697 
v 0.8685344953217573 -0.4542618175371843 0.19822722205588805 
v 0.8271472588034928 -0.5112051196418625 0.23344536385590672 
v 0.8526401643540924 -0.44446382643840127 0.2746937515087684 
v 0.9048389750750364 -0.39413623171137263 0.16100639750493362 
v 0.8793445108320888 -0.460881605624379 0.11975548783487482 
v 0.8685344953217573 -0.4542618175371843 0.19822722205588805 
v 0.9606547430369469 -0.265518440684652 -0.08150105727540298 
v 0.93513044494374 -0.3323419206316517 -0.12280023912919609 
v 0.9416180563510774 -0.3341400636437266 -0.041301983266975546 
v 0.9606547430369469 -0.265518440684652 0.08150105727540298 
v 0.9416180563510774 -0.3341400636437266 0.041301983266975546 
v 0.93513044494374 -0.3323419206316517 0.12280023912919609 
v 0.9160920268893074 -0.40096807637247195 0.0 
v 0.8847600214284896 -0.46421340142230466 -0.04129918185379311 
v 0.8847600214284896 -0.46421340142230466 0.04129918185379311 
v 0.9416180563510774 -0.3341400636437266 0.041301983266975546 
v 0.9416180563510774 -0.3341400636437266 -0.041301983266975546 
v 0.9160920268893074 -0.40096807637247195 0.0 
v -0.08165885632250933 0.616240802900069 0.7833129030120582 
v -0.1321268050122632 0.4841139978878059 0.8649717593345674 
v -0.17017668688411783 0.5642820247011268 0.8078525186197923 
v -0.16569236545835012 0.6984065815323527 0.6962573424396398 
v -0.20000063936993157 0.6234782639753981 0.7558270957049914 
v -0.23694473217569134 0.6577483182092532 0.7149995411097051 
v -0.23997963074192474 0.51881190572758 0.8205144625808165 
v -0.26809587898797715 0.43031070254437553 0.8619497078979897 
v -0.2996194649891914 0.49366373746768943 0.8164093890377687 
v -0.20000063936993157 0.6234782639753981 0.7558270957049914 
v -0.17017668688411783 0.5642820247011268 0.8078525186197923 
v -0.23997963074192474 0.51881190572758 0.8205144625808165 
v -0.22954258494590948 0.7527380190971918 0.617005410269623 
v -0.25966419076126895 0.6990174444285274 0.6662950700859986 
v -0.2874463013187474 0.7214300676143021 0.6300105407056261 
v -0.28323327115450564 0.7922847305538729 0.5404292921764098 
v -0.31494794399722564 0.7419909786587798 0.5918252953033578 
v -0.34143504471222963 0.7604059656000314 0.5524535072947241 
v -0.3445203787028697 0.6868902048107531 0.6399121464650228 
v -0.3716913817465972 0.6277372333714831 0.6839528365131776 
v -0.3997690739569284 0.6494480483301843 0.6468399493133787 
v -0.31494794399722564 0.7419909786587798 0.5918252953033578 
v -0.2874463013187474 0.7214300676143021 0.6300105407056261 
v -0.3445203787028697 0.6868902048107531 0.6399121464650228 
v -0.3536849654459258 0.45286786065549683 0.8184238791743725 
v -0.3714077043079883 0.38133031478920354 0.8465479952155323 
v -0.39858001283084904 0.43047823357969084 0.8098286632281358 
v -0.40322021134792163 0.545193685849711 0.7349675544336254 
v -0.4244242155198465 0.4776992441923801 0.7691992702664192 
v -0.44825946184331744 0.52249856471595 0.7252990450412241 
v -0.4429096544168827 0.4069828715215415 0.798871692020939 
v -0.4582810594728014 0.3340036710810716 0.8236625633309153 
v -0.485712214091263 0.3826834323650913 0.7858988711506307 
v -0.4244242155198465 0.4776992441923801 0.7691992702664192 
v -0.39858001283084904 0.43047823357969084 0.8098286632281358 
v -0.4429096544168827 0.4069828715215415 0.798871692020939 
v -0.25966419076126895 0.6990174444285274 0.6662950700859986 
v -0.23694473217569134 0.6577483182092532 0.7149995411097051 
v -0.2937015474268894 0.6232041677195447 0.7248144358220525 
v -0.3716913817465972 0.6277372333714831 0.6839528365131776 
v -0.34966277969004034 0.5855540493152681 0.7313428715930216 
v -0.40322021134792163 0.545193685849711 0.7349675544336254 
v -0.32523164856504 0.5406572912711436 0.775831211132303 
v -0.2996194649891914 0.49366373746768943 0.8164093890377687 
v -0.3536849654459258 0.45286786065549683 0.8184238791743725 
v -0.34966277969004034 0.5855540493152681 0.7313428715930216 
v -0.2937015474268894 0.6232041677195447 0.7248144358220525 
v -0.32523164856504 0.5406572912711436 0.775831211132303 
v -0.3340036710810716 0.8236625633309153 0.4582810594728014 
v -0.3826834323650913 0.7858988711506307 0.485712214091263 
v -0.4069828715215415 0.798871692020939 0.4429096544168827 
v -0.38133031478920354 0.8465479952155323 0.3714077043079883 
v -0.43047823357969084 0.8098286632281358 0.39858001283084904 
v -0.45286786065549683 0.8184238791743725 0.3536849654459258 
v -0.4776992441923801 0.7691992702664192 0.4244242155198465 
v -0.52249856471595 0.7252990450412241 0.44825946184331744 
v -0.545193685849711 0.7349675544336254 0.40322021134792163 
v -0.43047823357969084 0.8098286632281358 0.39858001283084904 
v -0.4069828715215415 0.798871692020939 0.4429096544168827 
v -0.4776992441923801 0.7691992702664192 0.4244242155198465 
v -0.4303107025443756 0.8619497078979897 0.26809587898797727 
v -0.49366373746768943 0.8164093890377687 0.2996194649891914 
v -0.51881190572758 0.8205144625808165 0.23997963074192474 
v -0.4841139978878059 0.8649717593345675 0.1321268050122632 
v -0.5642820247011269 0.8078525186197922 0.17017668688411783 
v -0.616240802900069 0.7833129030120582 0.08165885632250933 
v -0.6234782639753982 0.7558270957049914 0.2000006393699316 
v -0.6577483182092532 0.7149995411097052 0.23694473217569137 
v -0.6984065815323527 0.6962573424396398 0.16569236545835012 
v -0.5642820247011269 0.8078525186197922 0.17017668688411783 
v -0.51881190572758 0.8205144625808165 0.23997963074192474 
v -0.6234782639753982 0.7558270957049914 0.2000006393699316 
v -0.6277372333714831 0.6839528365131776 0.3716913817465972 
v -0.6494480483301843 0.6468399493133787 0.3997690739569284 
v -0.6868902048107531 0.6399121464650228 0.3445203787028697 
v -0.6990174444285274 0.6662950700859986 0.25966419076126895 
v -0.7214300676143021 0.6300105407056261 0.2874463013187474 
v -0.7527380190971918 0.617005410269623 0.22954258494590948 
v -0.7419909786587798 0.5918252953033578 0.31494794399722564 
v -0.7604059656000314 0.5524535072947241 0.34143504471222963 
v -0.7922847305538729 0.5404292921764098 0.28323327115450564 
v -0.7214300676143021 0.6300105407056261 0.2874463013187474 
v -0.6868902048107531 0.6399121464650228 0.3445203787028697 
v -0.7419909786587798 0.5918252953033578 0.31494794399722564 
v -0.49366373746768943 0.8164093890377687 0.2996194649891914 
v -0.45286786065549683 0.8184238791743725 0.3536849654459258 
v -0.5406572912711436 0.775831211132303 0.32523164856504 
v -0.6577483182092532 0.7149995411097052 0.23694473217569137 
v -0.6232041677195447 0.7248144358220525 0.2937015474268894 
v -0.6990174444285274 0.6662950700859986 0.25966419076126895 
v -0.5855540493152681 0.7313428715930216 0.34966277969004034 
v -0.545193685849711 0.7349675544336254 0.40322021134792163 
v -0.6277372333714831 0.6839528365131776 0.3716913817465972 
v -0.6232041677195447 0.7248144358220525 0.2937015474268894 
v -0.5406572912711436 0.775831211132303 0.32523164856504 
v -0.5855540493152681 0.7313428715930216 0.34966277969004034 
v -0.5524535072947241 0.34143504471222963 0.7604059656000314 
v -0.5404292921764098 0.2832332711545056 0.792284730553873 
v -0.5918252953033578 0.3149479439972256 0.7419909786587798 
v -0.6468399493133787 0.3997690739569284 0.6494480483301843 
v -0.6399121464650228 0.3445203787028698 0.6868902048107532 
v -0.6839528365131776 0.3716913817465972 0.6277372333714831 
v -0.6300105407056261 0.28744630131874743 0.7214300676143021 
v -0.6170054102696229 0.22954258494590943 0.7527380190971917 
v -0.6662950700859986 0.25966419076126895 0.6990174444285274 
v -0.6399121464650228 0.3445203787028698 0.6868902048107532 
v -0.5918252953033578 0.3149479439972256 0.7419909786587798 
v -0.6300105407056261 0.28744630131874743 0.7214300676143021 
v -0.7252990450412241 0.4482594618433174 0.5224985647159499 
v -0.7349675544336254 0.40322021134792163 0.545193685849711 
v -0.7691992702664192 0.4244242155198465 0.4776992441923801 
v -0.7858988711506307 0.485712214091263 0.3826834323650913 
v -0.798871692020939 0.4429096544168827 0.4069828715215415 
v -0.8236625633309153 0.4582810594728014 0.3340036710810716 
v -0.8098286632281358 0.39858001283084904 0.43047823357969084 
v -0.8184238791743725 0.3536849654459258 0.45286786065549683 
v -0.8465479952155323 0.3714077043079883 0.38133031478920354 
v -0.798871692020939 0.4429096544168827 0.4069828715215415 
v -0.7691992702664192 0.4244242155198465 0.4776992441923801 
v -0.8098286632281358 0.39858001283084904 0.43047823357969084 
v -0.7149995411097052 0.23694473217569137 0.6577483182092532 
v -0.6962573424396398 0.1656923654583501 0.6984065815323527 
v -0.7558270957049914 0.20000063936993157 0.6234782639753982 
v -0.8164093890377688 0.2996194649891914 0.4936637374676895 
v -0.8205144625808165 0.23997963074192474 0.51881190572758 
v -0.8619497078979897 0.26809587898797715 0.43031070254437553 
v -0.8078525186197923 0.17017668688411783 0.5642820247011268 
v -0.7833129030120582 0.08165885632250931 0.616240802900069 
v -0.8649717593345674 0.1321268050122632 0.4841139978878059 
v -0.8205144625808165 0.23997963074192474 0.51881190572758 
v -0.7558270957049914 0.20000063936993157 0.6234782639753982 
v -0.8078525186197923 0.17017668688411783 0.5642820247011268 
v -0.7349675544336254 0.40322021134792163 0.545193685849711 
v -0.6839528365131776 0.3716913817465972 0.6277372333714831 
v -0.7313428715930216 0.34966277969004034 0.5855540493152681 
v -0.8184238791743725 0.3536849654459258 0.45286786065549683 
v -0.775831211132303 0.32523164856504 0.5406572912711436 
v -0.8164093890377688 0.2996194649891914 0.4936637374676895 
v -0.7248144358220525 0.2937015474268894 0.6232041677195447 
v -0.6662950700859986 0.25966419076126895 0.6990174444285274 
v -0.7149995411097052 0.23694473217569137 0.6577483182092532 
v -0.775831211132303 0.32523164856504 0.5406572912711436 
v -0.7313428715930216 0.34966277969004034 0.5855540493152681 
v -0.7248144358220525 0.2937015474268894 0.6232041677195447 
v -0.3826834323650913 0.7858988711506307 0.485712214091263 
v -0.34143504471222963 0.7604059656000314 0.5524535072947241 
v -0.4142726777845724 0.7350110605664694 0.5367838385105813 
v -0.52249856471595 0.7252990450412241 0.44825946184331744 
v -0.4852082791207153 0.7044711930198132 0.517970331271932 
v -0.5524181007968372 0.6696120042590866 0.4964413416146407 
v -0.4439573694506565 0.6789767287768658 0.5847157051849383 
v -0.3997690739569284 0.6494480483301843 0.6468399493133787 
v -0.4709170435214342 0.6192415807438368 0.6283128224052934 
v -0.4852082791207153 0.7044711930198132 0.517970331271932 
v -0.4142726777845724 0.7350110605664694 0.5367838385105813 
v -0.4439573694506565 0.6789767287768658 0.5847157051849383 
v -0.6494480483301843 0.6468399493133787 0.3997690739569284 
v -0.619241580743837 0.6283128224052935 0.47091704352143426 
v -0.6789767287768658 0.5847157051849383 0.4439573694506565 
v -0.7604059656000314 0.5524535072947241 0.34143504471222963 
v -0.7350110605664694 0.5367838385105813 0.4142726777845724 
v -0.7858988711506307 0.485712214091263 0.3826834323650913 
v -0.7044711930198132 0.517970331271932 0.4852082791207153 
v -0.6696120042590866 0.4964413416146407 0.5524181007968372 
v -0.7252990450412241 0.4482594618433174 0.5224985647159499 
v -0.7350110605664694 0.5367838385105813 0.4142726777845724 
v -0.6789767287768658 0.5847157051849383 0.4439573694506565 
v -0.7044711930198132 0.517970331271932 0.4852082791207153 
v -0.4964413416146407 0.5524181007968372 0.6696120042590866 
v -0.44825946184331744 0.52249856471595 0.7252990450412241 
v -0.517970331271932 0.4852082791207153 0.7044711930198132 
v -0.6283128224052934 0.4709170435214342 0.6192415807438368 
v -0.5847157051849383 0.4439573694506565 0.6789767287768658 
v -0.6468399493133787 0.3997690739569284 0.6494480483301843 
v -0.5367838385105813 0.4142726777845724 0.7350110605664694 
v -0.485712214091263 0.3826834323650913 0.7858988711506307 
v -0.5524535072947241 0.34143504471222963 0.7604059656000314 
v -0.5847157051849383 0.4439573694506565 0.6789767287768658 
v -0.517970331271932 0.4852082791207153 0.7044711930198132 
v -0.5367838385105813 0.4142726777845724 0.7350110605664694 
v -0.619241580743837 0.6283128224052935 0.47091704352143426 
v -0.5524181007968372 0.6696120042590866 0.4964413416146407 
v -0.5819519632455797 0.6074779927073494 0.5406499799786041 
v -0.6696120042590866 0.4964413416146407 0.5524181007968372 
v -0.6074779927073494 0.5406499799786041 0.5819519632455797 
v -0.6283128224052934 0.4709170435214342 0.6192415807438368 
v -0.5406499799786041 0.5819519632455797 0.6074779927073494 
v -0.4709170435214342 0.6192415807438368 0.6283128224052934 
v -0.4964413416146407 0.5524181007968372 0.6696120042590866 
v -0.6074779927073494 0.5406499799786041 0.5819519632455797 
v -0.5819519632455797 0.6074779927073494 0.5406499799786041 
v -0.5406499799786041 0.5819519632455797 0.6074779927073494 
v 0.1321268050122632 0.4841139978878059 0.8649717593345674 
v 0.08165885632250933 0.616240802900069 0.7833129030120582 
v 0.17017668688411783 0.5642820247011268 0.8078525186197923 
v 0.26809587898797715 0.43031070254437553 0.8619497078979897 
v 0.23997963074192474 0.51881190572758 0.8205144625808165 
v 0.2996194649891914 0.49366373746768943 0.8164093890377687 
v 0.20000063936993157 0.6234782639753981 0.7558270957049914 
v 0.16569236545835012 0.6984065815323527 0.6962573424396398 
v 0.23694473217569134 0.6577483182092532 0.7149995411097051 
v 0.23997963074192474 0.51881190572758 0.8205144625808165 
v 0.17017668688411783 0.5642820247011268 0.8078525186197923 
v 0.20000063936993157 0.6234782639753981 0.7558270957049914 
v 0.3714077043079883 0.38133031478920354 0.8465479952155323 
v 0.3536849654459258 0.45286786065549683 0.8184238791743725 
v 0.39858001283084904 0.43047823357969084 0.8098286632281358 
v 0.4582810594728014 0.3340036710810716 0.8236625633309153 
v 0.4429096544168827 0.4069828715215415 0.798871692020939 
v 0.485712214091263 0.3826834323650913 0.7858988711506307 
v 0.4244242155198465 0.4776992441923801 0.7691992702664192 
v 0.40322021134792163 0.545193685849711 0.7349675544336254 
v 0.44825946184331744 0.52249856471595 0.7252990450412241 
v 0.4429096544168827 0.4069828715215415 0.798871692020939 
v 0.39858001283084904 0.43047823357969084 0.8098286632281358 
v 0.4244242155198465 0.4776992441923801 0.7691992702664192 
v 0.25966419076126895 0.6990174444285274 0.6662950700859986 
v 0.22954258494590948 0.7527380190971918 0.617005410269623 
v 0.2874463013187474 0.7214300676143021 0.6300105407056261 
v 0.3716913817465972 0.6277372333714831 0.6839528365131776 
v 0.3445203787028697 0.6868902048107531 0.6399121464650228 
v 0.3997690739569284 0.6494480483301843 0.6468399493133787 
v 0.31494794399722564 0.7419909786587798 0.5918252953033578 
v 0.28323327115450564 0.7922847305538729 0.5404292921764098 
v 0.34143504471222963 0.7604059656000314 0.5524535072947241 
v 0.3445203787028697 0.6868902048107531 0.6399121464650228 
v 0.2874463013187474 0.7214300676143021 0.6300105407056261 
v 0.31494794399722564 0.7419909786587798 0.5918252953033578 
v 0.3536849654459258 0.45286786065549683 0.8184238791743725 
v 0.2996194649891914 0.49366373746768943 0.8164093890377687 
v 0.32523164856504 0.5406572912711436 0.775831211132303 
v 0.40322021134792163 0.545193685849711 0.7349675544336254 
v 0.34966277969004034 0.5855540493152681 0.7313428715930216 
v 0.3716913817465972 0.6277372333714831 0.6839528365131776 
v 0.2937015474268894 0.6232041677195447 0.7248144358220525 
v 0.23694473217569134 0.6577483182092532 0.7149995411097051 
v 0.25966419076126895 0.6990174444285274 0.6662950700859986 
v 0.34966277969004034 0.5855540493152681 0.7313428715930216 
v 0.32523164856504 0.5406572912711436 0.775831211132303 
v 0.2937015474268894 0.6232041677195447 0.7248144358220525 
v 0.5404292921764098 0.2832332711545056 0.792284730553873 
v 0.5524535072947241 0.34143504471222963 0.7604059656000314 
v 0.5918252953033578 0.3149479439972256 0.7419909786587798 
v 0.6170054102696229 0.22954258494590943 0.7527380190971917 
v 0.6300105407056261 0.28744630131874743 0.7214300676143021 
v 0.6662950700859986 0.25966419076126895 0.6990174444285274 
v 0.6399121464650228 0.3445203787028698 0.6868902048107532 
v 0.6468399493133787 0.3997690739569284 0.6494480483301843 
v 0.6839528365131776 0.3716913817465972 0.6277372333714831 
v 0.6300105407056261 0.28744630131874743 0.7214300676143021 
v 0.5918252953033578 0.3149479439972256 0.7419909786587798 
v 0.6399121464650228 0.3445203787028698 0.6868902048107532 
v 0.6962573424396398 0.1656923654583501 0.6984065815323527 
v 0.7149995411097052 0.23694473217569137 0.6577483182092532 
v 0.7558270957049914 0.20000063936993157 0.6234782639753982 
v 0.7833129030120582 0.08165885632250931 0.616240802900069 
v 0.8078525186197923 0.17017668688411783 0.5642820247011268 
v 0.8649717593345674 0.1321268050122632 0.4841139978878059 
v 0.8205144625808165 0.23997963074192474 0.51881190572758 
v 0.8164093890377688 0.2996194649891914 0.4936637374676895 
v 0.8619497078979897 0.26809587898797715 0.43031070254437553 
v 0.8078525186197923 0.17017668688411783 0.5642820247011268 
v 0.7558270957049914 0.20000063936993157 0.6234782639753982 
v 0.8205144625808165 0.23997963074192474 0.51881190572758 
v 0.7349675544336254 0.40322021134792163 0.545193685849711 
v 0.7252990450412241 0.4482594618433174 0.5224985647159499 
v 0.7691992702664192 0.4244242155198465 0.4776992441923801 
v 0.8184238791743725 0.3536849654459258 0.45286786065549683 
v 0.8098286632281358 0.39858001283084904 0.43047823357969084 
v 0.8465479952155323 0.3714077043079883 0.38133031478920354 
v 0.798871692020939 0.4429096544168827 0.4069828715215415 
v 0.7858988711506307 0.485712214091263 0.3826834323650913 
v 0.8236625633309153 0.4582810594728014 0.3340036710810716 
v 0.8098286632281358 0.39858001283084904 0.43047823357969084 
v 0.7691992702664192 0.4244242155198465 0.4776992441923801 
v 0.798871692020939 0.4429096544168827 0.4069828715215415 
v 0.7149995411097052 0.23694473217569137 0.6577483182092532 
v 0.6662950700859986 0.25966419076126895 0.6990174444285274 
v 0.7248144358220525 0.2937015474268894 0.6232041677195447 
v 0.8164093890377688 0.2996194649891914 0.4936637374676895 
v 0.775831211132303 0.32523164856504 0.5406572912711436 
v 0.8184238791743725 0.3536849654459258 0.45286786065549683 
v 0.7313428715930216 0.34966277969004034 0.5855540493152681 
v 0.6839528365131776 0.3716913817465972 0.6277372333714831 
v 0.7349675544336254 0.40322021134792163 0.545193685849711 
v 0.775831211132303 0.32523164856504 0.5406572912711436 
v 0.7248144358220525 0.2937015474268894 0.6232041677195447 
v 0.7313428715930216 0.34966277969004034 0.5855540493152681 
v 0.3826834323650913 0.7858988711506307 0.485712214091263 
v 0.3340036710810716 0.8236625633309153 0.4582810594728014 
v 0.4069828715215415 0.798871692020939 0.4429096544168827 
v 0.52249856471595 0.7252990450412241 0.44825946184331744 
v 0.4776992441923801 0.7691992702664192 0.4244242155198465 
v 0.545193685849711 0.7349675544336254 0.40322021134792163 
v 0.43047823357969084 0.8098286632281358 0.39858001283084904 
v 0.38133031478920354 0.8465479952155323 0.3714077043079883 
v 0.45286786065549683 0.8184238791743725 0.3536849654459258 
v 0.4776992441923801 0.7691992702664192 0.4244242155198465 
v 0.4069828715215415 0.798871692020939 0.4429096544168827 
v 0.43047823357969084 0.8098286632281358 0.39858001283084904 
v 0.6494480483301843 0.6468399493133787 0.3997690739569284 
v 0.6277372333714831 0.6839528365131776 0.3716913817465972 
v 0.6868902048107531 0.6399121464650228 0.3445203787028697 
v 0.7604059656000314 0.5524535072947241 0.34143504471222963 
v 0.7419909786587798 0.5918252953033578 0.31494794399722564 
v 0.7922847305538729 0.5404292921764098 0.28323327115450564 
v 0.7214300676143021 0.6300105407056261 0.2874463013187474 
v 0.6990174444285274 0.6662950700859986 0.25966419076126895 
v 0.7527380190971918 0.617005410269623 0.22954258494590948 
v 0.7419909786587798 0.5918252953033578 0.31494794399722564 
v 0.6868902048107531 0.6399121464650228 0.3445203787028697 
v 0.7214300676143021 0.6300105407056261 0.2874463013187474 
v 0.49366373746768943 0.8164093890377687 0.2996194649891914 
v 0.4303107025443756 0.8619497078979897 0.26809587898797727 
v 0.51881190572758 0.8205144625808165 0.23997963074192474 
v 0.6577483182092532 0.7149995411097052 0.23694473217569137 
v 0.6234782639753982 0.7558270957049914 0.2000006393699316 
v 0.6984065815323527 0.6962573424396398 0.16569236545835012 
v 0.5642820247011269 0.8078525186197922 0.17017668688411783 
v 0.4841139978878059 0.8649717593345675 0.1321268050122632 
v 0.616240802900069 0.7833129030120582 0.08165885632250933 
v 0.6234782639753982 0.7558270957049914 0.2000006393699316 
v 0.51881190572758 0.8205144625808165 0.23997963074192474 
v 0.5642820247011269 0.8078525186197922 0.17017668688411783 
v 0.6277372333714831 0.6839528365131776 0.3716913817465972 
v 0.545193685849711 0.7349675544336254 0.40322021134792163 
v 0.5855540493152681 0.7313428715930216 0.34966277969004034 
v 0.6990174444285274 0.6662950700859986 0.25966419076126895 
v 0.6232041677195447 0.7248144358220525 0.2937015474268894 
v 0.6577483182092532 0.7149995411097052 0.23694473217569137 
v 0.5406572912711436 0.775831211132303 0.32523164856504 
v 0.45286786065549683 0.8184238791743725 0.3536849654459258 
v 0.49366373746768943 0.8164093890377687 0.2996194649891914 
v 0.6232041677195447 0.7248144358220525 0.2937015474268894 
v 0.5855540493152681 0.7313428715930216 0.34966277969004034 
v 0.5406572912711436 0.775831211132303 0.32523164856504 
v 0.5524535072947241 0.34143504471222963 0.7604059656000314 
v 0.485712214091263 0.3826834323650913 0.7858988711506307 
v 0.5367838385105813 0.4142726777845724 0.7350110605664694 
v 0.6468399493133787 0.3997690739569284 0.6494480483301843 
v 0.5847157051849383 0.4439573694506565 0.6789767287768658 
v 0.6283128224052934 0.4709170435214342 0.6192415807438368 
v 0.517970331271932 0.4852082791207153 0.7044711930198132 
v 0.44825946184331744 0.52249856471595 0.7252990450412241 
v 0.4964413416146407 0.5524181007968372 0.6696120042590866 
v 0.5847157051849383 0.4439573694506565 0.6789767287768658 
v 0.5367838385105813 0.4142726777845724 0.7350110605664694 
v 0.517970331271932 0.4852082791207153 0.7044711930198132 
v 0.7252990450412241 0.4482594618433174 0.5224985647159499 
v 0.6696120042590866 0.4964413416146407 0.5524181007968372 
v 0.7044711930198132 0.517970331271932 0.4852082791207153 
v 0.7858988711506307 0.485712214091263 0.3826834323650913 
v 0.7350110605664694 0.5367838385105813 0.4142726777845724 
v 0.7604059656000314 0.5524535072947241 0.34143504471222963 
v 0.6789767287768658 0.5847157051849383 0.4439573694506565 
v 0.619241580743837 0.6283128224052935 0.47091704352143426 
v 0.6494480483301843 0.6468399493133787 0.3997690739569284 
v 0.7350110605664694 0.5367838385105813 0.4142726777845724 
v 0.7044711930198132 0.517970331271932 0.4852082791207153 
v 0.6789767287768658 0.5847157051849383 0.4439573694506565 
v 0.4709170435214342 0.6192415807438368 0.6283128224052934 
v 0.3997690739569284 0.6494480483301843 0.6468399493133787 
v 0.4439573694506565 0.6789767287768658 0.5847157051849383 
v 0.5524181007968372 0.6696120042590866 0.4964413416146407 
v 0.4852082791207153 0.7044711930198132 0.517970331271932 
v 0.52249856471595 0.7252990450412241 0.44825946184331744 
v 0.4142726777845724 0.7350110605664694 0.5367838385105813 
v 0.34143504471222963 0.7604059656000314 0.5524535072947241 
v 0.3826834323650913 0.7858988711506307 0.485712214091263 
v 0.4852082791207153 0.7044711930198132 0.517970331271932 
v 0.4439573694506565 0.6789767287768658 0.5847157051849383 
v 0.4142726777845724 0.7350110605664694 0.5367838385105813 
v 0.6696120042590866 0.4964413416146407 0.5524181007968372 
v 0.6283128224052934 0.4709170435214342 0.6192415807438368 
v 0.6074779927073494 0.5406499799786041 0.5819519632455797 
v 0.619241580743837 0.6283128224052935 0.47091704352143426 
v 0.5819519632455797 0.6074779927073494 0.5406499799786041 
v 0.5524181007968372 0.6696120042590866 0.4964413416146407 
v 0.5406499799786041 0.5819519632455797 0.6074779927073494 
v 0.4964413416146407 0.5524181007968372 0.6696120042590866 
v 0.4709170435214342 0.6192415807438368 0.6283128224052934 
v 0.5819519632455797 0.6074779927073494 0.5406499799786041 
v 0.6074779927073494 0.5406499799786041 0.5819519632455797 
v 0.5406499799786041 0.5819519632455797 0.6074779927073494 
v -0.1321268050122632 0.4841139978878059 -0.8649717593345674 
v -0.08165885632250933 0.616240802900069 -0.7833129030120582 
v -0.17017668688411783 0.5642820247011268 -0.8078525186197923 
v -0.26809587898797715 0.43031070254437553 -0.8619497078979897 
v -0.23997963074192474 0.51881190572758 -0.8205144625808165 
v -0.2996194649891914 0.49366373746768943 -0.8164093890377687 
v -0.20000063936993157 0.6234782639753981 -0.7558270957049914 
v -0.16569236545835012 0.6984065815323527 -0.6962573424396398 
v -0.23694473217569134 0.6577483182092532 -0.7149995411097051 
v -0.23997963074192474 0.51881190572758 -0.8205144625808165 
v -0.17017668688411783 0.5642820247011268 -0.8078525186197923 
v -0.20000063936993157 0.6234782639753981 -0.7558270957049914 
v -0.3714077043079883 0.38133031478920354 -0.8465479952155323 
v -0.3536849654459258 0.45286786065549683 -0.8184238791743725 
v -0.39858001283084904 0.43047823357969084 -0.8098286632281358 
v -0.4582810594728014 0.3340036710810716 -0.8236625633309153 
v -0.4429096544168827 0.4069828715215415 -0.798871692020939 
v -0.485712214091263 0.3826834323650913 -0.7858988711506307 
v -0.4244242155198465 0.4776992441923801 -0.7691992702664192 
v -0.40322021134792163 0.545193685849711 -0.7349675544336254 
v -0.44825946184331744 0.52249856471595 -0.7252990450412241 
v -0.4429096544168827 0.4069828715215415 -0.798871692020939 
v -0.39858001283084904 0.43047823357969084 -0.8098286632281358 
v -0.4244242155198465 0.4776992441923801 -0.7691992702664192 
v -0.25966419076126895 0.6990174444285274 -0.6662950700859986 
v -0.22954258494590948 0.7527380190971918 -0.617005410269623 
v -0.2874463013187474 0.7214300676143021 -0.6300105407056261 
v -0.3716913817465972 0.6277372333714831 -0.6839528365131776 
v -0.3445203787028697 0.6868902048107531 -0.6399121464650228 
v -0.3997690739569284 0.6494480483301843 -0.6468399493133787 
v -0.31494794399722564 0.7419909786587798 -0.5918252953033578 
v -0.28323327115450564 0.7922847305538729 -0.5404292921764098 
v -0.34143504471222963 0.7604059656000314 -0.5524535072947241 
v -0.3445203787028697 0.6868902048107531 -0.6399121464650228 
v -0.2874463013187474 0.7214300676143021 -0.6300105407056261 
v -0.31494794399722564 0.7419909786587798 -0.5918252953033578 
v -0.3536849654459258 0.45286786065549683 -0.8184238791743725 
v -0.2996194649891914 0.49366373746768943 -0.8164093890377687 
v -0.32523164856504 0.5406572912711436 -0.775831211132303 
v -0.40322021134792163 0.545193685849711 -0.7349675544336254 
v -0.34966277969004034 0.5855540493152681 -0.7313428715930216 
v -0.3716913817465972 0.6277372333714831 -0.6839528365131776 
v -0.2937015474268894 0.6232041677195447 -0.7248144358220525 
v -0.23694473217569134 0.6577483182092532 -0.7149995411097051 
v -0.25966419076126895 0.6990174444285274 -0.6662950700859986 
v -0.34966277969004034 0.5855540493152681 -0.7313428715930216 
v -0.32523164856504 0.5406572912711436 -0.775831211132303 
v -0.2937015474268894 0.6232041677195447 -0.7248144358220525 
v -0.5404292921764098 0.2832332711545056 -0.792284730553873 
v -0.5524535072947241 0.34143504471222963 -0.7604059656000314 
v -0.5918252953033578 0.3149479439972256 -0.7419909786587798 
v -0.6170054102696229 0.22954258494590943 -0.7527380190971917 
v -0.6300105407056261 0.28744630131874743 -0.7214300676143021 
v -0.6662950700859986 0.25966419076126895 -0.6990174444285274 
v -0.6399121464650228 0.3445203787028698 -0.6868902048107532 
v -0.6468399493133787 0.3997690739569284 -0.6494480483301843 
v -0.6839528365131776 0.3716913817465972 -0.6277372333714831 
v -0.6300105407056261 0.28744630131874743 -0.7214300676143021 
v -0.5918252953033578 0.3149479439972256 -0.7419909786587798 
v -0.6399121464650228 0.3445203787028698 -0.6868902048107532 
v -0.6962573424396398 0.1656923654583501 -0.6984065815323527 
v -0.7149995411097052 0.23694473217569137 -0.6577483182092532 
v -0.7558270957049914 0.20000063936993157 -0.6234782639753982 
v -0.7833129030120582 0.08165885632250931 -0.616240802900069 
v -0.8078525186197923 0.17017668688411783 -0.5642820247011268 
v -0.8649717593345674 0.1321268050122632 -0.4841139978878059 
v -0.8205144625808165 0.23997963074192474 -0.51881190572758 
v -0.8164093890377688 0.2996194649891914 -0.4936637374676895 
v -0.8619497078979897 0.26809587898797715 -0.43031070254437553 
v -0.8078525186197923 0.17017668688411783 -0.5642820247011268 
v -0.7558270957049914 0.20000063936993157 -0.6234782639753982 
v -0.8205144625808165 0.23997963074192474 -0.51881190572758 
v -0.7349675544336254 0.40322021134792163 -0.545193685849711 
v -0.7252990450412241 0.4482594618433174 -0.5224985647159499 
v -0.7691992702664192 0.4244242155198465 -0.4776992441923801 
v -0.8184238791743725 0.3536849654459258 -0.45286786065549683 
v -0.8098286632281358 0.39858001283084904 -0.43047823357969084 
v -0.8465479952155323 0.3714077043079883 -0.38133031478920354 
v -0.798871692020939 0.4429096544168827 -0.4069828715215415 
v -0.7858988711506307 0.485712214091263 -0.3826834323650913 
v -0.8236625633309153 0.4582810594728014 -0.3340036710810716 
v -0.8098286632281358 0.39858001283084904 -0.43047823357969084 
v -0.7691992702664192 0.4244242155198465 -0.4776992441923801 
v -0.798871692020939 0.4429096544168827 -0.4069828715215415 
v -0.7149995411097052 0.23694473217569137 -0.6577483182092532 
v -0.6662950700859986 0.25966419076126895 -0.6990174444285274 
v -0.7248144358220525 0.2937015474268894 -0.6232041677195447 
v -0.8164093890377688 0.2996194649891914 -0.4936637374676895 
v -0.775831211132303 0.32523164856504 -0.5406572912711436 
v -0.8184238791743725 0.3536849654459258 -0.45286786065549683 
v -0.7313428715930216 0.34966277969004034 -0.5855540493152681 
v -0.6839528365131776 0.3716913817465972 -0.6277372333714831 
v -0.7349675544336254 0.40322021134792163 -0.545193685849711 
v -0.775831211132303 0.32523164856504 -0.5406572912711436 
v -0.7248144358220525 0.2937015474268894 -0.6232041677195447 
v -0.7313428715930216 0.34966277969004034 -0.5855540493152681 
v -0.3826834323650913 0.7858988711506307 -0.485712214091263 
v -0.3340036710810716 0.8236625633309153 -0.4582810594728014 
v -0.4069828715215415 0.798871692020939 -0.4429096544168827 
v -0.52249856471595 0.7252990450412241 -0.44825946184331744 
v -0.4776992441923801 0.7691992702664192 -0.4244242155198465 
v -0.545193685849711 0.7349675544336254 -0.40322021134792163 
v -0.43047823357969084 0.8098286632281358 -0.39858001283084904 
v -0.38133031478920354 0.8465479952155323 -0.3714077043079883 
v -0.45286786065549683 0.8184238791743725 -0.3536849654459258 
v -0.4776992441923801 0.7691992702664192 -0.4244242155198465 
v -0.4069828715215415 0.798871692020939 -0.4429096544168827 
v -0.43047823357969084 0.8098286632281358 -0.39858001283084904 
v -0.6494480483301843 0.6468399493133787 -0.3997690739569284 
v -0.6277372333714831 0.6839528365131776 -0.3716913817465972 
v -0.6868902048107531 0.6399121464650228 -0.3445203787028697 
v -0.7604059656000314 0.5524535072947241 -0.34143504471222963 
v -0.7419909786587798 0.5918252953033578 -0.31494794399722564 
v -0.7922847305538729 0.5404292921764098 -0.28323327115450564 
v -0.7214300676143021 0.6300105407056261 -0.2874463013187474 
v -0.6990174444285274 0.6662950700859986 -0.25966419076126895 
v -0.7527380190971918 0.617005410269623 -0.22954258494590948 
v -0.7419909786587798 0.5918252953033578 -0.31494794399722564 
v -0.6868902048107531 0.6399121464650228 -0.3445203787028697 
v -0.7214300676143021 0.6300105407056261 -0.2874463013187474 
v -0.49366373746768943 0.8164093890377687 -0.2996194649891914 
v -0.4303107025443756 0.8619497078979897 -0.26809587898797727 
v -0.51881190572758 0.8205144625808165 -0.23997963074192474 
v -0.6577483182092532 0.7149995411097052 -0.23694473217569137 
v -0.6234782639753982 0.7558270957049914 -0.2000006393699316 
v -0.6984065815323527 0.6962573424396398 -0.16569236545835012 
v -0.5642820247011269 0.8078525186197922 -0.17017668688411783 
v -0.4841139978878059 0.8649717593345675 -0.1321268050122632 
v -0.616240802900069 0.7833129030120582 -0.08165885632250933 
v -0.6234782639753982 0.7558270957049914 -0.2000006393699316 
v -0.51881190572758 0.8205144625808165 -0.23997963074192474 
v -0.5642820247011269 0.8078525186197922 -0.17017668688411783 
v -0.6277372333714831 0.6839528365131776 -0.3716913817465972 
v -0.545193685849711 0.7349675544336254 -0.40322021134792163 
v -0.5855540493152681 0.7313428715930216 -0.34966277969004034 
v -0.6990174444285274 0.6662950700859986 -0.25966419076126895 
v -0.6232041677195447 0.7248144358220525 -0.2937015474268894 
v -0.6577483182092532 0.7149995411097052 -0.23694473217569137 
v -0.5406572912711436 0.775831211132303 -0.32523164856504 
v -0.45286786065549683 0.8184238791743725 -0.3536849654459258 
v -0.49366373746768943 0.8164093890377687 -0.2996194649891914 
v -0.6232041677195447 0.7248144358220525 -0.2937015474268894 
v -0.5855540493152681 0.7313428715930216 -0.34966277969004034 
v -0.5406572912711436 0.775831211132303 -0.32523164856504 
v -0.5524535072947241 0.34143504471222963 -0.7604059656000314 
v -0.485712214091263 0.3826834323650913 -0.7858988711506307 
v -0.5367838385105813 0.4142726777845724 -0.7350110605664694 
v -0.6468399493133787 0.3997690739569284 -0.6494480483301843 
v -0.5847157051849383 0.4439573694506565 -0.6789767287768658 
v -0.6283128224052934 0.4709170435214342 -0.6192415807438368 
v -0.517970331271932 0.4852082791207153 -0.7044711930198132 
v -0.44825946184331744 0.52249856471595 -0.7252990450412241 
v -0.4964413416146407 0.5524181007968372 -0.6696120042590866 
v -0.5847157051849383 0.4439573694506565 -0.6789767287768658 
v -0.5367838385105813 0.4142726777845724 -0.7350110605664694 
v -0.517970331271932 0.4852082791207153 -0.7044711930198132 
v -0.7252990450412241 0.4482594618433174 -0.5224985647159499 
v -0.6696120042590866 0.4964413416146407 -0.5524181007968372 
v -0.7044711930198132 0.517970331271932 -0.4852082791207153 
v -0.7858988711506307 0.485712214091263 -0.3826834323650913 
v -0.7350110605664694 0.5367838385105813 -0.4142726777845724 
v -0.7604059656000314 0.5524535072947241 -0.34143504471222963 
v -0.6789767287768658 0.5847157051849383 -0.4439573694506565 
v -0.619241580743837 0.6283128224052935 -0.47091704352143426 
v -0.6494480483301843 0.6468399493133787 -0.3997690739569284 
v -0.7350110605664694 0.5367838385105813 -0.4142726777845724 
v -0.7044711930198132 0.517970331271932 -0.4852082791207153 
v -0.6789767287768658 0.5847157051849383 -0.4439573694506565 
v -0.4709170435214342 0.6192415807438368 -0.6283128224052934 
v -0.3997690739569284 0.6494480483301843 -0.6468399493133787 
v -0.4439573694506565 0.6789767287768658 -0.5847157051849383 
v -0.5524181007968372 0.6696120042590866 -0.4964413416146407 
v -0.4852082791207153 0.7044711930198132 -0.517970331271932 
v -0.52249856471595 0.7252990450412241 -0.44825946184331744 
v -0.4142726777845724 0.7350110605664694 -0.5367838385105813 
v -0.34143504471222963 0.7604059656000314 -0.5524535072947241 
v -0.3826834323650913 0.7858988711506307 -0.485712214091263 
v -0.4852082791207153 0.7044711930198132 -0.517970331271932 
v -0.4439573694506565 0.6789767287768658 -0.5847157051849383 
v -0.4142726777845724 0.7350110605664694 -0.5367838385105813 
v -0.6696120042590866 0.4964413416146407 -0.5524181007968372 
v -0.6283128224052934 0.4709170435214342 -0.6192415807438368 
v -0.6074779927073494 0.5406499799786041 -0.5819519632455797 
v -0.619241580743837 0.6283128224052935 -0.47091704352143426 
v -0.5819519632455797 0.6074779927073494 -0.5406499799786041 
v -0.5524181007968372 0.6696120042590866 -0.4964413416146407 
v -0.5406499799786041 0.5819519632455797 -0.6074779927073494 
v -0.4964413416146407 0.5524181007968372 -0.6696120042590866 
v -0.4709170435214342 0.6192415807438368 -0.6283128224052934 
v -0.5819519632455797 0.6074779927073494 -0.5406499799786041 
v -0.6074779927073494 0.5406499799786041 -0.5819519632455797 
v -0.5406499799786041 0.5819519632455797 -0.6074779927073494 
v 0.08165885632250933 0.616240802900069 -0.7833129030120582 
v 0.1321268050122632 0.4841139978878059 -0.8649717593345674 
v 0.17017668688411783 0.5642820247011268 -0.8078525186197923 
v 0.16569236545835012 0.6984065815323527 -0.6962573424396398 
v 0.20000063936993157 0.6234782639753981 -0.7558270957049914 
v 0.23694473217569134 0.6577483182092532 -0.7149995411097051 
v 0.23997963074192474 0.51881190572758 -0.8205144625808165 
v 0.26809587898797715 0.43031070254437553 -0.8619497078979897 
v 0.2996194649891914 0.49366373746768943 -0.8164093890377687 
v 0.20000063936993157 0.6234782639753981 -0.7558270957049914 
v 0.17017668688411783 0.5642820247011268 -0.8078525186197923 
v 0.23997963074192474 0.51881190572758 -0.8205144625808165 
v 0.22954258494590948 0.7527380190971918 -0.617005410269623 
v 0.25966419076126895 0.6990174444285274 -0.6662950700859986 
v 0.2874463013187474 0.7214300676143021 -0.6300105407056261 
v 0.28323327115450564 0.7922847305538729 -0.5404292921764098 
v 0.31494794399722564 0.7419909786587798 -0.5918252953033578 
v 0.34143504471222963 0.7604059656000314 -0.5524535072947241 
v 0.3445203787028697 0.6868902048107531 -0.6399121464650228 
v 0.3716913817465972 0.6277372333714831 -0.6839528365131776 
v 0.3997690739569284 0.6494480483301843 -0.6468399493133787 
v 0.31494794399722564 0.7419909786587798 -0.5918252953033578 
v 0.2874463013187474 0.7214300676143021 -0.6300105407056261 
v 0.3445203787028697 0.6868902048107531 -0.6399121464650228 
v 0.3536849654459258 0.45286786065549683 -0.8184238791743725 
v 0.3714077043079883 0.38133031478920354 -0.8465479952155323 
v 0.39858001283084904 0.43047823357969084 -0.8098286632281358 
v 0.40322021134792163 0.545193685849711 -0.7349675544336254 
v 0.4244242155198465 0.4776992441923801 -0.7691992702664192 
v 0.44825946184331744 0.52249856471595 -0.7252990450412241 
v 0.4429096544168827 0.4069828715215415 -0.798871692020939 
v 0.4582810594728014 0.3340036710810716 -0.8236625633309153 
v 0.485712214091263 0.3826834323650913 -0.7858988711506307 
v 0.4244242155198465 0.4776992441923801 -0.7691992702664192 
v 0.39858001283084904 0.43047823357969084 -0.8098286632281358 
v 0.4429096544168827 0.4069828715215415 -0.798871692020939 
v 0.25966419076126895 0.6990174444285274 -0.6662950700859986 
v 0.23694473217569134 0.6577483182092532 -0.7149995411097051 
v 0.2937015474268894 0.6232041677195447 -0.7248144358220525 
v 0.3716913817465972 0.6277372333714831 -0.6839528365131776 
v 0.34966277969004034 0.5855540493152681 -0.7313428715930216 
v 0.40322021134792163 0.545193685849711 -0.7349675544336254 
v 0.32523164856504 0.5406572912711436 -0.775831211132303 
v 0.2996194649891914 0.49366373746768943 -0.8164093890377687 
v 0.3536849654459258 0.45286786065549683 -0.8184238791743725 
v 0.34966277969004034 0.5855540493152681 -0.7313428715930216 
v 0.2937015474268894 0.6232041677195447 -0.7248144358220525 
v 0.32523164856504 0.5406572912711436 -0.775831211132303 
v 0.3340036710810716 0.8236625633309153 -0.4582810594728014 
v 0.3826834323650913 0.7858988711506307 -0.485712214091263 
v 0.4069828715215415 0.798871692020939 -0.4429096544168827 
v 0.38133031478920354 0.8465479952155323 -0.3714077043079883 
v 0.43047823357969084 0.8098286632281358 -0.39858001283084904 
v 0.45286786065549683 0.8184238791743725 -0.3536849654459258 
v 0.4776992441923801 0.7691992702664192 -0.4244242155198465 
v 0.52249856471595 0.7252990450412241 -0.44825946184331744 
v 0.545193685849711 0.7349675544336254 -0.40322021134792163 
v 0.43047823357969084 0.8098286632281358 -0.39858001283084904 
v 0.4069828715215415 0.798871692020939 -0.4429096544168827 
v 0.4776992441923801 0.7691992702664192 -0.4244242155198465 
v 0.4303107025443756 0.8619497078979897 -0.26809587898797727 
v 0.49366373746768943 0.8164093890377687 -0.2996194649891914 
v 0.51881190572758 0.8205144625808165 -0.23997963074192474 
v 0.4841139978878059 0.8649717593345675 -0.1321268050122632 
v 0.5642820247011269 0.8078525186197922 -0.17017668688411783 
v 0.616240802900069 0.7833129030120582 -0.08165885632250933 
v 0.6234782639753982 0.7558270957049914 -0.2000006393699316 
v 0.6577483182092532 0.7149995411097052 -0.23694473217569137 
v 0.6984065815323527 0.6962573424396398 -0.16569236545835012 
v 0.5642820247011269 0.8078525186197922 -0.17017668688411783 
v 0.51881190572758 0.8205144625808165 -0.23997963074192474 
v 0.6234782639753982 0.7558270957049914 -0.2000006393699316 
v 0.6277372333714831 0.6839528365131776 -0.3716913817465972 
v 0.6494480483301843 0.6468399493133787 -0.3997690739569284 
v 0.6868902048107531 0.6399121464650228 -0.3445203787028697 
v 0.6990174444285274 0.6662950700859986 -0.25966419076126895 
v 0.7214300676143021 0.6300105407056261 -0.2874463013187474 
v 0.7527380190971918 0.617005410269623 -0.22954258494590948 
v 0.7419909786587798 0.5918252953033578 -0.31494794399722564 
v 0.7604059656000314 0.5524535072947241 -0.34143504471222963 
v 0.7922847305538729 0.5404292921764098 -0.28323327115450564 
v 0.7214300676143021 0.6300105407056261 -0.2874463013187474 
v 0.6868902048107531 0.6399121464650228 -0.3445203787028697 
v 0.7419909786587798 0.5918252953033578 -0.31494794399722564 
v 0.49366373746768943 0.8164093890377687 -0.2996194649891914 
v 0.45286786065549683 0.8184238791743725 -0.3536849654459258 
v 0.5406572912711436 0.775831211132303 -0.32523164856504 
v 0.6577483182092532 0.7149995411097052 -0.23694473217569137 
v 0.6232041677195447 0.7248144358220525 -0.2937015474268894 
v 0.6990174444285274 0.6662950700859986 -0.25966419076126895 
v 0.5855540493152681 0.7313428715930216 -0.34966277969004034 
v 0.545193685849711 0.7349675544336254 -0.40322021134792163 
v 0.6277372333714831 0.6839528365131776 -0.3716913817465972 
v 0.6232041677195447 0.7248144358220525 -0.2937015474268894 
v 0.5406572912711436 0.775831211132303 -0.32523164856504 
v 0.5855540493152681 0.7313428715930216 -0.34966277969004034 
v 0.5524535072947241 0.34143504471222963 -0.7604059656000314 
v 0.5404292921764098 0.2832332711545056 -0.792284730553873 
v 0.5918252953033578 0.3149479439972256 -0.7419909786587798 
v 0.6468399493133787 0.3997690739569284 -0.6494480483301843 
v 0.6399121464650228 0.3445203787028698 -0.6868902048107532 
v 0.6839528365131776 0.3716913817465972 -0.6277372333714831 
v 0.6300105407056261 0.28744630131874743 -0.7214300676143021 
v 0.6170054102696229 0.22954258494590943 -0.7527380190971917 
v 0.6662950700859986 0.25966419076126895 -0.6990174444285274 
v 0.6399121464650228 0.3445203787028698 -0.6868902048107532 
v 0.5918252953033578 0.3149479439972256 -0.7419909786587798 
v 0.6300105407056261 0.28744630131874743 -0.7214300676143021 
v 0.7252990450412241 0.4482594618433174 -0.5224985647159499 
v 0.7349675544336254 0.40322021134792163 -0.545193685849711 
v 0.7691992702664192 0.4244242155198465 -0.4776992441923801 
v 0.7858988711506307 0.485712214091263 -0.3826834323650913 
v 0.798871692020939 0.4429096544168827 -0.4069828715215415 
v 0.8236625633309153 0.4582810594728014 -0.3340036710810716 
v 0.8098286632281358 0.39858001283084904 -0.43047823357969084 
v 0.8184238791743725 0.3536849654459258 -0.45286786065549683 
v 0.8465479952155323 0.3714077043079883 -0.38133031478920354 
v 0.798871692020939 0.4429096544168827 -0.4069828715215415 
v 0.7691992702664192 0.4244242155198465 -0.4776992441923801 
v 0.8098286632281358 0.39858001283084904 -0.43047823357969084 
v 0.7149995411097052 0.23694473217569137 -0.6577483182092532 
v 0.6962573424396398 0.1656923654583501 -0.6984065815323527 
v 0.7558270957049914 0.20000063936993157 -0.6234782639753982 
v 0.8164093890377688 0.2996194649891914 -0.4936637374676895 
v 0.8205144625808165 0.23997963074192474 -0.51881190572758 
v 0.8619497078979897 0.26809587898797715 -0.43031070254437553 
v 0.8078525186197923 0.17017668688411783 -0.5642820247011268 
v 0.7833129030120582 0.08165885632250931 -0.616240802900069 
v 0.8649717593345674 0.1321268050122632 -0.4841139978878059 
v 0.8205144625808165 0.23997963074192474 -0.51881190572758 
v 0.7558270957049914 0.20000063936993157 -0.6234782639753982 
v 0.8078525186197923 0.17017668688411783 -0.5642820247011268 
v 0.7349675544336254 0.40322021134792163 -0.545193685849711 
v 0.6839528365131776 0.3716913817465972 -0.6277372333714831 
v 0.7313428715930216 0.34966277969004034 -0.5855540493152681 
v 0.8184238791743725 0.3536849654459258 -0.45286786065549683 
v 0.775831211132303 0.32523164856504 -0.5406572912711436 
v 0.8164093890377688 0.2996194649891914 -0.4936637374676895 
v 0.7248144358220525 0.2937015474268894 -0.6232041677195447 
v 0.6662950700859986 0.25966419076126895 -0.6990174444285274 
v 0.7149995411097052 0.23694473217569137 -0.6577483182092532 
v 0.775831211132303 0.32523164856504 -0.5406572912711436 
v 0.7313428715930216 0.34966277969004034 -0.5855540493152681 
v 0.7248144358220525 0.2937015474268894 -0.6232041677195447 
v 0.3826834323650913 0.7858988711506307 -0.485712214091263 
v 0.34143504471222963 0.7604059656000314 -0.5524535072947241 
v 0.4142726777845724 0.7350110605664694 -0.5367838385105813 
v 0.52249856471595 0.7252990450412241 -0.44825946184331744 
v 0.4852082791207153 0.7044711930198132 -0.517970331271932 
v 0.5524181007968372 0.6696120042590866 -0.4964413416146407 
v 0.4439573694506565 0.6789767287768658 -0.5847157051849383 
v 0.3997690739569284 0.6494480483301843 -0.6468399493133787 
v 0.4709170435214342 0.6192415807438368 -0.6283128224052934 
v 0.4852082791207153 0.7044711930198132 -0.517970331271932 
v 0.4142726777845724 0.7350110605664694 -0.5367838385105813 
v 0.4439573694506565 0.6789767287768658 -0.5847157051849383 
v 0.6494480483301843 0.6468399493133787 -0.3997690739569284 
v 0.619241580743837 0.6283128224052935 -0.47091704352143426 
v 0.6789767287768658 0.5847157051849383 -0.4439573694506565 
v 0.7604059656000314 0.5524535072947241 -0.34143504471222963 
v 0.7350110605664694 0.5367838385105813 -0.4142726777845724 
v 0.7858988711506307 0.485712214091263 -0.3826834323650913 
v 0.7044711930198132 0.517970331271932 -0.4852082791207153 
v 0.6696120042590866 0.4964413416146407 -0.5524181007968372 
v 0.7252990450412241 0.4482594618433174 -0.5224985647159499 
v 0.7350110605664694 0.5367838385105813 -0.4142726777845724 
v 0.6789767287768658 0.5847157051849383 -0.4439573694506565 
v 0.7044711930198132 0.517970331271932 -0.4852082791207153 
v 0.4964413416146407 0.5524181007968372 -0.6696120042590866 
v 0.44825946184331744 0.52249856471595 -0.7252990450412241 
v 0.517970331271932 0.4852082791207153 -0.7044711930198132 
v 0.6283128224052934 0.4709170435214342 -0.6192415807438368 
v 0.5847157051849383 0.4439573694506565 -0.6789767287768658 
v 0.6468399493133787 0.3997690739569284 -0.6494480483301843 
v 0.5367838385105813 0.4142726777845724 -0.7350110605664694 
v 0.485712214091263 0.3826834323650913 -0.7858988711506307 
v 0.5524535072947241 0.34143504471222963 -0.7604059656000314 
v 0.5847157051849383 0.4439573694506565 -0.6789767287768658 
v 0.517970331271932 0.4852082791207153 -0.7044711930198132 
v 0.5367838385105813 0.4142726777845724 -0.7350110605664694 
v 0.619241580743837 0.6283128224052935 -0.47091704352143426 
v 0.5524181007968372 0.6696120042590866 -0.4964413416146407 
v 0.5819519632455797 0.6074779927073494 -0.5406499799786041 
v 0.6696120042590866 0.4964413416146407 -0.5524181007968372 
v 0.6074779927073494 0.5406499799786041 -0.5819519632455797 
v 0.6283128224052934 0.4709170435214342 -0.6192415807438368 
v 0.5406499799786041 0.5819519632455797 -0.6074779927073494 
v 0.4709170435214342 0.6192415807438368 -0.6283128224052934 
v 0.4964413416146407 0.5524181007968372 -0.6696120042590866 
v 0.6074779927073494 0.5406499799786041 -0.5819519632455797 
v 0.5819519632455797 0.6074779927073494 -0.5406499799786041 
v 0.5406499799786041 0.5819519632455797 -0.6074779927073494 
v -0.08165885632250933 -0.616240802900069 -0.7833129030120582 
v -0.1321268050122632 -0.4841139978878059 -0.8649717593345674 
v -0.17017668688411783 -0.5642820247011268 -0.8078525186197923 
v -0.16569236545835012 -0.6984065815323527 -0.6962573424396398 
v -0.20000063936993157 -0.6234782639753981 -0.7558270957049914 
v -0.23694473217569134 -0.6577483182092532 -0.7149995411097051 
v -0.23997963074192474 -0.51881190572758 -0.8205144625808165 
v -0.26809587898797715 -0.43031070254437553 -0.8619497078979897 
v -0.2996194649891914 -0.49366373746768943 -0.8164093890377687 
v -0.20000063936993157 -0.6234782639753981 -0.7558270957049914 
v -0.17017668688411783 -0.5642820247011268 -0.8078525186197923 
v -0.23997963074192474 -0.51881190572758 -0.8205144625808165 
v -0.22954258494590948 -0.7527380190971918 -0.617005410269623 
v -0.25966419076126895 -0.6990174444285274 -0.6662950700859986 
v -0.2874463013187474 -0.7214300676143021 -0.6300105407056261 
v -0.28323327115450564 -0.7922847305538729 -0.5404292921764098 
v -0.31494794399722564 -0.7419909786587798 -0.5918252953033578 
v -0.34143504471222963 -0.7604059656000314 -0.5524535072947241 
v -0.3445203787028697 -0.6868902048107531 -0.6399121464650228 
v -0.3716913817465972 -0.6277372333714831 -0.6839528365131776 
v -0.3997690739569284 -0.6494480483301843 -0.6468399493133787 
v -0.31494794399722564 -0.7419909786587798 -0.5918252953033578 
v -0.2874463013187474 -0.7214300676143021 -0.6300105407056261 
v -0.3445203787028697 -0.6868902048107531 -0.6399121464650228 
v -0.3536849654459258 -0.45286786065549683 -0.8184238791743725 
v -0.3714077043079883 -0.38133031478920354 -0.8465479952155323 
v -0.39858001283084904 -0.43047823357969084 -0.8098286632281358 
v -0.40322021134792163 -0.545193685849711 -0.7349675544336254 
v -0.4244242155198465 -0.4776992441923801 -0.7691992702664192 
v -0.44825946184331744 -0.52249856471595 -0.7252990450412241 
v -0.4429096544168827 -0.4069828715215415 -0.798871692020939 
v -0.4582810594728014 -0.3340036710810716 -0.8236625633309153 
v -0.485712214091263 -0.3826834323650913 -0.7858988711506307 
v -0.4244242155198465 -0.4776992441923801 -0.7691992702664192 
v -0.39858001283084904 -0.43047823357969084 -0.8098286632281358 
v -0.4429096544168827 -0.4069828715215415 -0.798871692020939 
v -0.25966419076126895 -0.6990174444285274 -0.6662950700859986 
v -0.23694473217569134 -0.6577483182092532 -0.7149995411097051 
v -0.2937015474268894 -0.6232041677195447 -0.7248144358220525 
v -0.3716913817465972 -0.6277372333714831 -0.6839528365131776 
v -0.34966277969004034 -0.5855540493152681 -0.7313428715930216 
v -0.40322021134792163 -0.545193685849711 -0.7349675544336254 
v -0.32523164856504 -0.5406572912711436 -0.775831211132303 
v -0.2996194649891914 -0.49366373746768943 -0.8164093890377687 
v -0.3536849654459258 -0.45286786065549683 -0.8184238791743725 
v -0.34966277969004034 -0.5855540493152681 -0.7313428715930216 
v -0.2937015474268894 -0.6232041677195447 -0.7248144358220525 
v -0.32523164856504 -0.5406572912711436 -0.775831211132303 
v -0.3340036710810716 -0.8236625633309153 -0.4582810594728014 
v -0.3826834323650913 -0.7858988711506307 -0.485712214091263 
v -0.4069828715215415 -0.798871692020939 -0.4429096544168827 
v -0.38133031478920354 -0.8465479952155323 -0.3714077043079883 
v -0.43047823357969084 -0.8098286632281358 -0.39858001283084904 
v -0.45286786065549683 -0.8184238791743725 -0.3536849654459258 
v -0.4776992441923801 -0.7691992702664192 -0.4244242155198465 
v -0.52249856471595 -0.7252990450412241 -0.44825946184331744 
v -0.545193685849711 -0.7349675544336254 -0.40322021134792163 
v -0.43047823357969084 -0.8098286632281358 -0.39858001283084904 
v -0.4069828715215415 -0.798871692020939 -0.4429096544168827 
v -0.4776992441923801 -0.7691992702664192 -0.4244242155198465 
v -0.4303107025443756 -0.8619497078979897 -0.26809587898797727 
v -0.49366373746768943 -0.8164093890377687 -0.2996194649891914 
v -0.51881190572758 -0.8205144625808165 -0.23997963074192474 
v -0.4841139978878059 -0.8649717593345675 -0.1321268050122632 
v -0.5642820247011269 -0.8078525186197922 -0.17017668688411783 
v -0.616240802900069 -0.7833129030120582 -0.08165885632250933 
v -0.6234782639753982 -0.7558270957049914 -0.2000006393699316 
v -0.6577483182092532 -0.7149995411097052 -0.23694473217569137 
v -0.6984065815323527 -0.6962573424396398 -0.16569236545835012 
v -0.5642820247011269 -0.8078525186197922 -0.17017668688411783 
v -0.51881190572758 -0.8205144625808165 -0.23997963074192474 
v -0.6234782639753982 -0.7558270957049914 -0.2000006393699316 
v -0.6277372333714831 -0.6839528365131776 -0.3716913817465972 
v -0.6494480483301843 -0.6468399493133787 -0.3997690739569284 
v -0.6868902048107531 -0.6399121464650228 -0.3445203787028697 
v -0.6990174444285274 -0.6662950700859986 -0.25966419076126895 
v -0.7214300676143021 -0.6300105407056261 -0.2874463013187474 
v -0.7527380190971918 -0.617005410269623 -0.22954258494590948 
v -0.7419909786587798 -0.5918252953033578 -0.31494794399722564 
v -0.7604059656000314 -0.5524535072947241 -0.34143504471222963 
v -0.7922847305538729 -0.5404292921764098 -0.28323327115450564 
v -0.7214300676143021 -0.6300105407056261 -0.2874463013187474 
v -0.6868902048107531 -0.6399121464650228 -0.3445203787028697 
v -0.7419909786587798 -0.5918252953033578 -0.31494794399722564 
v -0.49366373746768943 -0.8164093890377687 -0.2996194649891914 
v -0.45286786065549683 -0.8184238791743725 -0.3536849654459258 
v -0.5406572912711436 -0.775831211132303 -0.32523164856504 
v -0.6577483182092532 -0.7149995411097052 -0.23694473217569137 
v -0.6232041677195447 -0.7248144358220525 -0.2937015474268894 
v -0.6990174444285274 -0.6662950700859986 -0.25966419076126895 
v -0.5855540493152681 -0.7313428715930216 -0.34966277969004034 
v -0.545193685849711 -0.7349675544336254 -0.40322021134792163 
v -0.6277372333714831 -0.6839528365131776 -0.3716913817465972 
v -0.6232041677195447 -0.7248144358220525 -0.2937015474268894 
v -0.5406572912711436 -0.775831211132303 -0.32523164856504 
v -0.5855540493152681 -0.7313428715930216 -0.34966277969004034 
v -0.5524535072947241 -0.34143504471222963 -0.7604059656000314 
v -0.5404292921764098 -0.2832332711545056 -0.792284730553873 
v -0.5918252953033578 -0.3149479439972256 -0.7419909786587798 
v -0.6468399493133787 -0.3997690739569284 -0.6494480483301843 
v -0.6399121464650228 -0.3445203787028698 -0.6868902048107532 
v -0.6839528365131776 -0.3716913817465972 -0.6277372333714831 
v -0.6300105407056261 -0.28744630131874743 -0.7214300676143021 
v -0.6170054102696229 -0.22954258494590943 -0.7527380190971917 
v -0.6662950700859986 -0.25966419076126895 -0.6990174444285274 
v -0.6399121464650228 -0.3445203787028698 -0.6868902048107532 
v -0.5918252953033578 -0.3149479439972256 -0.7419909786587798 
v -0.6300105407056261 -0.28744630131874743 -0.7214300676143021 
v -0.7252990450412241 -0.4482594618433174 -0.5224985647159499 
v -0.7349675544336254 -0.40322021134792163 -0.545193685849711 
v -0.7691992702664192 -0.4244242155198465 -0.4776992441923801 
v -0.7858988711506307 -0.485712214091263 -0.3826834323650913 
v -0.798871692020939 -0.4429096544168827 -0.4069828715215415 
v -0.8236625633309153 -0.4582810594728014 -0.3340036710810716 
v -0.8098286632281358 -0.39858001283084904 -0.43047823357969084 
v -0.8184238791743725 -0.3536849654459258 -0.45286786065549683 
v -0.8465479952155323 -0.3714077043079883 -0.38133031478920354 
v -0.798871692020939 -0.4429096544168827 -0.4069828715215415 
v -0.7691992702664192 -0.4244242155198465 -0.4776992441923801 
v -0.8098286632281358 -0.39858001283084904 -0.43047823357969084 
v -0.7149995411097052 -0.23694473217569137 -0.6577483182092532 
v -0.6962573424396398 -0.1656923654583501 -0.6984065815323527 
v -0.7558270957049914 -0.20000063936993157 -0.6234782639753982 
v -0.8164093890377688 -0.2996194649891914 -0.4936637374676895 
v -0.8205144625808165 -0.23997963074192474 -0.51881190572758 
v -0.8619497078979897 -0.26809587898797715 -0.43031070254437553 
v -0.8078525186197923 -0.17017668688411783 -0.5642820247011268 
v -0.7833129030120582 -0.08165885632250931 -0.616240802900069 
v -0.8649717593345674 -0.1321268050122632 -0.4841139978878059 
v -0.8205144625808165 -0.23997963074192474 -0.51881190572758 
v -0.7558270957049914 -0.20000063936993157 -0.6234782639753982 
v -0.8078525186197923 -0.17017668688411783 -0.5642820247011268 
v -0.7349675544336254 -0.40322021134792163 -0.545193685849711 
v -0.6839528365131776 -0.3716913817465972 -0.6277372333714831 
v -0.7313428715930216 -0.34966277969004034 -0.5855540493152681 
v -0.8184238791743725 -0.3536849654459258 -0.45286786065549683 
v -0.775831211132303 -0.32523164856504 -0.5406572912711436 
v -0.8164093890377688 -0.2996194649891914 -0.4936637374676895 
v -0.7248144358220525 -0.2937015474268894 -0.6232041677195447 
v -0.6662950700859986 -0.25966419076126895 -0.6990174444285274 
v -0.7149995411097052 -0.23694473217569137 -0.6577483182092532 
v -0.775831211132303 -0.32523164856504 -0.5406572912711436 
v -0.7313428715930216 -0.34966277969004034 -0.5855540493152681 
v -0.7248144358220525 -0.2937015474268894 -0.6232041677195447 
v -0.3826834323650913 -0.7858988711506307 -0.485712214091263 
v -0.34143504471222963 -0.7604059656000314 -0.5524535072947241 
v -0.4142726777845724 -0.7350110605664694 -0.5367838385105813 
v -0.52249856471595 -0.7252990450412241 -0.44825946184331744 
v -0.4852082791207153 -0.7044711930198132 -0.517970331271932 
v -0.5524181007968372 -0.6696120042590866 -0.4964413416146407 
v -0.4439573694506565 -0.6789767287768658 -0.5847157051849383 
v -0.3997690739569284 -0.6494480483301843 -0.6468399493133787 
v -0.4709170435214342 -0.6192415807438368 -0.6283128224052934 
v -0.4852082791207153 -0.7044711930198132 -0.517970331271932 
v -0.4142726777845724 -0.7350110605664694 -0.5367838385105813 
v -0.4439573694506565 -0.6789767287768658 -0.5847157051849383 
v -0.6494480483301843 -0.6468399493133787 -0.3997690739569284 
v -0.619241580743837 -0.6283128224052935 -0.47091704352143426 
v -0.6789767287768658 -0.5847157051849383 -0.4439573694506565 
v -0.7604059656000314 -0.5524535072947241 -0.34143504471222963 
v -0.7350110605664694 -0.5367838385105813 -0.4142726777845724 
v -0.7858988711506307 -0.485712214091263 -0.3826834323650913 
v -0.7044711930198132 -0.517970331271932 -0.4852082791207153 
v -0.6696120042590866 -0.4964413416146407 -0.5524181007968372 
v -0.7252990450412241 -0.4482594618433174 -0.5224985647159499 
v -0.7350110605664694 -0.5367838385105813 -0.4142726777845724 
v -0.6789767287768658 -0.5847157051849383 -0.4439573694506565 
v -0.7044711930198132 -0.517970331271932 -0.4852082791207153 
v -0.4964413416146407 -0.5524181007968372 -0.6696120042590866 
v -0.44825946184331744 -0.52249856471595 -0.7252990450412241 
v -0.517970331271932 -0.4852082791207153 -0.7044711930198132 
v -0.6283128224052934 -0.4709170435214342 -0.6192415807438368 
v -0.5847157051849383 -0.4439573694506565 -0.6789767287768658 
v -0.6468399493133787 -0.3997690739569284 -0.6494480483301843 
v -0.5367838385105813 -0.4142726777845724 -0.7350110605664694 
v -0.485712214091263 -0.3826834323650913 -0.7858988711506307 
v -0.5524535072947241 -0.34143504471222963 -0.7604059656000314 
v -0.5847157051849383 -0.4439573694506565 -0.6789767287768658 
v -0.517970331271932 -0.4852082791207153 -0.7044711930198132 
v -0.5367838385105813 -0.4142726777845724 -0.7350110605664694 
v -0.619241580743837 -0.6283128224052935 -0.47091704352143426 
v -0.5524181007968372 -0.6696120042590866 -0.4964413416146407 
v -0.5819519632455797 -0.6074779927073494 -0.5406499799786041 
v -0.6696120042590866 -0.4964413416146407 -0.5524181007968372 
v -0.6074779927073494 -0.5406499799786041 -0.5819519632455797 
v -0.6283128224052934 -0.4709170435214342 -0.6192415807438368 
v -0.5406499799786041 -0.5819519632455797 -0.6074779927073494 
v -0.4709170435214342 -0.6192415807438368 -0.6283128224052934 
v -0.4964413416146407 -0.5524181007968372 -0.6696120042590866 
v -0.6074779927073494 -0.5406499799786041 -0.5819519632455797 
v -0.5819519632455797 -0.6074779927073494 -0.5406499799786041 
v -0.5406499799786041 -0.5819519632455797 -0.6074779927073494 
v 0.1321268050122632 -0.4841139978878059 -0.8649717593345674 
v 0.08165885632250933 -0.616240802900069 -0.7833129030120582 
v 0.17017668688411783 -0.5642820247011268 -0.8078525186197923 
v 0.26809587898797715 -0.43031070254437553 -0.8619497078979897 
v 0.23997963074192474 -0.51881190572758 -0.8205144625808165 
v 0.2996194649891914 -0.49366373746768943 -0.8164093890377687 
v 0.20000063936993157 -0.6234782639753981 -0.7558270957049914 
v 0.16569236545835012 -0.6984065815323527 -0.6962573424396398 
v 0.23694473217569134 -0.6577483182092532 -0.7149995411097051 
v 0.23997963074192474 -0.51881190572758 -0.8205144625808165 
v 0.17017668688411783 -0.5642820247011268 -0.8078525186197923 
v 0.20000063936993157 -0.6234782639753981 -0.7558270957049914 
v 0.3714077043079883 -0.38133031478920354 -0.8465479952155323 
v 0.3536849654459258 -0.45286786065549683 -0.8184238791743725 
v 0.39858001283084904 -0.43047823357969084 -0.8098286632281358 
v 0.4582810594728014 -0.3340036710810716 -0.8236625633309153 
v 0.4429096544168827 -0.4069828715215415 -0.798871692020939 
v 0.485712214091263 -0.3826834323650913 -0.7858988711506307 
v 0.4244242155198465 -0.4776992441923801 -0.7691992702664192 
v 0.40322021134792163 -0.545193685849711 -0.7349675544336254 
v 0.44825946184331744 -0.52249856471595 -0.7252990450412241 
v 0.4429096544168827 -0.4069828715215415 -0.798871692020939 
v 0.39858001283084904 -0.43047823357969084 -0.8098286632281358 
v 0.4244242155198465 -0.4776992441923801 -0.7691992702664192 
v 0.25966419076126895 -0.6990174444285274 -0.6662950700859986 
v 0.22954258494590948 -0.7527380190971918 -0.617005410269623 
v 0.2874463013187474 -0.7214300676143021 -0.6300105407056261 
v 0.3716913817465972 -0.6277372333714831 -0.6839528365131776 
v 0.3445203787028697 -0.6868902048107531 -0.6399121464650228 
v 0.3997690739569284 -0.6494480483301843 -0.6468399493133787 
v 0.31494794399722564 -0.7419909786587798 -0.5918252953033578 
v 0.28323327115450564 -0.7922847305538729 -0.5404292921764098 
v 0.34143504471222963 -0.7604059656000314 -0.5524535072947241 
v 0.3445203787028697 -0.6868902048107531 -0.6399121464650228 
v 0.2874463013187474 -0.7214300676143021 -0.6300105407056261 
v 0.31494794399722564 -0.7419909786587798 -0.5918252953033578 
v 0.3536849654459258 -0.45286786065549683 -0.8184238791743725 
v 0.2996194649891914 -0.49366373746768943 -0.8164093890377687 
v 0.32523164856504 -0.5406572912711436 -0.775831211132303 
v 0.40322021134792163 -0.545193685849711 -0.7349675544336254 
v 0.34966277969004034 -0.5855540493152681 -0.7313428715930216 
v 0.3716913817465972 -0.6277372333714831 -0.6839528365131776 
v 0.2937015474268894 -0.6232041677195447 -0.7248144358220525 
v 0.23694473217569134 -0.6577483182092532 -0.7149995411097051 
v 0.25966419076126895 -0.6990174444285274 -0.6662950700859986 
v 0.34966277969004034 -0.5855540493152681 -0.7313428715930216 
v 0.32523164856504 -0.5406572912711436 -0.775831211132303 
v 0.2937015474268894 -0.6232041677195447 -0.7248144358220525 
v 0.5404292921764098 -0.2832332711545056 -0.792284730553873 
v 0.5524535072947241 -0.34143504471222963 -0.7604059656000314 
v 0.5918252953033578 -0.3149479439972256 -0.7419909786587798 
v 0.6170054102696229 -0.22954258494590943 -0.7527380190971917 
v 0.6300105407056261 -0.28744630131874743 -0.7214300676143021 
v 0.6662950700859986 -0.25966419076126895 -0.6990174444285274 
v 0.6399121464650228 -0.3445203787028698 -0.6868902048107532 
v 0.6468399493133787 -0.3997690739569284 -0.6494480483301843 
v 0.6839528365131776 -0.3716913817465972 -0.6277372333714831 
v 0.6300105407056261 -0.28744630131874743 -0.7214300676143021 
v 0.5918252953033578 -0.3149479439972256 -0.7419909786587798 
v 0.6399121464650228 -0.3445203787028698 -0.6868902048107532 
v 0.6962573424396398 -0.1656923654583501 -0.6984065815323527 
v 0.7149995411097052 -0.23694473217569137 -0.6577483182092532 
v 0.7558270957049914 -0.20000063936993157 -0.6234782639753982 
v 0.7833129030120582 -0.08165885632250931 -0.616240802900069 
v 0.8078525186197923 -0.17017668688411783 -0.5642820247011268 
v 0.8649717593345674 -0.1321268050122632 -0.4841139978878059 
v 0.8205144625808165 -0.23997963074192474 -0.51881190572758 
v 0.8164093890377688 -0.2996194649891914 -0.4936637374676895 
v 0.8619497078979897 -0.26809587898797715 -0.43031070254437553 
v 0.8078525186197923 -0.17017668688411783 -0.5642820247011268 
v 0.7558270957049914 -0.20000063936993157 -0.6234782639753982 
v 0.8205144625808165 -0.23997963074192474 -0.51881190572758 
v 0.7349675544336254 -0.40322021134792163 -0.545193685849711 
v 0.7252990450412241 -0.4482594618433174 -0.5224985647159499 
v 0.7691992702664192 -0.4244242155198465 -0.4776992441923801 
v 0.8184238791743725 -0.3536849654459258 -0.45286786065549683 
v 0.8098286632281358 -0.39858001283084904 -0.43047823357969084 
v 0.8465479952155323 -0.3714077043079883 -0.38133031478920354 
v 0.798871692020939 -0.4429096544168827 -0.4069828715215415 
v 0.7858988711506307 -0.485712214091263 -0.3826834323650913 
v 0.8236625633309153 -0.4582810594728014 -0.3340036710810716 
v 0.8098286632281358 -0.39858001283084904 -0.43047823357969084 
v 0.7691992702664192 -0.4244242155198465 -0.4776992441923801 
v 0.798871692020939 -0.4429096544168827 -0.4069828715215415 
v 0.7149995411097052 -0.23694473217569137 -0.6577483182092532 
v 0.6662950700859986 -0.25966419076126895 -0.6990174444285274 
v 0.7248144358220525 -0.2937015474268894 -0.6232041677195447 
v 0.8164093890377688 -0.2996194649891914 -0.4936637374676895 
v 0.775831211132303 -0.32523164856504 -0.5406572912711436 
v 0.8184238791743725 -0.3536849654459258 -0.45286786065549683 
v 0.7313428715930216 -0.34966277969004034 -0.5855540493152681 
v 0.6839528365131776 -0.3716913817465972 -0.6277372333714831 
v 0.7349675544336254 -0.40322021134792163 -0.545193685849711 
v 0.775831211132303 -0.32523164856504 -0.5406572912711436 
v 0.7248144358220525 -0.2937015474268894 -0.6232041677195447 
v 0.7313428715930216 -0.34966277969004034 -0.5855540493152681 
v 0.3826834323650913 -0.7858988711506307 -0.485712214091263 
v 0.3340036710810716 -0.8236625633309153 -0.4582810594728014 
v 0.4069828715215415 -0.798871692020939 -0.4429096544168827 
v 0.52249856471595 -0.7252990450412241 -0.44825946184331744 
v 0.4776992441923801 -0.7691992702664192 -0.4244242155198465 
v 0.545193685849711 -0.7349675544336254 -0.40322021134792163 
v 0.43047823357969084 -0.8098286632281358 -0.39858001283084904 
v 0.38133031478920354 -0.8465479952155323 -0.3714077043079883 
v 0.45286786065549683 -0.8184238791743725 -0.3536849654459258 
v 0.4776992441923801 -0.7691992702664192 -0.4244242155198465 
v 0.4069828715215415 -0.798871692020939 -0.4429096544168827 
v 0.43047823357969084 -0.8098286632281358 -0.39858001283084904 
v 0.6494480483301843 -0.6468399493133787 -0.3997690739569284 
v 0.6277372333714831 -0.6839528365131776 -0.3716913817465972 
v 0.6868902048107531 -0.6399121464650228 -0.3445203787028697 
v 0.7604059656000314 -0.5524535072947241 -0.34143504471222963 
v 0.7419909786587798 -0.5918252953033578 -0.31494794399722564 
v 0.7922847305538729 -0.5404292921764098 -0.28323327115450564 
v 0.7214300676143021 -0.6300105407056261 -0.2874463013187474 
v 0.6990174444285274 -0.6662950700859986 -0.25966419076126895 
v 0.7527380190971918 -0.617005410269623 -0.22954258494590948 
v 0.7419909786587798 -0.5918252953033578 -0.31494794399722564 
v 0.6868902048107531 -0.6399121464650228 -0.3445203787028697 
v 0.7214300676143021 -0.6300105407056261 -0.2874463013187474 
v 0.49366373746768943 -0.8164093890377687 -0.2996194649891914 
v 0.4303107025443756 -0.8619497078979897 -0.26809587898797727 
v 0.51881190572758 -0.8205144625808165 -0.23997963074192474 
v 0.6577483182092532 -0.7149995411097052 -0.23694473217569137 
v 0.6234782639753982 -0.7558270957049914 -0.2000006393699316 
v 0.6984065815323527 -0.6962573424396398 -0.16569236545835012 
v 0.5642820247011269 -0.8078525186197922 -0.17017668688411783 
v 0.4841139978878059 -0.8649717593345675 -0.1321268050122632 
v 0.616240802900069 -0.7833129030120582 -0.08165885632250933 
v 0.6234782639753982 -0.7558270957049914 -0.2000006393699316 
v 0.51881190572758 -0.8205144625808165 -0.23997963074192474 
v 0.5642820247011269 -0.8078525186197922 -0.17017668688411783 
v 0.6277372333714831 -0.6839528365131776 -0.3716913817465972 
v 0.545193685849711 -0.7349675544336254 -0.40322021134792163 
v 0.5855540493152681 -0.7313428715930216 -0.34966277969004034 
v 0.6990174444285274 -0.6662950700859986 -0.25966419076126895 
v 0.6232041677195447 -0.7248144358220525 -0.2937015474268894 
v 0.6577483182092532 -0.7149995411097052 -0.23694473217569137 
v 0.5406572912711436 -0.775831211132303 -0.32523164856504 
v 0.45286786065549683 -0.8184238791743725 -0.3536849654459258 
v 0.49366373746768943 -0.8164093890377687 -0.2996194649891914 
v 0.6232041677195447 -0.7248144358220525 -0.2937015474268894 
v 0.5855540493152681 -0.7313428715930216 -0.34966277969004034 
v 0.5406572912711436 -0.775831211132303 -0.32523164856504 
v 0.5524535072947241 -0.34143504471222963 -0.7604059656000314 
v 0.485712214091263 -0.3826834323650913 -0.7858988711506307 
v 0.5367838385105813 -0.4142726777845724 -0.7350110605664694 
v 0.6468399493133787 -0.3997690739569284 -0.6494480483301843 
v 0.5847157051849383 -0.4439573694506565 -0.6789767287768658 
v 0.6283128224052934 -0.4709170435214342 -0.6192415807438368 
v 0.517970331271932 -0.4852082791207153 -0.7044711930198132 
v 0.44825946184331744 -0.52249856471595 -0.7252990450412241 
v 0.4964413416146407 -0.5524181007968372 -0.6696120042590866 
v 0.5847157051849383 -0.4439573694506565 -0.6789767287768658 
v 0.5367838385105813 -0.4142726777845724 -0.7350110605664694 
v 0.517970331271932 -0.4852082791207153 -0.7044711930198132 
v 0.7252990450412241 -0.4482594618433174 -0.5224985647159499 
v 0.6696120042590866 -0.4964413416146407 -0.5524181007968372 
v 0.7044711930198132 -0.517970331271932 -0.4852082791207153 
v 0.7858988711506307 -0.485712214091263 -0.3826834323650913 
v 0.7350110605664694 -0.5367838385105813 -0.4142726777845724 
v 0.7604059656000314 -0.5524535072947241 -0.34143504471222963 
v 0.6789767287768658 -0.5847157051849383 -0.4439573694506565 
v 0.619241580743837 -0.6283128224052935 -0.47091704352143426 
v 0.6494480483301843 -0.6468399493133787 -0.3997690739569284 
v 0.7350110605664694 -0.5367838385105813 -0.4142726777845724 
v 0.7044711930198132 -0.517970331271932 -0.4852082791207153 
v 0.6789767287768658 -0.5847157051849383 -0.4439573694506565 
v 0.4709170435214342 -0.6192415807438368 -0.6283128224052934 
v 0.3997690739569284 -0.6494480483301843 -0.6468399493133787 
v 0.4439573694506565 -0.6789767287768658 -0.5847157051849383 
v 0.5524181007968372 -0.6696120042590866 -0.4964413416146407 
v 0.4852082791207153 -0.7044711930198132 -0.517970331271932 
v 0.52249856471595 -0.7252990450412241 -0.44825946184331744 
v 0.4142726777845724 -0.7350110605664694 -0.5367838385105813 
v 0.34143504471222963 -0.7604059656000314 -0.5524535072947241 
v 0.3826834323650913 -0.7858988711506307 -0.485712214091263 
v 0.4852082791207153 -0.7044711930198132 -0.517970331271932 
v 0.4439573694506565 -0.6789767287768658 -0.5847157051849383 
v 0.4142726777845724 -0.7350110605664694 -0.5367838385105813 
v 0.6696120042590866 -0.4964413416146407 -0.5524181007968372 
v 0.6283128224052934 -0.4709170435214342 -0.6192415807438368 
v 0.6074779927073494 -0.5406499799786041 -0.5819519632455797 
v 0.619241580743837 -0.6283128224052935 -0.47091704352143426 
v 0.5819519632455797 -0.6074779927073494 -0.5406499799786041 
v 0.5524181007968372 -0.6696120042590866 -0.4964413416146407 
v 0.5406499799786041 -0.5819519632455797 -0.6074779927073494 
v 0.4964413416146407 -0.5524181007968372 -0.6696120042590866 
v 0.4709170435214342 -0.6192415807438368 -0.6283128224052934 
v 0.5819519632455797 -0.6074779927073494 -0.5406499799786041 
v 0.6074779927073494 -0.5406499799786041 -0.5819519632455797 
v 0.5406499799786041 -0.5819519632455797 -0.6074779927073494 
v -0.1321268050122632 -0.4841139978878059 0.8649717593345674 
v -0.08165885632250933 -0.616240802900069 0.7833129030120582 
v -0.17017668688411783 -0.5642820247011268 0.8078525186197923 
v -0.26809587898797715 -0.43031070254437553 0.8619497078979897 
v -0.23997963074192474 -0.51881190572758 0.8205144625808165 
v -0.2996194649891914 -0.49366373746768943 0.8164093890377687 
v -0.20000063936993157 -0.6234782639753981 0.7558270957049914 
v -0.16569236545835012 -0.6984065815323527 0.6962573424396398 
v -0.23694473217569134 -0.6577483182092532 0.7149995411097051 
v -0.23997963074192474 -0.51881190572758 0.8205144625808165 
v -0.17017668688411783 -0.5642820247011268 0.8078525186197923 
v -0.20000063936993157 -0.6234782639753981 0.7558270957049914 
v -0.3714077043079883 -0.38133031478920354 0.8465479952155323 
v -0.3536849654459258 -0.45286786065549683 0.8184238791743725 
v -0.39858001283084904 -0.43047823357969084 0.8098286632281358 
v -0.4582810594728014 -0.3340036710810716 0.8236625633309153 
v -0.4429096544168827 -0.4069828715215415 0.798871692020939 
v -0.485712214091263 -0.3826834323650913 0.7858988711506307 
v -0.4244242155198465 -0.4776992441923801 0.7691992702664192 
v -0.40322021134792163 -0.545193685849711 0.7349675544336254 
v -0.44825946184331744 -0.52249856471595 0.7252990450412241 
v -0.4429096544168827 -0.4069828715215415 0.798871692020939 
v -0.39858001283084904 -0.43047823357969084 0.8098286632281358 
v -0.4244242155198465 -0.4776992441923801 0.7691992702664192 
v -0.25966419076126895 -0.6990174444285274 0.6662950700859986 
v -0.22954258494590948 -0.7527380190971918 0.617005410269623 
v -0.2874463013187474 -0.7214300676143021 0.6300105407056261 
v -0.3716913817465972 -0.6277372333714831 0.6839528365131776 
v -0.3445203787028697 -0.6868902048107531 0.6399121464650228 
v -0.3997690739569284 -0.6494480483301843 0.6468399493133787 
v -0.31494794399722564 -0.7419909786587798 0.5918252953033578 
v -0.28323327115450564 -0.7922847305538729 0.5404292921764098 
v -0.34143504471222963 -0.7604059656000314 0.5524535072947241 
v -0.3445203787028697 -0.6868902048107531 0.6399121464650228 
v -0.2874463013187474 -0.7214300676143021 0.6300105407056261 
v -0.31494794399722564 -0.7419909786587798 0.5918252953033578 
v -0.3536849654459258 -0.45286786065549683 0.8184238791743725 
v -0.2996194649891914 -0.49366373746768943 0.8164093890377687 
v -0.32523164856504 -0.5406572912711436 0.775831211132303 
v -0.40322021134792163 -0.545193685849711 0.7349675544336254 
v -0.34966277969004034 -0.5855540493152681 0.7313428715930216 
v -0.3716913817465972 -0.6277372333714831 0.6839528365131776 
v -0.2937015474268894 -0.6232041677195447 0.7248144358220525 
v -0.23694473217569134 -0.6577483182092532 0.7149995411097051 
v -0.25966419076126895 -0.6990174444285274 0.6662950700859986 
v -0.34966277969004034 -0.5855540493152681 0.7313428715930216 
v -0.32523164856504 -0.5406572912711436 0.775831211132303 
v -0.2937015474268894 -0.6232041677195447 0.7248144358220525 
v -0.5404292921764098 -0.2832332711545056 0.792284730553873 
v -0.5524535072947241 -0.34143504471222963 0.7604059656000314 
v -0.5918252953033578 -0.3149479439972256 0.7419909786587798 
v -0.6170054102696229 -0.22954258494590943 0.7527380190971917 
v -0.6300105407056261 -0.28744630131874743 0.7214300676143021 
v -0.6662950700859986 -0.25966419076126895 0.6990174444285274 
v -0.6399121464650228 -0.3445203787028698 0.6868902048107532 
v -0.6468399493133787 -0.3997690739569284 0.6494480483301843 
v -0.6839528365131776 -0.3716913817465972 0.6277372333714831 
v -0.6300105407056261 -0.28744630131874743 0.7214300676143021 
v -0.5918252953033578 -0.3149479439972256 0.7419909786587798 
v -0.6399121464650228 -0.3445203787028698 0.6868902048107532 
v -0.6962573424396398 -0.1656923654583501 0.6984065815323527 
v -0.7149995411097052 -0.23694473217569137 0.6577483182092532 
v -0.7558270957049914 -0.20000063936993157 0.6234782639753982 
v -0.7833129030120582 -0.08165885632250931 0.616240802900069 
v -0.8078525186197923 -0.17017668688411783 0.5642820247011268 
v -0.8649717593345674 -0.1321268050122632 0.4841139978878059 
v -0.8205144625808165 -0.23997963074192474 0.51881190572758 
v -0.8164093890377688 -0.2996194649891914 0.4936637374676895 
v -0.8619497078979897 -0.26809587898797715 0.43031070254437553 
v -0.8078525186197923 -0.17017668688411783 0.5642820247011268 
v -0.7558270957049914 -0.20000063936993157 0.6234782639753982 
v -0.8205144625808165 -0.23997963074192474 0.51881190572758 
v -0.7349675544336254 -0.40322021134792163 0.545193685849711 
v -0.7252990450412241 -0.4482594618433174 0.5224985647159499 
v -0.7691992702664192 -0.4244242155198465 0.4776992441923801 
v -0.8184238791743725 -0.3536849654459258 0.45286786065549683 
v -0.8098286632281358 -0.39858001283084904 0.43047823357969084 
v -0.8465479952155323 -0.3714077043079883 0.38133031478920354 
v -0.798871692020939 -0.4429096544168827 0.4069828715215415 
v -0.7858988711506307 -0.485712214091263 0.3826834323650913 
v -0.8236625633309153 -0.4582810594728014 0.3340036710810716 
v -0.8098286632281358 -0.39858001283084904 0.43047823357969084 
v -0.7691992702664192 -0.4244242155198465 0.4776992441923801 
v -0.798871692020939 -0.4429096544168827 0.4069828715215415 
v -0.7149995411097052 -0.23694473217569137 0.6577483182092532 
v -0.6662950700859986 -0.25966419076126895 0.6990174444285274 
v -0.7248144358220525 -0.2937015474268894 0.6232041677195447 
v -0.8164093890377688 -0.2996194649891914 0.4936637374676895 
v -0.775831211132303 -0.32523164856504 0.5406572912711436 
v -0.8184238791743725 -0.3536849654459258 0.45286786065549683 
v -0.7313428715930216 -0.34966277969004034 0.5855540493152681 
v -0.6839528365131776 -0.3716913817465972 0.6277372333714831 
v -0.7349675544336254 -0.40322021134792163 0.545193685849711 
v -0.775831211132303 -0.32523164856504 0.5406572912711436 
v -0.7248144358220525 -0.2937015474268894 0.6232041677195447 
v -0.7313428715930216 -0.34966277969004034 0.5855540493152681 
v -0.3826834323650913 -0.7858988711506307 0.485712214091263 
v -0.3340036710810716 -0.8236625633309153 0.4582810594728014 
v -0.4069828715215415 -0.798871692020939 0.4429096544168827 
v -0.52249856471595 -0.7252990450412241 0.44825946184331744 
v -0.4776992441923801 -0.7691992702664192 0.4244242155198465 
v -0.545193685849711 -0.7349675544336254 0.40322021134792163 
v -0.43047823357969084 -0.8098286632281358 0.39858001283084904 
v -0.38133031478920354 -0.8465479952155323 0.3714077043079883 
v -0.45286786065549683 -0.8184238791743725 0.3536849654459258 
v -0.4776992441923801 -0.7691992702664192 0.4244242155198465 
v -0.4069828715215415 -0.798871692020939 0.4429096544168827 
v -0.43047823357969084 -0.8098286632281358 0.39858001283084904 
v -0.6494480483301843 -0.6468399493133787 0.3997690739569284 
v -0.6277372333714831 -0.6839528365131776 0.3716913817465972 
v -0.6868902048107531 -0.6399121464650228 0.3445203787028697 
v -0.7604059656000314 -0.5524535072947241 0.34143504471222963 
v -0.7419909786587798 -0.5918252953033578 0.31494794399722564 
v -0.7922847305538729 -0.5404292921764098 0.28323327115450564 
v -0.7214300676143021 -0.6300105407056261 0.2874463013187474 
v -0.6990174444285274 -0.6662950700859986 0.25966419076126895 
v -0.7527380190971918 -0.617005410269623 0.22954258494590948 
v -0.7419909786587798 -0.5918252953033578 0.31494794399722564 
v -0.6868902048107531 -0.6399121464650228 0.3445203787028697 
v -0.7214300676143021 -0.6300105407056261 0.2874463013187474 
v -0.49366373746768943 -0.8164093890377687 0.2996194649891914 
v -0.4303107025443756 -0.8619497078979897 0.26809587898797727 
v -0.51881190572758 -0.8205144625808165 0.23997963074192474 
v -0.6577483182092532 -0.7149995411097052 0.23694473217569137 
v -0.6234782639753982 -0.7558270957049914 0.2000006393699316 
v -0.6984065815323527 -0.6962573424396398 0.16569236545835012 
v -0.5642820247011269 -0.8078525186197922 0.17017668688411783 
v -0.4841139978878059 -0.8649717593345675 0.1321268050122632 
v -0.616240802900069 -0.7833129030120582 0.08165885632250933 
v -0.6234782639753982 -0.7558270957049914 0.2000006393699316 
v -0.51881190572758 -0.8205144625808165 0.23997963074192474 
v -0.5642820247011269 -0.8078525186197922 0.17017668688411783 
v -0.6277372333714831 -0.6839528365131776 0.3716913817465972 
v -0.545193685849711 -0.7349675544336254 0.40322021134792163 
v -0.5855540493152681 -0.7313428715930216 0.34966277969004034 
v -0.6990174444285274 -0.6662950700859986 0.25966419076126895 
v -0.6232041677195447 -0.7248144358220525 0.2937015474268894 
v -0.6577483182092532 -0.7149995411097052 0.23694473217569137 
v -0.5406572912711436 -0.775831211132303 0.32523164856504 
v -0.45286786065549683 -0.8184238791743725 0.3536849654459258 
v -0.49366373746768943 -0.8164093890377687 0.2996194649891914 
v -0.6232041677195447 -0.7248144358220525 0.2937015474268894 
v -0.5855540493152681 -0.7313428715930216 0.34966277969004034 
v -0.5406572912711436 -0.775831211132303 0.32523164856504 
v -0.5524535072947241 -0.34143504471222963 0.7604059656000314 
v -0.485712214091263 -0.3826834323650913 0.7858988711506307 
v -0.5367838385105813 -0.4142726777845724 0.7350110605664694 
v -0.6468399493133787 -0.3997690739569284 0.6494480483301843 
v -0.5847157051849383 -0.4439573694506565 0.6789767287768658 
v -0.6283128224052934 -0.4709170435214342 0.6192415807438368 
v -0.517970331271932 -0.4852082791207153 0.7044711930198132 
v -0.44825946184331744 -0.52249856471595 0.7252990450412241 
v -0.4964413416146407 -0.5524181007968372 0.6696120042590866 
v -0.5847157051849383 -0.4439573694506565 0.6789767287768658 
v -0.5367838385105813 -0.4142726777845724 0.7350110605664694 
v -0.517970331271932 -0.4852082791207153 0.7044711930198132 
v -0.7252990450412241 -0.4482594618433174 0.5224985647159499 
v -0.6696120042590866 -0.4964413416146407 0.5524181007968372 
v -0.7044711930198132 -0.517970331271932 0.4852082791207153 
v -0.7858988711506307 -0.485712214091263 0.3826834323650913 
v -0.7350110605664694 -0.5367838385105813 0.4142726777845724 
v -0.7604059656000314 -0.5524535072947241 0.34143504471222963 
v -0.6789767287768658 -0.5847157051849383 0.4439573694506565 
v -0.619241580743837 -0.6283128224052935 0.47091704352143426 
v -0.6494480483301843 -0.6468399493133787 0.3997690739569284 
v -0.7350110605664694 -0.5367838385105813 0.4142726777845724 
v -0.7044711930198132 -0.517970331271932 0.4852082791207153 
v -0.6789767287768658 -0.5847157051849383 0.4439573694506565 
v -0.4709170435214342 -0.6192415807438368 0.6283128224052934 
v -0.3997690739569284 -0.6494480483301843 0.6468399493133787 
v -0.4439573694506565 -0.6789767287768658 0.5847157051849383 
v -0.5524181007968372 -0.6696120042590866 0.4964413416146407 
v -0.4852082791207153 -0.7044711930198132 0.517970331271932 
v -0.52249856471595 -0.7252990450412241 0.44825946184331744 
v -0.4142726777845724 -0.7350110605664694 0.5367838385105813 
v -0.34143504471222963 -0.7604059656000314 0.5524535072947241 
v -0.3826834323650913 -0.7858988711506307 0.485712214091263 
v -0.4852082791207153 -0.7044711930198132 0.517970331271932 
v -0.4439573694506565 -0.6789767287768658 0.5847157051849383 
v -0.4142726777845724 -0.7350110605664694 0.5367838385105813 
v -0.6696120042590866 -0.4964413416146407 0.5524181007968372 
v -0.6283128224052934 -0.4709170435214342 0.6192415807438368 
v -0.6074779927073494 -0.5406499799786041 0.5819519632455797 
v -0.619241580743837 -0.6283128224052935 0.47091704352143426 
v -0.5819519632455797 -0.6074779927073494 0.5406499799786041 
v -0.5524181007968372 -0.6696120042590866 0.4964413416146407 
v -0.5406499799786041 -0.5819519632455797 0.6074779927073494 
v -0.4964413416146407 -0.5524181007968372 0.6696120042590866 
v -0.4709170435214342 -0.6192415807438368 0.6283128224052934 
v -0.5819519632455797 -0.6074779927073494 0.5406499799786041 
v -0.6074779927073494 -0.5406499799786041 0.5819519632455797 
v -0.5406499799786041 -0.5819519632455797 0.6074779927073494 
v 0.08165885632250933 -0.616240802900069 0.7833129030120582 
v 0.1321268050122632 -0.4841139978878059 0.8649717593345674 
v 0.17017668688411783 -0.5642820247011268 0.8078525186197923 
v 0.16569236545835012 -0.6984065815323527 0.6962573424396398 
v 0.20000063936993157 -0.6234782639753981 0.7558270957049914 
v 0.23694473217569134 -0.6577483182092532 0.7149995411097051 
v 0.23997963074192474 -0.51881190572758 0.8205144625808165 
v 0.26809587898797715 -0.43031070254437553 0.8619497078979897 
v 0.2996194649891914 -0.49366373746768943 0.8164093890377687 
v 0.20000063936993157 -0.6234782639753981 0.7558270957049914 
v 0.17017668688411783 -0.5642820247011268 0.8078525186197923 
v 0.23997963074192474 -0.51881190572758 0.8205144625808165 
v 0.22954258494590948 -0.7527380190971918 0.617005410269623 
v 0.25966419076126895 -0.6990174444285274 0.6662950700859986 
v 0.2874463013187474 -0.7214300676143021 0.6300105407056261 
v 0.28323327115450564 -0.7922847305538729 0.5404292921764098 
v 0.31494794399722564 -0.7419909786587798 0.5918252953033578 
v 0.34143504471222963 -0.7604059656000314 0.5524535072947241 
v 0.3445203787028697 -0.6868902048107531 0.6399121464650228 
v 0.3716913817465972 -0.6277372333714831 0.6839528365131776 
v 0.3997690739569284 -0.6494480483301843 0.6468399493133787 
v 0.31494794399722564 -0.7419909786587798 0.5918252953033578 
v 0.2874463013187474 -0.7214300676143021 0.6300105407056261 
v 0.3445203787028697 -0.6868902048107531 0.6399121464650228 
v 0.3536849654459258 -0.45286786065549683 0.8184238791743725 
v 0.3714077043079883 -0.38133031478920354 0.8465479952155323 
v 0.39858001283084904 -0.43047823357969084 0.8098286632281358 
v 0.40322021134792163 -0.545193685849711 0.7349675544336254 
v 0.4244242155198465 -0.4776992441923801 0.7691992702664192 
v 0.44825946184331744 -0.52249856471595 0.7252990450412241 
v 0.4429096544168827 -0.4069828715215415 0.798871692020939 
v 0.4582810594728014 -0.3340036710810716 0.8236625633309153 
v 0.485712214091263 -0.3826834323650913 0.7858988711506307 
v 0.4244242155198465 -0.4776992441923801 0.7691992702664192 
v 0.39858001283084904 -0.43047823357969084 0.8098286632281358 
v 0.4429096544168827 -0.4069828715215415 0.798871692020939 
v 0.25966419076126895 -0.6990174444285274 0.6662950700859986 
v 0.23694473217569134 -0.6577483182092532 0.7149995411097051 
v 0.2937015474268894 -0.6232041677195447 0.7248144358220525 
v 0.3716913817465972 -0.6277372333714831 0.6839528365131776 
v 0.34966277969004034 -0.5855540493152681 0.7313428715930216 
v 0.40322021134792163 -0.545193685849711 0.7349675544336254 
v 0.32523164856504 -0.5406572912711436 0.775831211132303 
v 0.2996194649891914 -0.49366373746768943 0.8164093890377687 
v 0.3536849654459258 -0.45286786065549683 0.8184238791743725 
v 0.34966277969004034 -0.5855540493152681 0.7313428715930216 
v 0.2937015474268894 -0.6232041677195447 0.7248144358220525 
v 0.32523164856504 -0.5406572912711436 0.775831211132303 
v 0.3340036710810716 -0.8236625633309153 0.4582810594728014 
v 0.3826834323650913 -0.7858988711506307 0.485712214091263 
v 0.4069828715215415 -0.798871692020939 0.4429096544168827 
v 0.38133031478920354 -0.8465479952155323 0.3714077043079883 
v 0.43047823357969084 -0.8098286632281358 0.39858001283084904 
v 0.45286786065549683 -0.8184238791743725 0.3536849654459258 
v 0.4776992441923801 -0.7691992702664192 0.4244242155198465 
v 0.52249856471595 -0.7252990450412241 0.44825946184331744 
v 0.545193685849711 -0.7349675544336254 0.40322021134792163 
v 0.43047823357969084 -0.8098286632281358 0.39858001283084904 
v 0.4069828715215415 -0.798871692020939 0.4429096544168827 
v 0.4776992441923801 -0.7691992702664192 0.4244242155198465 
v 0.4303107025443756 -0.8619497078979897 0.26809587898797727 
v 0.49366373746768943 -0.8164093890377687 0.2996194649891914 
v 0.51881190572758 -0.8205144625808165 0.23997963074192474 
v 0.4841139978878059 -0.8649717593345675 0.1321268050122632 
v 0.5642820247011269 -0.8078525186197922 0.17017668688411783 
v 0.616240802900069 -0.7833129030120582 0.08165885632250933 
v 0.6234782639753982 -0.7558270957049914 0.2000006393699316 
v 0.6577483182092532 -0.7149995411097052 0.23694473217569137 
v 0.6984065815323527 -0.6962573424396398 0.16569236545835012 
v 0.5642820247011269 -0.8078525186197922 0.17017668688411783 
v 0.51881190572758 -0.8205144625808165 0.23997963074192474 
v 0.6234782639753982 -0.7558270957049914 0.2000006393699316 
v 0.6277372333714831 -0.6839528365131776 0.3716913817465972 
v 0.6494480483301843 -0.6468399493133787 0.3997690739569284 
v 0.6868902048107531 -0.6399121464650228 0.3445203787028697 
v 0.6990174444285274 -0.6662950700859986 0.25966419076126895 
v 0.7214300676143021 -0.6300105407056261 0.2874463013187474 
v 0.7527380190971918 -0.617005410269623 0.22954258494590948 
v 0.7419909786587798 -0.5918252953033578 0.31494794399722564 
v 0.7604059656000314 -0.5524535072947241 0.34143504471222963 
v 0.7922847305538729 -0.5404292921764098 0.28323327115450564 
v 0.7214300676143021 -0.6300105407056261 0.2874463013187474 
v 0.6868902048107531 -0.6399121464650228 0.3445203787028697 
v 0.7419909786587798 -0.5918252953033578 0.31494794399722564 
v 0.49366373746768943 -0.8164093890377687 0.2996194649891914 
v 0.45286786065549683 -0.8184238791743725 0.3536849654459258 
v 0.5406572912711436 -0.775831211132303 0.32523164856504 
v 0.6577483182092532 -0.7149995411097052 0.23694473217569137 
v 0.6232041677195447 -0.7248144358220525 0.2937015474268894 
v 0.6990174444285274 -0.6662950700859986 0.25966419076126895 
v 0.5855540493152681 -0.7313428715930216 0.34966277969004034 
v 0.545193685849711 -0.7349675544336254 0.40322021134792163 
v 0.6277372333714831 -0.6839528365131776 0.3716913817465972 
v 0.6232041677195447 -0.7248144358220525 0.2937015474268894 
v 0.5406572912711436 -0.775831211132303 0.32523164856504 
v 0.5855540493152681 -0.7313428715930216 0.34966277969004034 
v 0.5524535072947241 -0.34143504471222963 0.7604059656000314 
v 0.5404292921764098 -0.2832332711545056 0.792284730553873 
v 0.5918252953033578 -0.3149479439972256 0.7419909786587798 
v 0.6468399493133787 -0.3997690739569284 0.6494480483301843 
v 0.6399121464650228 -0.3445203787028698 0.6868902048107532 
v 0.6839528365131776 -0.3716913817465972 0.6277372333714831 
v 0.6300105407056261 -0.28744630131874743 0.7214300676143021 
v 0.6170054102696229 -0.22954258494590943 0.7527380190971917 
v 0.6662950700859986 -0.25966419076126895 0.6990174444285274 
v 0.6399121464650228 -0.3445203787028698 0.6868902048107532 
v 0.5918252953033578 -0.3149479439972256 0.7419909786587798 
v 0.6300105407056261 -0.28744630131874743 0.7214300676143021 
v 0.7252990450412241 -0.4482594618433174 0.5224985647159499 
v 0.7349675544336254 -0.40322021134792163 0.545193685849711 
v 0.7691992702664192 -0.4244242155198465 0.4776992441923801 
v 0.7858988711506307 -0.485712214091263 0.3826834323650913 
v 0.798871692020939 -0.4429096544168827 0.4069828715215415 
v 0.8236625633309153 -0.4582810594728014 0.3340036710810716 
v 0.8098286632281358 -0.39858001283084904 0.43047823357969084 
v 0.8184238791743725 -0.3536849654459258 0.45286786065549683 
v 0.8465479952155323 -0.3714077043079883 0.38133031478920354 
v 0.798871692020939 -0.4429096544168827 0.4069828715215415 
v 0.7691992702664192 -0.4244242155198465 0.4776992441923801 
v 0.8098286632281358 -0.39858001283084904 0.43047823357969084 
v 0.7149995411097052 -0.23694473217569137 0.6577483182092532 
v 0.6962573424396398 -0.1656923654583501 0.6984065815323527 
v 0.7558270957049914 -0.20000063936993157 0.6234782639753982 
v 0.8164093890377688 -0.2996194649891914 0.4936637374676895 
v 0.8205144625808165 -0.23997963074192474 0.51881190572758 
v 0.8619497078979897 -0.26809587898797715 0.43031070254437553 
v 0.8078525186197923 -0.17017668688411783 0.5642820247011268 
v 0.7833129030120582 -0.08165885632250931 0.616240802900069 
v 0.8649717593345674 -0.1321268050122632 0.4841139978878059 
v 0.8205144625808165 -0.23997963074192474 0.51881190572758 
v 0.7558270957049914 -0.20000063936993157 0.6234782639753982 
v 0.8078525186197923 -0.17017668688411783 0.5642820247011268 
v 0.7349675544336254 -0.40322021134792163 0.545193685849711 
v 0.6839528365131776 -0.3716913817465972 0.6277372333714831 
v 0.7313428715930216 -0.34966277969004034 0.5855540493152681 
v 0.8184238791743725 -0.3536849654459258 0.45286786065549683 
v 0.775831211132303 -0.32523164856504 0.5406572912711436 
v 0.8164093890377688 -0.2996194649891914 0.4936637374676895 
v 0.7248144358220525 -0.2937015474268894 0.6232041677195447 
v 0.6662950700859986 -0.25966419076126895 0.6990174444285274 
v 0.7149995411097052 -0.23694473217569137 0.6577483182092532 
v 0.775831211132303 -0.32523164856504 0.5406572912711436 
v 0.7313428715930216 -0.34966277969004034 0.5855540493152681 
v 0.7248144358220525 -0.2937015474268894 0.6232041677195447 
v 0.3826834323650913 -0.7858988711506307 0.485712214091263 
v 0.34143504471222963 -0.7604059656000314 0.5524535072947241 
v 0.4142726777845724 -0.7350110605664694 0.5367838385105813 
v 0.52249856471595 -0.7252990450412241 0.44825946184331744 
v 0.4852082791207153 -0.7044711930198132 0.517970331271932 
v 0.5524181007968372 -0.6696120042590866 0.4964413416146407 
v 0.4439573694506565 -0.6789767287768658 0.5847157051849383 
v 0.3997690739569284 -0.6494480483301843 0.6468399493133787 
v 0.4709170435214342 -0.6192415807438368 0.6283128224052934 
v 0.4852082791207153 -0.7044711930198132 0.517970331271932 
v 0.4142726777845724 -0.7350110605664694 0.5367838385105813 
v 0.4439573694506565 -0.6789767287768658 0.5847157051849383 
v 0.6494480483301843 -0.6468399493133787 0.3997690739569284 
v 0.619241580743837 -0.6283128224052935 0.47091704352143426 
v 0.6789767287768658 -0.5847157051849383 0.4439573694506565 
v 0.7604059656000314 -0.5524535072947241 0.34143504471222963 
v 0.7350110605664694 -0.5367838385105813 0.4142726777845724 
v 0.7858988711506307 -0.485712214091263 0.3826834323650913 
v 0.7044711930198132 -0.517970331271932 0.4852082791207153 
v 0.6696120042590866 -0.4964413416146407 0.5524181007968372 
v 0.7252990450412241 -0.4482594618433174 0.5224985647159499 
v 0.7350110605664694 -0.5367838385105813 0.4142726777845724 
v 0.6789767287768658 -0.5847157051849383 0.4439573694506565 
v 0.7044711930198132 -0.517970331271932 0.4852082791207153 
v 0.4964413416146407 -0.5524181007968372 0.6696120042590866 
v 0.44825946184331744 -0.52249856471595 0.7252990450412241 
v 0.517970331271932 -0.4852082791207153 0.7044711930198132 
v 0.6283128224052934 -0.4709170435214342 0.6192415807438368 
v 0.5847157051849383 -0.4439573694506565 0.6789767287768658 
v 0.6468399493133787 -0.3997690739569284 0.6494480483301843 
v 0.5367838385105813 -0.4142726777845724 0.7350110605664694 
v 0.485712214091263 -0.3826834323650913 0.7858988711506307 
v 0.5524535072947241 -0.34143504471222963 0.7604059656000314 
v 0.5847157051849383 -0.4439573694506565 0.6789767287768658 
v 0.517970331271932 -0.4852082791207153 0.7044711930198132 
v 0.5367838385105813 -0.4142726777845724 0.7350110605664694 
v 0.619241580743837 -0.6283128224052935 0.47091704352143426 
v 0.5524181007968372 -0.6696120042590866 0.4964413416146407 
v 0.5819519632455797 -0.6074779927073494 0.5406499799786041 
v 0.6696120042590866 -0.4964413416146407 0.5524181007968372 
v 0.6074779927073494 -0.5406499799786041 0.5819519632455797 
v 0.6283128224052934 -0.4709170435214342 0.6192415807438368 
v 0.5406499799786041 -0.5819519632455797 0.6074779927073494 
v 0.4709170435214342 -0.6192415807438368 0.6283128224052934 
v 0.4964413416146407 -0.5524181007968372 0.6696120042590866 
v 0.6074779927073494 -0.5406499799786041 0.5819519632455797 
v 0.5819519632455797 -0.6074779927073494 0.5406499799786041 
v 0.5406499799786041 -0.5819519632455797 0.6074779927073494 
f 1 1273 1274 
f 1273 313 1275 
f 1274 1275 314 
f 1273 1275 1274 
f 313 1276 1277 
f 1276 73 1278 
f 1277 1278 315 
f 1276 1278 1277 
f 314 1279 1280 
f 1279 315 1281 
f 1280 1281 74 
f 1279 1281 1280 
f 313 1282 1283 
f 1282 315 1284 
f 1283 1284 314 
f 1282 1284 1283 
f 73 1285 1286 
f 1285 316 1287 
f 1286 1287 317 
f 1285 1287 1286 
f 316 1288 1289 
f 1288 13 1290 
f 1289 1290 318 
f 1288 1290 1289 
f 317 1291 1292 
f 1291 318 1293 
f 1292 1293 75 
f 1291 1293 1292 
f 316 1294 1295 
f 1294 318 1296 
f 1295 1296 317 
f 1294 1296 1295 
f 74 1297 1298 
f 1297 319 1299 
f 1298 1299 320 
f 1297 1299 1298 
f 319 1300 1301 
f 1300 75 1302 
f 1301 1302 321 
f 1300 1302 1301 
f 320 1303 1304 
f 1303 321 1305 
f 1304 1305 14 
f 1303 1305 1304 
f 319 1306 1307 
f 1306 321 1308 
f 1307 1308 320 
f 1306 1308 1307 
f 73 1309 1310 
f 1309 322 1311 
f 1310 1311 323 
f 1309 1311 1310 
f 322 1312 1313 
f 1312 75 1314 
f 1313 1314 324 
f 1312 1314 1313 
f 323 1315 1316 
f 1315 324 1317 
f 1316 1317 74 
f 1315 1317 1316 
f 322 1318 1319 
f 1318 324 1320 
f 1319 1320 323 
f 1318 1320 1319 
f 13 1321 1322 
f 1321 325 1323 
f 1322 1323 326 
f 1321 1323 1322 
f 325 1324 1325 
f 1324 76 1326 
f 1325 1326 327 
f 1324 1326 1325 
f 326 1327 1328 
f 1327 327 1329 
f 1328 1329 77 
f 1327 1329 1328 
f 325 1330 1331 
f 1330 327 1332 
f 1331 1332 326 
f 1330 1332 1331 
f 76 1333 1334 
f 1333 328 1335 
f 1334 1335 329 
f 1333 1335 1334 
f 328 1336 1337 
f 1336 3 1338 
f 1337 1338 330 
f 1336 1338 1337 
f 329 1339 1340 
f 1339 330 1341 
f 1340 1341 78 
f 1339 1341 1340 
f 328 1342 1343 
f 1342 330 1344 
f 1343 1344 329 
f 1342 1344 1343 
f 77 1345 1346 
f 1345 331 1347 
f 1346 1347 332 
f 1345 1347 1346 
f 331 1348 1349 
f 1348 78 1350 
f 1349 1350 333 
f 1348 1350 1349 
f 332 1351 1352 
f 1351 333 1353 
f 1352 1353 15 
f 1351 1353 1352 
f 331 1354 1355 
f 1354 333 1356 
f 1355 1356 332 
f 1354 1356 1355 
f 76 1357 1358 
f 1357 334 1359 
f 1358 1359 335 
f 1357 1359 1358 
f 334 1360 1361 
f 1360 78 1362 
f 1361 1362 336 
f 1360 1362 1361 
f 335 1363 1364 
f 1363 336 1365 
f 1364 1365 77 
f 1363 1365 1364 
f 334 1366 1367 
f 1366 336 1368 
f 1367 1368 335 
f 1366 1368 1367 
f 14 1369 1370 
f 1369 337 1371 
f 1370 1371 338 
f 1369 1371 1370 
f 337 1372 1373 
f 1372 79 1374 
f 1373 1374 339 
f 1372 1374 1373 
f 338 1375 1376 
f 1375 339 1377 
f 1376 1377 80 
f 1375 1377 1376 
f 337 1378 1379 
f 1378 339 1380 
f 1379 1380 338 
f 1378 1380 1379 
f 79 1381 1382 
f 1381 340 1383 
f 1382 1383 341 
f 1381 1383 1382 
f 340 1384 1385 
f 1384 15 1386 
f 1385 1386 342 
f 1384 1386 1385 
f 341 1387 1388 
f 1387 342 1389 
f 1388 1389 81 
f 1387 1389 1388 
f 340 1390 1391 
f 1390 342 1392 
f 1391 1392 341 
f 1390 1392 1391 
f 80 1393 1394 
f 1393 343 1395 
f 1394 1395 344 
f 1393 1395 1394 
f 343 1396 1397 
f 1396 81 1398 
f 1397 1398 345 
f 1396 1398 1397 
f 344 1399 1400 
f 1399 345 1401 
f 1400 1401 2 
f 1399 1401 1400 
f 343 1402 1403 
f 1402 345 1404 
f 1403 1404 344 
f 1402 1404 1403 
f 79 1405 1406 
f 1405 346 1407 
f 1406 1407 347 
f 1405 1407 1406 
f 346 1408 1409 
f 1408 81 1410 
f 1409 1410 348 
f 1408 1410 1409 
f 347 1411 1412 
f 1411 348 1413 
f 1412 1413 80 
f 1411 1413 1412 
f 346 1414 1415 
f 1414 348 1416 
f 1415 1416 347 
f 1414 1416 1415 
f 13 1417 1418 
f 1417 349 1419 
f 1418 1419 350 
f 1417 1419 1418 
f 349 1420 1421 
f 1420 82 1422 
f 1421 1422 351 
f 1420 1422 1421 
f 350 1423 1424 
f 1423 351 1425 
f 1424 1425 83 
f 1423 1425 1424 
f 349 1426 1427 
f 1426 351 1428 
f 1427 1428 350 
f 1426 1428 1427 
f 82 1429 1430 
f 1429 352 1431 
f 1430 1431 353 
f 1429 1431 1430 
f 352 1432 1433 
f 1432 15 1434 
f 1433 1434 354 
f 1432 1434 1433 
f 353 1435 1436 
f 1435 354 1437 
f 1436 1437 84 
f 1435 1437 1436 
f 352 1438 1439 
f 1438 354 1440 
f 1439 1440 353 
f 1438 1440 1439 
f 83 1441 1442 
f 1441 355 1443 
f 1442 1443 356 
f 1441 1443 1442 
f 355 1444 1445 
f 1444 84 1446 
f 1445 1446 357 
f 1444 1446 1445 
f 356 1447 1448 
f 1447 357 1449 
f 1448 1449 14 
f 1447 1449 1448 
f 355 1450 1451 
f 1450 357 1452 
f 1451 1452 356 
f 1450 1452 1451 
f 82 1453 1454 
f 1453 358 1455 
f 1454 1455 359 
f 1453 1455 1454 
f 358 1456 1457 
f 1456 84 1458 
f 1457 1458 360 
f 1456 1458 1457 
f 359 1459 1460 
f 1459 360 1461 
f 1460 1461 83 
f 1459 1461 1460 
f 358 1462 1463 
f 1462 360 1464 
f 1463 1464 359 
f 1462 1464 1463 
f 4 1465 1466 
f 1465 361 1467 
f 1466 1467 362 
f 1465 1467 1466 
f 361 1468 1469 
f 1468 85 1470 
f 1469 1470 363 
f 1468 1470 1469 
f 362 1471 1472 
f 1471 363 1473 
f 1472 1473 86 
f 1471 1473 1472 
f 361 1474 1475 
f 1474 363 1476 
f 1475 1476 362 
f 1474 1476 1475 
f 85 1477 1478 
f 1477 364 1479 
f 1478 1479 365 
f 1477 1479 1478 
f 364 1480 1481 
f 1480 16 1482 
f 1481 1482 366 
f 1480 1482 1481 
f 365 1483 1484 
f 1483 366 1485 
f 1484 1485 87 
f 1483 1485 1484 
f 364 1486 1487 
f 1486 366 1488 
f 1487 1488 365 
f 1486 1488 1487 
f 86 1489 1490 
f 1489 367 1491 
f 1490 1491 368 
f 1489 1491 1490 
f 367 1492 1493 
f 1492 87 1494 
f 1493 1494 369 
f 1492 1494 1493 
f 368 1495 1496 
f 1495 369 1497 
f 1496 1497 17 
f 1495 1497 1496 
f 367 1498 1499 
f 1498 369 1500 
f 1499 1500 368 
f 1498 1500 1499 
f 85 1501 1502 
f 1501 370 1503 
f 1502 1503 371 
f 1501 1503 1502 
f 370 1504 1505 
f 1504 87 1506 
f 1505 1506 372 
f 1504 1506 1505 
f 371 1507 1508 
f 1507 372 1509 
f 1508 1509 86 
f 1507 1509 1508 
f 370 1510 1511 
f 1510 372 1512 
f 1511 1512 371 
f 1510 1512 1511 
f 16 1513 1514 
f 1513 373 1515 
f 1514 1515 374 
f 1513 1515 1514 
f 373 1516 1517 
f 1516 88 1518 
f 1517 1518 375 
f 1516 1518 1517 
f 374 1519 1520 
f 1519 375 1521 
f 1520 1521 89 
f 1519 1521 1520 
f 373 1522 1523 
f 1522 375 1524 
f 1523 1524 374 
f 1522 1524 1523 
f 88 1525 1526 
f 1525 376 1527 
f 1526 1527 377 
f 1525 1527 1526 
f 376 1528 1529 
f 1528 2 1530 
f 1529 1530 378 
f 1528 1530 1529 
f 377 1531 1532 
f 1531 378 1533 
f 1532 1533 90 
f 1531 1533 1532 
f 376 1534 1535 
f 1534 378 1536 
f 1535 1536 377 
f 1534 1536 1535 
f 89 1537 1538 
f 1537 379 1539 
f 1538 1539 380 
f 1537 1539 1538 
f 379 1540 1541 
f 1540 90 1542 
f 1541 1542 381 
f 1540 1542 1541 
f 380 1543 1544 
f 1543 381 1545 
f 1544 1545 18 
f 1543 1545 1544 
f 379 1546 1547 
f 1546 381 1548 
f 1547 1548 380 
f 1546 1548 1547 
f 88 1549 1550 
f 1549 382 1551 
f 1550 1551 383 
f 1549 1551 1550 
f 382 1552 1553 
f 1552 90 1554 
f 1553 1554 384 
f 1552 1554 1553 
f 383 1555 1556 
f 1555 384 1557 
f 1556 1557 89 
f 1555 1557 1556 
f 382 1558 1559 
f 1558 384 1560 
f 1559 1560 383 
f 1558 1560 1559 
f 17 1561 1562 
f 1561 385 1563 
f 1562 1563 386 
f 1561 1563 1562 
f 385 1564 1565 
f 1564 91 1566 
f 1565 1566 387 
f 1564 1566 1565 
f 386 1567 1568 
f 1567 387 1569 
f 1568 1569 92 
f 1567 1569 1568 
f 385 1570 1571 
f 1570 387 1572 
f 1571 1572 386 
f 1570 1572 1571 
f 91 1573 1574 
f 1573 388 1575 
f 1574 1575 389 
f 1573 1575 1574 
f 388 1576 1577 
f 1576 18 1578 
f 1577 1578 390 
f 1576 1578 1577 
f 389 1579 1580 
f 1579 390 1581 
f 1580 1581 93 
f 1579 1581 1580 
f 388 1582 1583 
f 1582 390 1584 
f 1583 1584 389 
f 1582 1584 1583 
f 92 1585 1586 
f 1585 391 1587 
f 1586 1587 392 
f 1585 1587 1586 
f 391 1588 1589 
f 1588 93 1590 
f 1589 1590 393 
f 1588 1590 1589 
f 392 1591 1592 
f 1591 393 1593 
f 1592 1593 3 
f 1591 1593 1592 
f 391 1594 1595 
f 1594 393 1596 
f 1595 1596 392 
f 1594 1596 1595 
f 91 1597 1598 
f 1597 394 1599 
f 1598 1599 395 
f 1597 1599 1598 
f 394 1600 1601 
f 1600 93 1602 
f 1601 1602 396 
f 1600 1602 1601 
f 395 1603 1604 
f 1603 396 1605 
f 1604 1605 92 
f 1603 1605 1604 
f 394 1606 1607 
f 1606 396 1608 
f 1607 1608 395 
f 1606 1608 1607 
f 16 1609 1610 
f 1609 397 1611 
f 1610 1611 398 
f 1609 1611 1610 
f 397 1612 1613 
f 1612 94 1614 
f 1613 1614 399 
f 1612 1614 1613 
f 398 1615 1616 
f 1615 399 1617 
f 1616 1617 95 
f 1615 1617 1616 
f 397 1618 1619 
f 1618 399 1620 
f 1619 1620 398 
f 1618 1620 1619 
f 94 1621 1622 
f 1621 400 1623 
f 1622 1623 401 
f 1621 1623 1622 
f 400 1624 1625 
f 1624 18 1626 
f 1625 1626 402 
f 1624 1626 1625 
f 401 1627 1628 
f 1627 402 1629 
f 1628 1629 96 
f 1627 1629 1628 
f 400 1630 1631 
f 1630 402 1632 
f 1631 1632 401 
f 1630 1632 1631 
f 95 1633 1634 
f 1633 403 1635 
f 1634 1635 404 
f 1633 1635 1634 
f 403 1636 1637 
f 1636 96 1638 
f 1637 1638 405 
f 1636 1638 1637 
f 404 1639 1640 
f 1639 405 1641 
f 1640 1641 17 
f 1639 1641 1640 
f 403 1642 1643 
f 1642 405 1644 
f 1643 1644 404 
f 1642 1644 1643 
f 94 1645 1646 
f 1645 406 1647 
f 1646 1647 407 
f 1645 1647 1646 
f 406 1648 1649 
f 1648 96 1650 
f 1649 1650 408 
f 1648 1650 1649 
f 407 1651 1652 
f 1651 408 1653 
f 1652 1653 95 
f 1651 1653 1652 
f 406 1654 1655 
f 1654 408 1656 
f 1655 1656 407 
f 1654 1656 1655 
f 4 1657 1658 
f 1657 409 1659 
f 1658 1659 410 
f 1657 1659 1658 
f 409 1660 1661 
f 1660 97 1662 
f 1661 1662 411 
f 1660 1662 1661 
f 410 1663 1664 
f 1663 411 1665 
f 1664 1665 98 
f 1663 1665 1664 
f 409 1666 1667 
f 1666 411 1668 
f 1667 1668 410 
f 1666 1668 1667 
f 97 1669 1670 
f 1669 412 1671 
f 1670 1671 413 
f 1669 1671 1670 
f 412 1672 1673 
f 1672 19 1674 
f 1673 1674 414 
f 1672 1674 1673 
f 413 1675 1676 
f 1675 414 1677 
f 1676 1677 99 
f 1675 1677 1676 
f 412 1678 1679 
f 1678 414 1680 
f 1679 1680 413 
f 1678 1680 1679 
f 98 1681 1682 
f 1681 415 1683 
f 1682 1683 416 
f 1681 1683 1682 
f 415 1684 1685 
f 1684 99 1686 
f 1685 1686 417 
f 1684 1686 1685 
f 416 1687 1688 
f 1687 417 1689 
f 1688 1689 20 
f 1687 1689 1688 
f 415 1690 1691 
f 1690 417 1692 
f 1691 1692 416 
f 1690 1692 1691 
f 97 1693 1694 
f 1693 418 1695 
f 1694 1695 419 
f 1693 1695 1694 
f 418 1696 1697 
f 1696 99 1698 
f 1697 1698 420 
f 1696 1698 1697 
f 419 1699 1700 
f 1699 420 1701 
f 1700 1701 98 
f 1699 1701 1700 
f 418 1702 1703 
f 1702 420 1704 
f 1703 1704 419 
f 1702 1704 1703 
f 19 1705 1706 
f 1705 421 1707 
f 1706 1707 422 
f 1705 1707 1706 
f 421 1708 1709 
f 1708 100 1710 
f 1709 1710 423 
f 1708 1710 1709 
f 422 1711 1712 
f 1711 423 1713 
f 1712 1713 101 
f 1711 1713 1712 
f 421 1714 1715 
f 1714 423 1716 
f 1715 1716 422 
f 1714 1716 1715 
f 100 1717 1718 
f 1717 424 1719 
f 1718 1719 425 
f 1717 1719 1718 
f 424 1720 1721 
f 1720 6 1722 
f 1721 1722 426 
f 1720 1722 1721 
f 425 1723 1724 
f 1723 426 1725 
f 1724 1725 102 
f 1723 1725 1724 
f 424 1726 1727 
f 1726 426 1728 
f 1727 1728 425 
f 1726 1728 1727 
f 101 1729 1730 
f 1729 427 1731 
f 1730 1731 428 
f 1729 1731 1730 
f 427 1732 1733 
f 1732 102 1734 
f 1733 1734 429 
f 1732 1734 1733 
f 428 1735 1736 
f 1735 429 1737 
f 1736 1737 21 
f 1735 1737 1736 
f 427 1738 1739 
f 1738 429 1740 
f 1739 1740 428 
f 1738 1740 1739 
f 100 1741 1742 
f 1741 430 1743 
f 1742 1743 431 
f 1741 1743 1742 
f 430 1744 1745 
f 1744 102 1746 
f 1745 1746 432 
f 1744 1746 1745 
f 431 1747 1748 
f 1747 432 1749 
f 1748 1749 101 
f 1747 1749 1748 
f 430 1750 1751 
f 1750 432 1752 
f 1751 1752 431 
f 1750 1752 1751 
f 20 1753 1754 
f 1753 433 1755 
f 1754 1755 434 
f 1753 1755 1754 
f 433 1756 1757 
f 1756 103 1758 
f 1757 1758 435 
f 1756 1758 1757 
f 434 1759 1760 
f 1759 435 1761 
f 1760 1761 104 
f 1759 1761 1760 
f 433 1762 1763 
f 1762 435 1764 
f 1763 1764 434 
f 1762 1764 1763 
f 103 1765 1766 
f 1765 436 1767 
f 1766 1767 437 
f 1765 1767 1766 
f 436 1768 1769 
f 1768 21 1770 
f 1769 1770 438 
f 1768 1770 1769 
f 437 1771 1772 
f 1771 438 1773 
f 1772 1773 105 
f 1771 1773 1772 
f 436 1774 1775 
f 1774 438 1776 
f 1775 1776 437 
f 1774 1776 1775 
f 104 1777 1778 
f 1777 439 1779 
f 1778 1779 440 
f 1777 1779 1778 
f 439 1780 1781 
f 1780 105 1782 
f 1781 1782 441 
f 1780 1782 1781 
f 440 1783 1784 
f 1783 441 1785 
f 1784 1785 5 
f 1783 1785 1784 
f 439 1786 1787 
f 1786 441 1788 
f 1787 1788 440 
f 1786 1788 1787 
f 103 1789 1790 
f 1789 442 1791 
f 1790 1791 443 
f 1789 1791 1790 
f 442 1792 1793 
f 1792 105 1794 
f 1793 1794 444 
f 1792 1794 1793 
f 443 1795 1796 
f 1795 444 1797 
f 1796 1797 104 
f 1795 1797 1796 
f 442 1798 1799 
f 1798 444 1800 
f 1799 1800 443 
f 1798 1800 1799 
f 19 1801 1802 
f 1801 445 1803 
f 1802 1803 446 
f 1801 1803 1802 
f 445 1804 1805 
f 1804 106 1806 
f 1805 1806 447 
f 1804 1806 1805 
f 446 1807 1808 
f 1807 447 1809 
f 1808 1809 107 
f 1807 1809 1808 
f 445 1810 1811 
f 1810 447 1812 
f 1811 1812 446 
f 1810 1812 1811 
f 106 1813 1814 
f 1813 448 1815 
f 1814 1815 449 
f 1813 1815 1814 
f 448 1816 1817 
f 1816 21 1818 
f 1817 1818 450 
f 1816 1818 1817 
f 449 1819 1820 
f 1819 450 1821 
f 1820 1821 108 
f 1819 1821 1820 
f 448 1822 1823 
f 1822 450 1824 
f 1823 1824 449 
f 1822 1824 1823 
f 107 1825 1826 
f 1825 451 1827 
f 1826 1827 452 
f 1825 1827 1826 
f 451 1828 1829 
f 1828 108 1830 
f 1829 1830 453 
f 1828 1830 1829 
f 452 1831 1832 
f 1831 453 1833 
f 1832 1833 20 
f 1831 1833 1832 
f 451 1834 1835 
f 1834 453 1836 
f 1835 1836 452 
f 1834 1836 1835 
f 106 1837 1838 
f 1837 454 1839 
f 1838 1839 455 
f 1837 1839 1838 
f 454 1840 1841 
f 1840 108 1842 
f 1841 1842 456 
f 1840 1842 1841 
f 455 1843 1844 
f 1843 456 1845 
f 1844 1845 107 
f 1843 1845 1844 
f 454 1846 1847 
f 1846 456 1848 
f 1847 1848 455 
f 1846 1848 1847 
f 4 1849 1850 
f 1849 457 1851 
f 1850 1851 458 
f 1849 1851 1850 
f 457 1852 1853 
f 1852 109 1854 
f 1853 1854 459 
f 1852 1854 1853 
f 458 1855 1856 
f 1855 459 1857 
f 1856 1857 110 
f 1855 1857 1856 
f 457 1858 1859 
f 1858 459 1860 
f 1859 1860 458 
f 1858 1860 1859 
f 109 1861 1862 
f 1861 460 1863 
f 1862 1863 461 
f 1861 1863 1862 
f 460 1864 1865 
f 1864 22 1866 
f 1865 1866 462 
f 1864 1866 1865 
f 461 1867 1868 
f 1867 462 1869 
f 1868 1869 111 
f 1867 1869 1868 
f 460 1870 1871 
f 1870 462 1872 
f 1871 1872 461 
f 1870 1872 1871 
f 110 1873 1874 
f 1873 463 1875 
f 1874 1875 464 
f 1873 1875 1874 
f 463 1876 1877 
f 1876 111 1878 
f 1877 1878 465 
f 1876 1878 1877 
f 464 1879 1880 
f 1879 465 1881 
f 1880 1881 23 
f 1879 1881 1880 
f 463 1882 1883 
f 1882 465 1884 
f 1883 1884 464 
f 1882 1884 1883 
f 109 1885 1886 
f 1885 466 1887 
f 1886 1887 467 
f 1885 1887 1886 
f 466 1888 1889 
f 1888 111 1890 
f 1889 1890 468 
f 1888 1890 1889 
f 467 1891 1892 
f 1891 468 1893 
f 1892 1893 110 
f 1891 1893 1892 
f 466 1894 1895 
f 1894 468 1896 
f 1895 1896 467 
f 1894 1896 1895 
f 22 1897 1898 
f 1897 469 1899 
f 1898 1899 470 
f 1897 1899 1898 
f 469 1900 1901 
f 1900 112 1902 
f 1901 1902 471 
f 1900 1902 1901 
f 470 1903 1904 
f 1903 471 1905 
f 1904 1905 113 
f 1903 1905 1904 
f 469 1906 1907 
f 1906 471 1908 
f 1907 1908 470 
f 1906 1908 1907 
f 112 1909 1910 
f 1909 472 1911 
f 1910 1911 473 
f 1909 1911 1910 
f 472 1912 1913 
f 1912 5 1914 
f 1913 1914 474 
f 1912 1914 1913 
f 473 1915 1916 
f 1915 474 1917 
f 1916 1917 114 
f 1915 1917 1916 
f 472 1918 1919 
f 1918 474 1920 
f 1919 1920 473 
f 1918 1920 1919 
f 113 1921 1922 
f 1921 475 1923 
f 1922 1923 476 
f 1921 1923 1922 
f 475 1924 1925 
f 1924 114 1926 
f 1925 1926 477 
f 1924 1926 1925 
f 476 1927 1928 
f 1927 477 1929 
f 1928 1929 24 
f 1927 1929 1928 
f 475 1930 1931 
f 1930 477 1932 
f 1931 1932 476 
f 1930 1932 1931 
f 112 1933 1934 
f 1933 478 1935 
f 1934 1935 479 
f 1933 1935 1934 
f 478 1936 1937 
f 1936 114 1938 
f 1937 1938 480 
f 1936 1938 1937 
f 479 1939 1940 
f 1939 480 1941 
f 1940 1941 113 
f 1939 1941 1940 
f 478 1942 1943 
f 1942 480 1944 
f 1943 1944 479 
f 1942 1944 1943 
f 23 1945 1946 
f 1945 481 1947 
f 1946 1947 482 
f 1945 1947 1946 
f 481 1948 1949 
f 1948 115 1950 
f 1949 1950 483 
f 1948 1950 1949 
f 482 1951 1952 
f 1951 483 1953 
f 1952 1953 116 
f 1951 1953 1952 
f 481 1954 1955 
f 1954 483 1956 
f 1955 1956 482 
f 1954 1956 1955 
f 115 1957 1958 
f 1957 484 1959 
f 1958 1959 485 
f 1957 1959 1958 
f 484 1960 1961 
f 1960 24 1962 
f 1961 1962 486 
f 1960 1962 1961 
f 485 1963 1964 
f 1963 486 1965 
f 1964 1965 117 
f 1963 1965 1964 
f 484 1966 1967 
f 1966 486 1968 
f 1967 1968 485 
f 1966 1968 1967 
f 116 1969 1970 
f 1969 487 1971 
f 1970 1971 488 
f 1969 1971 1970 
f 487 1972 1973 
f 1972 117 1974 
f 1973 1974 489 
f 1972 1974 1973 
f 488 1975 1976 
f 1975 489 1977 
f 1976 1977 7 
f 1975 1977 1976 
f 487 1978 1979 
f 1978 489 1980 
f 1979 1980 488 
f 1978 1980 1979 
f 115 1981 1982 
f 1981 490 1983 
f 1982 1983 491 
f 1981 1983 1982 
f 490 1984 1985 
f 1984 117 1986 
f 1985 1986 492 
f 1984 1986 1985 
f 491 1987 1988 
f 1987 492 1989 
f 1988 1989 116 
f 1987 1989 1988 
f 490 1990 1991 
f 1990 492 1992 
f 1991 1992 491 
f 1990 1992 1991 
f 22 1993 1994 
f 1993 493 1995 
f 1994 1995 494 
f 1993 1995 1994 
f 493 1996 1997 
f 1996 118 1998 
f 1997 1998 495 
f 1996 1998 1997 
f 494 1999 2000 
f 1999 495 2001 
f 2000 2001 119 
f 1999 2001 2000 
f 493 2002 2003 
f 2002 495 2004 
f 2003 2004 494 
f 2002 2004 2003 
f 118 2005 2006 
f 2005 496 2007 
f 2006 2007 497 
f 2005 2007 2006 
f 496 2008 2009 
f 2008 24 2010 
f 2009 2010 498 
f 2008 2010 2009 
f 497 2011 2012 
f 2011 498 2013 
f 2012 2013 120 
f 2011 2013 2012 
f 496 2014 2015 
f 2014 498 2016 
f 2015 2016 497 
f 2014 2016 2015 
f 119 2017 2018 
f 2017 499 2019 
f 2018 2019 500 
f 2017 2019 2018 
f 499 2020 2021 
f 2020 120 2022 
f 2021 2022 501 
f 2020 2022 2021 
f 500 2023 2024 
f 2023 501 2025 
f 2024 2025 23 
f 2023 2025 2024 
f 499 2026 2027 
f 2026 501 2028 
f 2027 2028 500 
f 2026 2028 2027 
f 118 2029 2030 
f 2029 502 2031 
f 2030 2031 503 
f 2029 2031 2030 
f 502 2032 2033 
f 2032 120 2034 
f 2033 2034 504 
f 2032 2034 2033 
f 503 2035 2036 
f 2035 504 2037 
f 2036 2037 119 
f 2035 2037 2036 
f 502 2038 2039 
f 2038 504 2040 
f 2039 2040 503 
f 2038 2040 2039 
f 1 2041 2042 
f 2041 505 2043 
f 2042 2043 506 
f 2041 2043 2042 
f 505 2044 2045 
f 2044 121 2046 
f 2045 2046 507 
f 2044 2046 2045 
f 506 2047 2048 
f 2047 507 2049 
f 2048 2049 122 
f 2047 2049 2048 
f 505 2050 2051 
f 2050 507 2052 
f 2051 2052 506 
f 2050 2052 2051 
f 121 2053 2054 
f 2053 508 2055 
f 2054 2055 509 
f 2053 2055 2054 
f 508 2056 2057 
f 2056 25 2058 
f 2057 2058 510 
f 2056 2058 2057 
f 509 2059 2060 
f 2059 510 2061 
f 2060 2061 123 
f 2059 2061 2060 
f 508 2062 2063 
f 2062 510 2064 
f 2063 2064 509 
f 2062 2064 2063 
f 122 2065 2066 
f 2065 511 2067 
f 2066 2067 512 
f 2065 2067 2066 
f 511 2068 2069 
f 2068 123 2070 
f 2069 2070 513 
f 2068 2070 2069 
f 512 2071 2072 
f 2071 513 2073 
f 2072 2073 26 
f 2071 2073 2072 
f 511 2074 2075 
f 2074 513 2076 
f 2075 2076 512 
f 2074 2076 2075 
f 121 2077 2078 
f 2077 514 2079 
f 2078 2079 515 
f 2077 2079 2078 
f 514 2080 2081 
f 2080 123 2082 
f 2081 2082 516 
f 2080 2082 2081 
f 515 2083 2084 
f 2083 516 2085 
f 2084 2085 122 
f 2083 2085 2084 
f 514 2086 2087 
f 2086 516 2088 
f 2087 2088 515 
f 2086 2088 2087 
f 25 2089 2090 
f 2089 517 2091 
f 2090 2091 518 
f 2089 2091 2090 
f 517 2092 2093 
f 2092 124 2094 
f 2093 2094 519 
f 2092 2094 2093 
f 518 2095 2096 
f 2095 519 2097 
f 2096 2097 125 
f 2095 2097 2096 
f 517 2098 2099 
f 2098 519 2100 
f 2099 2100 518 
f 2098 2100 2099 
f 124 2101 2102 
f 2101 520 2103 
f 2102 2103 521 
f 2101 2103 2102 
f 520 2104 2105 
f 2104 9 2106 
f 2105 2106 522 
f 2104 2106 2105 
f 521 2107 2108 
f 2107 522 2109 
f 2108 2109 126 
f 2107 2109 2108 
f 520 2110 2111 
f 2110 522 2112 
f 2111 2112 521 
f 2110 2112 2111 
f 125 2113 2114 
f 2113 523 2115 
f 2114 2115 524 
f 2113 2115 2114 
f 523 2116 2117 
f 2116 126 2118 
f 2117 2118 525 
f 2116 2118 2117 
f 524 2119 2120 
f 2119 525 2121 
f 2120 2121 27 
f 2119 2121 2120 
f 523 2122 2123 
f 2122 525 2124 
f 2123 2124 524 
f 2122 2124 2123 
f 124 2125 2126 
f 2125 526 2127 
f 2126 2127 527 
f 2125 2127 2126 
f 526 2128 2129 
f 2128 126 2130 
f 2129 2130 528 
f 2128 2130 2129 
f 527 2131 2132 
f 2131 528 2133 
f 2132 2133 125 
f 2131 2133 2132 
f 526 2134 2135 
f 2134 528 2136 
f 2135 2136 527 
f 2134 2136 2135 
f 26 2137 2138 
f 2137 529 2139 
f 2138 2139 530 
f 2137 2139 2138 
f 529 2140 2141 
f 2140 127 2142 
f 2141 2142 531 
f 2140 2142 2141 
f 530 2143 2144 
f 2143 531 2145 
f 2144 2145 128 
f 2143 2145 2144 
f 529 2146 2147 
f 2146 531 2148 
f 2147 2148 530 
f 2146 2148 2147 
f 127 2149 2150 
f 2149 532 2151 
f 2150 2151 533 
f 2149 2151 2150 
f 532 2152 2153 
f 2152 27 2154 
f 2153 2154 534 
f 2152 2154 2153 
f 533 2155 2156 
f 2155 534 2157 
f 2156 2157 129 
f 2155 2157 2156 
f 532 2158 2159 
f 2158 534 2160 
f 2159 2160 533 
f 2158 2160 2159 
f 128 2161 2162 
f 2161 535 2163 
f 2162 2163 536 
f 2161 2163 2162 
f 535 2164 2165 
f 2164 129 2166 
f 2165 2166 537 
f 2164 2166 2165 
f 536 2167 2168 
f 2167 537 2169 
f 2168 2169 8 
f 2167 2169 2168 
f 535 2170 2171 
f 2170 537 2172 
f 2171 2172 536 
f 2170 2172 2171 
f 127 2173 2174 
f 2173 538 2175 
f 2174 2175 539 
f 2173 2175 2174 
f 538 2176 2177 
f 2176 129 2178 
f 2177 2178 540 
f 2176 2178 2177 
f 539 2179 2180 
f 2179 540 2181 
f 2180 2181 128 
f 2179 2181 2180 
f 538 2182 2183 
f 2182 540 2184 
f 2183 2184 539 
f 2182 2184 2183 
f 25 2185 2186 
f 2185 541 2187 
f 2186 2187 542 
f 2185 2187 2186 
f 541 2188 2189 
f 2188 130 2190 
f 2189 2190 543 
f 2188 2190 2189 
f 542 2191 2192 
f 2191 543 2193 
f 2192 2193 131 
f 2191 2193 2192 
f 541 2194 2195 
f 2194 543 2196 
f 2195 2196 542 
f 2194 2196 2195 
f 130 2197 2198 
f 2197 544 2199 
f 2198 2199 545 
f 2197 2199 2198 
f 544 2200 2201 
f 2200 27 2202 
f 2201 2202 546 
f 2200 2202 2201 
f 545 2203 2204 
f 2203 546 2205 
f 2204 2205 132 
f 2203 2205 2204 
f 544 2206 2207 
f 2206 546 2208 
f 2207 2208 545 
f 2206 2208 2207 
f 131 2209 2210 
f 2209 547 2211 
f 2210 2211 548 
f 2209 2211 2210 
f 547 2212 2213 
f 2212 132 2214 
f 2213 2214 549 
f 2212 2214 2213 
f 548 2215 2216 
f 2215 549 2217 
f 2216 2217 26 
f 2215 2217 2216 
f 547 2218 2219 
f 2218 549 2220 
f 2219 2220 548 
f 2218 2220 2219 
f 130 2221 2222 
f 2221 550 2223 
f 2222 2223 551 
f 2221 2223 2222 
f 550 2224 2225 
f 2224 132 2226 
f 2225 2226 552 
f 2224 2226 2225 
f 551 2227 2228 
f 2227 552 2229 
f 2228 2229 131 
f 2227 2229 2228 
f 550 2230 2231 
f 2230 552 2232 
f 2231 2232 551 
f 2230 2232 2231 
f 1 2233 2234 
f 2233 553 2235 
f 2234 2235 554 
f 2233 2235 2234 
f 553 2236 2237 
f 2236 133 2238 
f 2237 2238 555 
f 2236 2238 2237 
f 554 2239 2240 
f 2239 555 2241 
f 2240 2241 134 
f 2239 2241 2240 
f 553 2242 2243 
f 2242 555 2244 
f 2243 2244 554 
f 2242 2244 2243 
f 133 2245 2246 
f 2245 556 2247 
f 2246 2247 557 
f 2245 2247 2246 
f 556 2248 2249 
f 2248 28 2250 
f 2249 2250 558 
f 2248 2250 2249 
f 557 2251 2252 
f 2251 558 2253 
f 2252 2253 135 
f 2251 2253 2252 
f 556 2254 2255 
f 2254 558 2256 
f 2255 2256 557 
f 2254 2256 2255 
f 134 2257 2258 
f 2257 559 2259 
f 2258 2259 560 
f 2257 2259 2258 
f 559 2260 2261 
f 2260 135 2262 
f 2261 2262 561 
f 2260 2262 2261 
f 560 2263 2264 
f 2263 561 2265 
f 2264 2265 29 
f 2263 2265 2264 
f 559 2266 2267 
f 2266 561 2268 
f 2267 2268 560 
f 2266 2268 2267 
f 133 2269 2270 
f 2269 562 2271 
f 2270 2271 563 
f 2269 2271 2270 
f 562 2272 2273 
f 2272 135 2274 
f 2273 2274 564 
f 2272 2274 2273 
f 563 2275 2276 
f 2275 564 2277 
f 2276 2277 134 
f 2275 2277 2276 
f 562 2278 2279 
f 2278 564 2280 
f 2279 2280 563 
f 2278 2280 2279 
f 28 2281 2282 
f 2281 565 2283 
f 2282 2283 566 
f 2281 2283 2282 
f 565 2284 2285 
f 2284 136 2286 
f 2285 2286 567 
f 2284 2286 2285 
f 566 2287 2288 
f 2287 567 2289 
f 2288 2289 137 
f 2287 2289 2288 
f 565 2290 2291 
f 2290 567 2292 
f 2291 2292 566 
f 2290 2292 2291 
f 136 2293 2294 
f 2293 568 2295 
f 2294 2295 569 
f 2293 2295 2294 
f 568 2296 2297 
f 2296 8 2298 
f 2297 2298 570 
f 2296 2298 2297 
f 569 2299 2300 
f 2299 570 2301 
f 2300 2301 138 
f 2299 2301 2300 
f 568 2302 2303 
f 2302 570 2304 
f 2303 2304 569 
f 2302 2304 2303 
f 137 2305 2306 
f 2305 571 2307 
f 2306 2307 572 
f 2305 2307 2306 
f 571 2308 2309 
f 2308 138 2310 
f 2309 2310 573 
f 2308 2310 2309 
f 572 2311 2312 
f 2311 573 2313 
f 2312 2313 30 
f 2311 2313 2312 
f 571 2314 2315 
f 2314 573 2316 
f 2315 2316 572 
f 2314 2316 2315 
f 136 2317 2318 
f 2317 574 2319 
f 2318 2319 575 
f 2317 2319 2318 
f 574 2320 2321 
f 2320 138 2322 
f 2321 2322 576 
f 2320 2322 2321 
f 575 2323 2324 
f 2323 576 2325 
f 2324 2325 137 
f 2323 2325 2324 
f 574 2326 2327 
f 2326 576 2328 
f 2327 2328 575 
f 2326 2328 2327 
f 29 2329 2330 
f 2329 577 2331 
f 2330 2331 578 
f 2329 2331 2330 
f 577 2332 2333 
f 2332 139 2334 
f 2333 2334 579 
f 2332 2334 2333 
f 578 2335 2336 
f 2335 579 2337 
f 2336 2337 140 
f 2335 2337 2336 
f 577 2338 2339 
f 2338 579 2340 
f 2339 2340 578 
f 2338 2340 2339 
f 139 2341 2342 
f 2341 580 2343 
f 2342 2343 581 
f 2341 2343 2342 
f 580 2344 2345 
f 2344 30 2346 
f 2345 2346 582 
f 2344 2346 2345 
f 581 2347 2348 
f 2347 582 2349 
f 2348 2349 141 
f 2347 2349 2348 
f 580 2350 2351 
f 2350 582 2352 
f 2351 2352 581 
f 2350 2352 2351 
f 140 2353 2354 
f 2353 583 2355 
f 2354 2355 584 
f 2353 2355 2354 
f 583 2356 2357 
f 2356 141 2358 
f 2357 2358 585 
f 2356 2358 2357 
f 584 2359 2360 
f 2359 585 2361 
f 2360 2361 10 
f 2359 2361 2360 
f 583 2362 2363 
f 2362 585 2364 
f 2363 2364 584 
f 2362 2364 2363 
f 139 2365 2366 
f 2365 586 2367 
f 2366 2367 587 
f 2365 2367 2366 
f 586 2368 2369 
f 2368 141 2370 
f 2369 2370 588 
f 2368 2370 2369 
f 587 2371 2372 
f 2371 588 2373 
f 2372 2373 140 
f 2371 2373 2372 
f 586 2374 2375 
f 2374 588 2376 
f 2375 2376 587 
f 2374 2376 2375 
f 28 2377 2378 
f 2377 589 2379 
f 2378 2379 590 
f 2377 2379 2378 
f 589 2380 2381 
f 2380 142 2382 
f 2381 2382 591 
f 2380 2382 2381 
f 590 2383 2384 
f 2383 591 2385 
f 2384 2385 143 
f 2383 2385 2384 
f 589 2386 2387 
f 2386 591 2388 
f 2387 2388 590 
f 2386 2388 2387 
f 142 2389 2390 
f 2389 592 2391 
f 2390 2391 593 
f 2389 2391 2390 
f 592 2392 2393 
f 2392 30 2394 
f 2393 2394 594 
f 2392 2394 2393 
f 593 2395 2396 
f 2395 594 2397 
f 2396 2397 144 
f 2395 2397 2396 
f 592 2398 2399 
f 2398 594 2400 
f 2399 2400 593 
f 2398 2400 2399 
f 143 2401 2402 
f 2401 595 2403 
f 2402 2403 596 
f 2401 2403 2402 
f 595 2404 2405 
f 2404 144 2406 
f 2405 2406 597 
f 2404 2406 2405 
f 596 2407 2408 
f 2407 597 2409 
f 2408 2409 29 
f 2407 2409 2408 
f 595 2410 2411 
f 2410 597 2412 
f 2411 2412 596 
f 2410 2412 2411 
f 142 2413 2414 
f 2413 598 2415 
f 2414 2415 599 
f 2413 2415 2414 
f 598 2416 2417 
f 2416 144 2418 
f 2417 2418 600 
f 2416 2418 2417 
f 599 2419 2420 
f 2419 600 2421 
f 2420 2421 143 
f 2419 2421 2420 
f 598 2422 2423 
f 2422 600 2424 
f 2423 2424 599 
f 2422 2424 2423 
f 5 2425 2426 
f 2425 601 2427 
f 2426 2427 602 
f 2425 2427 2426 
f 601 2428 2429 
f 2428 145 2430 
f 2429 2430 603 
f 2428 2430 2429 
f 602 2431 2432 
f 2431 603 2433 
f 2432 2433 146 
f 2431 2433 2432 
f 601 2434 2435 
f 2434 603 2436 
f 2435 2436 602 
f 2434 2436 2435 
f 145 2437 2438 
f 2437 604 2439 
f 2438 2439 605 
f 2437 2439 2438 
f 604 2440 2441 
f 2440 31 2442 
f 2441 2442 606 
f 2440 2442 2441 
f 605 2443 2444 
f 2443 606 2445 
f 2444 2445 147 
f 2443 2445 2444 
f 604 2446 2447 
f 2446 606 2448 
f 2447 2448 605 
f 2446 2448 2447 
f 146 2449 2450 
f 2449 607 2451 
f 2450 2451 608 
f 2449 2451 2450 
f 607 2452 2453 
f 2452 147 2454 
f 2453 2454 609 
f 2452 2454 2453 
f 608 2455 2456 
f 2455 609 2457 
f 2456 2457 32 
f 2455 2457 2456 
f 607 2458 2459 
f 2458 609 2460 
f 2459 2460 608 
f 2458 2460 2459 
f 145 2461 2462 
f 2461 610 2463 
f 2462 2463 611 
f 2461 2463 2462 
f 610 2464 2465 
f 2464 147 2466 
f 2465 2466 612 
f 2464 2466 2465 
f 611 2467 2468 
f 2467 612 2469 
f 2468 2469 146 
f 2467 2469 2468 
f 610 2470 2471 
f 2470 612 2472 
f 2471 2472 611 
f 2470 2472 2471 
f 31 2473 2474 
f 2473 613 2475 
f 2474 2475 614 
f 2473 2475 2474 
f 613 2476 2477 
f 2476 148 2478 
f 2477 2478 615 
f 2476 2478 2477 
f 614 2479 2480 
f 2479 615 2481 
f 2480 2481 149 
f 2479 2481 2480 
f 613 2482 2483 
f 2482 615 2484 
f 2483 2484 614 
f 2482 2484 2483 
f 148 2485 2486 
f 2485 616 2487 
f 2486 2487 617 
f 2485 2487 2486 
f 616 2488 2489 
f 2488 12 2490 
f 2489 2490 618 
f 2488 2490 2489 
f 617 2491 2492 
f 2491 618 2493 
f 2492 2493 150 
f 2491 2493 2492 
f 616 2494 2495 
f 2494 618 2496 
f 2495 2496 617 
f 2494 2496 2495 
f 149 2497 2498 
f 2497 619 2499 
f 2498 2499 620 
f 2497 2499 2498 
f 619 2500 2501 
f 2500 150 2502 
f 2501 2502 621 
f 2500 2502 2501 
f 620 2503 2504 
f 2503 621 2505 
f 2504 2505 33 
f 2503 2505 2504 
f 619 2506 2507 
f 2506 621 2508 
f 2507 2508 620 
f 2506 2508 2507 
f 148 2509 2510 
f 2509 622 2511 
f 2510 2511 623 
f 2509 2511 2510 
f 622 2512 2513 
f 2512 150 2514 
f 2513 2514 624 
f 2512 2514 2513 
f 623 2515 2516 
f 2515 624 2517 
f 2516 2517 149 
f 2515 2517 2516 
f 622 2518 2519 
f 2518 624 2520 
f 2519 2520 623 
f 2518 2520 2519 
f 32 2521 2522 
f 2521 625 2523 
f 2522 2523 626 
f 2521 2523 2522 
f 625 2524 2525 
f 2524 151 2526 
f 2525 2526 627 
f 2524 2526 2525 
f 626 2527 2528 
f 2527 627 2529 
f 2528 2529 152 
f 2527 2529 2528 
f 625 2530 2531 
f 2530 627 2532 
f 2531 2532 626 
f 2530 2532 2531 
f 151 2533 2534 
f 2533 628 2535 
f 2534 2535 629 
f 2533 2535 2534 
f 628 2536 2537 
f 2536 33 2538 
f 2537 2538 630 
f 2536 2538 2537 
f 629 2539 2540 
f 2539 630 2541 
f 2540 2541 153 
f 2539 2541 2540 
f 628 2542 2543 
f 2542 630 2544 
f 2543 2544 629 
f 2542 2544 2543 
f 152 2545 2546 
f 2545 631 2547 
f 2546 2547 632 
f 2545 2547 2546 
f 631 2548 2549 
f 2548 153 2550 
f 2549 2550 633 
f 2548 2550 2549 
f 632 2551 2552 
f 2551 633 2553 
f 2552 2553 11 
f 2551 2553 2552 
f 631 2554 2555 
f 2554 633 2556 
f 2555 2556 632 
f 2554 2556 2555 
f 151 2557 2558 
f 2557 634 2559 
f 2558 2559 635 
f 2557 2559 2558 
f 634 2560 2561 
f 2560 153 2562 
f 2561 2562 636 
f 2560 2562 2561 
f 635 2563 2564 
f 2563 636 2565 
f 2564 2565 152 
f 2563 2565 2564 
f 634 2566 2567 
f 2566 636 2568 
f 2567 2568 635 
f 2566 2568 2567 
f 31 2569 2570 
f 2569 637 2571 
f 2570 2571 638 
f 2569 2571 2570 
f 637 2572 2573 
f 2572 154 2574 
f 2573 2574 639 
f 2572 2574 2573 
f 638 2575 2576 
f 2575 639 2577 
f 2576 2577 155 
f 2575 2577 2576 
f 637 2578 2579 
f 2578 639 2580 
f 2579 2580 638 
f 2578 2580 2579 
f 154 2581 2582 
f 2581 640 2583 
f 2582 2583 641 
f 2581 2583 2582 
f 640 2584 2585 
f 2584 33 2586 
f 2585 2586 642 
f 2584 2586 2585 
f 641 2587 2588 
f 2587 642 2589 
f 2588 2589 156 
f 2587 2589 2588 
f 640 2590 2591 
f 2590 642 2592 
f 2591 2592 641 
f 2590 2592 2591 
f 155 2593 2594 
f 2593 643 2595 
f 2594 2595 644 
f 2593 2595 2594 
f 643 2596 2597 
f 2596 156 2598 
f 2597 2598 645 
f 2596 2598 2597 
f 644 2599 2600 
f 2599 645 2601 
f 2600 2601 32 
f 2599 2601 2600 
f 643 2602 2603 
f 2602 645 2604 
f 2603 2604 644 
f 2602 2604 2603 
f 154 2605 2606 
f 2605 646 2607 
f 2606 2607 647 
f 2605 2607 2606 
f 646 2608 2609 
f 2608 156 2610 
f 2609 2610 648 
f 2608 2610 2609 
f 647 2611 2612 
f 2611 648 2613 
f 2612 2613 155 
f 2611 2613 2612 
f 646 2614 2615 
f 2614 648 2616 
f 2615 2616 647 
f 2614 2616 2615 
f 8 2617 2618 
f 2617 649 2619 
f 2618 2619 650 
f 2617 2619 2618 
f 649 2620 2621 
f 2620 157 2622 
f 2621 2622 651 
f 2620 2622 2621 
f 650 2623 2624 
f 2623 651 2625 
f 2624 2625 158 
f 2623 2625 2624 
f 649 2626 2627 
f 2626 651 2628 
f 2627 2628 650 
f 2626 2628 2627 
f 157 2629 2630 
f 2629 652 2631 
f 2630 2631 653 
f 2629 2631 2630 
f 652 2632 2633 
f 2632 34 2634 
f 2633 2634 654 
f 2632 2634 2633 
f 653 2635 2636 
f 2635 654 2637 
f 2636 2637 159 
f 2635 2637 2636 
f 652 2638 2639 
f 2638 654 2640 
f 2639 2640 653 
f 2638 2640 2639 
f 158 2641 2642 
f 2641 655 2643 
f 2642 2643 656 
f 2641 2643 2642 
f 655 2644 2645 
f 2644 159 2646 
f 2645 2646 657 
f 2644 2646 2645 
f 656 2647 2648 
f 2647 657 2649 
f 2648 2649 35 
f 2647 2649 2648 
f 655 2650 2651 
f 2650 657 2652 
f 2651 2652 656 
f 2650 2652 2651 
f 157 2653 2654 
f 2653 658 2655 
f 2654 2655 659 
f 2653 2655 2654 
f 658 2656 2657 
f 2656 159 2658 
f 2657 2658 660 
f 2656 2658 2657 
f 659 2659 2660 
f 2659 660 2661 
f 2660 2661 158 
f 2659 2661 2660 
f 658 2662 2663 
f 2662 660 2664 
f 2663 2664 659 
f 2662 2664 2663 
f 34 2665 2666 
f 2665 661 2667 
f 2666 2667 662 
f 2665 2667 2666 
f 661 2668 2669 
f 2668 160 2670 
f 2669 2670 663 
f 2668 2670 2669 
f 662 2671 2672 
f 2671 663 2673 
f 2672 2673 161 
f 2671 2673 2672 
f 661 2674 2675 
f 2674 663 2676 
f 2675 2676 662 
f 2674 2676 2675 
f 160 2677 2678 
f 2677 664 2679 
f 2678 2679 665 
f 2677 2679 2678 
f 664 2680 2681 
f 2680 11 2682 
f 2681 2682 666 
f 2680 2682 2681 
f 665 2683 2684 
f 2683 666 2685 
f 2684 2685 162 
f 2683 2685 2684 
f 664 2686 2687 
f 2686 666 2688 
f 2687 2688 665 
f 2686 2688 2687 
f 161 2689 2690 
f 2689 667 2691 
f 2690 2691 668 
f 2689 2691 2690 
f 667 2692 2693 
f 2692 162 2694 
f 2693 2694 669 
f 2692 2694 2693 
f 668 2695 2696 
f 2695 669 2697 
f 2696 2697 36 
f 2695 2697 2696 
f 667 2698 2699 
f 2698 669 2700 
f 2699 2700 668 
f 2698 2700 2699 
f 160 2701 2702 
f 2701 670 2703 
f 2702 2703 671 
f 2701 2703 2702 
f 670 2704 2705 
f 2704 162 2706 
f 2705 2706 672 
f 2704 2706 2705 
f 671 2707 2708 
f 2707 672 2709 
f 2708 2709 161 
f 2707 2709 2708 
f 670 2710 2711 
f 2710 672 2712 
f 2711 2712 671 
f 2710 2712 2711 
f 35 2713 2714 
f 2713 673 2715 
f 2714 2715 674 
f 2713 2715 2714 
f 673 2716 2717 
f 2716 163 2718 
f 2717 2718 675 
f 2716 2718 2717 
f 674 2719 2720 
f 2719 675 2721 
f 2720 2721 164 
f 2719 2721 2720 
f 673 2722 2723 
f 2722 675 2724 
f 2723 2724 674 
f 2722 2724 2723 
f 163 2725 2726 
f 2725 676 2727 
f 2726 2727 677 
f 2725 2727 2726 
f 676 2728 2729 
f 2728 36 2730 
f 2729 2730 678 
f 2728 2730 2729 
f 677 2731 2732 
f 2731 678 2733 
f 2732 2733 165 
f 2731 2733 2732 
f 676 2734 2735 
f 2734 678 2736 
f 2735 2736 677 
f 2734 2736 2735 
f 164 2737 2738 
f 2737 679 2739 
f 2738 2739 680 
f 2737 2739 2738 
f 679 2740 2741 
f 2740 165 2742 
f 2741 2742 681 
f 2740 2742 2741 
f 680 2743 2744 
f 2743 681 2745 
f 2744 2745 12 
f 2743 2745 2744 
f 679 2746 2747 
f 2746 681 2748 
f 2747 2748 680 
f 2746 2748 2747 
f 163 2749 2750 
f 2749 682 2751 
f 2750 2751 683 
f 2749 2751 2750 
f 682 2752 2753 
f 2752 165 2754 
f 2753 2754 684 
f 2752 2754 2753 
f 683 2755 2756 
f 2755 684 2757 
f 2756 2757 164 
f 2755 2757 2756 
f 682 2758 2759 
f 2758 684 2760 
f 2759 2760 683 
f 2758 2760 2759 
f 34 2761 2762 
f 2761 685 2763 
f 2762 2763 686 
f 2761 2763 2762 
f 685 2764 2765 
f 2764 166 2766 
f 2765 2766 687 
f 2764 2766 2765 
f 686 2767 2768 
f 2767 687 2769 
f 2768 2769 167 
f 2767 2769 2768 
f 685 2770 2771 
f 2770 687 2772 
f 2771 2772 686 
f 2770 2772 2771 
f 166 2773 2774 
f 2773 688 2775 
f 2774 2775 689 
f 2773 2775 2774 
f 688 2776 2777 
f 2776 36 2778 
f 2777 2778 690 
f 2776 2778 2777 
f 689 2779 2780 
f 2779 690 2781 
f 2780 2781 168 
f 2779 2781 2780 
f 688 2782 2783 
f 2782 690 2784 
f 2783 2784 689 
f 2782 2784 2783 
f 167 2785 2786 
f 2785 691 2787 
f 2786 2787 692 
f 2785 2787 2786 
f 691 2788 2789 
f 2788 168 2790 
f 2789 2790 693 
f 2788 2790 2789 
f 692 2791 2792 
f 2791 693 2793 
f 2792 2793 35 
f 2791 2793 2792 
f 691 2794 2795 
f 2794 693 2796 
f 2795 2796 692 
f 2794 2796 2795 
f 166 2797 2798 
f 2797 694 2799 
f 2798 2799 695 
f 2797 2799 2798 
f 694 2800 2801 
f 2800 168 2802 
f 2801 2802 696 
f 2800 2802 2801 
f 695 2803 2804 
f 2803 696 2805 
f 2804 2805 167 
f 2803 2805 2804 
f 694 2806 2807 
f 2806 696 2808 
f 2807 2808 695 
f 2806 2808 2807 
f 3 2809 2810 
f 2809 697 2811 
f 2810 2811 698 
f 2809 2811 2810 
f 697 2812 2813 
f 2812 169 2814 
f 2813 2814 699 
f 2812 2814 2813 
f 698 2815 2816 
f 2815 699 2817 
f 2816 2817 170 
f 2815 2817 2816 
f 697 2818 2819 
f 2818 699 2820 
f 2819 2820 698 
f 2818 2820 2819 
f 169 2821 2822 
f 2821 700 2823 
f 2822 2823 701 
f 2821 2823 2822 
f 700 2824 2825 
f 2824 37 2826 
f 2825 2826 702 
f 2824 2826 2825 
f 701 2827 2828 
f 2827 702 2829 
f 2828 2829 171 
f 2827 2829 2828 
f 700 2830 2831 
f 2830 702 2832 
f 2831 2832 701 
f 2830 2832 2831 
f 170 2833 2834 
f 2833 703 2835 
f 2834 2835 704 
f 2833 2835 2834 
f 703 2836 2837 
f 2836 171 2838 
f 2837 2838 705 
f 2836 2838 2837 
f 704 2839 2840 
f 2839 705 2841 
f 2840 2841 38 
f 2839 2841 2840 
f 703 2842 2843 
f 2842 705 2844 
f 2843 2844 704 
f 2842 2844 2843 
f 169 2845 2846 
f 2845 706 2847 
f 2846 2847 707 
f 2845 2847 2846 
f 706 2848 2849 
f 2848 171 2850 
f 2849 2850 708 
f 2848 2850 2849 
f 707 2851 2852 
f 2851 708 2853 
f 2852 2853 170 
f 2851 2853 2852 
f 706 2854 2855 
f 2854 708 2856 
f 2855 2856 707 
f 2854 2856 2855 
f 37 2857 2858 
f 2857 709 2859 
f 2858 2859 710 
f 2857 2859 2858 
f 709 2860 2861 
f 2860 172 2862 
f 2861 2862 711 
f 2860 2862 2861 
f 710 2863 2864 
f 2863 711 2865 
f 2864 2865 173 
f 2863 2865 2864 
f 709 2866 2867 
f 2866 711 2868 
f 2867 2868 710 
f 2866 2868 2867 
f 172 2869 2870 
f 2869 712 2871 
f 2870 2871 713 
f 2869 2871 2870 
f 712 2872 2873 
f 2872 10 2874 
f 2873 2874 714 
f 2872 2874 2873 
f 713 2875 2876 
f 2875 714 2877 
f 2876 2877 174 
f 2875 2877 2876 
f 712 2878 2879 
f 2878 714 2880 
f 2879 2880 713 
f 2878 2880 2879 
f 173 2881 2882 
f 2881 715 2883 
f 2882 2883 716 
f 2881 2883 2882 
f 715 2884 2885 
f 2884 174 2886 
f 2885 2886 717 
f 2884 2886 2885 
f 716 2887 2888 
f 2887 717 2889 
f 2888 2889 39 
f 2887 2889 2888 
f 715 2890 2891 
f 2890 717 2892 
f 2891 2892 716 
f 2890 2892 2891 
f 172 2893 2894 
f 2893 718 2895 
f 2894 2895 719 
f 2893 2895 2894 
f 718 2896 2897 
f 2896 174 2898 
f 2897 2898 720 
f 2896 2898 2897 
f 719 2899 2900 
f 2899 720 2901 
f 2900 2901 173 
f 2899 2901 2900 
f 718 2902 2903 
f 2902 720 2904 
f 2903 2904 719 
f 2902 2904 2903 
f 38 2905 2906 
f 2905 721 2907 
f 2906 2907 722 
f 2905 2907 2906 
f 721 2908 2909 
f 2908 175 2910 
f 2909 2910 723 
f 2908 2910 2909 
f 722 2911 2912 
f 2911 723 2913 
f 2912 2913 176 
f 2911 2913 2912 
f 721 2914 2915 
f 2914 723 2916 
f 2915 2916 722 
f 2914 2916 2915 
f 175 2917 2918 
f 2917 724 2919 
f 2918 2919 725 
f 2917 2919 2918 
f 724 2920 2921 
f 2920 39 2922 
f 2921 2922 726 
f 2920 2922 2921 
f 725 2923 2924 
f 2923 726 2925 
f 2924 2925 177 
f 2923 2925 2924 
f 724 2926 2927 
f 2926 726 2928 
f 2927 2928 725 
f 2926 2928 2927 
f 176 2929 2930 
f 2929 727 2931 
f 2930 2931 728 
f 2929 2931 2930 
f 727 2932 2933 
f 2932 177 2934 
f 2933 2934 729 
f 2932 2934 2933 
f 728 2935 2936 
f 2935 729 2937 
f 2936 2937 6 
f 2935 2937 2936 
f 727 2938 2939 
f 2938 729 2940 
f 2939 2940 728 
f 2938 2940 2939 
f 175 2941 2942 
f 2941 730 2943 
f 2942 2943 731 
f 2941 2943 2942 
f 730 2944 2945 
f 2944 177 2946 
f 2945 2946 732 
f 2944 2946 2945 
f 731 2947 2948 
f 2947 732 2949 
f 2948 2949 176 
f 2947 2949 2948 
f 730 2950 2951 
f 2950 732 2952 
f 2951 2952 731 
f 2950 2952 2951 
f 37 2953 2954 
f 2953 733 2955 
f 2954 2955 734 
f 2953 2955 2954 
f 733 2956 2957 
f 2956 178 2958 
f 2957 2958 735 
f 2956 2958 2957 
f 734 2959 2960 
f 2959 735 2961 
f 2960 2961 179 
f 2959 2961 2960 
f 733 2962 2963 
f 2962 735 2964 
f 2963 2964 734 
f 2962 2964 2963 
f 178 2965 2966 
f 2965 736 2967 
f 2966 2967 737 
f 2965 2967 2966 
f 736 2968 2969 
f 2968 39 2970 
f 2969 2970 738 
f 2968 2970 2969 
f 737 2971 2972 
f 2971 738 2973 
f 2972 2973 180 
f 2971 2973 2972 
f 736 2974 2975 
f 2974 738 2976 
f 2975 2976 737 
f 2974 2976 2975 
f 179 2977 2978 
f 2977 739 2979 
f 2978 2979 740 
f 2977 2979 2978 
f 739 2980 2981 
f 2980 180 2982 
f 2981 2982 741 
f 2980 2982 2981 
f 740 2983 2984 
f 2983 741 2985 
f 2984 2985 38 
f 2983 2985 2984 
f 739 2986 2987 
f 2986 741 2988 
f 2987 2988 740 
f 2986 2988 2987 
f 178 2989 2990 
f 2989 742 2991 
f 2990 2991 743 
f 2989 2991 2990 
f 742 2992 2993 
f 2992 180 2994 
f 2993 2994 744 
f 2992 2994 2993 
f 743 2995 2996 
f 2995 744 2997 
f 2996 2997 179 
f 2995 2997 2996 
f 742 2998 2999 
f 2998 744 3000 
f 2999 3000 743 
f 2998 3000 2999 
f 12 3001 3002 
f 3001 745 3003 
f 3002 3003 746 
f 3001 3003 3002 
f 745 3004 3005 
f 3004 181 3006 
f 3005 3006 747 
f 3004 3006 3005 
f 746 3007 3008 
f 3007 747 3009 
f 3008 3009 182 
f 3007 3009 3008 
f 745 3010 3011 
f 3010 747 3012 
f 3011 3012 746 
f 3010 3012 3011 
f 181 3013 3014 
f 3013 748 3015 
f 3014 3015 749 
f 3013 3015 3014 
f 748 3016 3017 
f 3016 40 3018 
f 3017 3018 750 
f 3016 3018 3017 
f 749 3019 3020 
f 3019 750 3021 
f 3020 3021 183 
f 3019 3021 3020 
f 748 3022 3023 
f 3022 750 3024 
f 3023 3024 749 
f 3022 3024 3023 
f 182 3025 3026 
f 3025 751 3027 
f 3026 3027 752 
f 3025 3027 3026 
f 751 3028 3029 
f 3028 183 3030 
f 3029 3030 753 
f 3028 3030 3029 
f 752 3031 3032 
f 3031 753 3033 
f 3032 3033 41 
f 3031 3033 3032 
f 751 3034 3035 
f 3034 753 3036 
f 3035 3036 752 
f 3034 3036 3035 
f 181 3037 3038 
f 3037 754 3039 
f 3038 3039 755 
f 3037 3039 3038 
f 754 3040 3041 
f 3040 183 3042 
f 3041 3042 756 
f 3040 3042 3041 
f 755 3043 3044 
f 3043 756 3045 
f 3044 3045 182 
f 3043 3045 3044 
f 754 3046 3047 
f 3046 756 3048 
f 3047 3048 755 
f 3046 3048 3047 
f 40 3049 3050 
f 3049 757 3051 
f 3050 3051 758 
f 3049 3051 3050 
f 757 3052 3053 
f 3052 184 3054 
f 3053 3054 759 
f 3052 3054 3053 
f 758 3055 3056 
f 3055 759 3057 
f 3056 3057 185 
f 3055 3057 3056 
f 757 3058 3059 
f 3058 759 3060 
f 3059 3060 758 
f 3058 3060 3059 
f 184 3061 3062 
f 3061 760 3063 
f 3062 3063 761 
f 3061 3063 3062 
f 760 3064 3065 
f 3064 6 3066 
f 3065 3066 762 
f 3064 3066 3065 
f 761 3067 3068 
f 3067 762 3069 
f 3068 3069 186 
f 3067 3069 3068 
f 760 3070 3071 
f 3070 762 3072 
f 3071 3072 761 
f 3070 3072 3071 
f 185 3073 3074 
f 3073 763 3075 
f 3074 3075 764 
f 3073 3075 3074 
f 763 3076 3077 
f 3076 186 3078 
f 3077 3078 765 
f 3076 3078 3077 
f 764 3079 3080 
f 3079 765 3081 
f 3080 3081 42 
f 3079 3081 3080 
f 763 3082 3083 
f 3082 765 3084 
f 3083 3084 764 
f 3082 3084 3083 
f 184 3085 3086 
f 3085 766 3087 
f 3086 3087 767 
f 3085 3087 3086 
f 766 3088 3089 
f 3088 186 3090 
f 3089 3090 768 
f 3088 3090 3089 
f 767 3091 3092 
f 3091 768 3093 
f 3092 3093 185 
f 3091 3093 3092 
f 766 3094 3095 
f 3094 768 3096 
f 3095 3096 767 
f 3094 3096 3095 
f 41 3097 3098 
f 3097 769 3099 
f 3098 3099 770 
f 3097 3099 3098 
f 769 3100 3101 
f 3100 187 3102 
f 3101 3102 771 
f 3100 3102 3101 
f 770 3103 3104 
f 3103 771 3105 
f 3104 3105 188 
f 3103 3105 3104 
f 769 3106 3107 
f 3106 771 3108 
f 3107 3108 770 
f 3106 3108 3107 
f 187 3109 3110 
f 3109 772 3111 
f 3110 3111 773 
f 3109 3111 3110 
f 772 3112 3113 
f 3112 42 3114 
f 3113 3114 774 
f 3112 3114 3113 
f 773 3115 3116 
f 3115 774 3117 
f 3116 3117 189 
f 3115 3117 3116 
f 772 3118 3119 
f 3118 774 3120 
f 3119 3120 773 
f 3118 3120 3119 
f 188 3121 3122 
f 3121 775 3123 
f 3122 3123 776 
f 3121 3123 3122 
f 775 3124 3125 
f 3124 189 3126 
f 3125 3126 777 
f 3124 3126 3125 
f 776 3127 3128 
f 3127 777 3129 
f 3128 3129 10 
f 3127 3129 3128 
f 775 3130 3131 
f 3130 777 3132 
f 3131 3132 776 
f 3130 3132 3131 
f 187 3133 3134 
f 3133 778 3135 
f 3134 3135 779 
f 3133 3135 3134 
f 778 3136 3137 
f 3136 189 3138 
f 3137 3138 780 
f 3136 3138 3137 
f 779 3139 3140 
f 3139 780 3141 
f 3140 3141 188 
f 3139 3141 3140 
f 778 3142 3143 
f 3142 780 3144 
f 3143 3144 779 
f 3142 3144 3143 
f 40 3145 3146 
f 3145 781 3147 
f 3146 3147 782 
f 3145 3147 3146 
f 781 3148 3149 
f 3148 190 3150 
f 3149 3150 783 
f 3148 3150 3149 
f 782 3151 3152 
f 3151 783 3153 
f 3152 3153 191 
f 3151 3153 3152 
f 781 3154 3155 
f 3154 783 3156 
f 3155 3156 782 
f 3154 3156 3155 
f 190 3157 3158 
f 3157 784 3159 
f 3158 3159 785 
f 3157 3159 3158 
f 784 3160 3161 
f 3160 42 3162 
f 3161 3162 786 
f 3160 3162 3161 
f 785 3163 3164 
f 3163 786 3165 
f 3164 3165 192 
f 3163 3165 3164 
f 784 3166 3167 
f 3166 786 3168 
f 3167 3168 785 
f 3166 3168 3167 
f 191 3169 3170 
f 3169 787 3171 
f 3170 3171 788 
f 3169 3171 3170 
f 787 3172 3173 
f 3172 192 3174 
f 3173 3174 789 
f 3172 3174 3173 
f 788 3175 3176 
f 3175 789 3177 
f 3176 3177 41 
f 3175 3177 3176 
f 787 3178 3179 
f 3178 789 3180 
f 3179 3180 788 
f 3178 3180 3179 
f 190 3181 3182 
f 3181 790 3183 
f 3182 3183 791 
f 3181 3183 3182 
f 790 3184 3185 
f 3184 192 3186 
f 3185 3186 792 
f 3184 3186 3185 
f 791 3187 3188 
f 3187 792 3189 
f 3188 3189 191 
f 3187 3189 3188 
f 790 3190 3191 
f 3190 792 3192 
f 3191 3192 791 
f 3190 3192 3191 
f 2 3193 3194 
f 3193 793 3195 
f 3194 3195 794 
f 3193 3195 3194 
f 793 3196 3197 
f 3196 193 3198 
f 3197 3198 795 
f 3196 3198 3197 
f 794 3199 3200 
f 3199 795 3201 
f 3200 3201 194 
f 3199 3201 3200 
f 793 3202 3203 
f 3202 795 3204 
f 3203 3204 794 
f 3202 3204 3203 
f 193 3205 3206 
f 3205 796 3207 
f 3206 3207 797 
f 3205 3207 3206 
f 796 3208 3209 
f 3208 43 3210 
f 3209 3210 798 
f 3208 3210 3209 
f 797 3211 3212 
f 3211 798 3213 
f 3212 3213 195 
f 3211 3213 3212 
f 796 3214 3215 
f 3214 798 3216 
f 3215 3216 797 
f 3214 3216 3215 
f 194 3217 3218 
f 3217 799 3219 
f 3218 3219 800 
f 3217 3219 3218 
f 799 3220 3221 
f 3220 195 3222 
f 3221 3222 801 
f 3220 3222 3221 
f 800 3223 3224 
f 3223 801 3225 
f 3224 3225 44 
f 3223 3225 3224 
f 799 3226 3227 
f 3226 801 3228 
f 3227 3228 800 
f 3226 3228 3227 
f 193 3229 3230 
f 3229 802 3231 
f 3230 3231 803 
f 3229 3231 3230 
f 802 3232 3233 
f 3232 195 3234 
f 3233 3234 804 
f 3232 3234 3233 
f 803 3235 3236 
f 3235 804 3237 
f 3236 3237 194 
f 3235 3237 3236 
f 802 3238 3239 
f 3238 804 3240 
f 3239 3240 803 
f 3238 3240 3239 
f 43 3241 3242 
f 3241 805 3243 
f 3242 3243 806 
f 3241 3243 3242 
f 805 3244 3245 
f 3244 196 3246 
f 3245 3246 807 
f 3244 3246 3245 
f 806 3247 3248 
f 3247 807 3249 
f 3248 3249 197 
f 3247 3249 3248 
f 805 3250 3251 
f 3250 807 3252 
f 3251 3252 806 
f 3250 3252 3251 
f 196 3253 3254 
f 3253 808 3255 
f 3254 3255 809 
f 3253 3255 3254 
f 808 3256 3257 
f 3256 7 3258 
f 3257 3258 810 
f 3256 3258 3257 
f 809 3259 3260 
f 3259 810 3261 
f 3260 3261 198 
f 3259 3261 3260 
f 808 3262 3263 
f 3262 810 3264 
f 3263 3264 809 
f 3262 3264 3263 
f 197 3265 3266 
f 3265 811 3267 
f 3266 3267 812 
f 3265 3267 3266 
f 811 3268 3269 
f 3268 198 3270 
f 3269 3270 813 
f 3268 3270 3269 
f 812 3271 3272 
f 3271 813 3273 
f 3272 3273 45 
f 3271 3273 3272 
f 811 3274 3275 
f 3274 813 3276 
f 3275 3276 812 
f 3274 3276 3275 
f 196 3277 3278 
f 3277 814 3279 
f 3278 3279 815 
f 3277 3279 3278 
f 814 3280 3281 
f 3280 198 3282 
f 3281 3282 816 
f 3280 3282 3281 
f 815 3283 3284 
f 3283 816 3285 
f 3284 3285 197 
f 3283 3285 3284 
f 814 3286 3287 
f 3286 816 3288 
f 3287 3288 815 
f 3286 3288 3287 
f 44 3289 3290 
f 3289 817 3291 
f 3290 3291 818 
f 3289 3291 3290 
f 817 3292 3293 
f 3292 199 3294 
f 3293 3294 819 
f 3292 3294 3293 
f 818 3295 3296 
f 3295 819 3297 
f 3296 3297 200 
f 3295 3297 3296 
f 817 3298 3299 
f 3298 819 3300 
f 3299 3300 818 
f 3298 3300 3299 
f 199 3301 3302 
f 3301 820 3303 
f 3302 3303 821 
f 3301 3303 3302 
f 820 3304 3305 
f 3304 45 3306 
f 3305 3306 822 
f 3304 3306 3305 
f 821 3307 3308 
f 3307 822 3309 
f 3308 3309 201 
f 3307 3309 3308 
f 820 3310 3311 
f 3310 822 3312 
f 3311 3312 821 
f 3310 3312 3311 
f 200 3313 3314 
f 3313 823 3315 
f 3314 3315 824 
f 3313 3315 3314 
f 823 3316 3317 
f 3316 201 3318 
f 3317 3318 825 
f 3316 3318 3317 
f 824 3319 3320 
f 3319 825 3321 
f 3320 3321 9 
f 3319 3321 3320 
f 823 3322 3323 
f 3322 825 3324 
f 3323 3324 824 
f 3322 3324 3323 
f 199 3325 3326 
f 3325 826 3327 
f 3326 3327 827 
f 3325 3327 3326 
f 826 3328 3329 
f 3328 201 3330 
f 3329 3330 828 
f 3328 3330 3329 
f 827 3331 3332 
f 3331 828 3333 
f 3332 3333 200 
f 3331 3333 3332 
f 826 3334 3335 
f 3334 828 3336 
f 3335 3336 827 
f 3334 3336 3335 
f 43 3337 3338 
f 3337 829 3339 
f 3338 3339 830 
f 3337 3339 3338 
f 829 3340 3341 
f 3340 202 3342 
f 3341 3342 831 
f 3340 3342 3341 
f 830 3343 3344 
f 3343 831 3345 
f 3344 3345 203 
f 3343 3345 3344 
f 829 3346 3347 
f 3346 831 3348 
f 3347 3348 830 
f 3346 3348 3347 
f 202 3349 3350 
f 3349 832 3351 
f 3350 3351 833 
f 3349 3351 3350 
f 832 3352 3353 
f 3352 45 3354 
f 3353 3354 834 
f 3352 3354 3353 
f 833 3355 3356 
f 3355 834 3357 
f 3356 3357 204 
f 3355 3357 3356 
f 832 3358 3359 
f 3358 834 3360 
f 3359 3360 833 
f 3358 3360 3359 
f 203 3361 3362 
f 3361 835 3363 
f 3362 3363 836 
f 3361 3363 3362 
f 835 3364 3365 
f 3364 204 3366 
f 3365 3366 837 
f 3364 3366 3365 
f 836 3367 3368 
f 3367 837 3369 
f 3368 3369 44 
f 3367 3369 3368 
f 835 3370 3371 
f 3370 837 3372 
f 3371 3372 836 
f 3370 3372 3371 
f 202 3373 3374 
f 3373 838 3375 
f 3374 3375 839 
f 3373 3375 3374 
f 838 3376 3377 
f 3376 204 3378 
f 3377 3378 840 
f 3376 3378 3377 
f 839 3379 3380 
f 3379 840 3381 
f 3380 3381 203 
f 3379 3381 3380 
f 838 3382 3383 
f 3382 840 3384 
f 3383 3384 839 
f 3382 3384 3383 
f 11 3385 3386 
f 3385 841 3387 
f 3386 3387 842 
f 3385 3387 3386 
f 841 3388 3389 
f 3388 205 3390 
f 3389 3390 843 
f 3388 3390 3389 
f 842 3391 3392 
f 3391 843 3393 
f 3392 3393 206 
f 3391 3393 3392 
f 841 3394 3395 
f 3394 843 3396 
f 3395 3396 842 
f 3394 3396 3395 
f 205 3397 3398 
f 3397 844 3399 
f 3398 3399 845 
f 3397 3399 3398 
f 844 3400 3401 
f 3400 46 3402 
f 3401 3402 846 
f 3400 3402 3401 
f 845 3403 3404 
f 3403 846 3405 
f 3404 3405 207 
f 3403 3405 3404 
f 844 3406 3407 
f 3406 846 3408 
f 3407 3408 845 
f 3406 3408 3407 
f 206 3409 3410 
f 3409 847 3411 
f 3410 3411 848 
f 3409 3411 3410 
f 847 3412 3413 
f 3412 207 3414 
f 3413 3414 849 
f 3412 3414 3413 
f 848 3415 3416 
f 3415 849 3417 
f 3416 3417 47 
f 3415 3417 3416 
f 847 3418 3419 
f 3418 849 3420 
f 3419 3420 848 
f 3418 3420 3419 
f 205 3421 3422 
f 3421 850 3423 
f 3422 3423 851 
f 3421 3423 3422 
f 850 3424 3425 
f 3424 207 3426 
f 3425 3426 852 
f 3424 3426 3425 
f 851 3427 3428 
f 3427 852 3429 
f 3428 3429 206 
f 3427 3429 3428 
f 850 3430 3431 
f 3430 852 3432 
f 3431 3432 851 
f 3430 3432 3431 
f 46 3433 3434 
f 3433 853 3435 
f 3434 3435 854 
f 3433 3435 3434 
f 853 3436 3437 
f 3436 208 3438 
f 3437 3438 855 
f 3436 3438 3437 
f 854 3439 3440 
f 3439 855 3441 
f 3440 3441 209 
f 3439 3441 3440 
f 853 3442 3443 
f 3442 855 3444 
f 3443 3444 854 
f 3442 3444 3443 
f 208 3445 3446 
f 3445 856 3447 
f 3446 3447 857 
f 3445 3447 3446 
f 856 3448 3449 
f 3448 9 3450 
f 3449 3450 858 
f 3448 3450 3449 
f 857 3451 3452 
f 3451 858 3453 
f 3452 3453 210 
f 3451 3453 3452 
f 856 3454 3455 
f 3454 858 3456 
f 3455 3456 857 
f 3454 3456 3455 
f 209 3457 3458 
f 3457 859 3459 
f 3458 3459 860 
f 3457 3459 3458 
f 859 3460 3461 
f 3460 210 3462 
f 3461 3462 861 
f 3460 3462 3461 
f 860 3463 3464 
f 3463 861 3465 
f 3464 3465 48 
f 3463 3465 3464 
f 859 3466 3467 
f 3466 861 3468 
f 3467 3468 860 
f 3466 3468 3467 
f 208 3469 3470 
f 3469 862 3471 
f 3470 3471 863 
f 3469 3471 3470 
f 862 3472 3473 
f 3472 210 3474 
f 3473 3474 864 
f 3472 3474 3473 
f 863 3475 3476 
f 3475 864 3477 
f 3476 3477 209 
f 3475 3477 3476 
f 862 3478 3479 
f 3478 864 3480 
f 3479 3480 863 
f 3478 3480 3479 
f 47 3481 3482 
f 3481 865 3483 
f 3482 3483 866 
f 3481 3483 3482 
f 865 3484 3485 
f 3484 211 3486 
f 3485 3486 867 
f 3484 3486 3485 
f 866 3487 3488 
f 3487 867 3489 
f 3488 3489 212 
f 3487 3489 3488 
f 865 3490 3491 
f 3490 867 3492 
f 3491 3492 866 
f 3490 3492 3491 
f 211 3493 3494 
f 3493 868 3495 
f 3494 3495 869 
f 3493 3495 3494 
f 868 3496 3497 
f 3496 48 3498 
f 3497 3498 870 
f 3496 3498 3497 
f 869 3499 3500 
f 3499 870 3501 
f 3500 3501 213 
f 3499 3501 3500 
f 868 3502 3503 
f 3502 870 3504 
f 3503 3504 869 
f 3502 3504 3503 
f 212 3505 3506 
f 3505 871 3507 
f 3506 3507 872 
f 3505 3507 3506 
f 871 3508 3509 
f 3508 213 3510 
f 3509 3510 873 
f 3508 3510 3509 
f 872 3511 3512 
f 3511 873 3513 
f 3512 3513 7 
f 3511 3513 3512 
f 871 3514 3515 
f 3514 873 3516 
f 3515 3516 872 
f 3514 3516 3515 
f 211 3517 3518 
f 3517 874 3519 
f 3518 3519 875 
f 3517 3519 3518 
f 874 3520 3521 
f 3520 213 3522 
f 3521 3522 876 
f 3520 3522 3521 
f 875 3523 3524 
f 3523 876 3525 
f 3524 3525 212 
f 3523 3525 3524 
f 874 3526 3527 
f 3526 876 3528 
f 3527 3528 875 
f 3526 3528 3527 
f 46 3529 3530 
f 3529 877 3531 
f 3530 3531 878 
f 3529 3531 3530 
f 877 3532 3533 
f 3532 214 3534 
f 3533 3534 879 
f 3532 3534 3533 
f 878 3535 3536 
f 3535 879 3537 
f 3536 3537 215 
f 3535 3537 3536 
f 877 3538 3539 
f 3538 879 3540 
f 3539 3540 878 
f 3538 3540 3539 
f 214 3541 3542 
f 3541 880 3543 
f 3542 3543 881 
f 3541 3543 3542 
f 880 3544 3545 
f 3544 48 3546 
f 3545 3546 882 
f 3544 3546 3545 
f 881 3547 3548 
f 3547 882 3549 
f 3548 3549 216 
f 3547 3549 3548 
f 880 3550 3551 
f 3550 882 3552 
f 3551 3552 881 
f 3550 3552 3551 
f 215 3553 3554 
f 3553 883 3555 
f 3554 3555 884 
f 3553 3555 3554 
f 883 3556 3557 
f 3556 216 3558 
f 3557 3558 885 
f 3556 3558 3557 
f 884 3559 3560 
f 3559 885 3561 
f 3560 3561 47 
f 3559 3561 3560 
f 883 3562 3563 
f 3562 885 3564 
f 3563 3564 884 
f 3562 3564 3563 
f 214 3565 3566 
f 3565 886 3567 
f 3566 3567 887 
f 3565 3567 3566 
f 886 3568 3569 
f 3568 216 3570 
f 3569 3570 888 
f 3568 3570 3569 
f 887 3571 3572 
f 3571 888 3573 
f 3572 3573 215 
f 3571 3573 3572 
f 886 3574 3575 
f 3574 888 3576 
f 3575 3576 887 
f 3574 3576 3575 
f 4 3577 3578 
f 3577 889 3579 
f 3578 3579 890 
f 3577 3579 3578 
f 889 3580 3581 
f 3580 217 3582 
f 3581 3582 891 
f 3580 3582 3581 
f 890 3583 3584 
f 3583 891 3585 
f 3584 3585 218 
f 3583 3585 3584 
f 889 3586 3587 
f 3586 891 3588 
f 3587 3588 890 
f 3586 3588 3587 
f 217 3589 3590 
f 3589 892 3591 
f 3590 3591 893 
f 3589 3591 3590 
f 892 3592 3593 
f 3592 49 3594 
f 3593 3594 894 
f 3592 3594 3593 
f 893 3595 3596 
f 3595 894 3597 
f 3596 3597 219 
f 3595 3597 3596 
f 892 3598 3599 
f 3598 894 3600 
f 3599 3600 893 
f 3598 3600 3599 
f 218 3601 3602 
f 3601 895 3603 
f 3602 3603 896 
f 3601 3603 3602 
f 895 3604 3605 
f 3604 219 3606 
f 3605 3606 897 
f 3604 3606 3605 
f 896 3607 3608 
f 3607 897 3609 
f 3608 3609 50 
f 3607 3609 3608 
f 895 3610 3611 
f 3610 897 3612 
f 3611 3612 896 
f 3610 3612 3611 
f 217 3613 3614 
f 3613 898 3615 
f 3614 3615 899 
f 3613 3615 3614 
f 898 3616 3617 
f 3616 219 3618 
f 3617 3618 900 
f 3616 3618 3617 
f 899 3619 3620 
f 3619 900 3621 
f 3620 3621 218 
f 3619 3621 3620 
f 898 3622 3623 
f 3622 900 3624 
f 3623 3624 899 
f 3622 3624 3623 
f 49 3625 3626 
f 3625 901 3627 
f 3626 3627 902 
f 3625 3627 3626 
f 901 3628 3629 
f 3628 220 3630 
f 3629 3630 903 
f 3628 3630 3629 
f 902 3631 3632 
f 3631 903 3633 
f 3632 3633 221 
f 3631 3633 3632 
f 901 3634 3635 
f 3634 903 3636 
f 3635 3636 902 
f 3634 3636 3635 
f 220 3637 3638 
f 3637 904 3639 
f 3638 3639 905 
f 3637 3639 3638 
f 904 3640 3641 
f 3640 3 3642 
f 3641 3642 906 
f 3640 3642 3641 
f 905 3643 3644 
f 3643 906 3645 
f 3644 3645 222 
f 3643 3645 3644 
f 904 3646 3647 
f 3646 906 3648 
f 3647 3648 905 
f 3646 3648 3647 
f 221 3649 3650 
f 3649 907 3651 
f 3650 3651 908 
f 3649 3651 3650 
f 907 3652 3653 
f 3652 222 3654 
f 3653 3654 909 
f 3652 3654 3653 
f 908 3655 3656 
f 3655 909 3657 
f 3656 3657 51 
f 3655 3657 3656 
f 907 3658 3659 
f 3658 909 3660 
f 3659 3660 908 
f 3658 3660 3659 
f 220 3661 3662 
f 3661 910 3663 
f 3662 3663 911 
f 3661 3663 3662 
f 910 3664 3665 
f 3664 222 3666 
f 3665 3666 912 
f 3664 3666 3665 
f 911 3667 3668 
f 3667 912 3669 
f 3668 3669 221 
f 3667 3669 3668 
f 910 3670 3671 
f 3670 912 3672 
f 3671 3672 911 
f 3670 3672 3671 
f 50 3673 3674 
f 3673 913 3675 
f 3674 3675 914 
f 3673 3675 3674 
f 913 3676 3677 
f 3676 223 3678 
f 3677 3678 915 
f 3676 3678 3677 
f 914 3679 3680 
f 3679 915 3681 
f 3680 3681 224 
f 3679 3681 3680 
f 913 3682 3683 
f 3682 915 3684 
f 3683 3684 914 
f 3682 3684 3683 
f 223 3685 3686 
f 3685 916 3687 
f 3686 3687 917 
f 3685 3687 3686 
f 916 3688 3689 
f 3688 51 3690 
f 3689 3690 918 
f 3688 3690 3689 
f 917 3691 3692 
f 3691 918 3693 
f 3692 3693 225 
f 3691 3693 3692 
f 916 3694 3695 
f 3694 918 3696 
f 3695 3696 917 
f 3694 3696 3695 
f 224 3697 3698 
f 3697 919 3699 
f 3698 3699 920 
f 3697 3699 3698 
f 919 3700 3701 
f 3700 225 3702 
f 3701 3702 921 
f 3700 3702 3701 
f 920 3703 3704 
f 3703 921 3705 
f 3704 3705 6 
f 3703 3705 3704 
f 919 3706 3707 
f 3706 921 3708 
f 3707 3708 920 
f 3706 3708 3707 
f 223 3709 3710 
f 3709 922 3711 
f 3710 3711 923 
f 3709 3711 3710 
f 922 3712 3713 
f 3712 225 3714 
f 3713 3714 924 
f 3712 3714 3713 
f 923 3715 3716 
f 3715 924 3717 
f 3716 3717 224 
f 3715 3717 3716 
f 922 3718 3719 
f 3718 924 3720 
f 3719 3720 923 
f 3718 3720 3719 
f 49 3721 3722 
f 3721 925 3723 
f 3722 3723 926 
f 3721 3723 3722 
f 925 3724 3725 
f 3724 226 3726 
f 3725 3726 927 
f 3724 3726 3725 
f 926 3727 3728 
f 3727 927 3729 
f 3728 3729 227 
f 3727 3729 3728 
f 925 3730 3731 
f 3730 927 3732 
f 3731 3732 926 
f 3730 3732 3731 
f 226 3733 3734 
f 3733 928 3735 
f 3734 3735 929 
f 3733 3735 3734 
f 928 3736 3737 
f 3736 51 3738 
f 3737 3738 930 
f 3736 3738 3737 
f 929 3739 3740 
f 3739 930 3741 
f 3740 3741 228 
f 3739 3741 3740 
f 928 3742 3743 
f 3742 930 3744 
f 3743 3744 929 
f 3742 3744 3743 
f 227 3745 3746 
f 3745 931 3747 
f 3746 3747 932 
f 3745 3747 3746 
f 931 3748 3749 
f 3748 228 3750 
f 3749 3750 933 
f 3748 3750 3749 
f 932 3751 3752 
f 3751 933 3753 
f 3752 3753 50 
f 3751 3753 3752 
f 931 3754 3755 
f 3754 933 3756 
f 3755 3756 932 
f 3754 3756 3755 
f 226 3757 3758 
f 3757 934 3759 
f 3758 3759 935 
f 3757 3759 3758 
f 934 3760 3761 
f 3760 228 3762 
f 3761 3762 936 
f 3760 3762 3761 
f 935 3763 3764 
f 3763 936 3765 
f 3764 3765 227 
f 3763 3765 3764 
f 934 3766 3767 
f 3766 936 3768 
f 3767 3768 935 
f 3766 3768 3767 
f 4 3769 3770 
f 3769 937 3771 
f 3770 3771 938 
f 3769 3771 3770 
f 937 3772 3773 
f 3772 229 3774 
f 3773 3774 939 
f 3772 3774 3773 
f 938 3775 3776 
f 3775 939 3777 
f 3776 3777 230 
f 3775 3777 3776 
f 937 3778 3779 
f 3778 939 3780 
f 3779 3780 938 
f 3778 3780 3779 
f 229 3781 3782 
f 3781 940 3783 
f 3782 3783 941 
f 3781 3783 3782 
f 940 3784 3785 
f 3784 52 3786 
f 3785 3786 942 
f 3784 3786 3785 
f 941 3787 3788 
f 3787 942 3789 
f 3788 3789 231 
f 3787 3789 3788 
f 940 3790 3791 
f 3790 942 3792 
f 3791 3792 941 
f 3790 3792 3791 
f 230 3793 3794 
f 3793 943 3795 
f 3794 3795 944 
f 3793 3795 3794 
f 943 3796 3797 
f 3796 231 3798 
f 3797 3798 945 
f 3796 3798 3797 
f 944 3799 3800 
f 3799 945 3801 
f 3800 3801 53 
f 3799 3801 3800 
f 943 3802 3803 
f 3802 945 3804 
f 3803 3804 944 
f 3802 3804 3803 
f 229 3805 3806 
f 3805 946 3807 
f 3806 3807 947 
f 3805 3807 3806 
f 946 3808 3809 
f 3808 231 3810 
f 3809 3810 948 
f 3808 3810 3809 
f 947 3811 3812 
f 3811 948 3813 
f 3812 3813 230 
f 3811 3813 3812 
f 946 3814 3815 
f 3814 948 3816 
f 3815 3816 947 
f 3814 3816 3815 
f 52 3817 3818 
f 3817 949 3819 
f 3818 3819 950 
f 3817 3819 3818 
f 949 3820 3821 
f 3820 232 3822 
f 3821 3822 951 
f 3820 3822 3821 
f 950 3823 3824 
f 3823 951 3825 
f 3824 3825 233 
f 3823 3825 3824 
f 949 3826 3827 
f 3826 951 3828 
f 3827 3828 950 
f 3826 3828 3827 
f 232 3829 3830 
f 3829 952 3831 
f 3830 3831 953 
f 3829 3831 3830 
f 952 3832 3833 
f 3832 7 3834 
f 3833 3834 954 
f 3832 3834 3833 
f 953 3835 3836 
f 3835 954 3837 
f 3836 3837 234 
f 3835 3837 3836 
f 952 3838 3839 
f 3838 954 3840 
f 3839 3840 953 
f 3838 3840 3839 
f 233 3841 3842 
f 3841 955 3843 
f 3842 3843 956 
f 3841 3843 3842 
f 955 3844 3845 
f 3844 234 3846 
f 3845 3846 957 
f 3844 3846 3845 
f 956 3847 3848 
f 3847 957 3849 
f 3848 3849 54 
f 3847 3849 3848 
f 955 3850 3851 
f 3850 957 3852 
f 3851 3852 956 
f 3850 3852 3851 
f 232 3853 3854 
f 3853 958 3855 
f 3854 3855 959 
f 3853 3855 3854 
f 958 3856 3857 
f 3856 234 3858 
f 3857 3858 960 
f 3856 3858 3857 
f 959 3859 3860 
f 3859 960 3861 
f 3860 3861 233 
f 3859 3861 3860 
f 958 3862 3863 
f 3862 960 3864 
f 3863 3864 959 
f 3862 3864 3863 
f 53 3865 3866 
f 3865 961 3867 
f 3866 3867 962 
f 3865 3867 3866 
f 961 3868 3869 
f 3868 235 3870 
f 3869 3870 963 
f 3868 3870 3869 
f 962 3871 3872 
f 3871 963 3873 
f 3872 3873 236 
f 3871 3873 3872 
f 961 3874 3875 
f 3874 963 3876 
f 3875 3876 962 
f 3874 3876 3875 
f 235 3877 3878 
f 3877 964 3879 
f 3878 3879 965 
f 3877 3879 3878 
f 964 3880 3881 
f 3880 54 3882 
f 3881 3882 966 
f 3880 3882 3881 
f 965 3883 3884 
f 3883 966 3885 
f 3884 3885 237 
f 3883 3885 3884 
f 964 3886 3887 
f 3886 966 3888 
f 3887 3888 965 
f 3886 3888 3887 
f 236 3889 3890 
f 3889 967 3891 
f 3890 3891 968 
f 3889 3891 3890 
f 967 3892 3893 
f 3892 237 3894 
f 3893 3894 969 
f 3892 3894 3893 
f 968 3895 3896 
f 3895 969 3897 
f 3896 3897 2 
f 3895 3897 3896 
f 967 3898 3899 
f 3898 969 3900 
f 3899 3900 968 
f 3898 3900 3899 
f 235 3901 3902 
f 3901 970 3903 
f 3902 3903 971 
f 3901 3903 3902 
f 970 3904 3905 
f 3904 237 3906 
f 3905 3906 972 
f 3904 3906 3905 
f 971 3907 3908 
f 3907 972 3909 
f 3908 3909 236 
f 3907 3909 3908 
f 970 3910 3911 
f 3910 972 3912 
f 3911 3912 971 
f 3910 3912 3911 
f 52 3913 3914 
f 3913 973 3915 
f 3914 3915 974 
f 3913 3915 3914 
f 973 3916 3917 
f 3916 238 3918 
f 3917 3918 975 
f 3916 3918 3917 
f 974 3919 3920 
f 3919 975 3921 
f 3920 3921 239 
f 3919 3921 3920 
f 973 3922 3923 
f 3922 975 3924 
f 3923 3924 974 
f 3922 3924 3923 
f 238 3925 3926 
f 3925 976 3927 
f 3926 3927 977 
f 3925 3927 3926 
f 976 3928 3929 
f 3928 54 3930 
f 3929 3930 978 
f 3928 3930 3929 
f 977 3931 3932 
f 3931 978 3933 
f 3932 3933 240 
f 3931 3933 3932 
f 976 3934 3935 
f 3934 978 3936 
f 3935 3936 977 
f 3934 3936 3935 
f 239 3937 3938 
f 3937 979 3939 
f 3938 3939 980 
f 3937 3939 3938 
f 979 3940 3941 
f 3940 240 3942 
f 3941 3942 981 
f 3940 3942 3941 
f 980 3943 3944 
f 3943 981 3945 
f 3944 3945 53 
f 3943 3945 3944 
f 979 3946 3947 
f 3946 981 3948 
f 3947 3948 980 
f 3946 3948 3947 
f 238 3949 3950 
f 3949 982 3951 
f 3950 3951 983 
f 3949 3951 3950 
f 982 3952 3953 
f 3952 240 3954 
f 3953 3954 984 
f 3952 3954 3953 
f 983 3955 3956 
f 3955 984 3957 
f 3956 3957 239 
f 3955 3957 3956 
f 982 3958 3959 
f 3958 984 3960 
f 3959 3960 983 
f 3958 3960 3959 
f 1 3961 3962 
f 3961 985 3963 
f 3962 3963 986 
f 3961 3963 3962 
f 985 3964 3965 
f 3964 241 3966 
f 3965 3966 987 
f 3964 3966 3965 
f 986 3967 3968 
f 3967 987 3969 
f 3968 3969 242 
f 3967 3969 3968 
f 985 3970 3971 
f 3970 987 3972 
f 3971 3972 986 
f 3970 3972 3971 
f 241 3973 3974 
f 3973 988 3975 
f 3974 3975 989 
f 3973 3975 3974 
f 988 3976 3977 
f 3976 55 3978 
f 3977 3978 990 
f 3976 3978 3977 
f 989 3979 3980 
f 3979 990 3981 
f 3980 3981 243 
f 3979 3981 3980 
f 988 3982 3983 
f 3982 990 3984 
f 3983 3984 989 
f 3982 3984 3983 
f 242 3985 3986 
f 3985 991 3987 
f 3986 3987 992 
f 3985 3987 3986 
f 991 3988 3989 
f 3988 243 3990 
f 3989 3990 993 
f 3988 3990 3989 
f 992 3991 3992 
f 3991 993 3993 
f 3992 3993 56 
f 3991 3993 3992 
f 991 3994 3995 
f 3994 993 3996 
f 3995 3996 992 
f 3994 3996 3995 
f 241 3997 3998 
f 3997 994 3999 
f 3998 3999 995 
f 3997 3999 3998 
f 994 4000 4001 
f 4000 243 4002 
f 4001 4002 996 
f 4000 4002 4001 
f 995 4003 4004 
f 4003 996 4005 
f 4004 4005 242 
f 4003 4005 4004 
f 994 4006 4007 
f 4006 996 4008 
f 4007 4008 995 
f 4006 4008 4007 
f 55 4009 4010 
f 4009 997 4011 
f 4010 4011 998 
f 4009 4011 4010 
f 997 4012 4013 
f 4012 244 4014 
f 4013 4014 999 
f 4012 4014 4013 
f 998 4015 4016 
f 4015 999 4017 
f 4016 4017 245 
f 4015 4017 4016 
f 997 4018 4019 
f 4018 999 4020 
f 4019 4020 998 
f 4018 4020 4019 
f 244 4021 4022 
f 4021 1000 4023 
f 4022 4023 1001 
f 4021 4023 4022 
f 1000 4024 4025 
f 4024 10 4026 
f 4025 4026 1002 
f 4024 4026 4025 
f 1001 4027 4028 
f 4027 1002 4029 
f 4028 4029 246 
f 4027 4029 4028 
f 1000 4030 4031 
f 4030 1002 4032 
f 4031 4032 1001 
f 4030 4032 4031 
f 245 4033 4034 
f 4033 1003 4035 
f 4034 4035 1004 
f 4033 4035 4034 
f 1003 4036 4037 
f 4036 246 4038 
f 4037 4038 1005 
f 4036 4038 4037 
f 1004 4039 4040 
f 4039 1005 4041 
f 4040 4041 57 
f 4039 4041 4040 
f 1003 4042 4043 
f 4042 1005 4044 
f 4043 4044 1004 
f 4042 4044 4043 
f 244 4045 4046 
f 4045 1006 4047 
f 4046 4047 1007 
f 4045 4047 4046 
f 1006 4048 4049 
f 4048 246 4050 
f 4049 4050 1008 
f 4048 4050 4049 
f 1007 4051 4052 
f 4051 1008 4053 
f 4052 4053 245 
f 4051 4053 4052 
f 1006 4054 4055 
f 4054 1008 4056 
f 4055 4056 1007 
f 4054 4056 4055 
f 56 4057 4058 
f 4057 1009 4059 
f 4058 4059 1010 
f 4057 4059 4058 
f 1009 4060 4061 
f 4060 247 4062 
f 4061 4062 1011 
f 4060 4062 4061 
f 1010 4063 4064 
f 4063 1011 4065 
f 4064 4065 248 
f 4063 4065 4064 
f 1009 4066 4067 
f 4066 1011 4068 
f 4067 4068 1010 
f 4066 4068 4067 
f 247 4069 4070 
f 4069 1012 4071 
f 4070 4071 1013 
f 4069 4071 4070 
f 1012 4072 4073 
f 4072 57 4074 
f 4073 4074 1014 
f 4072 4074 4073 
f 1013 4075 4076 
f 4075 1014 4077 
f 4076 4077 249 
f 4075 4077 4076 
f 1012 4078 4079 
f 4078 1014 4080 
f 4079 4080 1013 
f 4078 4080 4079 
f 248 4081 4082 
f 4081 1015 4083 
f 4082 4083 1016 
f 4081 4083 4082 
f 1015 4084 4085 
f 4084 249 4086 
f 4085 4086 1017 
f 4084 4086 4085 
f 1016 4087 4088 
f 4087 1017 4089 
f 4088 4089 3 
f 4087 4089 4088 
f 1015 4090 4091 
f 4090 1017 4092 
f 4091 4092 1016 
f 4090 4092 4091 
f 247 4093 4094 
f 4093 1018 4095 
f 4094 4095 1019 
f 4093 4095 4094 
f 1018 4096 4097 
f 4096 249 4098 
f 4097 4098 1020 
f 4096 4098 4097 
f 1019 4099 4100 
f 4099 1020 4101 
f 4100 4101 248 
f 4099 4101 4100 
f 1018 4102 4103 
f 4102 1020 4104 
f 4103 4104 1019 
f 4102 4104 4103 
f 55 4105 4106 
f 4105 1021 4107 
f 4106 4107 1022 
f 4105 4107 4106 
f 1021 4108 4109 
f 4108 250 4110 
f 4109 4110 1023 
f 4108 4110 4109 
f 1022 4111 4112 
f 4111 1023 4113 
f 4112 4113 251 
f 4111 4113 4112 
f 1021 4114 4115 
f 4114 1023 4116 
f 4115 4116 1022 
f 4114 4116 4115 
f 250 4117 4118 
f 4117 1024 4119 
f 4118 4119 1025 
f 4117 4119 4118 
f 1024 4120 4121 
f 4120 57 4122 
f 4121 4122 1026 
f 4120 4122 4121 
f 1025 4123 4124 
f 4123 1026 4125 
f 4124 4125 252 
f 4123 4125 4124 
f 1024 4126 4127 
f 4126 1026 4128 
f 4127 4128 1025 
f 4126 4128 4127 
f 251 4129 4130 
f 4129 1027 4131 
f 4130 4131 1028 
f 4129 4131 4130 
f 1027 4132 4133 
f 4132 252 4134 
f 4133 4134 1029 
f 4132 4134 4133 
f 1028 4135 4136 
f 4135 1029 4137 
f 4136 4137 56 
f 4135 4137 4136 
f 1027 4138 4139 
f 4138 1029 4140 
f 4139 4140 1028 
f 4138 4140 4139 
f 250 4141 4142 
f 4141 1030 4143 
f 4142 4143 1031 
f 4141 4143 4142 
f 1030 4144 4145 
f 4144 252 4146 
f 4145 4146 1032 
f 4144 4146 4145 
f 1031 4147 4148 
f 4147 1032 4149 
f 4148 4149 251 
f 4147 4149 4148 
f 1030 4150 4151 
f 4150 1032 4152 
f 4151 4152 1031 
f 4150 4152 4151 
f 1 4153 4154 
f 4153 1033 4155 
f 4154 4155 1034 
f 4153 4155 4154 
f 1033 4156 4157 
f 4156 253 4158 
f 4157 4158 1035 
f 4156 4158 4157 
f 1034 4159 4160 
f 4159 1035 4161 
f 4160 4161 254 
f 4159 4161 4160 
f 1033 4162 4163 
f 4162 1035 4164 
f 4163 4164 1034 
f 4162 4164 4163 
f 253 4165 4166 
f 4165 1036 4167 
f 4166 4167 1037 
f 4165 4167 4166 
f 1036 4168 4169 
f 4168 58 4170 
f 4169 4170 1038 
f 4168 4170 4169 
f 1037 4171 4172 
f 4171 1038 4173 
f 4172 4173 255 
f 4171 4173 4172 
f 1036 4174 4175 
f 4174 1038 4176 
f 4175 4176 1037 
f 4174 4176 4175 
f 254 4177 4178 
f 4177 1039 4179 
f 4178 4179 1040 
f 4177 4179 4178 
f 1039 4180 4181 
f 4180 255 4182 
f 4181 4182 1041 
f 4180 4182 4181 
f 1040 4183 4184 
f 4183 1041 4185 
f 4184 4185 59 
f 4183 4185 4184 
f 1039 4186 4187 
f 4186 1041 4188 
f 4187 4188 1040 
f 4186 4188 4187 
f 253 4189 4190 
f 4189 1042 4191 
f 4190 4191 1043 
f 4189 4191 4190 
f 1042 4192 4193 
f 4192 255 4194 
f 4193 4194 1044 
f 4192 4194 4193 
f 1043 4195 4196 
f 4195 1044 4197 
f 4196 4197 254 
f 4195 4197 4196 
f 1042 4198 4199 
f 4198 1044 4200 
f 4199 4200 1043 
f 4198 4200 4199 
f 58 4201 4202 
f 4201 1045 4203 
f 4202 4203 1046 
f 4201 4203 4202 
f 1045 4204 4205 
f 4204 256 4206 
f 4205 4206 1047 
f 4204 4206 4205 
f 1046 4207 4208 
f 4207 1047 4209 
f 4208 4209 257 
f 4207 4209 4208 
f 1045 4210 4211 
f 4210 1047 4212 
f 4211 4212 1046 
f 4210 4212 4211 
f 256 4213 4214 
f 4213 1048 4215 
f 4214 4215 1049 
f 4213 4215 4214 
f 1048 4216 4217 
f 4216 2 4218 
f 4217 4218 1050 
f 4216 4218 4217 
f 1049 4219 4220 
f 4219 1050 4221 
f 4220 4221 258 
f 4219 4221 4220 
f 1048 4222 4223 
f 4222 1050 4224 
f 4223 4224 1049 
f 4222 4224 4223 
f 257 4225 4226 
f 4225 1051 4227 
f 4226 4227 1052 
f 4225 4227 4226 
f 1051 4228 4229 
f 4228 258 4230 
f 4229 4230 1053 
f 4228 4230 4229 
f 1052 4231 4232 
f 4231 1053 4233 
f 4232 4233 60 
f 4231 4233 4232 
f 1051 4234 4235 
f 4234 1053 4236 
f 4235 4236 1052 
f 4234 4236 4235 
f 256 4237 4238 
f 4237 1054 4239 
f 4238 4239 1055 
f 4237 4239 4238 
f 1054 4240 4241 
f 4240 258 4242 
f 4241 4242 1056 
f 4240 4242 4241 
f 1055 4243 4244 
f 4243 1056 4245 
f 4244 4245 257 
f 4243 4245 4244 
f 1054 4246 4247 
f 4246 1056 4248 
f 4247 4248 1055 
f 4246 4248 4247 
f 59 4249 4250 
f 4249 1057 4251 
f 4250 4251 1058 
f 4249 4251 4250 
f 1057 4252 4253 
f 4252 259 4254 
f 4253 4254 1059 
f 4252 4254 4253 
f 1058 4255 4256 
f 4255 1059 4257 
f 4256 4257 260 
f 4255 4257 4256 
f 1057 4258 4259 
f 4258 1059 4260 
f 4259 4260 1058 
f 4258 4260 4259 
f 259 4261 4262 
f 4261 1060 4263 
f 4262 4263 1061 
f 4261 4263 4262 
f 1060 4264 4265 
f 4264 60 4266 
f 4265 4266 1062 
f 4264 4266 4265 
f 1061 4267 4268 
f 4267 1062 4269 
f 4268 4269 261 
f 4267 4269 4268 
f 1060 4270 4271 
f 4270 1062 4272 
f 4271 4272 1061 
f 4270 4272 4271 
f 260 4273 4274 
f 4273 1063 4275 
f 4274 4275 1064 
f 4273 4275 4274 
f 1063 4276 4277 
f 4276 261 4278 
f 4277 4278 1065 
f 4276 4278 4277 
f 1064 4279 4280 
f 4279 1065 4281 
f 4280 4281 9 
f 4279 4281 4280 
f 1063 4282 4283 
f 4282 1065 4284 
f 4283 4284 1064 
f 4282 4284 4283 
f 259 4285 4286 
f 4285 1066 4287 
f 4286 4287 1067 
f 4285 4287 4286 
f 1066 4288 4289 
f 4288 261 4290 
f 4289 4290 1068 
f 4288 4290 4289 
f 1067 4291 4292 
f 4291 1068 4293 
f 4292 4293 260 
f 4291 4293 4292 
f 1066 4294 4295 
f 4294 1068 4296 
f 4295 4296 1067 
f 4294 4296 4295 
f 58 4297 4298 
f 4297 1069 4299 
f 4298 4299 1070 
f 4297 4299 4298 
f 1069 4300 4301 
f 4300 262 4302 
f 4301 4302 1071 
f 4300 4302 4301 
f 1070 4303 4304 
f 4303 1071 4305 
f 4304 4305 263 
f 4303 4305 4304 
f 1069 4306 4307 
f 4306 1071 4308 
f 4307 4308 1070 
f 4306 4308 4307 
f 262 4309 4310 
f 4309 1072 4311 
f 4310 4311 1073 
f 4309 4311 4310 
f 1072 4312 4313 
f 4312 60 4314 
f 4313 4314 1074 
f 4312 4314 4313 
f 1073 4315 4316 
f 4315 1074 4317 
f 4316 4317 264 
f 4315 4317 4316 
f 1072 4318 4319 
f 4318 1074 4320 
f 4319 4320 1073 
f 4318 4320 4319 
f 263 4321 4322 
f 4321 1075 4323 
f 4322 4323 1076 
f 4321 4323 4322 
f 1075 4324 4325 
f 4324 264 4326 
f 4325 4326 1077 
f 4324 4326 4325 
f 1076 4327 4328 
f 4327 1077 4329 
f 4328 4329 59 
f 4327 4329 4328 
f 1075 4330 4331 
f 4330 1077 4332 
f 4331 4332 1076 
f 4330 4332 4331 
f 262 4333 4334 
f 4333 1078 4335 
f 4334 4335 1079 
f 4333 4335 4334 
f 1078 4336 4337 
f 4336 264 4338 
f 4337 4338 1080 
f 4336 4338 4337 
f 1079 4339 4340 
f 4339 1080 4341 
f 4340 4341 263 
f 4339 4341 4340 
f 1078 4342 4343 
f 4342 1080 4344 
f 4343 4344 1079 
f 4342 4344 4343 
f 8 4345 4346 
f 4345 1081 4347 
f 4346 4347 1082 
f 4345 4347 4346 
f 1081 4348 4349 
f 4348 265 4350 
f 4349 4350 1083 
f 4348 4350 4349 
f 1082 4351 4352 
f 4351 1083 4353 
f 4352 4353 266 
f 4351 4353 4352 
f 1081 4354 4355 
f 4354 1083 4356 
f 4355 4356 1082 
f 4354 4356 4355 
f 265 4357 4358 
f 4357 1084 4359 
f 4358 4359 1085 
f 4357 4359 4358 
f 1084 4360 4361 
f 4360 61 4362 
f 4361 4362 1086 
f 4360 4362 4361 
f 1085 4363 4364 
f 4363 1086 4365 
f 4364 4365 267 
f 4363 4365 4364 
f 1084 4366 4367 
f 4366 1086 4368 
f 4367 4368 1085 
f 4366 4368 4367 
f 266 4369 4370 
f 4369 1087 4371 
f 4370 4371 1088 
f 4369 4371 4370 
f 1087 4372 4373 
f 4372 267 4374 
f 4373 4374 1089 
f 4372 4374 4373 
f 1088 4375 4376 
f 4375 1089 4377 
f 4376 4377 62 
f 4375 4377 4376 
f 1087 4378 4379 
f 4378 1089 4380 
f 4379 4380 1088 
f 4378 4380 4379 
f 265 4381 4382 
f 4381 1090 4383 
f 4382 4383 1091 
f 4381 4383 4382 
f 1090 4384 4385 
f 4384 267 4386 
f 4385 4386 1092 
f 4384 4386 4385 
f 1091 4387 4388 
f 4387 1092 4389 
f 4388 4389 266 
f 4387 4389 4388 
f 1090 4390 4391 
f 4390 1092 4392 
f 4391 4392 1091 
f 4390 4392 4391 
f 61 4393 4394 
f 4393 1093 4395 
f 4394 4395 1094 
f 4393 4395 4394 
f 1093 4396 4397 
f 4396 268 4398 
f 4397 4398 1095 
f 4396 4398 4397 
f 1094 4399 4400 
f 4399 1095 4401 
f 4400 4401 269 
f 4399 4401 4400 
f 1093 4402 4403 
f 4402 1095 4404 
f 4403 4404 1094 
f 4402 4404 4403 
f 268 4405 4406 
f 4405 1096 4407 
f 4406 4407 1097 
f 4405 4407 4406 
f 1096 4408 4409 
f 4408 12 4410 
f 4409 4410 1098 
f 4408 4410 4409 
f 1097 4411 4412 
f 4411 1098 4413 
f 4412 4413 270 
f 4411 4413 4412 
f 1096 4414 4415 
f 4414 1098 4416 
f 4415 4416 1097 
f 4414 4416 4415 
f 269 4417 4418 
f 4417 1099 4419 
f 4418 4419 1100 
f 4417 4419 4418 
f 1099 4420 4421 
f 4420 270 4422 
f 4421 4422 1101 
f 4420 4422 4421 
f 1100 4423 4424 
f 4423 1101 4425 
f 4424 4425 63 
f 4423 4425 4424 
f 1099 4426 4427 
f 4426 1101 4428 
f 4427 4428 1100 
f 4426 4428 4427 
f 268 4429 4430 
f 4429 1102 4431 
f 4430 4431 1103 
f 4429 4431 4430 
f 1102 4432 4433 
f 4432 270 4434 
f 4433 4434 1104 
f 4432 4434 4433 
f 1103 4435 4436 
f 4435 1104 4437 
f 4436 4437 269 
f 4435 4437 4436 
f 1102 4438 4439 
f 4438 1104 4440 
f 4439 4440 1103 
f 4438 4440 4439 
f 62 4441 4442 
f 4441 1105 4443 
f 4442 4443 1106 
f 4441 4443 4442 
f 1105 4444 4445 
f 4444 271 4446 
f 4445 4446 1107 
f 4444 4446 4445 
f 1106 4447 4448 
f 4447 1107 4449 
f 4448 4449 272 
f 4447 4449 4448 
f 1105 4450 4451 
f 4450 1107 4452 
f 4451 4452 1106 
f 4450 4452 4451 
f 271 4453 4454 
f 4453 1108 4455 
f 4454 4455 1109 
f 4453 4455 4454 
f 1108 4456 4457 
f 4456 63 4458 
f 4457 4458 1110 
f 4456 4458 4457 
f 1109 4459 4460 
f 4459 1110 4461 
f 4460 4461 273 
f 4459 4461 4460 
f 1108 4462 4463 
f 4462 1110 4464 
f 4463 4464 1109 
f 4462 4464 4463 
f 272 4465 4466 
f 4465 1111 4467 
f 4466 4467 1112 
f 4465 4467 4466 
f 1111 4468 4469 
f 4468 273 4470 
f 4469 4470 1113 
f 4468 4470 4469 
f 1112 4471 4472 
f 4471 1113 4473 
f 4472 4473 10 
f 4471 4473 4472 
f 1111 4474 4475 
f 4474 1113 4476 
f 4475 4476 1112 
f 4474 4476 4475 
f 271 4477 4478 
f 4477 1114 4479 
f 4478 4479 1115 
f 4477 4479 4478 
f 1114 4480 4481 
f 4480 273 4482 
f 4481 4482 1116 
f 4480 4482 4481 
f 1115 4483 4484 
f 4483 1116 4485 
f 4484 4485 272 
f 4483 4485 4484 
f 1114 4486 4487 
f 4486 1116 4488 
f 4487 4488 1115 
f 4486 4488 4487 
f 61 4489 4490 
f 4489 1117 4491 
f 4490 4491 1118 
f 4489 4491 4490 
f 1117 4492 4493 
f 4492 274 4494 
f 4493 4494 1119 
f 4492 4494 4493 
f 1118 4495 4496 
f 4495 1119 4497 
f 4496 4497 275 
f 4495 4497 4496 
f 1117 4498 4499 
f 4498 1119 4500 
f 4499 4500 1118 
f 4498 4500 4499 
f 274 4501 4502 
f 4501 1120 4503 
f 4502 4503 1121 
f 4501 4503 4502 
f 1120 4504 4505 
f 4504 63 4506 
f 4505 4506 1122 
f 4504 4506 4505 
f 1121 4507 4508 
f 4507 1122 4509 
f 4508 4509 276 
f 4507 4509 4508 
f 1120 4510 4511 
f 4510 1122 4512 
f 4511 4512 1121 
f 4510 4512 4511 
f 275 4513 4514 
f 4513 1123 4515 
f 4514 4515 1124 
f 4513 4515 4514 
f 1123 4516 4517 
f 4516 276 4518 
f 4517 4518 1125 
f 4516 4518 4517 
f 1124 4519 4520 
f 4519 1125 4521 
f 4520 4521 62 
f 4519 4521 4520 
f 1123 4522 4523 
f 4522 1125 4524 
f 4523 4524 1124 
f 4522 4524 4523 
f 274 4525 4526 
f 4525 1126 4527 
f 4526 4527 1127 
f 4525 4527 4526 
f 1126 4528 4529 
f 4528 276 4530 
f 4529 4530 1128 
f 4528 4530 4529 
f 1127 4531 4532 
f 4531 1128 4533 
f 4532 4533 275 
f 4531 4533 4532 
f 1126 4534 4535 
f 4534 1128 4536 
f 4535 4536 1127 
f 4534 4536 4535 
f 8 4537 4538 
f 4537 1129 4539 
f 4538 4539 1130 
f 4537 4539 4538 
f 1129 4540 4541 
f 4540 277 4542 
f 4541 4542 1131 
f 4540 4542 4541 
f 1130 4543 4544 
f 4543 1131 4545 
f 4544 4545 278 
f 4543 4545 4544 
f 1129 4546 4547 
f 4546 1131 4548 
f 4547 4548 1130 
f 4546 4548 4547 
f 277 4549 4550 
f 4549 1132 4551 
f 4550 4551 1133 
f 4549 4551 4550 
f 1132 4552 4553 
f 4552 64 4554 
f 4553 4554 1134 
f 4552 4554 4553 
f 1133 4555 4556 
f 4555 1134 4557 
f 4556 4557 279 
f 4555 4557 4556 
f 1132 4558 4559 
f 4558 1134 4560 
f 4559 4560 1133 
f 4558 4560 4559 
f 278 4561 4562 
f 4561 1135 4563 
f 4562 4563 1136 
f 4561 4563 4562 
f 1135 4564 4565 
f 4564 279 4566 
f 4565 4566 1137 
f 4564 4566 4565 
f 1136 4567 4568 
f 4567 1137 4569 
f 4568 4569 65 
f 4567 4569 4568 
f 1135 4570 4571 
f 4570 1137 4572 
f 4571 4572 1136 
f 4570 4572 4571 
f 277 4573 4574 
f 4573 1138 4575 
f 4574 4575 1139 
f 4573 4575 4574 
f 1138 4576 4577 
f 4576 279 4578 
f 4577 4578 1140 
f 4576 4578 4577 
f 1139 4579 4580 
f 4579 1140 4581 
f 4580 4581 278 
f 4579 4581 4580 
f 1138 4582 4583 
f 4582 1140 4584 
f 4583 4584 1139 
f 4582 4584 4583 
f 64 4585 4586 
f 4585 1141 4587 
f 4586 4587 1142 
f 4585 4587 4586 
f 1141 4588 4589 
f 4588 280 4590 
f 4589 4590 1143 
f 4588 4590 4589 
f 1142 4591 4592 
f 4591 1143 4593 
f 4592 4593 281 
f 4591 4593 4592 
f 1141 4594 4595 
f 4594 1143 4596 
f 4595 4596 1142 
f 4594 4596 4595 
f 280 4597 4598 
f 4597 1144 4599 
f 4598 4599 1145 
f 4597 4599 4598 
f 1144 4600 4601 
f 4600 9 4602 
f 4601 4602 1146 
f 4600 4602 4601 
f 1145 4603 4604 
f 4603 1146 4605 
f 4604 4605 282 
f 4603 4605 4604 
f 1144 4606 4607 
f 4606 1146 4608 
f 4607 4608 1145 
f 4606 4608 4607 
f 281 4609 4610 
f 4609 1147 4611 
f 4610 4611 1148 
f 4609 4611 4610 
f 1147 4612 4613 
f 4612 282 4614 
f 4613 4614 1149 
f 4612 4614 4613 
f 1148 4615 4616 
f 4615 1149 4617 
f 4616 4617 66 
f 4615 4617 4616 
f 1147 4618 4619 
f 4618 1149 4620 
f 4619 4620 1148 
f 4618 4620 4619 
f 280 4621 4622 
f 4621 1150 4623 
f 4622 4623 1151 
f 4621 4623 4622 
f 1150 4624 4625 
f 4624 282 4626 
f 4625 4626 1152 
f 4624 4626 4625 
f 1151 4627 4628 
f 4627 1152 4629 
f 4628 4629 281 
f 4627 4629 4628 
f 1150 4630 4631 
f 4630 1152 4632 
f 4631 4632 1151 
f 4630 4632 4631 
f 65 4633 4634 
f 4633 1153 4635 
f 4634 4635 1154 
f 4633 4635 4634 
f 1153 4636 4637 
f 4636 283 4638 
f 4637 4638 1155 
f 4636 4638 4637 
f 1154 4639 4640 
f 4639 1155 4641 
f 4640 4641 284 
f 4639 4641 4640 
f 1153 4642 4643 
f 4642 1155 4644 
f 4643 4644 1154 
f 4642 4644 4643 
f 283 4645 4646 
f 4645 1156 4647 
f 4646 4647 1157 
f 4645 4647 4646 
f 1156 4648 4649 
f 4648 66 4650 
f 4649 4650 1158 
f 4648 4650 4649 
f 1157 4651 4652 
f 4651 1158 4653 
f 4652 4653 285 
f 4651 4653 4652 
f 1156 4654 4655 
f 4654 1158 4656 
f 4655 4656 1157 
f 4654 4656 4655 
f 284 4657 4658 
f 4657 1159 4659 
f 4658 4659 1160 
f 4657 4659 4658 
f 1159 4660 4661 
f 4660 285 4662 
f 4661 4662 1161 
f 4660 4662 4661 
f 1160 4663 4664 
f 4663 1161 4665 
f 4664 4665 11 
f 4663 4665 4664 
f 1159 4666 4667 
f 4666 1161 4668 
f 4667 4668 1160 
f 4666 4668 4667 
f 283 4669 4670 
f 4669 1162 4671 
f 4670 4671 1163 
f 4669 4671 4670 
f 1162 4672 4673 
f 4672 285 4674 
f 4673 4674 1164 
f 4672 4674 4673 
f 1163 4675 4676 
f 4675 1164 4677 
f 4676 4677 284 
f 4675 4677 4676 
f 1162 4678 4679 
f 4678 1164 4680 
f 4679 4680 1163 
f 4678 4680 4679 
f 64 4681 4682 
f 4681 1165 4683 
f 4682 4683 1166 
f 4681 4683 4682 
f 1165 4684 4685 
f 4684 286 4686 
f 4685 4686 1167 
f 4684 4686 4685 
f 1166 4687 4688 
f 4687 1167 4689 
f 4688 4689 287 
f 4687 4689 4688 
f 1165 4690 4691 
f 4690 1167 4692 
f 4691 4692 1166 
f 4690 4692 4691 
f 286 4693 4694 
f 4693 1168 4695 
f 4694 4695 1169 
f 4693 4695 4694 
f 1168 4696 4697 
f 4696 66 4698 
f 4697 4698 1170 
f 4696 4698 4697 
f 1169 4699 4700 
f 4699 1170 4701 
f 4700 4701 288 
f 4699 4701 4700 
f 1168 4702 4703 
f 4702 1170 4704 
f 4703 4704 1169 
f 4702 4704 4703 
f 287 4705 4706 
f 4705 1171 4707 
f 4706 4707 1172 
f 4705 4707 4706 
f 1171 4708 4709 
f 4708 288 4710 
f 4709 4710 1173 
f 4708 4710 4709 
f 1172 4711 4712 
f 4711 1173 4713 
f 4712 4713 65 
f 4711 4713 4712 
f 1171 4714 4715 
f 4714 1173 4716 
f 4715 4716 1172 
f 4714 4716 4715 
f 286 4717 4718 
f 4717 1174 4719 
f 4718 4719 1175 
f 4717 4719 4718 
f 1174 4720 4721 
f 4720 288 4722 
f 4721 4722 1176 
f 4720 4722 4721 
f 1175 4723 4724 
f 4723 1176 4725 
f 4724 4725 287 
f 4723 4725 4724 
f 1174 4726 4727 
f 4726 1176 4728 
f 4727 4728 1175 
f 4726 4728 4727 
f 5 4729 4730 
f 4729 1177 4731 
f 4730 4731 1178 
f 4729 4731 4730 
f 1177 4732 4733 
f 4732 289 4734 
f 4733 4734 1179 
f 4732 4734 4733 
f 1178 4735 4736 
f 4735 1179 4737 
f 4736 4737 290 
f 4735 4737 4736 
f 1177 4738 4739 
f 4738 1179 4740 
f 4739 4740 1178 
f 4738 4740 4739 
f 289 4741 4742 
f 4741 1180 4743 
f 4742 4743 1181 
f 4741 4743 4742 
f 1180 4744 4745 
f 4744 67 4746 
f 4745 4746 1182 
f 4744 4746 4745 
f 1181 4747 4748 
f 4747 1182 4749 
f 4748 4749 291 
f 4747 4749 4748 
f 1180 4750 4751 
f 4750 1182 4752 
f 4751 4752 1181 
f 4750 4752 4751 
f 290 4753 4754 
f 4753 1183 4755 
f 4754 4755 1184 
f 4753 4755 4754 
f 1183 4756 4757 
f 4756 291 4758 
f 4757 4758 1185 
f 4756 4758 4757 
f 1184 4759 4760 
f 4759 1185 4761 
f 4760 4761 68 
f 4759 4761 4760 
f 1183 4762 4763 
f 4762 1185 4764 
f 4763 4764 1184 
f 4762 4764 4763 
f 289 4765 4766 
f 4765 1186 4767 
f 4766 4767 1187 
f 4765 4767 4766 
f 1186 4768 4769 
f 4768 291 4770 
f 4769 4770 1188 
f 4768 4770 4769 
f 1187 4771 4772 
f 4771 1188 4773 
f 4772 4773 290 
f 4771 4773 4772 
f 1186 4774 4775 
f 4774 1188 4776 
f 4775 4776 1187 
f 4774 4776 4775 
f 67 4777 4778 
f 4777 1189 4779 
f 4778 4779 1190 
f 4777 4779 4778 
f 1189 4780 4781 
f 4780 292 4782 
f 4781 4782 1191 
f 4780 4782 4781 
f 1190 4783 4784 
f 4783 1191 4785 
f 4784 4785 293 
f 4783 4785 4784 
f 1189 4786 4787 
f 4786 1191 4788 
f 4787 4788 1190 
f 4786 4788 4787 
f 292 4789 4790 
f 4789 1192 4791 
f 4790 4791 1193 
f 4789 4791 4790 
f 1192 4792 4793 
f 4792 6 4794 
f 4793 4794 1194 
f 4792 4794 4793 
f 1193 4795 4796 
f 4795 1194 4797 
f 4796 4797 294 
f 4795 4797 4796 
f 1192 4798 4799 
f 4798 1194 4800 
f 4799 4800 1193 
f 4798 4800 4799 
f 293 4801 4802 
f 4801 1195 4803 
f 4802 4803 1196 
f 4801 4803 4802 
f 1195 4804 4805 
f 4804 294 4806 
f 4805 4806 1197 
f 4804 4806 4805 
f 1196 4807 4808 
f 4807 1197 4809 
f 4808 4809 69 
f 4807 4809 4808 
f 1195 4810 4811 
f 4810 1197 4812 
f 4811 4812 1196 
f 4810 4812 4811 
f 292 4813 4814 
f 4813 1198 4815 
f 4814 4815 1199 
f 4813 4815 4814 
f 1198 4816 4817 
f 4816 294 4818 
f 4817 4818 1200 
f 4816 4818 4817 
f 1199 4819 4820 
f 4819 1200 4821 
f 4820 4821 293 
f 4819 4821 4820 
f 1198 4822 4823 
f 4822 1200 4824 
f 4823 4824 1199 
f 4822 4824 4823 
f 68 4825 4826 
f 4825 1201 4827 
f 4826 4827 1202 
f 4825 4827 4826 
f 1201 4828 4829 
f 4828 295 4830 
f 4829 4830 1203 
f 4828 4830 4829 
f 1202 4831 4832 
f 4831 1203 4833 
f 4832 4833 296 
f 4831 4833 4832 
f 1201 4834 4835 
f 4834 1203 4836 
f 4835 4836 1202 
f 4834 4836 4835 
f 295 4837 4838 
f 4837 1204 4839 
f 4838 4839 1205 
f 4837 4839 4838 
f 1204 4840 4841 
f 4840 69 4842 
f 4841 4842 1206 
f 4840 4842 4841 
f 1205 4843 4844 
f 4843 1206 4845 
f 4844 4845 297 
f 4843 4845 4844 
f 1204 4846 4847 
f 4846 1206 4848 
f 4847 4848 1205 
f 4846 4848 4847 
f 296 4849 4850 
f 4849 1207 4851 
f 4850 4851 1208 
f 4849 4851 4850 
f 1207 4852 4853 
f 4852 297 4854 
f 4853 4854 1209 
f 4852 4854 4853 
f 1208 4855 4856 
f 4855 1209 4857 
f 4856 4857 12 
f 4855 4857 4856 
f 1207 4858 4859 
f 4858 1209 4860 
f 4859 4860 1208 
f 4858 4860 4859 
f 295 4861 4862 
f 4861 1210 4863 
f 4862 4863 1211 
f 4861 4863 4862 
f 1210 4864 4865 
f 4864 297 4866 
f 4865 4866 1212 
f 4864 4866 4865 
f 1211 4867 4868 
f 4867 1212 4869 
f 4868 4869 296 
f 4867 4869 4868 
f 1210 4870 4871 
f 4870 1212 4872 
f 4871 4872 1211 
f 4870 4872 4871 
f 67 4873 4874 
f 4873 1213 4875 
f 4874 4875 1214 
f 4873 4875 4874 
f 1213 4876 4877 
f 4876 298 4878 
f 4877 4878 1215 
f 4876 4878 4877 
f 1214 4879 4880 
f 4879 1215 4881 
f 4880 4881 299 
f 4879 4881 4880 
f 1213 4882 4883 
f 4882 1215 4884 
f 4883 4884 1214 
f 4882 4884 4883 
f 298 4885 4886 
f 4885 1216 4887 
f 4886 4887 1217 
f 4885 4887 4886 
f 1216 4888 4889 
f 4888 69 4890 
f 4889 4890 1218 
f 4888 4890 4889 
f 1217 4891 4892 
f 4891 1218 4893 
f 4892 4893 300 
f 4891 4893 4892 
f 1216 4894 4895 
f 4894 1218 4896 
f 4895 4896 1217 
f 4894 4896 4895 
f 299 4897 4898 
f 4897 1219 4899 
f 4898 4899 1220 
f 4897 4899 4898 
f 1219 4900 4901 
f 4900 300 4902 
f 4901 4902 1221 
f 4900 4902 4901 
f 1220 4903 4904 
f 4903 1221 4905 
f 4904 4905 68 
f 4903 4905 4904 
f 1219 4906 4907 
f 4906 1221 4908 
f 4907 4908 1220 
f 4906 4908 4907 
f 298 4909 4910 
f 4909 1222 4911 
f 4910 4911 1223 
f 4909 4911 4910 
f 1222 4912 4913 
f 4912 300 4914 
f 4913 4914 1224 
f 4912 4914 4913 
f 1223 4915 4916 
f 4915 1224 4917 
f 4916 4917 299 
f 4915 4917 4916 
f 1222 4918 4919 
f 4918 1224 4920 
f 4919 4920 1223 
f 4918 4920 4919 
f 5 4921 4922 
f 4921 1225 4923 
f 4922 4923 1226 
f 4921 4923 4922 
f 1225 4924 4925 
f 4924 301 4926 
f 4925 4926 1227 
f 4924 4926 4925 
f 1226 4927 4928 
f 4927 1227 4929 
f 4928 4929 302 
f 4927 4929 4928 
f 1225 4930 4931 
f 4930 1227 4932 
f 4931 4932 1226 
f 4930 4932 4931 
f 301 4933 4934 
f 4933 1228 4935 
f 4934 4935 1229 
f 4933 4935 4934 
f 1228 4936 4937 
f 4936 70 4938 
f 4937 4938 1230 
f 4936 4938 4937 
f 1229 4939 4940 
f 4939 1230 4941 
f 4940 4941 303 
f 4939 4941 4940 
f 1228 4942 4943 
f 4942 1230 4944 
f 4943 4944 1229 
f 4942 4944 4943 
f 302 4945 4946 
f 4945 1231 4947 
f 4946 4947 1232 
f 4945 4947 4946 
f 1231 4948 4949 
f 4948 303 4950 
f 4949 4950 1233 
f 4948 4950 4949 
f 1232 4951 4952 
f 4951 1233 4953 
f 4952 4953 71 
f 4951 4953 4952 
f 1231 4954 4955 
f 4954 1233 4956 
f 4955 4956 1232 
f 4954 4956 4955 
f 301 4957 4958 
f 4957 1234 4959 
f 4958 4959 1235 
f 4957 4959 4958 
f 1234 4960 4961 
f 4960 303 4962 
f 4961 4962 1236 
f 4960 4962 4961 
f 1235 4963 4964 
f 4963 1236 4965 
f 4964 4965 302 
f 4963 4965 4964 
f 1234 4966 4967 
f 4966 1236 4968 
f 4967 4968 1235 
f 4966 4968 4967 
f 70 4969 4970 
f 4969 1237 4971 
f 4970 4971 1238 
f 4969 4971 4970 
f 1237 4972 4973 
f 4972 304 4974 
f 4973 4974 1239 
f 4972 4974 4973 
f 1238 4975 4976 
f 4975 1239 4977 
f 4976 4977 305 
f 4975 4977 4976 
f 1237 4978 4979 
f 4978 1239 4980 
f 4979 4980 1238 
f 4978 4980 4979 
f 304 4981 4982 
f 4981 1240 4983 
f 4982 4983 1241 
f 4981 4983 4982 
f 1240 4984 4985 
f 4984 11 4986 
f 4985 4986 1242 
f 4984 4986 4985 
f 1241 4987 4988 
f 4987 1242 4989 
f 4988 4989 306 
f 4987 4989 4988 
f 1240 4990 4991 
f 4990 1242 4992 
f 4991 4992 1241 
f 4990 4992 4991 
f 305 4993 4994 
f 4993 1243 4995 
f 4994 4995 1244 
f 4993 4995 4994 
f 1243 4996 4997 
f 4996 306 4998 
f 4997 4998 1245 
f 4996 4998 4997 
f 1244 4999 5000 
f 4999 1245 5001 
f 5000 5001 72 
f 4999 5001 5000 
f 1243 5002 5003 
f 5002 1245 5004 
f 5003 5004 1244 
f 5002 5004 5003 
f 304 5005 5006 
f 5005 1246 5007 
f 5006 5007 1247 
f 5005 5007 5006 
f 1246 5008 5009 
f 5008 306 5010 
f 5009 5010 1248 
f 5008 5010 5009 
f 1247 5011 5012 
f 5011 1248 5013 
f 5012 5013 305 
f 5011 5013 5012 
f 1246 5014 5015 
f 5014 1248 5016 
f 5015 5016 1247 
f 5014 5016 5015 
f 71 5017 5018 
f 5017 1249 5019 
f 5018 5019 1250 
f 5017 5019 5018 
f 1249 5020 5021 
f 5020 307 5022 
f 5021 5022 1251 
f 5020 5022 5021 
f 1250 5023 5024 
f 5023 1251 5025 
f 5024 5025 308 
f 5023 5025 5024 
f 1249 5026 5027 
f 5026 1251 5028 
f 5027 5028 1250 
f 5026 5028 5027 
f 307 5029 5030 
f 5029 1252 5031 
f 5030 5031 1253 
f 5029 5031 5030 
f 1252 5032 5033 
f 5032 72 5034 
f 5033 5034 1254 
f 5032 5034 5033 
f 1253 5035 5036 
f 5035 1254 5037 
f 5036 5037 309 
f 5035 5037 5036 
f 1252 5038 5039 
f 5038 1254 5040 
f 5039 5040 1253 
f 5038 5040 5039 
f 308 5041 5042 
f 5041 1255 5043 
f 5042 5043 1256 
f 5041 5043 5042 
f 1255 5044 5045 
f 5044 309 5046 
f 5045 5046 1257 
f 5044 5046 5045 
f 1256 5047 5048 
f 5047 1257 5049 
f 5048 5049 7 
f 5047 5049 5048 
f 1255 5050 5051 
f 5050 1257 5052 
f 5051 5052 1256 
f 5050 5052 5051 
f 307 5053 5054 
f 5053 1258 5055 
f 5054 5055 1259 
f 5053 5055 5054 
f 1258 5056 5057 
f 5056 309 5058 
f 5057 5058 1260 
f 5056 5058 5057 
f 1259 5059 5060 
f 5059 1260 5061 
f 5060 5061 308 
f 5059 5061 5060 
f 1258 5062 5063 
f 5062 1260 5064 
f 5063 5064 1259 
f 5062 5064 5063 
f 70 5065 5066 
f 5065 1261 5067 
f 5066 5067 1262 
f 5065 5067 5066 
f 1261 5068 5069 
f 5068 310 5070 
f 5069 5070 1263 
f 5068 5070 5069 
f 1262 5071 5072 
f 5071 1263 5073 
f 5072 5073 311 
f 5071 5073 5072 
f 1261 5074 5075 
f 5074 1263 5076 
f 5075 5076 1262 
f 5074 5076 5075 
f 310 5077 5078 
f 5077 1264 5079 
f 5078 5079 1265 
f 5077 5079 5078 
f 1264 5080 5081 
f 5080 72 5082 
f 5081 5082 1266 
f 5080 5082 5081 
f 1265 5083 5084 
f 5083 1266 5085 
f 5084 5085 312 
f 5083 5085 5084 
f 1264 5086 5087 
f 5086 1266 5088 
f 5087 5088 1265 
f 5086 5088 5087 
f 311 5089 5090 
f 5089 1267 5091 
f 5090 5091 1268 
f 5089 5091 5090 
f 1267 5092 5093 
f 5092 312 5094 
f 5093 5094 1269 
f 5092 5094 5093 
f 1268 5095 5096 
f 5095 1269 5097 
f 5096 5097 71 
f 5095 5097 5096 
f 1267 5098 5099 
f 5098 1269 5100 
f 5099 5100 1268 
f 5098 5100 5099 
f 310 5101 5102 
f 5101 1270 5103 
f 5102 5103 1271 
f 5101 5103 5102 
f 1270 5104 5105 
f 5104 312 5106 
f 5105 5106 1272 
f 5104 5106 5105 
f 1271 5107 5108 
f 5107 1272 5109 
f 5108 5109 311 
f 5107 5109 5108 
f 1270 5110 5111 
f 5110 1272 5112 
f 5111 5112 1271 
f 5110 5112 5111 
