v 0.0 0.30901699437495 -0.5 
v 0.30901699437495 0.5 0.0 
v -0.30901699437495 0.5 0.0 
v 0.0 0.30901699437495 0.5 
v 0.0 -0.30901699437495 0.5 
v -0.5 0.0 0.30901699437495 
v 0.5 0.0 0.30901699437495 
v 0.0 -0.30901699437495 -0.5 
v 0.5 0.0 -0.30901699437495 
v -0.5 0.0 -0.30901699437495 
v 0.30901699437495 -0.5 0.0 
v -0.30901699437495 -0.5 0.0 
v -0.3090169943749491 0.8090169943749477 -0.49999999999999856 
v 0.0 1.0 0.0 
v 0.3090169943749491 0.8090169943749477 -0.49999999999999856 
v 0.3090169943749491 0.8090169943749477 0.49999999999999856 
v -0.3090169943749491 0.8090169943749477 0.49999999999999856 
v -0.49999999999999856 0.3090169943749491 0.8090169943749477 
v -0.49999999999999856 -0.3090169943749491 0.8090169943749477 
v 0.0 0.0 1.0 
v 0.49999999999999856 -0.3090169943749491 0.8090169943749477 
v 0.49999999999999856 0.3090169943749491 0.8090169943749477 
v 0.49999999999999856 0.3090169943749491 -0.8090169943749477 
v 0.49999999999999856 -0.3090169943749491 -0.8090169943749477 
v 0.0 0.0 -1.0 
v -0.49999999999999856 -0.3090169943749491 -0.8090169943749477 
v -0.49999999999999856 0.3090169943749491 -0.8090169943749477 
v -0.3090169943749491 -0.8090169943749477 0.49999999999999856 
v 0.0 -1.0 0.0 
v 0.3090169943749491 -0.8090169943749477 0.49999999999999856 
v 0.3090169943749491 -0.8090169943749477 -0.49999999999999856 
v -0.3090169943749491 -0.8090169943749477 -0.49999999999999856 
v -0.8090169943749477 0.49999999999999856 -0.3090169943749491 
v -1.0 0.0 0.0 
v -0.8090169943749477 0.49999999999999856 0.3090169943749491 
v -0.8090169943749477 -0.49999999999999856 0.3090169943749491 
v -0.8090169943749477 -0.49999999999999856 -0.3090169943749491 
v 0.8090169943749477 0.49999999999999856 0.3090169943749491 
v 1.0 0.0 0.0 
v 0.8090169943749477 0.49999999999999856 -0.3090169943749491 
v 0.8090169943749477 -0.49999999999999856 -0.3090169943749491 
v 0.8090169943749477 -0.49999999999999856 0.3090169943749491 
v -0.2017741061675998 0.7300255741640036 -0.652954723657608 
v 0.0 0.8506508083520407 -0.5257311121191324 
v 0.2017741061675998 0.7300255741640036 -0.652954723657608 
v -0.20177410616760047 0.9794320854864138 0.0 
v -0.16245984811645403 0.9510565162951536 -0.262865556059566 
v -0.4035482123352001 0.8547288298252076 -0.3264773618288035 
v 0.4035482123352001 0.8547288298252076 -0.3264773618288035 
v 0.16245984811645403 0.9510565162951536 -0.262865556059566 
v 0.20177410616760047 0.9794320854864138 0.0 
v 0.2017741061675998 0.7300255741640036 0.652954723657608 
v 0.0 0.8506508083520407 0.5257311121191324 
v -0.2017741061675998 0.7300255741640036 0.652954723657608 
v 0.16245984811645403 0.9510565162951536 0.262865556059566 
v 0.4035482123352001 0.8547288298252076 0.3264773618288035 
v -0.4035482123352001 0.8547288298252076 0.3264773618288035 
v -0.16245984811645403 0.9510565162951536 0.262865556059566 
v -0.3264773618288035 0.4035482123352001 0.8547288298252076 
v -0.262865556059566 0.16245984811645403 0.9510565162951536 
v 0.0 0.20177410616760047 0.9794320854864138 
v -0.652954723657608 -0.2017741061675998 0.7300255741640036 
v -0.5257311121191324 0.0 0.8506508083520407 
v -0.652954723657608 0.2017741061675998 0.7300255741640036 
v 0.0 -0.20177410616760047 0.9794320854864138 
v -0.262865556059566 -0.16245984811645403 0.9510565162951536 
v -0.3264773618288035 -0.4035482123352001 0.8547288298252076 
v 0.262865556059566 0.16245984811645403 0.9510565162951536 
v 0.3264773618288035 0.4035482123352001 0.8547288298252076 
v 0.3264773618288035 -0.4035482123352001 0.8547288298252076 
v 0.262865556059566 -0.16245984811645403 0.9510565162951536 
v 0.652954723657608 0.2017741061675998 0.7300255741640036 
v 0.5257311121191324 0.0 0.8506508083520407 
v 0.652954723657608 -0.2017741061675998 0.7300255741640036 
v 0.3264773618288035 0.4035482123352001 -0.8547288298252076 
v 0.262865556059566 0.16245984811645403 -0.9510565162951536 
v 0.0 0.20177410616760047 -0.9794320854864138 
v 0.652954723657608 -0.2017741061675998 -0.7300255741640036 
v 0.5257311121191324 0.0 -0.8506508083520407 
v 0.652954723657608 0.2017741061675998 -0.7300255741640036 
v 0.0 -0.20177410616760047 -0.9794320854864138 
v 0.262865556059566 -0.16245984811645403 -0.9510565162951536 
v 0.3264773618288035 -0.4035482123352001 -0.8547288298252076 
v -0.262865556059566 0.16245984811645403 -0.9510565162951536 
v -0.3264773618288035 0.4035482123352001 -0.8547288298252076 
v -0.3264773618288035 -0.4035482123352001 -0.8547288298252076 
v -0.262865556059566 -0.16245984811645403 -0.9510565162951536 
v -0.652954723657608 0.2017741061675998 -0.7300255741640036 
v -0.5257311121191324 0.0 -0.8506508083520407 
v -0.652954723657608 -0.2017741061675998 -0.7300255741640036 
v -0.2017741061675998 -0.7300255741640036 0.652954723657608 
v 0.0 -0.8506508083520407 0.5257311121191324 
v 0.2017741061675998 -0.7300255741640036 0.652954723657608 
v -0.20177410616760047 -0.9794320854864138 0.0 
v -0.16245984811645403 -0.9510565162951536 0.262865556059566 
v -0.4035482123352001 -0.8547288298252076 0.3264773618288035 
v 0.4035482123352001 -0.8547288298252076 0.3264773618288035 
v 0.16245984811645403 -0.9510565162951536 0.262865556059566 
v 0.20177410616760047 -0.9794320854864138 0.0 
v 0.2017741061675998 -0.7300255741640036 -0.652954723657608 
v 0.0 -0.8506508083520407 -0.5257311121191324 
v -0.2017741061675998 -0.7300255741640036 -0.652954723657608 
v 0.16245984811645403 -0.9510565162951536 -0.262865556059566 
v 0.4035482123352001 -0.8547288298252076 -0.3264773618288035 
v -0.4035482123352001 -0.8547288298252076 -0.3264773618288035 
v -0.16245984811645403 -0.9510565162951536 -0.262865556059566 
v -0.7300255741640036 0.652954723657608 -0.2017741061675998 
v -0.8506508083520407 0.5257311121191324 0.0 
v -0.7300255741640036 0.652954723657608 0.2017741061675998 
v -0.9794320854864138 0.0 -0.20177410616760047 
v -0.9510565162951536 0.262865556059566 -0.16245984811645403 
v -0.8547288298252076 0.3264773618288035 -0.4035482123352001 
v -0.8547288298252076 0.3264773618288035 0.4035482123352001 
v -0.9510565162951536 0.262865556059566 0.16245984811645403 
v -0.9794320854864138 0.0 0.20177410616760047 
v -0.7300255741640036 -0.652954723657608 0.2017741061675998 
v -0.8506508083520407 -0.5257311121191324 0.0 
v -0.7300255741640036 -0.652954723657608 -0.2017741061675998 
v -0.9510565162951536 -0.262865556059566 0.16245984811645403 
v -0.8547288298252076 -0.3264773618288035 0.4035482123352001 
v -0.8547288298252076 -0.3264773618288035 -0.4035482123352001 
v -0.9510565162951536 -0.262865556059566 -0.16245984811645403 
v 0.7300255741640036 0.652954723657608 0.2017741061675998 
v 0.8506508083520407 0.5257311121191324 0.0 
v 0.7300255741640036 0.652954723657608 -0.2017741061675998 
v 0.9794320854864138 0.0 0.20177410616760047 
v 0.9510565162951536 0.262865556059566 0.16245984811645403 
v 0.8547288298252076 0.3264773618288035 0.4035482123352001 
v 0.8547288298252076 0.3264773618288035 -0.4035482123352001 
v 0.9510565162951536 0.262865556059566 -0.16245984811645403 
v 0.9794320854864138 0.0 -0.20177410616760047 
v 0.7300255741640036 -0.652954723657608 -0.2017741061675998 
v 0.8506508083520407 -0.5257311121191324 0.0 
v 0.7300255741640036 -0.652954723657608 0.2017741061675998 
v 0.9510565162951536 -0.262865556059566 -0.16245984811645403 
v 0.8547288298252076 -0.3264773618288035 -0.4035482123352001 
v 0.8547288298252076 -0.3264773618288035 0.4035482123352001 
v 0.9510565162951536 -0.262865556059566 0.16245984811645403 
v -0.42532540417602005 0.587785252292474 0.688190960235586 
v -0.587785252292474 0.688190960235586 0.42532540417602005 
v -0.688190960235586 0.42532540417602005 0.587785252292474 
v 0.42532540417602005 0.587785252292474 0.688190960235586 
v 0.688190960235586 0.42532540417602005 0.587785252292474 
v 0.587785252292474 0.688190960235586 0.42532540417602005 
v -0.42532540417602005 0.587785252292474 -0.688190960235586 
v -0.688190960235586 0.42532540417602005 -0.587785252292474 
v -0.587785252292474 0.688190960235586 -0.42532540417602005 
v 0.42532540417602005 0.587785252292474 -0.688190960235586 
v 0.587785252292474 0.688190960235586 -0.42532540417602005 
v 0.688190960235586 0.42532540417602005 -0.587785252292474 
v -0.42532540417602005 -0.587785252292474 -0.688190960235586 
v -0.587785252292474 -0.688190960235586 -0.42532540417602005 
v -0.688190960235586 -0.42532540417602005 -0.587785252292474 
v 0.42532540417602005 -0.587785252292474 -0.688190960235586 
v 0.688190960235586 -0.42532540417602005 -0.587785252292474 
v 0.587785252292474 -0.688190960235586 -0.42532540417602005 
v -0.42532540417602005 -0.587785252292474 0.688190960235586 
v -0.688190960235586 -0.42532540417602005 0.587785252292474 
v -0.587785252292474 -0.688190960235586 0.42532540417602005 
v 0.42532540417602005 -0.587785252292474 0.688190960235586 
v 0.587785252292474 -0.688190960235586 0.42532540417602005 
v 0.688190960235586 -0.42532540417602005 0.587785252292474 
v -0.1289185659305001 0.6638705055916375 -0.7366518547889 
v 0.0 0.7453559924999312 -0.6666666666666653 
v 0.1289185659305001 0.6638705055916375 -0.7366518547889 
v -0.15643446504023178 0.8401778853271396 -0.5192584897281821 
v -0.10180034247349025 0.7974928009158486 -0.5946779992228356 
v -0.25671900529199776 0.7735089293405747 -0.5794646568620773 
v 0.25671900529199776 0.7735089293405747 -0.5794646568620773 
v 0.10180034247349025 0.7974928009158486 -0.5946779992228356 
v 0.15643446504023178 0.8401778853271396 -0.5192584897281821 
v -0.32635731820469616 0.9452464762453435 0.0 
v -0.3090169943749495 0.936338998124982 -0.16666666666666605 
v -0.4552758841351961 0.8655704207194003 -0.20859462145644161 
v -0.08224246527936274 0.9876883405951378 -0.13307110414059092 
v -0.18376560794074961 0.9739822643015137 -0.13262258542293207 
v -0.10140984792806404 0.9948447329825931 0.0 
v -0.3581288532200617 0.836183662154075 -0.4153800761205131 
v -0.2855659504142398 0.9110661925865174 -0.29733899961141746 
v -0.23867693031959444 0.891006524188368 -0.38618738558759086 
v 0.4552758841351961 0.8655704207194003 -0.20859462145644161 
v 0.3090169943749495 0.936338998124982 -0.16666666666666605 
v 0.32635731820469616 0.9452464762453435 0.0 
v 0.23867693031959444 0.891006524188368 -0.38618738558759086 
v 0.2855659504142398 0.9110661925865174 -0.29733899961141746 
v 0.3581288532200617 0.836183662154075 -0.4153800761205131 
v 0.10140984792806404 0.9948447329825931 0.0 
v 0.18376560794074961 0.9739822643015137 -0.13262258542293207 
v 0.08224246527936274 0.9876883405951378 -0.13307110414059092 
v -0.08232358003196061 0.9129824929322995 -0.3996070517018501 
v 0.0 0.9638612634676228 -0.26640470113456666 
v 0.08232358003196061 0.9129824929322995 -0.3996070517018501 
v 0.1289185659305001 0.6638705055916375 0.7366518547889 
v 0.0 0.7453559924999312 0.6666666666666653 
v -0.1289185659305001 0.6638705055916375 0.7366518547889 
v 0.15643446504023178 0.8401778853271396 0.5192584897281821 
v 0.10180034247349025 0.7974928009158486 0.5946779992228356 
v 0.25671900529199776 0.7735089293405747 0.5794646568620773 
v -0.25671900529199776 0.7735089293405747 0.5794646568620773 
v -0.10180034247349025 0.7974928009158486 0.5946779992228356 
v -0.15643446504023178 0.8401778853271396 0.5192584897281821 
v 0.3090169943749495 0.936338998124982 0.16666666666666605 
v 0.4552758841351961 0.8655704207194003 0.20859462145644161 
v 0.08224246527936274 0.9876883405951378 0.13307110414059092 
v 0.18376560794074961 0.9739822643015137 0.13262258542293207 
v 0.3581288532200617 0.836183662154075 0.4153800761205131 
v 0.2855659504142398 0.9110661925865174 0.29733899961141746 
v 0.23867693031959444 0.891006524188368 0.38618738558759086 
v -0.4552758841351961 0.8655704207194003 0.20859462145644161 
v -0.3090169943749495 0.936338998124982 0.16666666666666605 
v -0.23867693031959444 0.891006524188368 0.38618738558759086 
v -0.2855659504142398 0.9110661925865174 0.29733899961141746 
v -0.3581288532200617 0.836183662154075 0.4153800761205131 
v -0.18376560794074961 0.9739822643015137 0.13262258542293207 
v -0.08224246527936274 0.9876883405951378 0.13307110414059092 
v 0.08232358003196061 0.9129824929322995 0.3996070517018501 
v 0.0 0.9638612634676228 0.26640470113456666 
v -0.08232358003196061 0.9129824929322995 0.3996070517018501 
v -0.2085946214564416 0.45527588413519604 0.8655704207194 
v -0.16666666666666605 0.3090169943749495 0.936338998124982 
v 0.0 0.32635731820469616 0.9452464762453435 
v -0.38618738558759086 0.23867693031959444 0.891006524188368 
v -0.29733899961141746 0.2855659504142398 0.9110661925865174 
v -0.4153800761205131 0.3581288532200617 0.836183662154075 
v 0.0 0.10140984792806404 0.9948447329825931 
v -0.13262258542293207 0.18376560794074961 0.9739822643015138 
v -0.13307110414059092 0.08224246527936274 0.9876883405951378 
v -0.7366518547889 -0.1289185659305001 0.6638705055916375 
v -0.6666666666666653 0.0 0.7453559924999312 
v -0.7366518547889 0.1289185659305001 0.6638705055916375 
v -0.519258489728182 -0.15643446504023176 0.8401778853271394 
v -0.5946779992228356 -0.10180034247349024 0.7974928009158485 
v -0.5794646568620773 -0.25671900529199776 0.7735089293405747 
v -0.5794646568620773 0.25671900529199776 0.7735089293405747 
v -0.5946779992228356 0.10180034247349024 0.7974928009158485 
v -0.519258489728182 0.15643446504023176 0.8401778853271394 
v 0.0 -0.32635731820469616 0.9452464762453435 
v -0.16666666666666605 -0.3090169943749495 0.936338998124982 
v -0.2085946214564416 -0.45527588413519604 0.8655704207194 
v -0.13307110414059092 -0.08224246527936274 0.9876883405951378 
v -0.13262258542293207 -0.18376560794074961 0.9739822643015138 
v 0.0 -0.10140984792806404 0.9948447329825931 
v -0.4153800761205131 -0.3581288532200617 0.836183662154075 
v -0.29733899961141746 -0.2855659504142398 0.9110661925865174 
v -0.38618738558759086 -0.23867693031959444 0.891006524188368 
v -0.3996070517018501 0.08232358003196061 0.9129824929322995 
v -0.3996070517018501 -0.08232358003196061 0.9129824929322995 
v -0.26640470113456666 0.0 0.9638612634676228 
v 0.16666666666666605 0.3090169943749495 0.936338998124982 
v 0.2085946214564416 0.45527588413519604 0.8655704207194 
v 0.13307110414059092 0.08224246527936274 0.9876883405951378 
v 0.13262258542293207 0.18376560794074961 0.9739822643015138 
v 0.4153800761205131 0.3581288532200617 0.836183662154075 
v 0.29733899961141746 0.2855659504142398 0.9110661925865174 
v 0.38618738558759086 0.23867693031959444 0.891006524188368 
v 0.2085946214564416 -0.45527588413519604 0.8655704207194 
v 0.16666666666666605 -0.3090169943749495 0.936338998124982 
v 0.38618738558759086 -0.23867693031959444 0.891006524188368 
v 0.29733899961141746 -0.2855659504142398 0.9110661925865174 
v 0.4153800761205131 -0.3581288532200617 0.836183662154075 
v 0.13262258542293207 -0.18376560794074961 0.9739822643015138 
v 0.13307110414059092 -0.08224246527936274 0.9876883405951378 
v 0.7366518547889 0.1289185659305001 0.6638705055916375 
v 0.6666666666666653 0.0 0.7453559924999312 
v 0.7366518547889 -0.1289185659305001 0.6638705055916375 
v 0.519258489728182 0.15643446504023176 0.8401778853271394 
v 0.5946779992228356 0.10180034247349024 0.7974928009158485 
v 0.5794646568620773 0.25671900529199776 0.7735089293405747 
v 0.5794646568620773 -0.25671900529199776 0.7735089293405747 
v 0.5946779992228356 -0.10180034247349024 0.7974928009158485 
v 0.519258489728182 -0.15643446504023176 0.8401778853271394 
v 0.26640470113456666 0.0 0.9638612634676228 
v 0.3996070517018501 -0.08232358003196061 0.9129824929322995 
v 0.3996070517018501 0.08232358003196061 0.9129824929322995 
v 0.2085946214564416 0.45527588413519604 -0.8655704207194 
v 0.16666666666666605 0.3090169943749495 -0.936338998124982 
v 0.0 0.32635731820469616 -0.9452464762453435 
v 0.38618738558759086 0.23867693031959444 -0.891006524188368 
v 0.29733899961141746 0.2855659504142398 -0.9110661925865174 
v 0.4153800761205131 0.3581288532200617 -0.836183662154075 
v 0.0 0.10140984792806404 -0.9948447329825931 
v 0.13262258542293207 0.18376560794074961 -0.9739822643015138 
v 0.13307110414059092 0.08224246527936274 -0.9876883405951378 
v 0.7366518547889 -0.1289185659305001 -0.6638705055916375 
v 0.6666666666666653 0.0 -0.7453559924999312 
v 0.7366518547889 0.1289185659305001 -0.6638705055916375 
v 0.519258489728182 -0.15643446504023176 -0.8401778853271394 
v 0.5946779992228356 -0.10180034247349024 -0.7974928009158485 
v 0.5794646568620773 -0.25671900529199776 -0.7735089293405747 
v 0.5794646568620773 0.25671900529199776 -0.7735089293405747 
v 0.5946779992228356 0.10180034247349024 -0.7974928009158485 
v 0.519258489728182 0.15643446504023176 -0.8401778853271394 
v 0.0 -0.32635731820469616 -0.9452464762453435 
v 0.16666666666666605 -0.3090169943749495 -0.936338998124982 
v 0.2085946214564416 -0.45527588413519604 -0.8655704207194 
v 0.13307110414059092 -0.08224246527936274 -0.9876883405951378 
v 0.13262258542293207 -0.18376560794074961 -0.9739822643015138 
v 0.0 -0.10140984792806404 -0.9948447329825931 
v 0.4153800761205131 -0.3581288532200617 -0.836183662154075 
v 0.29733899961141746 -0.2855659504142398 -0.9110661925865174 
v 0.38618738558759086 -0.23867693031959444 -0.891006524188368 
v 0.3996070517018501 0.08232358003196061 -0.9129824929322995 
v 0.3996070517018501 -0.08232358003196061 -0.9129824929322995 
v 0.26640470113456666 0.0 -0.9638612634676228 
v -0.16666666666666605 0.3090169943749495 -0.936338998124982 
v -0.2085946214564416 0.45527588413519604 -0.8655704207194 
v -0.13307110414059092 0.08224246527936274 -0.9876883405951378 
v -0.13262258542293207 0.18376560794074961 -0.9739822643015138 
v -0.4153800761205131 0.3581288532200617 -0.836183662154075 
v -0.29733899961141746 0.2855659504142398 -0.9110661925865174 
v -0.38618738558759086 0.23867693031959444 -0.891006524188368 
v -0.2085946214564416 -0.45527588413519604 -0.8655704207194 
v -0.16666666666666605 -0.3090169943749495 -0.936338998124982 
v -0.38618738558759086 -0.23867693031959444 -0.891006524188368 
v -0.29733899961141746 -0.2855659504142398 -0.9110661925865174 
v -0.4153800761205131 -0.3581288532200617 -0.836183662154075 
v -0.13262258542293207 -0.18376560794074961 -0.9739822643015138 
v -0.13307110414059092 -0.08224246527936274 -0.9876883405951378 
v -0.7366518547889 0.1289185659305001 -0.6638705055916375 
v -0.6666666666666653 0.0 -0.7453559924999312 
v -0.7366518547889 -0.1289185659305001 -0.6638705055916375 
v -0.519258489728182 0.15643446504023176 -0.8401778853271394 
v -0.5946779992228356 0.10180034247349024 -0.7974928009158485 
v -0.5794646568620773 0.25671900529199776 -0.7735089293405747 
v -0.5794646568620773 -0.25671900529199776 -0.7735089293405747 
v -0.5946779992228356 -0.10180034247349024 -0.7974928009158485 
v -0.519258489728182 -0.15643446504023176 -0.8401778853271394 
v -0.26640470113456666 0.0 -0.9638612634676228 
v -0.3996070517018501 -0.08232358003196061 -0.9129824929322995 
v -0.3996070517018501 0.08232358003196061 -0.9129824929322995 
v -0.1289185659305001 -0.6638705055916375 0.7366518547889 
v 0.0 -0.7453559924999312 0.6666666666666653 
v 0.1289185659305001 -0.6638705055916375 0.7366518547889 
v -0.15643446504023178 -0.8401778853271396 0.5192584897281821 
v -0.10180034247349025 -0.7974928009158486 0.5946779992228356 
v -0.25671900529199776 -0.7735089293405747 0.5794646568620773 
v 0.25671900529199776 -0.7735089293405747 0.5794646568620773 
v 0.10180034247349025 -0.7974928009158486 0.5946779992228356 
v 0.15643446504023178 -0.8401778853271396 0.5192584897281821 
v -0.32635731820469616 -0.9452464762453435 0.0 
v -0.3090169943749495 -0.936338998124982 0.16666666666666605 
v -0.4552758841351961 -0.8655704207194003 0.20859462145644161 
v -0.08224246527936274 -0.9876883405951378 0.13307110414059092 
v -0.18376560794074961 -0.9739822643015137 0.13262258542293207 
v -0.10140984792806404 -0.9948447329825931 0.0 
v -0.3581288532200617 -0.836183662154075 0.4153800761205131 
v -0.2855659504142398 -0.9110661925865174 0.29733899961141746 
v -0.23867693031959444 -0.891006524188368 0.38618738558759086 
v 0.4552758841351961 -0.8655704207194003 0.20859462145644161 
v 0.3090169943749495 -0.936338998124982 0.16666666666666605 
v 0.32635731820469616 -0.9452464762453435 0.0 
v 0.23867693031959444 -0.891006524188368 0.38618738558759086 
v 0.2855659504142398 -0.9110661925865174 0.29733899961141746 
v 0.3581288532200617 -0.836183662154075 0.4153800761205131 
v 0.10140984792806404 -0.9948447329825931 0.0 
v 0.18376560794074961 -0.9739822643015137 0.13262258542293207 
v 0.08224246527936274 -0.9876883405951378 0.13307110414059092 
v -0.08232358003196061 -0.9129824929322995 0.3996070517018501 
v 0.0 -0.9638612634676228 0.26640470113456666 
v 0.08232358003196061 -0.9129824929322995 0.3996070517018501 
v 0.1289185659305001 -0.6638705055916375 -0.7366518547889 
v 0.0 -0.7453559924999312 -0.6666666666666653 
v -0.1289185659305001 -0.6638705055916375 -0.7366518547889 
v 0.15643446504023178 -0.8401778853271396 -0.5192584897281821 
v 0.10180034247349025 -0.7974928009158486 -0.5946779992228356 
v 0.25671900529199776 -0.7735089293405747 -0.5794646568620773 
v -0.25671900529199776 -0.7735089293405747 -0.5794646568620773 
v -0.10180034247349025 -0.7974928009158486 -0.5946779992228356 
v -0.15643446504023178 -0.8401778853271396 -0.5192584897281821 
v 0.3090169943749495 -0.936338998124982 -0.16666666666666605 
v 0.4552758841351961 -0.8655704207194003 -0.20859462145644161 
v 0.08224246527936274 -0.9876883405951378 -0.13307110414059092 
v 0.18376560794074961 -0.9739822643015137 -0.13262258542293207 
v 0.3581288532200617 -0.836183662154075 -0.4153800761205131 
v 0.2855659504142398 -0.9110661925865174 -0.29733899961141746 
v 0.23867693031959444 -0.891006524188368 -0.38618738558759086 
v -0.4552758841351961 -0.8655704207194003 -0.20859462145644161 
v -0.3090169943749495 -0.936338998124982 -0.16666666666666605 
v -0.23867693031959444 -0.891006524188368 -0.38618738558759086 
v -0.2855659504142398 -0.9110661925865174 -0.29733899961141746 
v -0.3581288532200617 -0.836183662154075 -0.4153800761205131 
v -0.18376560794074961 -0.9739822643015137 -0.13262258542293207 
v -0.08224246527936274 -0.9876883405951378 -0.13307110414059092 
v 0.08232358003196061 -0.9129824929322995 -0.3996070517018501 
v 0.0 -0.9638612634676228 -0.26640470113456666 
v -0.08232358003196061 -0.9129824929322995 -0.3996070517018501 
v -0.6638705055916376 0.7366518547889002 -0.1289185659305001 
v -0.7453559924999312 0.6666666666666653 0.0 
v -0.6638705055916376 0.7366518547889002 0.1289185659305001 
v -0.8401778853271396 0.5192584897281821 -0.15643446504023178 
v -0.7974928009158486 0.5946779992228356 -0.10180034247349025 
v -0.7735089293405748 0.5794646568620774 -0.2567190052919978 
v -0.7735089293405748 0.5794646568620774 0.2567190052919978 
v -0.7974928009158486 0.5946779992228356 0.10180034247349025 
v -0.8401778853271396 0.5192584897281821 0.15643446504023178 
v -0.9452464762453435 0.0 -0.32635731820469616 
v -0.936338998124982 0.16666666666666605 -0.3090169943749495 
v -0.8655704207194003 0.20859462145644161 -0.4552758841351961 
v -0.9876883405951378 0.13307110414059092 -0.08224246527936274 
v -0.9739822643015137 0.13262258542293207 -0.18376560794074961 
v -0.9948447329825931 0.0 -0.10140984792806404 
v -0.836183662154075 0.4153800761205131 -0.3581288532200617 
v -0.9110661925865174 0.29733899961141746 -0.2855659504142398 
v -0.891006524188368 0.38618738558759086 -0.23867693031959444 
v -0.8655704207194003 0.20859462145644161 0.4552758841351961 
v -0.936338998124982 0.16666666666666605 0.3090169943749495 
v -0.9452464762453435 0.0 0.32635731820469616 
v -0.891006524188368 0.38618738558759086 0.23867693031959444 
v -0.9110661925865174 0.29733899961141746 0.2855659504142398 
v -0.836183662154075 0.4153800761205131 0.3581288532200617 
v -0.9948447329825931 0.0 0.10140984792806404 
v -0.9739822643015137 0.13262258542293207 0.18376560794074961 
v -0.9876883405951378 0.13307110414059092 0.08224246527936274 
v -0.9129824929322995 0.3996070517018501 -0.08232358003196061 
v -0.9638612634676228 0.26640470113456666 0.0 
v -0.9129824929322995 0.3996070517018501 0.08232358003196061 
v -0.6638705055916376 -0.7366518547889002 0.1289185659305001 
v -0.7453559924999312 -0.6666666666666653 0.0 
v -0.6638705055916376 -0.7366518547889002 -0.1289185659305001 
v -0.8401778853271396 -0.5192584897281821 0.15643446504023178 
v -0.7974928009158486 -0.5946779992228356 0.10180034247349025 
v -0.7735089293405748 -0.5794646568620774 0.2567190052919978 
v -0.7735089293405748 -0.5794646568620774 -0.2567190052919978 
v -0.7974928009158486 -0.5946779992228356 -0.10180034247349025 
v -0.8401778853271396 -0.5192584897281821 -0.15643446504023178 
v -0.936338998124982 -0.16666666666666605 0.3090169943749495 
v -0.8655704207194003 -0.20859462145644161 0.4552758841351961 
v -0.9876883405951378 -0.13307110414059092 0.08224246527936274 
v -0.9739822643015137 -0.13262258542293207 0.18376560794074961 
v -0.836183662154075 -0.4153800761205131 0.3581288532200617 
v -0.9110661925865174 -0.29733899961141746 0.2855659504142398 
v -0.891006524188368 -0.38618738558759086 0.23867693031959444 
v -0.8655704207194003 -0.20859462145644161 -0.4552758841351961 
v -0.936338998124982 -0.16666666666666605 -0.3090169943749495 
v -0.891006524188368 -0.38618738558759086 -0.23867693031959444 
v -0.9110661925865174 -0.29733899961141746 -0.2855659504142398 
v -0.836183662154075 -0.4153800761205131 -0.3581288532200617 
v -0.9739822643015137 -0.13262258542293207 -0.18376560794074961 
v -0.9876883405951378 -0.13307110414059092 -0.08224246527936274 
v -0.9129824929322995 -0.3996070517018501 0.08232358003196061 
v -0.9638612634676228 -0.26640470113456666 0.0 
v -0.9129824929322995 -0.3996070517018501 -0.08232358003196061 
v 0.6638705055916376 0.7366518547889002 0.1289185659305001 
v 0.7453559924999312 0.6666666666666653 0.0 
v 0.6638705055916376 0.7366518547889002 -0.1289185659305001 
v 0.8401778853271396 0.5192584897281821 0.15643446504023178 
v 0.7974928009158486 0.5946779992228356 0.10180034247349025 
v 0.7735089293405748 0.5794646568620774 0.2567190052919978 
v 0.7735089293405748 0.5794646568620774 -0.2567190052919978 
v 0.7974928009158486 0.5946779992228356 -0.10180034247349025 
v 0.8401778853271396 0.5192584897281821 -0.15643446504023178 
v 0.9452464762453435 0.0 0.32635731820469616 
v 0.936338998124982 0.16666666666666605 0.3090169943749495 
v 0.8655704207194003 0.20859462145644161 0.4552758841351961 
v 0.9876883405951378 0.13307110414059092 0.08224246527936274 
v 0.9739822643015137 0.13262258542293207 0.18376560794074961 
v 0.9948447329825931 0.0 0.10140984792806404 
v 0.836183662154075 0.4153800761205131 0.3581288532200617 
v 0.9110661925865174 0.29733899961141746 0.2855659504142398 
v 0.891006524188368 0.38618738558759086 0.23867693031959444 
v 0.8655704207194003 0.20859462145644161 -0.4552758841351961 
v 0.936338998124982 0.16666666666666605 -0.3090169943749495 
v 0.9452464762453435 0.0 -0.32635731820469616 
v 0.891006524188368 0.38618738558759086 -0.23867693031959444 
v 0.9110661925865174 0.29733899961141746 -0.2855659504142398 
v 0.836183662154075 0.4153800761205131 -0.3581288532200617 
v 0.9948447329825931 0.0 -0.10140984792806404 
v 0.9739822643015137 0.13262258542293207 -0.18376560794074961 
v 0.9876883405951378 0.13307110414059092 -0.08224246527936274 
v 0.9129824929322995 0.3996070517018501 0.08232358003196061 
v 0.9638612634676228 0.26640470113456666 0.0 
v 0.9129824929322995 0.3996070517018501 -0.08232358003196061 
v 0.6638705055916376 -0.7366518547889002 -0.1289185659305001 
v 0.7453559924999312 -0.6666666666666653 0.0 
v 0.6638705055916376 -0.7366518547889002 0.1289185659305001 
v 0.8401778853271396 -0.5192584897281821 -0.15643446504023178 
v 0.7974928009158486 -0.5946779992228356 -0.10180034247349025 
v 0.7735089293405748 -0.5794646568620774 -0.2567190052919978 
v 0.7735089293405748 -0.5794646568620774 0.2567190052919978 
v 0.7974928009158486 -0.5946779992228356 0.10180034247349025 
v 0.8401778853271396 -0.5192584897281821 0.15643446504023178 
v 0.936338998124982 -0.16666666666666605 -0.3090169943749495 
v 0.8655704207194003 -0.20859462145644161 -0.4552758841351961 
v 0.9876883405951378 -0.13307110414059092 -0.08224246527936274 
v 0.9739822643015137 -0.13262258542293207 -0.18376560794074961 
v 0.836183662154075 -0.4153800761205131 -0.3581288532200617 
v 0.9110661925865174 -0.29733899961141746 -0.2855659504142398 
v 0.891006524188368 -0.38618738558759086 -0.23867693031959444 
v 0.8655704207194003 -0.20859462145644161 0.4552758841351961 
v 0.936338998124982 -0.16666666666666605 0.3090169943749495 
v 0.891006524188368 -0.38618738558759086 0.23867693031959444 
v 0.9110661925865174 -0.29733899961141746 0.2855659504142398 
v 0.836183662154075 -0.4153800761205131 0.3581288532200617 
v 0.9739822643015137 -0.13262258542293207 0.18376560794074961 
v 0.9876883405951378 -0.13307110414059092 0.08224246527936274 
v 0.9129824929322995 -0.3996070517018501 -0.08232358003196061 
v 0.9638612634676228 -0.26640470113456666 0.0 
v 0.9129824929322995 -0.3996070517018501 0.08232358003196061 
v -0.26967233145831565 0.5786893258332649 0.7696723314583146 
v -0.3717480344601854 0.7071067811865481 0.6015009550075445 
v -0.31638819336368135 0.6648702154929161 0.6766432646900943 
v -0.37930426507867643 0.5001538013044309 0.7784436071635845 
v -0.46842985086695366 0.4539904997395481 0.7579354200477763 
v -0.5786893258332649 0.7696723314583146 0.26967233145831565 
v -0.7071067811865481 0.6015009550075445 0.3717480344601854 
v -0.6648702154929161 0.6766432646900943 0.31638819336368135 
v -0.5001538013044309 0.7784436071635845 0.37930426507867643 
v -0.4539904997395481 0.7579354200477763 0.46842985086695366 
v -0.7696723314583146 0.26967233145831565 0.5786893258332649 
v -0.6015009550075445 0.3717480344601854 0.7071067811865481 
v -0.6766432646900943 0.31638819336368135 0.6648702154929161 
v -0.7784436071635845 0.37930426507867643 0.5001538013044309 
v -0.7579354200477763 0.46842985086695366 0.4539904997395481 
v -0.5133754412304483 0.6465777917977317 0.5642542117657711 
v -0.6465777917977317 0.5642542117657711 0.5133754412304483 
v -0.5642542117657711 0.5133754412304483 0.6465777917977317 
v 0.26967233145831565 0.5786893258332649 0.7696723314583146 
v 0.46842985086695366 0.4539904997395481 0.7579354200477763 
v 0.37930426507867643 0.5001538013044309 0.7784436071635845 
v 0.31638819336368135 0.6648702154929161 0.6766432646900943 
v 0.3717480344601854 0.7071067811865481 0.6015009550075445 
v 0.7696723314583146 0.26967233145831565 0.5786893258332649 
v 0.7579354200477763 0.46842985086695366 0.4539904997395481 
v 0.7784436071635845 0.37930426507867643 0.5001538013044309 
v 0.6766432646900943 0.31638819336368135 0.6648702154929161 
v 0.6015009550075445 0.3717480344601854 0.7071067811865481 
v 0.5786893258332649 0.7696723314583146 0.26967233145831565 
v 0.4539904997395481 0.7579354200477763 0.46842985086695366 
v 0.5001538013044309 0.7784436071635845 0.37930426507867643 
v 0.6648702154929161 0.6766432646900943 0.31638819336368135 
v 0.7071067811865481 0.6015009550075445 0.3717480344601854 
v 0.5642542117657711 0.5133754412304483 0.6465777917977317 
v 0.6465777917977317 0.5642542117657711 0.5133754412304483 
v 0.5133754412304483 0.6465777917977317 0.5642542117657711 
v -0.26967233145831565 0.5786893258332649 -0.7696723314583146 
v -0.46842985086695366 0.4539904997395481 -0.7579354200477763 
v -0.37930426507867643 0.5001538013044309 -0.7784436071635845 
v -0.31638819336368135 0.6648702154929161 -0.6766432646900943 
v -0.3717480344601854 0.7071067811865481 -0.6015009550075445 
v -0.7696723314583146 0.26967233145831565 -0.5786893258332649 
v -0.7579354200477763 0.46842985086695366 -0.4539904997395481 
v -0.7784436071635845 0.37930426507867643 -0.5001538013044309 
v -0.6766432646900943 0.31638819336368135 -0.6648702154929161 
v -0.6015009550075445 0.3717480344601854 -0.7071067811865481 
v -0.5786893258332649 0.7696723314583146 -0.26967233145831565 
v -0.4539904997395481 0.7579354200477763 -0.46842985086695366 
v -0.5001538013044309 0.7784436071635845 -0.37930426507867643 
v -0.6648702154929161 0.6766432646900943 -0.31638819336368135 
v -0.7071067811865481 0.6015009550075445 -0.3717480344601854 
v -0.5642542117657711 0.5133754412304483 -0.6465777917977317 
v -0.6465777917977317 0.5642542117657711 -0.5133754412304483 
v -0.5133754412304483 0.6465777917977317 -0.5642542117657711 
v 0.26967233145831565 0.5786893258332649 -0.7696723314583146 
v 0.3717480344601854 0.7071067811865481 -0.6015009550075445 
v 0.31638819336368135 0.6648702154929161 -0.6766432646900943 
v 0.37930426507867643 0.5001538013044309 -0.7784436071635845 
v 0.46842985086695366 0.4539904997395481 -0.7579354200477763 
v 0.5786893258332649 0.7696723314583146 -0.26967233145831565 
v 0.7071067811865481 0.6015009550075445 -0.3717480344601854 
v 0.6648702154929161 0.6766432646900943 -0.31638819336368135 
v 0.5001538013044309 0.7784436071635845 -0.37930426507867643 
v 0.4539904997395481 0.7579354200477763 -0.46842985086695366 
v 0.7696723314583146 0.26967233145831565 -0.5786893258332649 
v 0.6015009550075445 0.3717480344601854 -0.7071067811865481 
v 0.6766432646900943 0.31638819336368135 -0.6648702154929161 
v 0.7784436071635845 0.37930426507867643 -0.5001538013044309 
v 0.7579354200477763 0.46842985086695366 -0.4539904997395481 
v 0.5133754412304483 0.6465777917977317 -0.5642542117657711 
v 0.6465777917977317 0.5642542117657711 -0.5133754412304483 
v 0.5642542117657711 0.5133754412304483 -0.6465777917977317 
v -0.26967233145831565 -0.5786893258332649 -0.7696723314583146 
v -0.3717480344601854 -0.7071067811865481 -0.6015009550075445 
v -0.31638819336368135 -0.6648702154929161 -0.6766432646900943 
v -0.37930426507867643 -0.5001538013044309 -0.7784436071635845 
v -0.46842985086695366 -0.4539904997395481 -0.7579354200477763 
v -0.5786893258332649 -0.7696723314583146 -0.26967233145831565 
v -0.7071067811865481 -0.6015009550075445 -0.3717480344601854 
v -0.6648702154929161 -0.6766432646900943 -0.31638819336368135 
v -0.5001538013044309 -0.7784436071635845 -0.37930426507867643 
v -0.4539904997395481 -0.7579354200477763 -0.46842985086695366 
v -0.7696723314583146 -0.26967233145831565 -0.5786893258332649 
v -0.6015009550075445 -0.3717480344601854 -0.7071067811865481 
v -0.6766432646900943 -0.31638819336368135 -0.6648702154929161 
v -0.7784436071635845 -0.37930426507867643 -0.5001538013044309 
v -0.7579354200477763 -0.46842985086695366 -0.4539904997395481 
v -0.5133754412304483 -0.6465777917977317 -0.5642542117657711 
v -0.6465777917977317 -0.5642542117657711 -0.5133754412304483 
v -0.5642542117657711 -0.5133754412304483 -0.6465777917977317 
v 0.26967233145831565 -0.5786893258332649 -0.7696723314583146 
v 0.46842985086695366 -0.4539904997395481 -0.7579354200477763 
v 0.37930426507867643 -0.5001538013044309 -0.7784436071635845 
v 0.31638819336368135 -0.6648702154929161 -0.6766432646900943 
v 0.3717480344601854 -0.7071067811865481 -0.6015009550075445 
v 0.7696723314583146 -0.26967233145831565 -0.5786893258332649 
v 0.7579354200477763 -0.46842985086695366 -0.4539904997395481 
v 0.7784436071635845 -0.37930426507867643 -0.5001538013044309 
v 0.6766432646900943 -0.31638819336368135 -0.6648702154929161 
v 0.6015009550075445 -0.3717480344601854 -0.7071067811865481 
v 0.5786893258332649 -0.7696723314583146 -0.26967233145831565 
v 0.4539904997395481 -0.7579354200477763 -0.46842985086695366 
v 0.5001538013044309 -0.7784436071635845 -0.37930426507867643 
v 0.6648702154929161 -0.6766432646900943 -0.31638819336368135 
v 0.7071067811865481 -0.6015009550075445 -0.3717480344601854 
v 0.5642542117657711 -0.5133754412304483 -0.6465777917977317 
v 0.6465777917977317 -0.5642542117657711 -0.5133754412304483 
v 0.5133754412304483 -0.6465777917977317 -0.5642542117657711 
v -0.26967233145831565 -0.5786893258332649 0.7696723314583146 
v -0.46842985086695366 -0.4539904997395481 0.7579354200477763 
v -0.37930426507867643 -0.5001538013044309 0.7784436071635845 
v -0.31638819336368135 -0.6648702154929161 0.6766432646900943 
v -0.3717480344601854 -0.7071067811865481 0.6015009550075445 
v -0.7696723314583146 -0.26967233145831565 0.5786893258332649 
v -0.7579354200477763 -0.46842985086695366 0.4539904997395481 
v -0.7784436071635845 -0.37930426507867643 0.5001538013044309 
v -0.6766432646900943 -0.31638819336368135 0.6648702154929161 
v -0.6015009550075445 -0.3717480344601854 0.7071067811865481 
v -0.5786893258332649 -0.7696723314583146 0.26967233145831565 
v -0.4539904997395481 -0.7579354200477763 0.46842985086695366 
v -0.5001538013044309 -0.7784436071635845 0.37930426507867643 
v -0.6648702154929161 -0.6766432646900943 0.31638819336368135 
v -0.7071067811865481 -0.6015009550075445 0.3717480344601854 
v -0.5642542117657711 -0.5133754412304483 0.6465777917977317 
v -0.6465777917977317 -0.5642542117657711 0.5133754412304483 
v -0.5133754412304483 -0.6465777917977317 0.5642542117657711 
v 0.26967233145831565 -0.5786893258332649 0.7696723314583146 
v 0.3717480344601854 -0.7071067811865481 0.6015009550075445 
v 0.31638819336368135 -0.6648702154929161 0.6766432646900943 
v 0.37930426507867643 -0.5001538013044309 0.7784436071635845 
v 0.46842985086695366 -0.4539904997395481 0.7579354200477763 
v 0.5786893258332649 -0.7696723314583146 0.26967233145831565 
v 0.7071067811865481 -0.6015009550075445 0.3717480344601854 
v 0.6648702154929161 -0.6766432646900943 0.31638819336368135 
v 0.5001538013044309 -0.7784436071635845 0.37930426507867643 
v 0.4539904997395481 -0.7579354200477763 0.46842985086695366 
v 0.7696723314583146 -0.26967233145831565 0.5786893258332649 
v 0.6015009550075445 -0.3717480344601854 0.7071067811865481 
v 0.6766432646900943 -0.31638819336368135 0.6648702154929161 
v 0.7784436071635845 -0.37930426507867643 0.5001538013044309 
v 0.7579354200477763 -0.46842985086695366 0.4539904997395481 
v 0.5133754412304483 -0.6465777917977317 0.5642542117657711 
v 0.6465777917977317 -0.5642542117657711 0.5133754412304483 
v 0.5642542117657711 -0.5133754412304483 0.6465777917977317 
v -0.08165885632250933 0.616240802900069 -0.7833129030120582 
v 0.0 0.6694570012883597 -0.7428508083229075 
v 0.08165885632250933 0.616240802900069 -0.7833129030120582 
v -0.10140984792806368 0.7415134833355698 -0.663229821988394 
v -0.06468736687582514 0.7071064655057321 -0.7041420247412189 
v -0.16569236545835012 0.6984065815323527 -0.6962573424396398 
v 0.16569236545835012 0.6984065815323527 -0.6962573424396398 
v 0.06468736687582514 0.7071064655057321 -0.7041420247412189 
v 0.10140984792806368 0.7415134833355698 -0.663229821988394 
v -0.23344536385590672 0.8271472588034928 -0.5112051196418625 
v -0.2070463967175813 0.8086778023163038 -0.5506105716812374 
v -0.28323327115450564 0.7922847305538729 -0.5404292921764098 
v -0.05101471792044779 0.8259263110149673 -0.5614652503305123 
v -0.12928712380139643 0.8199116718491336 -0.5577003586019298 
v -0.07845909572784542 0.8480285358002464 -0.5241104585543576 
v -0.22954258494590948 0.7527380190971918 -0.617005410269623 
v -0.17981812252250978 0.7879479402576277 -0.588900234552714 
v -0.15212880908837387 0.7654779652955692 -0.6252202092801453 
v 0.28323327115450564 0.7922847305538729 -0.5404292921764098 
v 0.2070463967175813 0.8086778023163038 -0.5506105716812374 
v 0.23344536385590672 0.8271472588034928 -0.5112051196418625 
v 0.15212880908837387 0.7654779652955692 -0.6252202092801453 
v 0.17981812252250978 0.7879479402576277 -0.588900234552714 
v 0.22954258494590948 0.7527380190971918 -0.617005410269623 
v 0.07845909572784542 0.8480285358002464 -0.5241104585543576 
v 0.12928712380139643 0.8199116718491336 -0.5577003586019298 
v 0.05101471792044779 0.8259263110149673 -0.5614652503305123 
v -0.051016775310250624 0.77319160543965 -0.632117101425519 
v 0.0 0.8016575317644793 -0.5977835743521923 
v 0.051016775310250624 0.77319160543965 -0.632117101425519 
v -0.40245514156529666 0.9154397080243225 0.0 
v -0.39410533781700907 0.9130274952070262 -0.10517497658723292 
v -0.4841139978878059 0.8649717593345674 -0.1321268050122632 
v -0.25671900529199826 0.9628492869775871 -0.08376516512631635 
v -0.3188112663576485 0.944121655483145 -0.08362820153033376 
v -0.26461833708602567 0.964353221427619 0.0 
v -0.43031070254437553 0.8619497078979897 -0.26809587898797715 
v -0.3834986332334736 0.904142664111151 -0.18829455977815207 
v -0.3581288532200619 0.9001745541640858 -0.2478497458678801 
v -0.04124838765286171 0.996917333733128 -0.06674129320346119 
v -0.09203492752431597 0.9935202260981224 -0.06668682365752374 
v -0.05077039992656606 0.998710351649214 0.0 
v -0.1735023041031138 0.9646854616784353 -0.19818907764348367 
v -0.13317886548951036 0.9821245741217781 -0.13302146703838003 
v -0.1227294907590216 0.9723699203976767 -0.19858048747006143 
v -0.15178772984329422 0.9884131145776139 0.0 
v -0.14303193226094346 0.9874802473835653 -0.0665178726433254 
v -0.19320366989422796 0.9789051747260731 -0.0664605208670415 
v -0.3340036710810716 0.8236625633309153 -0.4582810594728014 
v -0.2990813242418972 0.8655585156784632 -0.40169493079476204 
v -0.2746937515087684 0.8526401643540924 -0.44446382643840127 
v -0.3453324789826017 0.8848844000414144 -0.3126101046400723 
v -0.3228500547834532 0.8763465358714616 -0.3574697066779368 
v -0.38133031478920354 0.8465479952155323 -0.3714077043079883 
v -0.20118858648686697 0.9238795325112868 -0.3255299710842958 
v -0.26246598929090675 0.9022207373048001 -0.34221242765675314 
v -0.22451702202356158 0.9331566320771104 -0.2807326251652559 
v -0.24695574384425423 0.9573487499905604 -0.14998743772010503 
v -0.235891269625228 0.9474463540422337 -0.21610348244921065 
v -0.2979725191545048 0.9258186488524093 -0.23253431416850634 
v 0.4841139978878059 0.8649717593345674 -0.1321268050122632 
v 0.39410533781700907 0.9130274952070262 -0.10517497658723292 
v 0.40245514156529666 0.9154397080243225 0.0 
v 0.3581288532200619 0.9001745541640858 -0.2478497458678801 
v 0.3834986332334736 0.904142664111151 -0.18829455977815207 
v 0.43031070254437553 0.8619497078979897 -0.26809587898797715 
v 0.26461833708602567 0.964353221427619 0.0 
v 0.3188112663576485 0.944121655483145 -0.08362820153033376 
v 0.25671900529199826 0.9628492869775871 -0.08376516512631635 
v 0.2746937515087684 0.8526401643540924 -0.44446382643840127 
v 0.2990813242418972 0.8655585156784632 -0.40169493079476204 
v 0.3340036710810716 0.8236625633309153 -0.4582810594728014 
v 0.22451702202356158 0.9331566320771104 -0.2807326251652559 
v 0.26246598929090675 0.9022207373048001 -0.34221242765675314 
v 0.20118858648686697 0.9238795325112868 -0.3255299710842958 
v 0.38133031478920354 0.8465479952155323 -0.3714077043079883 
v 0.3228500547834532 0.8763465358714616 -0.3574697066779368 
v 0.3453324789826017 0.8848844000414144 -0.3126101046400723 
v 0.05077039992656606 0.998710351649214 0.0 
v 0.09203492752431597 0.9935202260981224 -0.06668682365752374 
v 0.04124838765286171 0.996917333733128 -0.06674129320346119 
v 0.19320366989422796 0.9789051747260731 -0.0664605208670415 
v 0.14303193226094346 0.9874802473835653 -0.0665178726433254 
v 0.15178772984329422 0.9884131145776139 0.0 
v 0.1227294907590216 0.9723699203976767 -0.19858048747006143 
v 0.13317886548951036 0.9821245741217781 -0.13302146703838003 
v 0.1735023041031138 0.9646854616784353 -0.19818907764348367 
v 0.2979725191545048 0.9258186488524093 -0.23253431416850634 
v 0.235891269625228 0.9474463540422337 -0.21610348244921065 
v 0.24695574384425423 0.9573487499905604 -0.14998743772010503 
v -0.19822722205588805 0.8685344953217573 -0.4542618175371843 
v -0.12280023912919609 0.93513044494374 -0.3323419206316517 
v -0.16100639750493362 0.9048389750750364 -0.39413623171137263 
v -0.11975548783487482 0.8793445108320888 -0.460881605624379 
v -0.04129918185379311 0.8847600214284896 -0.46421340142230466 
v 0.0 0.9910456560477678 -0.13352343475528722 
v 0.08150105727540298 0.9606547430369469 -0.265518440684652 
v 0.04125090967005882 0.9788519368963131 -0.20036778205522218 
v -0.04125090967005882 0.9788519368963131 -0.20036778205522218 
v -0.08150105727540298 0.9606547430369469 -0.265518440684652 
v 0.19822722205588805 0.8685344953217573 -0.4542618175371843 
v 0.04129918185379311 0.8847600214284896 -0.46421340142230466 
v 0.11975548783487482 0.8793445108320888 -0.460881605624379 
v 0.16100639750493362 0.9048389750750364 -0.39413623171137263 
v 0.12280023912919609 0.93513044494374 -0.3323419206316517 
v -0.041301983266975546 0.9416180563510774 -0.3341400636437266 
v 0.041301983266975546 0.9416180563510774 -0.3341400636437266 
v 0.0 0.9160920268893074 -0.40096807637247195 
v 0.08165885632250933 0.616240802900069 0.7833129030120582 
v 0.0 0.6694570012883597 0.7428508083229075 
v -0.08165885632250933 0.616240802900069 0.7833129030120582 
v 0.10140984792806368 0.7415134833355698 0.663229821988394 
v 0.06468736687582514 0.7071064655057321 0.7041420247412189 
v 0.16569236545835012 0.6984065815323527 0.6962573424396398 
v -0.16569236545835012 0.6984065815323527 0.6962573424396398 
v -0.06468736687582514 0.7071064655057321 0.7041420247412189 
v -0.10140984792806368 0.7415134833355698 0.663229821988394 
v 0.23344536385590672 0.8271472588034928 0.5112051196418625 
v 0.2070463967175813 0.8086778023163038 0.5506105716812374 
v 0.28323327115450564 0.7922847305538729 0.5404292921764098 
v 0.05101471792044779 0.8259263110149673 0.5614652503305123 
v 0.12928712380139643 0.8199116718491336 0.5577003586019298 
v 0.07845909572784542 0.8480285358002464 0.5241104585543576 
v 0.22954258494590948 0.7527380190971918 0.617005410269623 
v 0.17981812252250978 0.7879479402576277 0.588900234552714 
v 0.15212880908837387 0.7654779652955692 0.6252202092801453 
v -0.28323327115450564 0.7922847305538729 0.5404292921764098 
v -0.2070463967175813 0.8086778023163038 0.5506105716812374 
v -0.23344536385590672 0.8271472588034928 0.5112051196418625 
v -0.15212880908837387 0.7654779652955692 0.6252202092801453 
v -0.17981812252250978 0.7879479402576277 0.588900234552714 
v -0.22954258494590948 0.7527380190971918 0.617005410269623 
v -0.07845909572784542 0.8480285358002464 0.5241104585543576 
v -0.12928712380139643 0.8199116718491336 0.5577003586019298 
v -0.05101471792044779 0.8259263110149673 0.5614652503305123 
v 0.051016775310250624 0.77319160543965 0.632117101425519 
v 0.0 0.8016575317644793 0.5977835743521923 
v -0.051016775310250624 0.77319160543965 0.632117101425519 
v 0.39410533781700907 0.9130274952070262 0.10517497658723292 
v 0.4841139978878059 0.8649717593345674 0.1321268050122632 
v 0.25671900529199826 0.9628492869775871 0.08376516512631635 
v 0.3188112663576485 0.944121655483145 0.08362820153033376 
v 0.43031070254437553 0.8619497078979897 0.26809587898797715 
v 0.3834986332334736 0.904142664111151 0.18829455977815207 
v 0.3581288532200619 0.9001745541640858 0.2478497458678801 
v 0.04124838765286171 0.996917333733128 0.06674129320346119 
v 0.09203492752431597 0.9935202260981224 0.06668682365752374 
v 0.1735023041031138 0.9646854616784353 0.19818907764348367 
v 0.13317886548951036 0.9821245741217781 0.13302146703838003 
v 0.1227294907590216 0.9723699203976767 0.19858048747006143 
v 0.14303193226094346 0.9874802473835653 0.0665178726433254 
v 0.19320366989422796 0.9789051747260731 0.0664605208670415 
v 0.3340036710810716 0.8236625633309153 0.4582810594728014 
v 0.2990813242418972 0.8655585156784632 0.40169493079476204 
v 0.2746937515087684 0.8526401643540924 0.44446382643840127 
v 0.3453324789826017 0.8848844000414144 0.3126101046400723 
v 0.3228500547834532 0.8763465358714616 0.3574697066779368 
v 0.38133031478920354 0.8465479952155323 0.3714077043079883 
v 0.20118858648686697 0.9238795325112868 0.3255299710842958 
v 0.26246598929090675 0.9022207373048001 0.34221242765675314 
v 0.22451702202356158 0.9331566320771104 0.2807326251652559 
v 0.24695574384425423 0.9573487499905604 0.14998743772010503 
v 0.235891269625228 0.9474463540422337 0.21610348244921065 
v 0.2979725191545048 0.9258186488524093 0.23253431416850634 
v -0.4841139978878059 0.8649717593345674 0.1321268050122632 
v -0.39410533781700907 0.9130274952070262 0.10517497658723292 
v -0.3581288532200619 0.9001745541640858 0.2478497458678801 
v -0.3834986332334736 0.904142664111151 0.18829455977815207 
v -0.43031070254437553 0.8619497078979897 0.26809587898797715 
v -0.3188112663576485 0.944121655483145 0.08362820153033376 
v -0.25671900529199826 0.9628492869775871 0.08376516512631635 
v -0.2746937515087684 0.8526401643540924 0.44446382643840127 
v -0.2990813242418972 0.8655585156784632 0.40169493079476204 
v -0.3340036710810716 0.8236625633309153 0.4582810594728014 
v -0.22451702202356158 0.9331566320771104 0.2807326251652559 
v -0.26246598929090675 0.9022207373048001 0.34221242765675314 
v -0.20118858648686697 0.9238795325112868 0.3255299710842958 
v -0.38133031478920354 0.8465479952155323 0.3714077043079883 
v -0.3228500547834532 0.8763465358714616 0.3574697066779368 
v -0.3453324789826017 0.8848844000414144 0.3126101046400723 
v -0.09203492752431597 0.9935202260981224 0.06668682365752374 
v -0.04124838765286171 0.996917333733128 0.06674129320346119 
v -0.19320366989422796 0.9789051747260731 0.0664605208670415 
v -0.14303193226094346 0.9874802473835653 0.0665178726433254 
v -0.1227294907590216 0.9723699203976767 0.19858048747006143 
v -0.13317886548951036 0.9821245741217781 0.13302146703838003 
v -0.1735023041031138 0.9646854616784353 0.19818907764348367 
v -0.2979725191545048 0.9258186488524093 0.23253431416850634 
v -0.235891269625228 0.9474463540422337 0.21610348244921065 
v -0.24695574384425423 0.9573487499905604 0.14998743772010503 
v 0.19822722205588805 0.8685344953217573 0.4542618175371843 
v 0.12280023912919609 0.93513044494374 0.3323419206316517 
v 0.16100639750493362 0.9048389750750364 0.39413623171137263 
v 0.11975548783487482 0.8793445108320888 0.460881605624379 
v 0.04129918185379311 0.8847600214284896 0.46421340142230466 
v 0.0 0.9910456560477678 0.13352343475528722 
v -0.08150105727540298 0.9606547430369469 0.265518440684652 
v -0.04125090967005882 0.9788519368963131 0.20036778205522218 
v 0.04125090967005882 0.9788519368963131 0.20036778205522218 
v 0.08150105727540298 0.9606547430369469 0.265518440684652 
v -0.19822722205588805 0.8685344953217573 0.4542618175371843 
v -0.04129918185379311 0.8847600214284896 0.46421340142230466 
v -0.11975548783487482 0.8793445108320888 0.460881605624379 
v -0.16100639750493362 0.9048389750750364 0.39413623171137263 
v -0.12280023912919609 0.93513044494374 0.3323419206316517 
v 0.041301983266975546 0.9416180563510774 0.3341400636437266 
v -0.041301983266975546 0.9416180563510774 0.3341400636437266 
v 0.0 0.9160920268893074 0.40096807637247195 
v -0.1321268050122632 0.4841139978878059 0.8649717593345675 
v -0.10517497658723292 0.3941053378170091 0.9130274952070262 
v 0.0 0.40245514156529666 0.9154397080243225 
v -0.2478497458678801 0.3581288532200619 0.9001745541640858 
v -0.18829455977815207 0.38349863323347355 0.904142664111151 
v -0.26809587898797727 0.4303107025443756 0.8619497078979897 
v 0.0 0.26461833708602567 0.964353221427619 
v -0.08362820153033376 0.3188112663576485 0.944121655483145 
v -0.08376516512631635 0.25671900529199826 0.9628492869775871 
v -0.44446382643840127 0.2746937515087684 0.8526401643540924 
v -0.40169493079476204 0.2990813242418972 0.8655585156784632 
v -0.4582810594728014 0.3340036710810716 0.8236625633309153 
v -0.2807326251652559 0.22451702202356158 0.9331566320771104 
v -0.34221242765675314 0.26246598929090675 0.9022207373048001 
v -0.3255299710842958 0.20118858648686697 0.9238795325112868 
v -0.3714077043079883 0.38133031478920354 0.8465479952155323 
v -0.35746970667793687 0.3228500547834532 0.8763465358714617 
v -0.3126101046400723 0.3453324789826017 0.8848844000414144 
v 0.0 0.05077039992656606 0.998710351649214 
v -0.06668682365752374 0.09203492752431597 0.9935202260981224 
v -0.06674129320346119 0.04124838765286171 0.996917333733128 
v -0.0664605208670415 0.19320366989422796 0.9789051747260731 
v -0.0665178726433254 0.14303193226094346 0.9874802473835653 
v 0.0 0.15178772984329422 0.9884131145776139 
v -0.19858048747006143 0.1227294907590216 0.9723699203976767 
v -0.13302146703838003 0.13317886548951036 0.9821245741217781 
v -0.19818907764348365 0.1735023041031138 0.9646854616784353 
v -0.23253431416850634 0.2979725191545048 0.9258186488524093 
v -0.21610348244921068 0.23589126962522802 0.9474463540422338 
v -0.14998743772010503 0.24695574384425423 0.9573487499905604 
v -0.7833129030120582 -0.08165885632250933 0.616240802900069 
v -0.7428508083229075 0.0 0.6694570012883597 
v -0.7833129030120582 0.08165885632250933 0.616240802900069 
v -0.663229821988394 -0.10140984792806368 0.7415134833355698 
v -0.7041420247412189 -0.06468736687582514 0.7071064655057321 
v -0.6962573424396398 -0.16569236545835012 0.6984065815323527 
v -0.6962573424396398 0.16569236545835012 0.6984065815323527 
v -0.7041420247412189 0.06468736687582514 0.7071064655057321 
v -0.663229821988394 0.10140984792806368 0.7415134833355698 
v -0.5112051196418625 -0.23344536385590672 0.8271472588034929 
v -0.5506105716812373 -0.20704639671758127 0.8086778023163038 
v -0.5404292921764098 -0.28323327115450564 0.7922847305538729 
v -0.5614652503305123 -0.05101471792044778 0.8259263110149673 
v -0.5577003586019298 -0.1292871238013964 0.8199116718491335 
v -0.5241104585543576 -0.0784590957278454 0.8480285358002464 
v -0.617005410269623 -0.22954258494590948 0.7527380190971918 
v -0.588900234552714 -0.17981812252250978 0.7879479402576277 
v -0.6252202092801452 -0.15212880908837384 0.7654779652955691 
v -0.5404292921764098 0.28323327115450564 0.7922847305538729 
v -0.5506105716812373 0.20704639671758127 0.8086778023163038 
v -0.5112051196418625 0.23344536385590672 0.8271472588034929 
v -0.6252202092801452 0.15212880908837384 0.7654779652955691 
v -0.588900234552714 0.17981812252250978 0.7879479402576277 
v -0.617005410269623 0.22954258494590948 0.7527380190971918 
v -0.5241104585543576 0.0784590957278454 0.8480285358002464 
v -0.5577003586019298 0.1292871238013964 0.8199116718491335 
v -0.5614652503305123 0.05101471792044778 0.8259263110149673 
v -0.6321171014255191 -0.05101677531025062 0.77319160543965 
v -0.5977835743521923 0.0 0.8016575317644792 
v -0.6321171014255191 0.05101677531025062 0.77319160543965 
v 0.0 -0.40245514156529666 0.9154397080243225 
v -0.10517497658723292 -0.3941053378170091 0.9130274952070262 
v -0.1321268050122632 -0.4841139978878059 0.8649717593345675 
v -0.08376516512631635 -0.25671900529199826 0.9628492869775871 
v -0.08362820153033376 -0.3188112663576485 0.944121655483145 
v 0.0 -0.26461833708602567 0.964353221427619 
v -0.26809587898797727 -0.4303107025443756 0.8619497078979897 
v -0.18829455977815207 -0.38349863323347355 0.904142664111151 
v -0.2478497458678801 -0.3581288532200619 0.9001745541640858 
v -0.06674129320346119 -0.04124838765286171 0.996917333733128 
v -0.06668682365752374 -0.09203492752431597 0.9935202260981224 
v 0.0 -0.05077039992656606 0.998710351649214 
v -0.19818907764348365 -0.1735023041031138 0.9646854616784353 
v -0.13302146703838003 -0.13317886548951036 0.9821245741217781 
v -0.19858048747006143 -0.1227294907590216 0.9723699203976767 
v 0.0 -0.15178772984329422 0.9884131145776139 
v -0.0665178726433254 -0.14303193226094346 0.9874802473835653 
v -0.0664605208670415 -0.19320366989422796 0.9789051747260731 
v -0.4582810594728014 -0.3340036710810716 0.8236625633309153 
v -0.40169493079476204 -0.2990813242418972 0.8655585156784632 
v -0.44446382643840127 -0.2746937515087684 0.8526401643540924 
v -0.3126101046400723 -0.3453324789826017 0.8848844000414144 
v -0.35746970667793687 -0.3228500547834532 0.8763465358714617 
v -0.3714077043079883 -0.38133031478920354 0.8465479952155323 
v -0.3255299710842958 -0.20118858648686697 0.9238795325112868 
v -0.34221242765675314 -0.26246598929090675 0.9022207373048001 
v -0.2807326251652559 -0.22451702202356158 0.9331566320771104 
v -0.14998743772010503 -0.24695574384425423 0.9573487499905604 
v -0.21610348244921068 -0.23589126962522802 0.9474463540422338 
v -0.23253431416850634 -0.2979725191545048 0.9258186488524093 
v -0.4542618175371842 0.19822722205588805 0.8685344953217573 
v -0.46421340142230466 0.04129918185379311 0.8847600214284896 
v -0.4608816056243791 0.11975548783487482 0.8793445108320886 
v -0.39413623171137263 0.16100639750493362 0.9048389750750364 
v -0.3323419206316517 0.1228002391291961 0.9351304449437401 
v -0.4542618175371842 -0.19822722205588805 0.8685344953217573 
v -0.3323419206316517 -0.1228002391291961 0.9351304449437401 
v -0.39413623171137263 -0.16100639750493362 0.9048389750750364 
v -0.4608816056243791 -0.11975548783487482 0.8793445108320886 
v -0.46421340142230466 -0.04129918185379311 0.8847600214284896 
v -0.13352343475528722 0.0 0.9910456560477678 
v -0.265518440684652 0.08150105727540298 0.9606547430369469 
v -0.20036778205522218 0.04125090967005882 0.9788519368963131 
v -0.20036778205522218 -0.04125090967005882 0.9788519368963131 
v -0.265518440684652 -0.08150105727540298 0.9606547430369469 
v -0.40096807637247195 0.0 0.9160920268893074 
v -0.3341400636437266 -0.041301983266975546 0.9416180563510774 
v -0.3341400636437266 0.041301983266975546 0.9416180563510774 
v 0.10517497658723292 0.3941053378170091 0.9130274952070262 
v 0.1321268050122632 0.4841139978878059 0.8649717593345675 
v 0.08376516512631635 0.25671900529199826 0.9628492869775871 
v 0.08362820153033376 0.3188112663576485 0.944121655483145 
v 0.26809587898797727 0.4303107025443756 0.8619497078979897 
v 0.18829455977815207 0.38349863323347355 0.904142664111151 
v 0.2478497458678801 0.3581288532200619 0.9001745541640858 
v 0.06674129320346119 0.04124838765286171 0.996917333733128 
v 0.06668682365752374 0.09203492752431597 0.9935202260981224 
v 0.19818907764348365 0.1735023041031138 0.9646854616784353 
v 0.13302146703838003 0.13317886548951036 0.9821245741217781 
v 0.19858048747006143 0.1227294907590216 0.9723699203976767 
v 0.0665178726433254 0.14303193226094346 0.9874802473835653 
v 0.0664605208670415 0.19320366989422796 0.9789051747260731 
v 0.4582810594728014 0.3340036710810716 0.8236625633309153 
v 0.40169493079476204 0.2990813242418972 0.8655585156784632 
v 0.44446382643840127 0.2746937515087684 0.8526401643540924 
v 0.3126101046400723 0.3453324789826017 0.8848844000414144 
v 0.35746970667793687 0.3228500547834532 0.8763465358714617 
v 0.3714077043079883 0.38133031478920354 0.8465479952155323 
v 0.3255299710842958 0.20118858648686697 0.9238795325112868 
v 0.34221242765675314 0.26246598929090675 0.9022207373048001 
v 0.2807326251652559 0.22451702202356158 0.9331566320771104 
v 0.14998743772010503 0.24695574384425423 0.9573487499905604 
v 0.21610348244921068 0.23589126962522802 0.9474463540422338 
v 0.23253431416850634 0.2979725191545048 0.9258186488524093 
v 0.1321268050122632 -0.4841139978878059 0.8649717593345675 
v 0.10517497658723292 -0.3941053378170091 0.9130274952070262 
v 0.2478497458678801 -0.3581288532200619 0.9001745541640858 
v 0.18829455977815207 -0.38349863323347355 0.904142664111151 
v 0.26809587898797727 -0.4303107025443756 0.8619497078979897 
v 0.08362820153033376 -0.3188112663576485 0.944121655483145 
v 0.08376516512631635 -0.25671900529199826 0.9628492869775871 
v 0.44446382643840127 -0.2746937515087684 0.8526401643540924 
v 0.40169493079476204 -0.2990813242418972 0.8655585156784632 
v 0.4582810594728014 -0.3340036710810716 0.8236625633309153 
v 0.2807326251652559 -0.22451702202356158 0.9331566320771104 
v 0.34221242765675314 -0.26246598929090675 0.9022207373048001 
v 0.3255299710842958 -0.20118858648686697 0.9238795325112868 
v 0.3714077043079883 -0.38133031478920354 0.8465479952155323 
v 0.35746970667793687 -0.3228500547834532 0.8763465358714617 
v 0.3126101046400723 -0.3453324789826017 0.8848844000414144 
v 0.06668682365752374 -0.09203492752431597 0.9935202260981224 
v 0.06674129320346119 -0.04124838765286171 0.996917333733128 
v 0.0664605208670415 -0.19320366989422796 0.9789051747260731 
v 0.0665178726433254 -0.14303193226094346 0.9874802473835653 
v 0.19858048747006143 -0.1227294907590216 0.9723699203976767 
v 0.13302146703838003 -0.13317886548951036 0.9821245741217781 
v 0.19818907764348365 -0.1735023041031138 0.9646854616784353 
v 0.23253431416850634 -0.2979725191545048 0.9258186488524093 
v 0.21610348244921068 -0.23589126962522802 0.9474463540422338 
v 0.14998743772010503 -0.24695574384425423 0.9573487499905604 
v 0.7833129030120582 0.08165885632250933 0.616240802900069 
v 0.7428508083229075 0.0 0.6694570012883597 
v 0.7833129030120582 -0.08165885632250933 0.616240802900069 
v 0.663229821988394 0.10140984792806368 0.7415134833355698 
v 0.7041420247412189 0.06468736687582514 0.7071064655057321 
v 0.6962573424396398 0.16569236545835012 0.6984065815323527 
v 0.6962573424396398 -0.16569236545835012 0.6984065815323527 
v 0.7041420247412189 -0.06468736687582514 0.7071064655057321 
v 0.663229821988394 -0.10140984792806368 0.7415134833355698 
v 0.5112051196418625 0.23344536385590672 0.8271472588034929 
v 0.5506105716812373 0.20704639671758127 0.8086778023163038 
v 0.5404292921764098 0.28323327115450564 0.7922847305538729 
v 0.5614652503305123 0.05101471792044778 0.8259263110149673 
v 0.5577003586019298 0.1292871238013964 0.8199116718491335 
v 0.5241104585543576 0.0784590957278454 0.8480285358002464 
v 0.617005410269623 0.22954258494590948 0.7527380190971918 
v 0.588900234552714 0.17981812252250978 0.7879479402576277 
v 0.6252202092801452 0.15212880908837384 0.7654779652955691 
v 0.5404292921764098 -0.28323327115450564 0.7922847305538729 
v 0.5506105716812373 -0.20704639671758127 0.8086778023163038 
v 0.5112051196418625 -0.23344536385590672 0.8271472588034929 
v 0.6252202092801452 -0.15212880908837384 0.7654779652955691 
v 0.588900234552714 -0.17981812252250978 0.7879479402576277 
v 0.617005410269623 -0.22954258494590948 0.7527380190971918 
v 0.5241104585543576 -0.0784590957278454 0.8480285358002464 
v 0.5577003586019298 -0.1292871238013964 0.8199116718491335 
v 0.5614652503305123 -0.05101471792044778 0.8259263110149673 
v 0.6321171014255191 0.05101677531025062 0.77319160543965 
v 0.5977835743521923 0.0 0.8016575317644792 
v 0.6321171014255191 -0.05101677531025062 0.77319160543965 
v 0.13352343475528722 0.0 0.9910456560477678 
v 0.265518440684652 -0.08150105727540298 0.9606547430369469 
v 0.20036778205522218 -0.04125090967005882 0.9788519368963131 
v 0.20036778205522218 0.04125090967005882 0.9788519368963131 
v 0.265518440684652 0.08150105727540298 0.9606547430369469 
v 0.4542618175371842 -0.19822722205588805 0.8685344953217573 
v 0.46421340142230466 -0.04129918185379311 0.8847600214284896 
v 0.4608816056243791 -0.11975548783487482 0.8793445108320886 
v 0.39413623171137263 -0.16100639750493362 0.9048389750750364 
v 0.3323419206316517 -0.1228002391291961 0.9351304449437401 
v 0.4542618175371842 0.19822722205588805 0.8685344953217573 
v 0.3323419206316517 0.1228002391291961 0.9351304449437401 
v 0.39413623171137263 0.16100639750493362 0.9048389750750364 
v 0.4608816056243791 0.11975548783487482 0.8793445108320886 
v 0.46421340142230466 0.04129918185379311 0.8847600214284896 
v 0.3341400636437266 -0.041301983266975546 0.9416180563510774 
v 0.40096807637247195 0.0 0.9160920268893074 
v 0.3341400636437266 0.041301983266975546 0.9416180563510774 
v 0.1321268050122632 0.4841139978878059 -0.8649717593345675 
v 0.10517497658723292 0.3941053378170091 -0.9130274952070262 
v 0.0 0.40245514156529666 -0.9154397080243225 
v 0.2478497458678801 0.3581288532200619 -0.9001745541640858 
v 0.18829455977815207 0.38349863323347355 -0.904142664111151 
v 0.26809587898797727 0.4303107025443756 -0.8619497078979897 
v 0.0 0.26461833708602567 -0.964353221427619 
v 0.08362820153033376 0.3188112663576485 -0.944121655483145 
v 0.08376516512631635 0.25671900529199826 -0.9628492869775871 
v 0.44446382643840127 0.2746937515087684 -0.8526401643540924 
v 0.40169493079476204 0.2990813242418972 -0.8655585156784632 
v 0.4582810594728014 0.3340036710810716 -0.8236625633309153 
v 0.2807326251652559 0.22451702202356158 -0.9331566320771104 
v 0.34221242765675314 0.26246598929090675 -0.9022207373048001 
v 0.3255299710842958 0.20118858648686697 -0.9238795325112868 
v 0.3714077043079883 0.38133031478920354 -0.8465479952155323 
v 0.35746970667793687 0.3228500547834532 -0.8763465358714617 
v 0.3126101046400723 0.3453324789826017 -0.8848844000414144 
v 0.0 0.05077039992656606 -0.998710351649214 
v 0.06668682365752374 0.09203492752431597 -0.9935202260981224 
v 0.06674129320346119 0.04124838765286171 -0.996917333733128 
v 0.0664605208670415 0.19320366989422796 -0.9789051747260731 
v 0.0665178726433254 0.14303193226094346 -0.9874802473835653 
v 0.0 0.15178772984329422 -0.9884131145776139 
v 0.19858048747006143 0.1227294907590216 -0.9723699203976767 
v 0.13302146703838003 0.13317886548951036 -0.9821245741217781 
v 0.19818907764348365 0.1735023041031138 -0.9646854616784353 
v 0.23253431416850634 0.2979725191545048 -0.9258186488524093 
v 0.21610348244921068 0.23589126962522802 -0.9474463540422338 
v 0.14998743772010503 0.24695574384425423 -0.9573487499905604 
v 0.7833129030120582 -0.08165885632250933 -0.616240802900069 
v 0.7428508083229075 0.0 -0.6694570012883597 
v 0.7833129030120582 0.08165885632250933 -0.616240802900069 
v 0.663229821988394 -0.10140984792806368 -0.7415134833355698 
v 0.7041420247412189 -0.06468736687582514 -0.7071064655057321 
v 0.6962573424396398 -0.16569236545835012 -0.6984065815323527 
v 0.6962573424396398 0.16569236545835012 -0.6984065815323527 
v 0.7041420247412189 0.06468736687582514 -0.7071064655057321 
v 0.663229821988394 0.10140984792806368 -0.7415134833355698 
v 0.5112051196418625 -0.23344536385590672 -0.8271472588034929 
v 0.5506105716812373 -0.20704639671758127 -0.8086778023163038 
v 0.5404292921764098 -0.28323327115450564 -0.7922847305538729 
v 0.5614652503305123 -0.05101471792044778 -0.8259263110149673 
v 0.5577003586019298 -0.1292871238013964 -0.8199116718491335 
v 0.5241104585543576 -0.0784590957278454 -0.8480285358002464 
v 0.617005410269623 -0.22954258494590948 -0.7527380190971918 
v 0.588900234552714 -0.17981812252250978 -0.7879479402576277 
v 0.6252202092801452 -0.15212880908837384 -0.7654779652955691 
v 0.5404292921764098 0.28323327115450564 -0.7922847305538729 
v 0.5506105716812373 0.20704639671758127 -0.8086778023163038 
v 0.5112051196418625 0.23344536385590672 -0.8271472588034929 
v 0.6252202092801452 0.15212880908837384 -0.7654779652955691 
v 0.588900234552714 0.17981812252250978 -0.7879479402576277 
v 0.617005410269623 0.22954258494590948 -0.7527380190971918 
v 0.5241104585543576 0.0784590957278454 -0.8480285358002464 
v 0.5577003586019298 0.1292871238013964 -0.8199116718491335 
v 0.5614652503305123 0.05101471792044778 -0.8259263110149673 
v 0.6321171014255191 -0.05101677531025062 -0.77319160543965 
v 0.5977835743521923 0.0 -0.8016575317644792 
v 0.6321171014255191 0.05101677531025062 -0.77319160543965 
v 0.0 -0.40245514156529666 -0.9154397080243225 
v 0.10517497658723292 -0.3941053378170091 -0.9130274952070262 
v 0.1321268050122632 -0.4841139978878059 -0.8649717593345675 
v 0.08376516512631635 -0.25671900529199826 -0.9628492869775871 
v 0.08362820153033376 -0.3188112663576485 -0.944121655483145 
v 0.0 -0.26461833708602567 -0.964353221427619 
v 0.26809587898797727 -0.4303107025443756 -0.8619497078979897 
v 0.18829455977815207 -0.38349863323347355 -0.904142664111151 
v 0.2478497458678801 -0.3581288532200619 -0.9001745541640858 
v 0.06674129320346119 -0.04124838765286171 -0.996917333733128 
v 0.06668682365752374 -0.09203492752431597 -0.9935202260981224 
v 0.0 -0.05077039992656606 -0.998710351649214 
v 0.19818907764348365 -0.1735023041031138 -0.9646854616784353 
v 0.13302146703838003 -0.13317886548951036 -0.9821245741217781 
v 0.19858048747006143 -0.1227294907590216 -0.9723699203976767 
v 0.0 -0.15178772984329422 -0.9884131145776139 
v 0.0665178726433254 -0.14303193226094346 -0.9874802473835653 
v 0.0664605208670415 -0.19320366989422796 -0.9789051747260731 
v 0.4582810594728014 -0.3340036710810716 -0.8236625633309153 
v 0.40169493079476204 -0.2990813242418972 -0.8655585156784632 
v 0.44446382643840127 -0.2746937515087684 -0.8526401643540924 
v 0.3126101046400723 -0.3453324789826017 -0.8848844000414144 
v 0.35746970667793687 -0.3228500547834532 -0.8763465358714617 
v 0.3714077043079883 -0.38133031478920354 -0.8465479952155323 
v 0.3255299710842958 -0.20118858648686697 -0.9238795325112868 
v 0.34221242765675314 -0.26246598929090675 -0.9022207373048001 
v 0.2807326251652559 -0.22451702202356158 -0.9331566320771104 
v 0.14998743772010503 -0.24695574384425423 -0.9573487499905604 
v 0.21610348244921068 -0.23589126962522802 -0.9474463540422338 
v 0.23253431416850634 -0.2979725191545048 -0.9258186488524093 
v 0.4542618175371842 0.19822722205588805 -0.8685344953217573 
v 0.46421340142230466 0.04129918185379311 -0.8847600214284896 
v 0.4608816056243791 0.11975548783487482 -0.8793445108320886 
v 0.39413623171137263 0.16100639750493362 -0.9048389750750364 
v 0.3323419206316517 0.1228002391291961 -0.9351304449437401 
v 0.4542618175371842 -0.19822722205588805 -0.8685344953217573 
v 0.3323419206316517 -0.1228002391291961 -0.9351304449437401 
v 0.39413623171137263 -0.16100639750493362 -0.9048389750750364 
v 0.4608816056243791 -0.11975548783487482 -0.8793445108320886 
v 0.46421340142230466 -0.04129918185379311 -0.8847600214284896 
v 0.13352343475528722 0.0 -0.9910456560477678 
v 0.265518440684652 0.08150105727540298 -0.9606547430369469 
v 0.20036778205522218 0.04125090967005882 -0.9788519368963131 
v 0.20036778205522218 -0.04125090967005882 -0.9788519368963131 
v 0.265518440684652 -0.08150105727540298 -0.9606547430369469 
v 0.40096807637247195 0.0 -0.9160920268893074 
v 0.3341400636437266 -0.041301983266975546 -0.9416180563510774 
v 0.3341400636437266 0.041301983266975546 -0.9416180563510774 
v -0.10517497658723292 0.3941053378170091 -0.9130274952070262 
v -0.1321268050122632 0.4841139978878059 -0.8649717593345675 
v -0.08376516512631635 0.25671900529199826 -0.9628492869775871 
v -0.08362820153033376 0.3188112663576485 -0.944121655483145 
v -0.26809587898797727 0.4303107025443756 -0.8619497078979897 
v -0.18829455977815207 0.38349863323347355 -0.904142664111151 
v -0.2478497458678801 0.3581288532200619 -0.9001745541640858 
v -0.06674129320346119 0.04124838765286171 -0.996917333733128 
v -0.06668682365752374 0.09203492752431597 -0.9935202260981224 
v -0.19818907764348365 0.1735023041031138 -0.9646854616784353 
v -0.13302146703838003 0.13317886548951036 -0.9821245741217781 
v -0.19858048747006143 0.1227294907590216 -0.9723699203976767 
v -0.0665178726433254 0.14303193226094346 -0.9874802473835653 
v -0.0664605208670415 0.19320366989422796 -0.9789051747260731 
v -0.4582810594728014 0.3340036710810716 -0.8236625633309153 
v -0.40169493079476204 0.2990813242418972 -0.8655585156784632 
v -0.44446382643840127 0.2746937515087684 -0.8526401643540924 
v -0.3126101046400723 0.3453324789826017 -0.8848844000414144 
v -0.35746970667793687 0.3228500547834532 -0.8763465358714617 
v -0.3714077043079883 0.38133031478920354 -0.8465479952155323 
v -0.3255299710842958 0.20118858648686697 -0.9238795325112868 
v -0.34221242765675314 0.26246598929090675 -0.9022207373048001 
v -0.2807326251652559 0.22451702202356158 -0.9331566320771104 
v -0.14998743772010503 0.24695574384425423 -0.9573487499905604 
v -0.21610348244921068 0.23589126962522802 -0.9474463540422338 
v -0.23253431416850634 0.2979725191545048 -0.9258186488524093 
v -0.1321268050122632 -0.4841139978878059 -0.8649717593345675 
v -0.10517497658723292 -0.3941053378170091 -0.9130274952070262 
v -0.2478497458678801 -0.3581288532200619 -0.9001745541640858 
v -0.18829455977815207 -0.38349863323347355 -0.904142664111151 
v -0.26809587898797727 -0.4303107025443756 -0.8619497078979897 
v -0.08362820153033376 -0.3188112663576485 -0.944121655483145 
v -0.08376516512631635 -0.25671900529199826 -0.9628492869775871 
v -0.44446382643840127 -0.2746937515087684 -0.8526401643540924 
v -0.40169493079476204 -0.2990813242418972 -0.8655585156784632 
v -0.4582810594728014 -0.3340036710810716 -0.8236625633309153 
v -0.2807326251652559 -0.22451702202356158 -0.9331566320771104 
v -0.34221242765675314 -0.26246598929090675 -0.9022207373048001 
v -0.3255299710842958 -0.20118858648686697 -0.9238795325112868 
v -0.3714077043079883 -0.38133031478920354 -0.8465479952155323 
v -0.35746970667793687 -0.3228500547834532 -0.8763465358714617 
v -0.3126101046400723 -0.3453324789826017 -0.8848844000414144 
v -0.06668682365752374 -0.09203492752431597 -0.9935202260981224 
v -0.06674129320346119 -0.04124838765286171 -0.996917333733128 
v -0.0664605208670415 -0.19320366989422796 -0.9789051747260731 
v -0.0665178726433254 -0.14303193226094346 -0.9874802473835653 
v -0.19858048747006143 -0.1227294907590216 -0.9723699203976767 
v -0.13302146703838003 -0.13317886548951036 -0.9821245741217781 
v -0.19818907764348365 -0.1735023041031138 -0.9646854616784353 
v -0.23253431416850634 -0.2979725191545048 -0.9258186488524093 
v -0.21610348244921068 -0.23589126962522802 -0.9474463540422338 
v -0.14998743772010503 -0.24695574384425423 -0.9573487499905604 
v -0.7833129030120582 0.08165885632250933 -0.616240802900069 
v -0.7428508083229075 0.0 -0.6694570012883597 
v -0.7833129030120582 -0.08165885632250933 -0.616240802900069 
v -0.663229821988394 0.10140984792806368 -0.7415134833355698 
v -0.7041420247412189 0.06468736687582514 -0.7071064655057321 
v -0.6962573424396398 0.16569236545835012 -0.6984065815323527 
v -0.6962573424396398 -0.16569236545835012 -0.6984065815323527 
v -0.7041420247412189 -0.06468736687582514 -0.7071064655057321 
v -0.663229821988394 -0.10140984792806368 -0.7415134833355698 
v -0.5112051196418625 0.23344536385590672 -0.8271472588034929 
v -0.5506105716812373 0.20704639671758127 -0.8086778023163038 
v -0.5404292921764098 0.28323327115450564 -0.7922847305538729 
v -0.5614652503305123 0.05101471792044778 -0.8259263110149673 
v -0.5577003586019298 0.1292871238013964 -0.8199116718491335 
v -0.5241104585543576 0.0784590957278454 -0.8480285358002464 
v -0.617005410269623 0.22954258494590948 -0.7527380190971918 
v -0.588900234552714 0.17981812252250978 -0.7879479402576277 
v -0.6252202092801452 0.15212880908837384 -0.7654779652955691 
v -0.5404292921764098 -0.28323327115450564 -0.7922847305538729 
v -0.5506105716812373 -0.20704639671758127 -0.8086778023163038 
v -0.5112051196418625 -0.23344536385590672 -0.8271472588034929 
v -0.6252202092801452 -0.15212880908837384 -0.7654779652955691 
v -0.588900234552714 -0.17981812252250978 -0.7879479402576277 
v -0.617005410269623 -0.22954258494590948 -0.7527380190971918 
v -0.5241104585543576 -0.0784590957278454 -0.8480285358002464 
v -0.5577003586019298 -0.1292871238013964 -0.8199116718491335 
v -0.5614652503305123 -0.05101471792044778 -0.8259263110149673 
v -0.6321171014255191 0.05101677531025062 -0.77319160543965 
v -0.5977835743521923 0.0 -0.8016575317644792 
v -0.6321171014255191 -0.05101677531025062 -0.77319160543965 
v -0.13352343475528722 0.0 -0.9910456560477678 
v -0.265518440684652 -0.08150105727540298 -0.9606547430369469 
v -0.20036778205522218 -0.04125090967005882 -0.9788519368963131 
v -0.20036778205522218 0.04125090967005882 -0.9788519368963131 
v -0.265518440684652 0.08150105727540298 -0.9606547430369469 
v -0.4542618175371842 -0.19822722205588805 -0.8685344953217573 
v -0.46421340142230466 -0.04129918185379311 -0.8847600214284896 
v -0.4608816056243791 -0.11975548783487482 -0.8793445108320886 
v -0.39413623171137263 -0.16100639750493362 -0.9048389750750364 
v -0.3323419206316517 -0.1228002391291961 -0.9351304449437401 
v -0.4542618175371842 0.19822722205588805 -0.8685344953217573 
v -0.3323419206316517 0.1228002391291961 -0.9351304449437401 
v -0.39413623171137263 0.16100639750493362 -0.9048389750750364 
v -0.4608816056243791 0.11975548783487482 -0.8793445108320886 
v -0.46421340142230466 0.04129918185379311 -0.8847600214284896 
v -0.3341400636437266 -0.041301983266975546 -0.9416180563510774 
v -0.40096807637247195 0.0 -0.9160920268893074 
v -0.3341400636437266 0.041301983266975546 -0.9416180563510774 
v -0.08165885632250933 -0.616240802900069 0.7833129030120582 
v 0.0 -0.6694570012883597 0.7428508083229075 
v 0.08165885632250933 -0.616240802900069 0.7833129030120582 
v -0.10140984792806368 -0.7415134833355698 0.663229821988394 
v -0.06468736687582514 -0.7071064655057321 0.7041420247412189 
v -0.16569236545835012 -0.6984065815323527 0.6962573424396398 
v 0.16569236545835012 -0.6984065815323527 0.6962573424396398 
v 0.06468736687582514 -0.7071064655057321 0.7041420247412189 
v 0.10140984792806368 -0.7415134833355698 0.663229821988394 
v -0.23344536385590672 -0.8271472588034928 0.5112051196418625 
v -0.2070463967175813 -0.8086778023163038 0.5506105716812374 
v -0.28323327115450564 -0.7922847305538729 0.5404292921764098 
v -0.05101471792044779 -0.8259263110149673 0.5614652503305123 
v -0.12928712380139643 -0.8199116718491336 0.5577003586019298 
v -0.07845909572784542 -0.8480285358002464 0.5241104585543576 
v -0.22954258494590948 -0.7527380190971918 0.617005410269623 
v -0.17981812252250978 -0.7879479402576277 0.588900234552714 
v -0.15212880908837387 -0.7654779652955692 0.6252202092801453 
v 0.28323327115450564 -0.7922847305538729 0.5404292921764098 
v 0.2070463967175813 -0.8086778023163038 0.5506105716812374 
v 0.23344536385590672 -0.8271472588034928 0.5112051196418625 
v 0.15212880908837387 -0.7654779652955692 0.6252202092801453 
v 0.17981812252250978 -0.7879479402576277 0.588900234552714 
v 0.22954258494590948 -0.7527380190971918 0.617005410269623 
v 0.07845909572784542 -0.8480285358002464 0.5241104585543576 
v 0.12928712380139643 -0.8199116718491336 0.5577003586019298 
v 0.05101471792044779 -0.8259263110149673 0.5614652503305123 
v -0.051016775310250624 -0.77319160543965 0.632117101425519 
v 0.0 -0.8016575317644793 0.5977835743521923 
v 0.051016775310250624 -0.77319160543965 0.632117101425519 
v -0.40245514156529666 -0.9154397080243225 0.0 
v -0.39410533781700907 -0.9130274952070262 0.10517497658723292 
v -0.4841139978878059 -0.8649717593345674 0.1321268050122632 
v -0.25671900529199826 -0.9628492869775871 0.08376516512631635 
v -0.3188112663576485 -0.944121655483145 0.08362820153033376 
v -0.26461833708602567 -0.964353221427619 0.0 
v -0.43031070254437553 -0.8619497078979897 0.26809587898797715 
v -0.3834986332334736 -0.904142664111151 0.18829455977815207 
v -0.3581288532200619 -0.9001745541640858 0.2478497458678801 
v -0.04124838765286171 -0.996917333733128 0.06674129320346119 
v -0.09203492752431597 -0.9935202260981224 0.06668682365752374 
v -0.05077039992656606 -0.998710351649214 0.0 
v -0.1735023041031138 -0.9646854616784353 0.19818907764348367 
v -0.13317886548951036 -0.9821245741217781 0.13302146703838003 
v -0.1227294907590216 -0.9723699203976767 0.19858048747006143 
v -0.15178772984329422 -0.9884131145776139 0.0 
v -0.14303193226094346 -0.9874802473835653 0.0665178726433254 
v -0.19320366989422796 -0.9789051747260731 0.0664605208670415 
v -0.3340036710810716 -0.8236625633309153 0.4582810594728014 
v -0.2990813242418972 -0.8655585156784632 0.40169493079476204 
v -0.2746937515087684 -0.8526401643540924 0.44446382643840127 
v -0.3453324789826017 -0.8848844000414144 0.3126101046400723 
v -0.3228500547834532 -0.8763465358714616 0.3574697066779368 
v -0.38133031478920354 -0.8465479952155323 0.3714077043079883 
v -0.20118858648686697 -0.9238795325112868 0.3255299710842958 
v -0.26246598929090675 -0.9022207373048001 0.34221242765675314 
v -0.22451702202356158 -0.9331566320771104 0.2807326251652559 
v -0.24695574384425423 -0.9573487499905604 0.14998743772010503 
v -0.235891269625228 -0.9474463540422337 0.21610348244921065 
v -0.2979725191545048 -0.9258186488524093 0.23253431416850634 
v 0.4841139978878059 -0.8649717593345674 0.1321268050122632 
v 0.39410533781700907 -0.9130274952070262 0.10517497658723292 
v 0.40245514156529666 -0.9154397080243225 0.0 
v 0.3581288532200619 -0.9001745541640858 0.2478497458678801 
v 0.3834986332334736 -0.904142664111151 0.18829455977815207 
v 0.43031070254437553 -0.8619497078979897 0.26809587898797715 
v 0.26461833708602567 -0.964353221427619 0.0 
v 0.3188112663576485 -0.944121655483145 0.08362820153033376 
v 0.25671900529199826 -0.9628492869775871 0.08376516512631635 
v 0.2746937515087684 -0.8526401643540924 0.44446382643840127 
v 0.2990813242418972 -0.8655585156784632 0.40169493079476204 
v 0.3340036710810716 -0.8236625633309153 0.4582810594728014 
v 0.22451702202356158 -0.9331566320771104 0.2807326251652559 
v 0.26246598929090675 -0.9022207373048001 0.34221242765675314 
v 0.20118858648686697 -0.9238795325112868 0.3255299710842958 
v 0.38133031478920354 -0.8465479952155323 0.3714077043079883 
v 0.3228500547834532 -0.8763465358714616 0.3574697066779368 
v 0.3453324789826017 -0.8848844000414144 0.3126101046400723 
v 0.05077039992656606 -0.998710351649214 0.0 
v 0.09203492752431597 -0.9935202260981224 0.06668682365752374 
v 0.04124838765286171 -0.996917333733128 0.06674129320346119 
v 0.19320366989422796 -0.9789051747260731 0.0664605208670415 
v 0.14303193226094346 -0.9874802473835653 0.0665178726433254 
v 0.15178772984329422 -0.9884131145776139 0.0 
v 0.1227294907590216 -0.9723699203976767 0.19858048747006143 
v 0.13317886548951036 -0.9821245741217781 0.13302146703838003 
v 0.1735023041031138 -0.9646854616784353 0.19818907764348367 
v 0.2979725191545048 -0.9258186488524093 0.23253431416850634 
v 0.235891269625228 -0.9474463540422337 0.21610348244921065 
v 0.24695574384425423 -0.9573487499905604 0.14998743772010503 
v -0.19822722205588805 -0.8685344953217573 0.4542618175371843 
v -0.12280023912919609 -0.93513044494374 0.3323419206316517 
v -0.16100639750493362 -0.9048389750750364 0.39413623171137263 
v -0.11975548783487482 -0.8793445108320888 0.460881605624379 
v -0.04129918185379311 -0.8847600214284896 0.46421340142230466 
v 0.0 -0.9910456560477678 0.13352343475528722 
v 0.08150105727540298 -0.9606547430369469 0.265518440684652 
v 0.04125090967005882 -0.9788519368963131 0.20036778205522218 
v -0.04125090967005882 -0.9788519368963131 0.20036778205522218 
v -0.08150105727540298 -0.9606547430369469 0.265518440684652 
v 0.19822722205588805 -0.8685344953217573 0.4542618175371843 
v 0.04129918185379311 -0.8847600214284896 0.46421340142230466 
v 0.11975548783487482 -0.8793445108320888 0.460881605624379 
v 0.16100639750493362 -0.9048389750750364 0.39413623171137263 
v 0.12280023912919609 -0.93513044494374 0.3323419206316517 
v -0.041301983266975546 -0.9416180563510774 0.3341400636437266 
v 0.041301983266975546 -0.9416180563510774 0.3341400636437266 
v 0.0 -0.9160920268893074 0.40096807637247195 
v 0.08165885632250933 -0.616240802900069 -0.7833129030120582 
v 0.0 -0.6694570012883597 -0.7428508083229075 
v -0.08165885632250933 -0.616240802900069 -0.7833129030120582 
v 0.10140984792806368 -0.7415134833355698 -0.663229821988394 
v 0.06468736687582514 -0.7071064655057321 -0.7041420247412189 
v 0.16569236545835012 -0.6984065815323527 -0.6962573424396398 
v -0.16569236545835012 -0.6984065815323527 -0.6962573424396398 
v -0.06468736687582514 -0.7071064655057321 -0.7041420247412189 
v -0.10140984792806368 -0.7415134833355698 -0.663229821988394 
v 0.23344536385590672 -0.8271472588034928 -0.5112051196418625 
v 0.2070463967175813 -0.8086778023163038 -0.5506105716812374 
v 0.28323327115450564 -0.7922847305538729 -0.5404292921764098 
v 0.05101471792044779 -0.8259263110149673 -0.5614652503305123 
v 0.12928712380139643 -0.8199116718491336 -0.5577003586019298 
v 0.07845909572784542 -0.8480285358002464 -0.5241104585543576 
v 0.22954258494590948 -0.7527380190971918 -0.617005410269623 
v 0.17981812252250978 -0.7879479402576277 -0.588900234552714 
v 0.15212880908837387 -0.7654779652955692 -0.6252202092801453 
v -0.28323327115450564 -0.7922847305538729 -0.5404292921764098 
v -0.2070463967175813 -0.8086778023163038 -0.5506105716812374 
v -0.23344536385590672 -0.8271472588034928 -0.5112051196418625 
v -0.15212880908837387 -0.7654779652955692 -0.6252202092801453 
v -0.17981812252250978 -0.7879479402576277 -0.588900234552714 
v -0.22954258494590948 -0.7527380190971918 -0.617005410269623 
v -0.07845909572784542 -0.8480285358002464 -0.5241104585543576 
v -0.12928712380139643 -0.8199116718491336 -0.5577003586019298 
v -0.05101471792044779 -0.8259263110149673 -0.5614652503305123 
v 0.051016775310250624 -0.77319160543965 -0.632117101425519 
v 0.0 -0.8016575317644793 -0.5977835743521923 
v -0.051016775310250624 -0.77319160543965 -0.632117101425519 
v 0.39410533781700907 -0.9130274952070262 -0.10517497658723292 
v 0.4841139978878059 -0.8649717593345674 -0.1321268050122632 
v 0.25671900529199826 -0.9628492869775871 -0.08376516512631635 
v 0.3188112663576485 -0.944121655483145 -0.08362820153033376 
v 0.43031070254437553 -0.8619497078979897 -0.26809587898797715 
v 0.3834986332334736 -0.904142664111151 -0.18829455977815207 
v 0.3581288532200619 -0.9001745541640858 -0.2478497458678801 
v 0.04124838765286171 -0.996917333733128 -0.06674129320346119 
v 0.09203492752431597 -0.9935202260981224 -0.06668682365752374 
v 0.1735023041031138 -0.9646854616784353 -0.19818907764348367 
v 0.13317886548951036 -0.9821245741217781 -0.13302146703838003 
v 0.1227294907590216 -0.9723699203976767 -0.19858048747006143 
v 0.14303193226094346 -0.9874802473835653 -0.0665178726433254 
v 0.19320366989422796 -0.9789051747260731 -0.0664605208670415 
v 0.3340036710810716 -0.8236625633309153 -0.4582810594728014 
v 0.2990813242418972 -0.8655585156784632 -0.40169493079476204 
v 0.2746937515087684 -0.8526401643540924 -0.44446382643840127 
v 0.3453324789826017 -0.8848844000414144 -0.3126101046400723 
v 0.3228500547834532 -0.8763465358714616 -0.3574697066779368 
v 0.38133031478920354 -0.8465479952155323 -0.3714077043079883 
v 0.20118858648686697 -0.9238795325112868 -0.3255299710842958 
v 0.26246598929090675 -0.9022207373048001 -0.34221242765675314 
v 0.22451702202356158 -0.9331566320771104 -0.2807326251652559 
v 0.24695574384425423 -0.9573487499905604 -0.14998743772010503 
v 0.235891269625228 -0.9474463540422337 -0.21610348244921065 
v 0.2979725191545048 -0.9258186488524093 -0.23253431416850634 
v -0.4841139978878059 -0.8649717593345674 -0.1321268050122632 
v -0.39410533781700907 -0.9130274952070262 -0.10517497658723292 
v -0.3581288532200619 -0.9001745541640858 -0.2478497458678801 
v -0.3834986332334736 -0.904142664111151 -0.18829455977815207 
v -0.43031070254437553 -0.8619497078979897 -0.26809587898797715 
v -0.3188112663576485 -0.944121655483145 -0.08362820153033376 
v -0.25671900529199826 -0.9628492869775871 -0.08376516512631635 
v -0.2746937515087684 -0.8526401643540924 -0.44446382643840127 
v -0.2990813242418972 -0.8655585156784632 -0.40169493079476204 
v -0.3340036710810716 -0.8236625633309153 -0.4582810594728014 
v -0.22451702202356158 -0.9331566320771104 -0.2807326251652559 
v -0.26246598929090675 -0.9022207373048001 -0.34221242765675314 
v -0.20118858648686697 -0.9238795325112868 -0.3255299710842958 
v -0.38133031478920354 -0.8465479952155323 -0.3714077043079883 
v -0.3228500547834532 -0.8763465358714616 -0.3574697066779368 
v -0.3453324789826017 -0.8848844000414144 -0.3126101046400723 
v -0.09203492752431597 -0.9935202260981224 -0.06668682365752374 
v -0.04124838765286171 -0.996917333733128 -0.06674129320346119 
v -0.19320366989422796 -0.9789051747260731 -0.0664605208670415 
v -0.14303193226094346 -0.9874802473835653 -0.0665178726433254 
v -0.1227294907590216 -0.9723699203976767 -0.19858048747006143 
v -0.13317886548951036 -0.9821245741217781 -0.13302146703838003 
v -0.1735023041031138 -0.9646854616784353 -0.19818907764348367 
v -0.2979725191545048 -0.9258186488524093 -0.23253431416850634 
v -0.235891269625228 -0.9474463540422337 -0.21610348244921065 
v -0.24695574384425423 -0.9573487499905604 -0.14998743772010503 
v 0.19822722205588805 -0.8685344953217573 -0.4542618175371843 
v 0.12280023912919609 -0.93513044494374 -0.3323419206316517 
v 0.16100639750493362 -0.9048389750750364 -0.39413623171137263 
v 0.11975548783487482 -0.8793445108320888 -0.460881605624379 
v 0.04129918185379311 -0.8847600214284896 -0.46421340142230466 
v 0.0 -0.9910456560477678 -0.13352343475528722 
v -0.08150105727540298 -0.9606547430369469 -0.265518440684652 
v -0.04125090967005882 -0.9788519368963131 -0.20036778205522218 
v 0.04125090967005882 -0.9788519368963131 -0.20036778205522218 
v 0.08150105727540298 -0.9606547430369469 -0.265518440684652 
v -0.19822722205588805 -0.8685344953217573 -0.4542618175371843 
v -0.04129918185379311 -0.8847600214284896 -0.46421340142230466 
v -0.11975548783487482 -0.8793445108320888 -0.460881605624379 
v -0.16100639750493362 -0.9048389750750364 -0.39413623171137263 
v -0.12280023912919609 -0.93513044494374 -0.3323419206316517 
v 0.041301983266975546 -0.9416180563510774 -0.3341400636437266 
v -0.041301983266975546 -0.9416180563510774 -0.3341400636437266 
v 0.0 -0.9160920268893074 -0.40096807637247195 
v -0.616240802900069 0.7833129030120582 -0.08165885632250931 
v -0.6694570012883597 0.7428508083229075 0.0 
v -0.616240802900069 0.7833129030120582 0.08165885632250931 
v -0.7415134833355698 0.663229821988394 -0.10140984792806368 
v -0.7071064655057321 0.7041420247412189 -0.06468736687582514 
v -0.6984065815323527 0.6962573424396398 -0.1656923654583501 
v -0.6984065815323527 0.6962573424396398 0.1656923654583501 
v -0.7071064655057321 0.7041420247412189 0.06468736687582514 
v -0.7415134833355698 0.663229821988394 0.10140984792806368 
v -0.8271472588034928 0.5112051196418625 -0.23344536385590672 
v -0.8086778023163037 0.5506105716812374 -0.20704639671758127 
v -0.792284730553873 0.5404292921764098 -0.2832332711545056 
v -0.8259263110149673 0.5614652503305123 -0.05101471792044779 
v -0.8199116718491336 0.5577003586019298 -0.12928712380139643 
v -0.8480285358002464 0.5241104585543576 -0.0784590957278454 
v -0.7527380190971917 0.6170054102696229 -0.22954258494590943 
v -0.7879479402576278 0.588900234552714 -0.1798181225225098 
v -0.7654779652955692 0.6252202092801453 -0.15212880908837387 
v -0.792284730553873 0.5404292921764098 0.2832332711545056 
v -0.8086778023163037 0.5506105716812374 0.20704639671758127 
v -0.8271472588034928 0.5112051196418625 0.23344536385590672 
v -0.7654779652955692 0.6252202092801453 0.15212880908837387 
v -0.7879479402576278 0.588900234552714 0.1798181225225098 
v -0.7527380190971917 0.6170054102696229 0.22954258494590943 
v -0.8480285358002464 0.5241104585543576 0.0784590957278454 
v -0.8199116718491336 0.5577003586019298 0.12928712380139643 
v -0.8259263110149673 0.5614652503305123 0.05101471792044779 
v -0.77319160543965 0.632117101425519 -0.051016775310250624 
v -0.8016575317644793 0.5977835743521923 0.0 
v -0.77319160543965 0.632117101425519 0.051016775310250624 
v -0.9154397080243225 0.0 -0.40245514156529666 
v -0.9130274952070262 0.10517497658723292 -0.39410533781700907 
v -0.8649717593345674 0.1321268050122632 -0.4841139978878059 
v -0.9628492869775871 0.08376516512631635 -0.25671900529199826 
v -0.944121655483145 0.08362820153033376 -0.3188112663576485 
v -0.964353221427619 0.0 -0.26461833708602567 
v -0.8619497078979897 0.26809587898797715 -0.43031070254437553 
v -0.904142664111151 0.18829455977815207 -0.3834986332334736 
v -0.9001745541640858 0.2478497458678801 -0.3581288532200619 
v -0.996917333733128 0.06674129320346119 -0.04124838765286171 
v -0.9935202260981224 0.06668682365752374 -0.09203492752431597 
v -0.998710351649214 0.0 -0.05077039992656606 
v -0.9646854616784353 0.19818907764348367 -0.1735023041031138 
v -0.9821245741217781 0.13302146703838003 -0.13317886548951036 
v -0.9723699203976767 0.19858048747006143 -0.1227294907590216 
v -0.9884131145776139 0.0 -0.15178772984329422 
v -0.9874802473835653 0.0665178726433254 -0.14303193226094346 
v -0.9789051747260731 0.0664605208670415 -0.19320366989422796 
v -0.8236625633309153 0.4582810594728014 -0.3340036710810716 
v -0.8655585156784632 0.40169493079476204 -0.2990813242418972 
v -0.8526401643540924 0.44446382643840127 -0.2746937515087684 
v -0.8848844000414144 0.3126101046400723 -0.3453324789826017 
v -0.8763465358714616 0.3574697066779368 -0.3228500547834532 
v -0.8465479952155323 0.3714077043079883 -0.38133031478920354 
v -0.9238795325112868 0.3255299710842958 -0.20118858648686697 
v -0.9022207373048001 0.34221242765675314 -0.26246598929090675 
v -0.9331566320771104 0.2807326251652559 -0.22451702202356158 
v -0.9573487499905604 0.14998743772010503 -0.24695574384425423 
v -0.9474463540422337 0.21610348244921065 -0.235891269625228 
v -0.9258186488524092 0.2325343141685063 -0.2979725191545048 
v -0.8649717593345674 0.1321268050122632 0.4841139978878059 
v -0.9130274952070262 0.10517497658723292 0.39410533781700907 
v -0.9154397080243225 0.0 0.40245514156529666 
v -0.9001745541640858 0.2478497458678801 0.3581288532200619 
v -0.904142664111151 0.18829455977815207 0.3834986332334736 
v -0.8619497078979897 0.26809587898797715 0.43031070254437553 
v -0.964353221427619 0.0 0.26461833708602567 
v -0.944121655483145 0.08362820153033376 0.3188112663576485 
v -0.9628492869775871 0.08376516512631635 0.25671900529199826 
v -0.8526401643540924 0.44446382643840127 0.2746937515087684 
v -0.8655585156784632 0.40169493079476204 0.2990813242418972 
v -0.8236625633309153 0.4582810594728014 0.3340036710810716 
v -0.9331566320771104 0.2807326251652559 0.22451702202356158 
v -0.9022207373048001 0.34221242765675314 0.26246598929090675 
v -0.9238795325112868 0.3255299710842958 0.20118858648686697 
v -0.8465479952155323 0.3714077043079883 0.38133031478920354 
v -0.8763465358714616 0.3574697066779368 0.3228500547834532 
v -0.8848844000414144 0.3126101046400723 0.3453324789826017 
v -0.998710351649214 0.0 0.05077039992656606 
v -0.9935202260981224 0.06668682365752374 0.09203492752431597 
v -0.996917333733128 0.06674129320346119 0.04124838765286171 
v -0.9789051747260731 0.0664605208670415 0.19320366989422796 
v -0.9874802473835653 0.0665178726433254 0.14303193226094346 
v -0.9884131145776139 0.0 0.15178772984329422 
v -0.9723699203976767 0.19858048747006143 0.1227294907590216 
v -0.9821245741217781 0.13302146703838003 0.13317886548951036 
v -0.9646854616784353 0.19818907764348367 0.1735023041031138 
v -0.9258186488524092 0.2325343141685063 0.2979725191545048 
v -0.9474463540422337 0.21610348244921065 0.235891269625228 
v -0.9573487499905604 0.14998743772010503 0.24695574384425423 
v -0.8685344953217573 0.4542618175371843 -0.19822722205588805 
v -0.93513044494374 0.3323419206316517 -0.12280023912919609 
v -0.9048389750750364 0.39413623171137263 -0.16100639750493362 
v -0.8793445108320888 0.460881605624379 -0.11975548783487482 
v -0.8847600214284896 0.46421340142230466 -0.04129918185379311 
v -0.9910456560477678 0.13352343475528722 0.0 
v -0.9606547430369469 0.265518440684652 0.08150105727540298 
v -0.9788519368963131 0.20036778205522218 0.04125090967005882 
v -0.9788519368963131 0.20036778205522218 -0.04125090967005882 
v -0.9606547430369469 0.265518440684652 -0.08150105727540298 
v -0.8685344953217573 0.4542618175371843 0.19822722205588805 
v -0.8847600214284896 0.46421340142230466 0.04129918185379311 
v -0.8793445108320888 0.460881605624379 0.11975548783487482 
v -0.9048389750750364 0.39413623171137263 0.16100639750493362 
v -0.93513044494374 0.3323419206316517 0.12280023912919609 
v -0.9416180563510774 0.3341400636437266 -0.041301983266975546 
v -0.9416180563510774 0.3341400636437266 0.041301983266975546 
v -0.9160920268893074 0.40096807637247195 0.0 
v -0.616240802900069 -0.7833129030120582 0.08165885632250931 
v -0.6694570012883597 -0.7428508083229075 0.0 
v -0.616240802900069 -0.7833129030120582 -0.08165885632250931 
v -0.7415134833355698 -0.663229821988394 0.10140984792806368 
v -0.7071064655057321 -0.7041420247412189 0.06468736687582514 
v -0.6984065815323527 -0.6962573424396398 0.1656923654583501 
v -0.6984065815323527 -0.6962573424396398 -0.1656923654583501 
v -0.7071064655057321 -0.7041420247412189 -0.06468736687582514 
v -0.7415134833355698 -0.663229821988394 -0.10140984792806368 
v -0.8271472588034928 -0.5112051196418625 0.23344536385590672 
v -0.8086778023163037 -0.5506105716812374 0.20704639671758127 
v -0.792284730553873 -0.5404292921764098 0.2832332711545056 
v -0.8259263110149673 -0.5614652503305123 0.05101471792044779 
v -0.8199116718491336 -0.5577003586019298 0.12928712380139643 
v -0.8480285358002464 -0.5241104585543576 0.0784590957278454 
v -0.7527380190971917 -0.6170054102696229 0.22954258494590943 
v -0.7879479402576278 -0.588900234552714 0.1798181225225098 
v -0.7654779652955692 -0.6252202092801453 0.15212880908837387 
v -0.792284730553873 -0.5404292921764098 -0.2832332711545056 
v -0.8086778023163037 -0.5506105716812374 -0.20704639671758127 
v -0.8271472588034928 -0.5112051196418625 -0.23344536385590672 
v -0.7654779652955692 -0.6252202092801453 -0.15212880908837387 
v -0.7879479402576278 -0.588900234552714 -0.1798181225225098 
v -0.7527380190971917 -0.6170054102696229 -0.22954258494590943 
v -0.8480285358002464 -0.5241104585543576 -0.0784590957278454 
v -0.8199116718491336 -0.5577003586019298 -0.12928712380139643 
v -0.8259263110149673 -0.5614652503305123 -0.05101471792044779 
v -0.77319160543965 -0.632117101425519 0.051016775310250624 
v -0.8016575317644793 -0.5977835743521923 0.0 
v -0.77319160543965 -0.632117101425519 -0.051016775310250624 
v -0.9130274952070262 -0.10517497658723292 0.39410533781700907 
v -0.8649717593345674 -0.1321268050122632 0.4841139978878059 
v -0.9628492869775871 -0.08376516512631635 0.25671900529199826 
v -0.944121655483145 -0.08362820153033376 0.3188112663576485 
v -0.8619497078979897 -0.26809587898797715 0.43031070254437553 
v -0.904142664111151 -0.18829455977815207 0.3834986332334736 
v -0.9001745541640858 -0.2478497458678801 0.3581288532200619 
v -0.996917333733128 -0.06674129320346119 0.04124838765286171 
v -0.9935202260981224 -0.06668682365752374 0.09203492752431597 
v -0.9646854616784353 -0.19818907764348367 0.1735023041031138 
v -0.9821245741217781 -0.13302146703838003 0.13317886548951036 
v -0.9723699203976767 -0.19858048747006143 0.1227294907590216 
v -0.9874802473835653 -0.0665178726433254 0.14303193226094346 
v -0.9789051747260731 -0.0664605208670415 0.19320366989422796 
v -0.8236625633309153 -0.4582810594728014 0.3340036710810716 
v -0.8655585156784632 -0.40169493079476204 0.2990813242418972 
v -0.8526401643540924 -0.44446382643840127 0.2746937515087684 
v -0.8848844000414144 -0.3126101046400723 0.3453324789826017 
v -0.8763465358714616 -0.3574697066779368 0.3228500547834532 
v -0.8465479952155323 -0.3714077043079883 0.38133031478920354 
v -0.9238795325112868 -0.3255299710842958 0.20118858648686697 
v -0.9022207373048001 -0.34221242765675314 0.26246598929090675 
v -0.9331566320771104 -0.2807326251652559 0.22451702202356158 
v -0.9573487499905604 -0.14998743772010503 0.24695574384425423 
v -0.9474463540422337 -0.21610348244921065 0.235891269625228 
v -0.9258186488524092 -0.2325343141685063 0.2979725191545048 
v -0.8649717593345674 -0.1321268050122632 -0.4841139978878059 
v -0.9130274952070262 -0.10517497658723292 -0.39410533781700907 
v -0.9001745541640858 -0.2478497458678801 -0.3581288532200619 
v -0.904142664111151 -0.18829455977815207 -0.3834986332334736 
v -0.8619497078979897 -0.26809587898797715 -0.43031070254437553 
v -0.944121655483145 -0.08362820153033376 -0.3188112663576485 
v -0.9628492869775871 -0.08376516512631635 -0.25671900529199826 
v -0.8526401643540924 -0.44446382643840127 -0.2746937515087684 
v -0.8655585156784632 -0.40169493079476204 -0.2990813242418972 
v -0.8236625633309153 -0.4582810594728014 -0.3340036710810716 
v -0.9331566320771104 -0.2807326251652559 -0.22451702202356158 
v -0.9022207373048001 -0.34221242765675314 -0.26246598929090675 
v -0.9238795325112868 -0.3255299710842958 -0.20118858648686697 
v -0.8465479952155323 -0.3714077043079883 -0.38133031478920354 
v -0.8763465358714616 -0.3574697066779368 -0.3228500547834532 
v -0.8848844000414144 -0.3126101046400723 -0.3453324789826017 
v -0.9935202260981224 -0.06668682365752374 -0.09203492752431597 
v -0.996917333733128 -0.06674129320346119 -0.04124838765286171 
v -0.9789051747260731 -0.0664605208670415 -0.19320366989422796 
v -0.9874802473835653 -0.0665178726433254 -0.14303193226094346 
v -0.9723699203976767 -0.19858048747006143 -0.1227294907590216 
v -0.9821245741217781 -0.13302146703838003 -0.13317886548951036 
v -0.9646854616784353 -0.19818907764348367 -0.1735023041031138 
v -0.9258186488524092 -0.2325343141685063 -0.2979725191545048 
v -0.9474463540422337 -0.21610348244921065 -0.235891269625228 
v -0.9573487499905604 -0.14998743772010503 -0.24695574384425423 
v -0.8685344953217573 -0.4542618175371843 0.19822722205588805 
v -0.93513044494374 -0.3323419206316517 0.12280023912919609 
v -0.9048389750750364 -0.39413623171137263 0.16100639750493362 
v -0.8793445108320888 -0.460881605624379 0.11975548783487482 
v -0.8847600214284896 -0.46421340142230466 0.04129918185379311 
v -0.9910456560477678 -0.13352343475528722 0.0 
v -0.9606547430369469 -0.265518440684652 -0.08150105727540298 
v -0.9788519368963131 -0.20036778205522218 -0.04125090967005882 
v -0.9788519368963131 -0.20036778205522218 0.04125090967005882 
v -0.9606547430369469 -0.265518440684652 0.08150105727540298 
v -0.8685344953217573 -0.4542618175371843 -0.19822722205588805 
v -0.8847600214284896 -0.46421340142230466 -0.04129918185379311 
v -0.8793445108320888 -0.460881605624379 -0.11975548783487482 
v -0.9048389750750364 -0.39413623171137263 -0.16100639750493362 
v -0.93513044494374 -0.3323419206316517 -0.12280023912919609 
v -0.9416180563510774 -0.3341400636437266 0.041301983266975546 
v -0.9416180563510774 -0.3341400636437266 -0.041301983266975546 
v -0.9160920268893074 -0.40096807637247195 0.0 
v 0.616240802900069 0.7833129030120582 0.08165885632250931 
v 0.6694570012883597 0.7428508083229075 0.0 
v 0.616240802900069 0.7833129030120582 -0.08165885632250931 
v 0.7415134833355698 0.663229821988394 0.10140984792806368 
v 0.7071064655057321 0.7041420247412189 0.06468736687582514 
v 0.6984065815323527 0.6962573424396398 0.1656923654583501 
v 0.6984065815323527 0.6962573424396398 -0.1656923654583501 
v 0.7071064655057321 0.7041420247412189 -0.06468736687582514 
v 0.7415134833355698 0.663229821988394 -0.10140984792806368 
v 0.8271472588034928 0.5112051196418625 0.23344536385590672 
v 0.8086778023163037 0.5506105716812374 0.20704639671758127 
v 0.792284730553873 0.5404292921764098 0.2832332711545056 
v 0.8259263110149673 0.5614652503305123 0.05101471792044779 
v 0.8199116718491336 0.5577003586019298 0.12928712380139643 
v 0.8480285358002464 0.5241104585543576 0.0784590957278454 
v 0.7527380190971917 0.6170054102696229 0.22954258494590943 
v 0.7879479402576278 0.588900234552714 0.1798181225225098 
v 0.7654779652955692 0.6252202092801453 0.15212880908837387 
v 0.792284730553873 0.5404292921764098 -0.2832332711545056 
v 0.8086778023163037 0.5506105716812374 -0.20704639671758127 
v 0.8271472588034928 0.5112051196418625 -0.23344536385590672 
v 0.7654779652955692 0.6252202092801453 -0.15212880908837387 
v 0.7879479402576278 0.588900234552714 -0.1798181225225098 
v 0.7527380190971917 0.6170054102696229 -0.22954258494590943 
v 0.8480285358002464 0.5241104585543576 -0.0784590957278454 
v 0.8199116718491336 0.5577003586019298 -0.12928712380139643 
v 0.8259263110149673 0.5614652503305123 -0.05101471792044779 
v 0.77319160543965 0.632117101425519 0.051016775310250624 
v 0.8016575317644793 0.5977835743521923 0.0 
v 0.77319160543965 0.632117101425519 -0.051016775310250624 
v 0.9154397080243225 0.0 0.40245514156529666 
v 0.9130274952070262 0.10517497658723292 0.39410533781700907 
v 0.8649717593345674 0.1321268050122632 0.4841139978878059 
v 0.9628492869775871 0.08376516512631635 0.25671900529199826 
v 0.944121655483145 0.08362820153033376 0.3188112663576485 
v 0.964353221427619 0.0 0.26461833708602567 
v 0.8619497078979897 0.26809587898797715 0.43031070254437553 
v 0.904142664111151 0.18829455977815207 0.3834986332334736 
v 0.9001745541640858 0.2478497458678801 0.3581288532200619 
v 0.996917333733128 0.06674129320346119 0.04124838765286171 
v 0.9935202260981224 0.06668682365752374 0.09203492752431597 
v 0.998710351649214 0.0 0.05077039992656606 
v 0.9646854616784353 0.19818907764348367 0.1735023041031138 
v 0.9821245741217781 0.13302146703838003 0.13317886548951036 
v 0.9723699203976767 0.19858048747006143 0.1227294907590216 
v 0.9884131145776139 0.0 0.15178772984329422 
v 0.9874802473835653 0.0665178726433254 0.14303193226094346 
v 0.9789051747260731 0.0664605208670415 0.19320366989422796 
v 0.8236625633309153 0.4582810594728014 0.3340036710810716 
v 0.8655585156784632 0.40169493079476204 0.2990813242418972 
v 0.8526401643540924 0.44446382643840127 0.2746937515087684 
v 0.8848844000414144 0.3126101046400723 0.3453324789826017 
v 0.8763465358714616 0.3574697066779368 0.3228500547834532 
v 0.8465479952155323 0.3714077043079883 0.38133031478920354 
v 0.9238795325112868 0.3255299710842958 0.20118858648686697 
v 0.9022207373048001 0.34221242765675314 0.26246598929090675 
v 0.9331566320771104 0.2807326251652559 0.22451702202356158 
v 0.9573487499905604 0.14998743772010503 0.24695574384425423 
v 0.9474463540422337 0.21610348244921065 0.235891269625228 
v 0.9258186488524092 0.2325343141685063 0.2979725191545048 
v 0.8649717593345674 0.1321268050122632 -0.4841139978878059 
v 0.9130274952070262 0.10517497658723292 -0.39410533781700907 
v 0.9154397080243225 0.0 -0.40245514156529666 
v 0.9001745541640858 0.2478497458678801 -0.3581288532200619 
v 0.904142664111151 0.18829455977815207 -0.3834986332334736 
v 0.8619497078979897 0.26809587898797715 -0.43031070254437553 
v 0.964353221427619 0.0 -0.26461833708602567 
v 0.944121655483145 0.08362820153033376 -0.3188112663576485 
v 0.9628492869775871 0.08376516512631635 -0.25671900529199826 
v 0.8526401643540924 0.44446382643840127 -0.2746937515087684 
v 0.8655585156784632 0.40169493079476204 -0.2990813242418972 
v 0.8236625633309153 0.4582810594728014 -0.3340036710810716 
v 0.9331566320771104 0.2807326251652559 -0.22451702202356158 
v 0.9022207373048001 0.34221242765675314 -0.26246598929090675 
v 0.9238795325112868 0.3255299710842958 -0.20118858648686697 
v 0.8465479952155323 0.3714077043079883 -0.38133031478920354 
v 0.8763465358714616 0.3574697066779368 -0.3228500547834532 
v 0.8848844000414144 0.3126101046400723 -0.3453324789826017 
v 0.998710351649214 0.0 -0.05077039992656606 
v 0.9935202260981224 0.06668682365752374 -0.09203492752431597 
v 0.996917333733128 0.06674129320346119 -0.04124838765286171 
v 0.9789051747260731 0.0664605208670415 -0.19320366989422796 
v 0.9874802473835653 0.0665178726433254 -0.14303193226094346 
v 0.9884131145776139 0.0 -0.15178772984329422 
v 0.9723699203976767 0.19858048747006143 -0.1227294907590216 
v 0.9821245741217781 0.13302146703838003 -0.13317886548951036 
v 0.9646854616784353 0.19818907764348367 -0.1735023041031138 
v 0.9258186488524092 0.2325343141685063 -0.2979725191545048 
v 0.9474463540422337 0.21610348244921065 -0.235891269625228 
v 0.9573487499905604 0.14998743772010503 -0.24695574384425423 
v 0.8685344953217573 0.4542618175371843 0.19822722205588805 
v 0.93513044494374 0.3323419206316517 0.12280023912919609 
v 0.9048389750750364 0.39413623171137263 0.16100639750493362 
v 0.8793445108320888 0.460881605624379 0.11975548783487482 
v 0.8847600214284896 0.46421340142230466 0.04129918185379311 
v 0.9910456560477678 0.13352343475528722 0.0 
v 0.9606547430369469 0.265518440684652 -0.08150105727540298 
v 0.9788519368963131 0.20036778205522218 -0.04125090967005882 
v 0.9788519368963131 0.20036778205522218 0.04125090967005882 
v 0.9606547430369469 0.265518440684652 0.08150105727540298 
v 0.8685344953217573 0.4542618175371843 -0.19822722205588805 
v 0.8847600214284896 0.46421340142230466 -0.04129918185379311 
v 0.8793445108320888 0.460881605624379 -0.11975548783487482 
v 0.9048389750750364 0.39413623171137263 -0.16100639750493362 
v 0.93513044494374 0.3323419206316517 -0.12280023912919609 
v 0.9416180563510774 0.3341400636437266 0.041301983266975546 
v 0.9416180563510774 0.3341400636437266 -0.041301983266975546 
v 0.9160920268893074 0.40096807637247195 0.0 
v 0.616240802900069 -0.7833129030120582 -0.08165885632250931 
v 0.6694570012883597 -0.7428508083229075 0.0 
v 0.616240802900069 -0.7833129030120582 0.08165885632250931 
v 0.7415134833355698 -0.663229821988394 -0.10140984792806368 
v 0.7071064655057321 -0.7041420247412189 -0.06468736687582514 
v 0.6984065815323527 -0.6962573424396398 -0.1656923654583501 
v 0.6984065815323527 -0.6962573424396398 0.1656923654583501 
v 0.7071064655057321 -0.7041420247412189 0.06468736687582514 
v 0.7415134833355698 -0.663229821988394 0.10140984792806368 
v 0.8271472588034928 -0.5112051196418625 -0.23344536385590672 
v 0.8086778023163037 -0.5506105716812374 -0.20704639671758127 
v 0.792284730553873 -0.5404292921764098 -0.2832332711545056 
v 0.8259263110149673 -0.5614652503305123 -0.05101471792044779 
v 0.8199116718491336 -0.5577003586019298 -0.12928712380139643 
v 0.8480285358002464 -0.5241104585543576 -0.0784590957278454 
v 0.7527380190971917 -0.6170054102696229 -0.22954258494590943 
v 0.7879479402576278 -0.588900234552714 -0.1798181225225098 
v 0.7654779652955692 -0.6252202092801453 -0.15212880908837387 
v 0.792284730553873 -0.5404292921764098 0.2832332711545056 
v 0.8086778023163037 -0.5506105716812374 0.20704639671758127 
v 0.8271472588034928 -0.5112051196418625 0.23344536385590672 
v 0.7654779652955692 -0.6252202092801453 0.15212880908837387 
v 0.7879479402576278 -0.588900234552714 0.1798181225225098 
v 0.7527380190971917 -0.6170054102696229 0.22954258494590943 
v 0.8480285358002464 -0.5241104585543576 0.0784590957278454 
v 0.8199116718491336 -0.5577003586019298 0.12928712380139643 
v 0.8259263110149673 -0.5614652503305123 0.05101471792044779 
v 0.77319160543965 -0.632117101425519 -0.051016775310250624 
v 0.8016575317644793 -0.5977835743521923 0.0 
v 0.77319160543965 -0.632117101425519 0.051016775310250624 
v 0.9130274952070262 -0.10517497658723292 -0.39410533781700907 
v 0.8649717593345674 -0.1321268050122632 -0.4841139978878059 
v 0.9628492869775871 -0.08376516512631635 -0.25671900529199826 
v 0.944121655483145 -0.08362820153033376 -0.3188112663576485 
v 0.8619497078979897 -0.26809587898797715 -0.43031070254437553 
v 0.904142664111151 -0.18829455977815207 -0.3834986332334736 
v 0.9001745541640858 -0.2478497458678801 -0.3581288532200619 
v 0.996917333733128 -0.06674129320346119 -0.04124838765286171 
v 0.9935202260981224 -0.06668682365752374 -0.09203492752431597 
v 0.9646854616784353 -0.19818907764348367 -0.1735023041031138 
v 0.9821245741217781 -0.13302146703838003 -0.13317886548951036 
v 0.9723699203976767 -0.19858048747006143 -0.1227294907590216 
v 0.9874802473835653 -0.0665178726433254 -0.14303193226094346 
v 0.9789051747260731 -0.0664605208670415 -0.19320366989422796 
v 0.8236625633309153 -0.4582810594728014 -0.3340036710810716 
v 0.8655585156784632 -0.40169493079476204 -0.2990813242418972 
v 0.8526401643540924 -0.44446382643840127 -0.2746937515087684 
v 0.8848844000414144 -0.3126101046400723 -0.3453324789826017 
v 0.8763465358714616 -0.3574697066779368 -0.3228500547834532 
v 0.8465479952155323 -0.3714077043079883 -0.38133031478920354 
v 0.9238795325112868 -0.3255299710842958 -0.20118858648686697 
v 0.9022207373048001 -0.34221242765675314 -0.26246598929090675 
v 0.9331566320771104 -0.2807326251652559 -0.22451702202356158 
v 0.9573487499905604 -0.14998743772010503 -0.24695574384425423 
v 0.9474463540422337 -0.21610348244921065 -0.235891269625228 
v 0.9258186488524092 -0.2325343141685063 -0.2979725191545048 
v 0.8649717593345674 -0.1321268050122632 0.4841139978878059 
v 0.9130274952070262 -0.10517497658723292 0.39410533781700907 
v 0.9001745541640858 -0.2478497458678801 0.3581288532200619 
v 0.904142664111151 -0.18829455977815207 0.3834986332334736 
v 0.8619497078979897 -0.26809587898797715 0.43031070254437553 
v 0.944121655483145 -0.08362820153033376 0.3188112663576485 
v 0.9628492869775871 -0.08376516512631635 0.25671900529199826 
v 0.8526401643540924 -0.44446382643840127 0.2746937515087684 
v 0.8655585156784632 -0.40169493079476204 0.2990813242418972 
v 0.8236625633309153 -0.4582810594728014 0.3340036710810716 
v 0.9331566320771104 -0.2807326251652559 0.22451702202356158 
v 0.9022207373048001 -0.34221242765675314 0.26246598929090675 
v 0.9238795325112868 -0.3255299710842958 0.20118858648686697 
v 0.8465479952155323 -0.3714077043079883 0.38133031478920354 
v 0.8763465358714616 -0.3574697066779368 0.3228500547834532 
v 0.8848844000414144 -0.3126101046400723 0.3453324789826017 
v 0.9935202260981224 -0.06668682365752374 0.09203492752431597 
v 0.996917333733128 -0.06674129320346119 0.04124838765286171 
v 0.9789051747260731 -0.0664605208670415 0.19320366989422796 
v 0.9874802473835653 -0.0665178726433254 0.14303193226094346 
v 0.9723699203976767 -0.19858048747006143 0.1227294907590216 
v 0.9821245741217781 -0.13302146703838003 0.13317886548951036 
v 0.9646854616784353 -0.19818907764348367 0.1735023041031138 
v 0.9258186488524092 -0.2325343141685063 0.2979725191545048 
v 0.9474463540422337 -0.21610348244921065 0.235891269625228 
v 0.9573487499905604 -0.14998743772010503 0.24695574384425423 
v 0.8685344953217573 -0.4542618175371843 -0.19822722205588805 
v 0.93513044494374 -0.3323419206316517 -0.12280023912919609 
v 0.9048389750750364 -0.39413623171137263 -0.16100639750493362 
v 0.8793445108320888 -0.460881605624379 -0.11975548783487482 
v 0.8847600214284896 -0.46421340142230466 -0.04129918185379311 
v 0.9910456560477678 -0.13352343475528722 0.0 
v 0.9606547430369469 -0.265518440684652 0.08150105727540298 
v 0.9788519368963131 -0.20036778205522218 0.04125090967005882 
v 0.9788519368963131 -0.20036778205522218 -0.04125090967005882 
v 0.9606547430369469 -0.265518440684652 -0.08150105727540298 
v 0.8685344953217573 -0.4542618175371843 0.19822722205588805 
v 0.8847600214284896 -0.46421340142230466 0.04129918185379311 
v 0.8793445108320888 -0.460881605624379 0.11975548783487482 
v 0.9048389750750364 -0.39413623171137263 0.16100639750493362 
v 0.93513044494374 -0.3323419206316517 0.12280023912919609 
v 0.9416180563510774 -0.3341400636437266 -0.041301983266975546 
v 0.9416180563510774 -0.3341400636437266 0.041301983266975546 
v 0.9160920268893074 -0.40096807637247195 0.0 
v -0.17017668688411783 0.5642820247011269 0.8078525186197922 
v -0.23694473217569137 0.6577483182092532 0.7149995411097052 
v -0.2000006393699316 0.6234782639753982 0.7558270957049914 
v -0.23997963074192474 0.51881190572758 0.8205144625808165 
v -0.2996194649891914 0.49366373746768943 0.8164093890377687 
v -0.34143504471222963 0.7604059656000314 0.5524535072947241 
v -0.31494794399722564 0.7419909786587798 0.5918252953033578 
v -0.3716913817465972 0.6277372333714831 0.6839528365131776 
v -0.3445203787028697 0.6868902048107531 0.6399121464650228 
v -0.3997690739569284 0.6494480483301843 0.6468399493133787 
v -0.2874463013187474 0.7214300676143021 0.6300105407056261 
v -0.25966419076126895 0.6990174444285274 0.6662950700859986 
v -0.4429096544168827 0.4069828715215415 0.798871692020939 
v -0.485712214091263 0.3826834323650913 0.7858988711506307 
v -0.3536849654459258 0.45286786065549683 0.8184238791743725 
v -0.39858001283084904 0.43047823357969084 0.8098286632281358 
v -0.44825946184331744 0.52249856471595 0.7252990450412241 
v -0.4244242155198465 0.4776992441923801 0.7691992702664192 
v -0.40322021134792163 0.545193685849711 0.7349675544336254 
v -0.2937015474268894 0.6232041677195447 0.7248144358220525 
v -0.34966277969004034 0.5855540493152681 0.7313428715930216 
v -0.32523164856504 0.5406572912711436 0.775831211132303 
v -0.5642820247011268 0.8078525186197923 0.17017668688411783 
v -0.6577483182092532 0.7149995411097052 0.23694473217569137 
v -0.6234782639753982 0.7558270957049914 0.20000063936993157 
v -0.51881190572758 0.8205144625808165 0.23997963074192474 
v -0.4936637374676895 0.8164093890377688 0.2996194649891914 
v -0.7604059656000314 0.5524535072947241 0.34143504471222963 
v -0.7419909786587798 0.5918252953033578 0.3149479439972256 
v -0.6277372333714831 0.6839528365131776 0.3716913817465972 
v -0.6868902048107532 0.6399121464650228 0.3445203787028698 
v -0.6494480483301843 0.6468399493133787 0.3997690739569284 
v -0.7214300676143021 0.6300105407056261 0.28744630131874743 
v -0.6990174444285274 0.6662950700859986 0.25966419076126895 
v -0.4069828715215415 0.798871692020939 0.4429096544168827 
v -0.3826834323650913 0.7858988711506307 0.485712214091263 
v -0.45286786065549683 0.8184238791743725 0.3536849654459258 
v -0.43047823357969084 0.8098286632281358 0.39858001283084904 
v -0.5224985647159499 0.7252990450412241 0.4482594618433174 
v -0.4776992441923801 0.7691992702664192 0.4244242155198465 
v -0.545193685849711 0.7349675544336254 0.40322021134792163 
v -0.6232041677195447 0.7248144358220525 0.2937015474268894 
v -0.5855540493152681 0.7313428715930216 0.34966277969004034 
v -0.5406572912711436 0.775831211132303 0.32523164856504 
v -0.8078525186197923 0.17017668688411783 0.5642820247011268 
v -0.7149995411097051 0.23694473217569134 0.6577483182092532 
v -0.7558270957049914 0.20000063936993157 0.6234782639753981 
v -0.8205144625808165 0.23997963074192474 0.51881190572758 
v -0.8164093890377687 0.2996194649891914 0.49366373746768943 
v -0.5524535072947241 0.34143504471222963 0.7604059656000314 
v -0.5918252953033578 0.31494794399722564 0.7419909786587798 
v -0.6839528365131776 0.3716913817465972 0.6277372333714831 
v -0.6399121464650228 0.3445203787028697 0.6868902048107531 
v -0.6468399493133787 0.3997690739569284 0.6494480483301843 
v -0.6300105407056261 0.2874463013187474 0.7214300676143021 
v -0.6662950700859986 0.25966419076126895 0.6990174444285274 
v -0.798871692020939 0.4429096544168827 0.4069828715215415 
v -0.7858988711506307 0.485712214091263 0.3826834323650913 
v -0.8184238791743725 0.3536849654459258 0.45286786065549683 
v -0.8098286632281358 0.39858001283084904 0.43047823357969084 
v -0.7252990450412241 0.44825946184331744 0.52249856471595 
v -0.7691992702664192 0.4244242155198465 0.4776992441923801 
v -0.7349675544336254 0.40322021134792163 0.545193685849711 
v -0.7248144358220525 0.2937015474268894 0.6232041677195447 
v -0.7313428715930216 0.34966277969004034 0.5855540493152681 
v -0.775831211132303 0.32523164856504 0.5406572912711436 
v -0.4142726777845724 0.7350110605664694 0.5367838385105813 
v -0.5524181007968372 0.6696120042590866 0.4964413416146407 
v -0.4852082791207153 0.7044711930198132 0.517970331271932 
v -0.4439573694506565 0.6789767287768658 0.5847157051849383 
v -0.47091704352143426 0.619241580743837 0.6283128224052935 
v -0.7350110605664694 0.5367838385105813 0.4142726777845724 
v -0.6696120042590866 0.4964413416146407 0.5524181007968372 
v -0.7044711930198132 0.517970331271932 0.4852082791207153 
v -0.6789767287768658 0.5847157051849383 0.4439573694506565 
v -0.6192415807438368 0.6283128224052934 0.4709170435214342 
v -0.5367838385105813 0.4142726777845724 0.7350110605664694 
v -0.4964413416146407 0.5524181007968372 0.6696120042590866 
v -0.517970331271932 0.4852082791207153 0.7044711930198132 
v -0.5847157051849383 0.4439573694506565 0.6789767287768658 
v -0.6283128224052934 0.4709170435214342 0.6192415807438368 
v -0.5819519632455797 0.6074779927073494 0.5406499799786041 
v -0.6074779927073494 0.5406499799786041 0.5819519632455797 
v -0.5406499799786041 0.5819519632455797 0.6074779927073494 
v 0.17017668688411783 0.5642820247011269 0.8078525186197922 
v 0.2996194649891914 0.49366373746768943 0.8164093890377687 
v 0.23997963074192474 0.51881190572758 0.8205144625808165 
v 0.2000006393699316 0.6234782639753982 0.7558270957049914 
v 0.23694473217569137 0.6577483182092532 0.7149995411097052 
v 0.485712214091263 0.3826834323650913 0.7858988711506307 
v 0.4429096544168827 0.4069828715215415 0.798871692020939 
v 0.40322021134792163 0.545193685849711 0.7349675544336254 
v 0.4244242155198465 0.4776992441923801 0.7691992702664192 
v 0.44825946184331744 0.52249856471595 0.7252990450412241 
v 0.39858001283084904 0.43047823357969084 0.8098286632281358 
v 0.3536849654459258 0.45286786065549683 0.8184238791743725 
v 0.31494794399722564 0.7419909786587798 0.5918252953033578 
v 0.34143504471222963 0.7604059656000314 0.5524535072947241 
v 0.25966419076126895 0.6990174444285274 0.6662950700859986 
v 0.2874463013187474 0.7214300676143021 0.6300105407056261 
v 0.3997690739569284 0.6494480483301843 0.6468399493133787 
v 0.3445203787028697 0.6868902048107531 0.6399121464650228 
v 0.3716913817465972 0.6277372333714831 0.6839528365131776 
v 0.32523164856504 0.5406572912711436 0.775831211132303 
v 0.34966277969004034 0.5855540493152681 0.7313428715930216 
v 0.2937015474268894 0.6232041677195447 0.7248144358220525 
v 0.8078525186197923 0.17017668688411783 0.5642820247011268 
v 0.8164093890377687 0.2996194649891914 0.49366373746768943 
v 0.8205144625808165 0.23997963074192474 0.51881190572758 
v 0.7558270957049914 0.20000063936993157 0.6234782639753981 
v 0.7149995411097051 0.23694473217569134 0.6577483182092532 
v 0.7858988711506307 0.485712214091263 0.3826834323650913 
v 0.798871692020939 0.4429096544168827 0.4069828715215415 
v 0.7349675544336254 0.40322021134792163 0.545193685849711 
v 0.7691992702664192 0.4244242155198465 0.4776992441923801 
v 0.7252990450412241 0.44825946184331744 0.52249856471595 
v 0.8098286632281358 0.39858001283084904 0.43047823357969084 
v 0.8184238791743725 0.3536849654459258 0.45286786065549683 
v 0.5918252953033578 0.31494794399722564 0.7419909786587798 
v 0.5524535072947241 0.34143504471222963 0.7604059656000314 
v 0.6662950700859986 0.25966419076126895 0.6990174444285274 
v 0.6300105407056261 0.2874463013187474 0.7214300676143021 
v 0.6468399493133787 0.3997690739569284 0.6494480483301843 
v 0.6399121464650228 0.3445203787028697 0.6868902048107531 
v 0.6839528365131776 0.3716913817465972 0.6277372333714831 
v 0.775831211132303 0.32523164856504 0.5406572912711436 
v 0.7313428715930216 0.34966277969004034 0.5855540493152681 
v 0.7248144358220525 0.2937015474268894 0.6232041677195447 
v 0.5642820247011268 0.8078525186197923 0.17017668688411783 
v 0.4936637374676895 0.8164093890377688 0.2996194649891914 
v 0.51881190572758 0.8205144625808165 0.23997963074192474 
v 0.6234782639753982 0.7558270957049914 0.20000063936993157 
v 0.6577483182092532 0.7149995411097052 0.23694473217569137 
v 0.3826834323650913 0.7858988711506307 0.485712214091263 
v 0.4069828715215415 0.798871692020939 0.4429096544168827 
v 0.545193685849711 0.7349675544336254 0.40322021134792163 
v 0.4776992441923801 0.7691992702664192 0.4244242155198465 
v 0.5224985647159499 0.7252990450412241 0.4482594618433174 
v 0.43047823357969084 0.8098286632281358 0.39858001283084904 
v 0.45286786065549683 0.8184238791743725 0.3536849654459258 
v 0.7419909786587798 0.5918252953033578 0.3149479439972256 
v 0.7604059656000314 0.5524535072947241 0.34143504471222963 
v 0.6990174444285274 0.6662950700859986 0.25966419076126895 
v 0.7214300676143021 0.6300105407056261 0.28744630131874743 
v 0.6494480483301843 0.6468399493133787 0.3997690739569284 
v 0.6868902048107532 0.6399121464650228 0.3445203787028698 
v 0.6277372333714831 0.6839528365131776 0.3716913817465972 
v 0.5406572912711436 0.775831211132303 0.32523164856504 
v 0.5855540493152681 0.7313428715930216 0.34966277969004034 
v 0.6232041677195447 0.7248144358220525 0.2937015474268894 
v 0.5367838385105813 0.4142726777845724 0.7350110605664694 
v 0.6283128224052934 0.4709170435214342 0.6192415807438368 
v 0.5847157051849383 0.4439573694506565 0.6789767287768658 
v 0.517970331271932 0.4852082791207153 0.7044711930198132 
v 0.4964413416146407 0.5524181007968372 0.6696120042590866 
v 0.7350110605664694 0.5367838385105813 0.4142726777845724 
v 0.6192415807438368 0.6283128224052934 0.4709170435214342 
v 0.6789767287768658 0.5847157051849383 0.4439573694506565 
v 0.7044711930198132 0.517970331271932 0.4852082791207153 
v 0.6696120042590866 0.4964413416146407 0.5524181007968372 
v 0.4142726777845724 0.7350110605664694 0.5367838385105813 
v 0.47091704352143426 0.619241580743837 0.6283128224052935 
v 0.4439573694506565 0.6789767287768658 0.5847157051849383 
v 0.4852082791207153 0.7044711930198132 0.517970331271932 
v 0.5524181007968372 0.6696120042590866 0.4964413416146407 
v 0.6074779927073494 0.5406499799786041 0.5819519632455797 
v 0.5819519632455797 0.6074779927073494 0.5406499799786041 
v 0.5406499799786041 0.5819519632455797 0.6074779927073494 
v -0.17017668688411783 0.5642820247011269 -0.8078525186197922 
v -0.2996194649891914 0.49366373746768943 -0.8164093890377687 
v -0.23997963074192474 0.51881190572758 -0.8205144625808165 
v -0.2000006393699316 0.6234782639753982 -0.7558270957049914 
v -0.23694473217569137 0.6577483182092532 -0.7149995411097052 
v -0.485712214091263 0.3826834323650913 -0.7858988711506307 
v -0.4429096544168827 0.4069828715215415 -0.798871692020939 
v -0.40322021134792163 0.545193685849711 -0.7349675544336254 
v -0.4244242155198465 0.4776992441923801 -0.7691992702664192 
v -0.44825946184331744 0.52249856471595 -0.7252990450412241 
v -0.39858001283084904 0.43047823357969084 -0.8098286632281358 
v -0.3536849654459258 0.45286786065549683 -0.8184238791743725 
v -0.31494794399722564 0.7419909786587798 -0.5918252953033578 
v -0.34143504471222963 0.7604059656000314 -0.5524535072947241 
v -0.25966419076126895 0.6990174444285274 -0.6662950700859986 
v -0.2874463013187474 0.7214300676143021 -0.6300105407056261 
v -0.3997690739569284 0.6494480483301843 -0.6468399493133787 
v -0.3445203787028697 0.6868902048107531 -0.6399121464650228 
v -0.3716913817465972 0.6277372333714831 -0.6839528365131776 
v -0.32523164856504 0.5406572912711436 -0.775831211132303 
v -0.34966277969004034 0.5855540493152681 -0.7313428715930216 
v -0.2937015474268894 0.6232041677195447 -0.7248144358220525 
v -0.8078525186197923 0.17017668688411783 -0.5642820247011268 
v -0.8164093890377687 0.2996194649891914 -0.49366373746768943 
v -0.8205144625808165 0.23997963074192474 -0.51881190572758 
v -0.7558270957049914 0.20000063936993157 -0.6234782639753981 
v -0.7149995411097051 0.23694473217569134 -0.6577483182092532 
v -0.7858988711506307 0.485712214091263 -0.3826834323650913 
v -0.798871692020939 0.4429096544168827 -0.4069828715215415 
v -0.7349675544336254 0.40322021134792163 -0.545193685849711 
v -0.7691992702664192 0.4244242155198465 -0.4776992441923801 
v -0.7252990450412241 0.44825946184331744 -0.52249856471595 
v -0.8098286632281358 0.39858001283084904 -0.43047823357969084 
v -0.8184238791743725 0.3536849654459258 -0.45286786065549683 
v -0.5918252953033578 0.31494794399722564 -0.7419909786587798 
v -0.5524535072947241 0.34143504471222963 -0.7604059656000314 
v -0.6662950700859986 0.25966419076126895 -0.6990174444285274 
v -0.6300105407056261 0.2874463013187474 -0.7214300676143021 
v -0.6468399493133787 0.3997690739569284 -0.6494480483301843 
v -0.6399121464650228 0.3445203787028697 -0.6868902048107531 
v -0.6839528365131776 0.3716913817465972 -0.6277372333714831 
v -0.775831211132303 0.32523164856504 -0.5406572912711436 
v -0.7313428715930216 0.34966277969004034 -0.5855540493152681 
v -0.7248144358220525 0.2937015474268894 -0.6232041677195447 
v -0.5642820247011268 0.8078525186197923 -0.17017668688411783 
v -0.4936637374676895 0.8164093890377688 -0.2996194649891914 
v -0.51881190572758 0.8205144625808165 -0.23997963074192474 
v -0.6234782639753982 0.7558270957049914 -0.20000063936993157 
v -0.6577483182092532 0.7149995411097052 -0.23694473217569137 
v -0.3826834323650913 0.7858988711506307 -0.485712214091263 
v -0.4069828715215415 0.798871692020939 -0.4429096544168827 
v -0.545193685849711 0.7349675544336254 -0.40322021134792163 
v -0.4776992441923801 0.7691992702664192 -0.4244242155198465 
v -0.5224985647159499 0.7252990450412241 -0.4482594618433174 
v -0.43047823357969084 0.8098286632281358 -0.39858001283084904 
v -0.45286786065549683 0.8184238791743725 -0.3536849654459258 
v -0.7419909786587798 0.5918252953033578 -0.3149479439972256 
v -0.7604059656000314 0.5524535072947241 -0.34143504471222963 
v -0.6990174444285274 0.6662950700859986 -0.25966419076126895 
v -0.7214300676143021 0.6300105407056261 -0.28744630131874743 
v -0.6494480483301843 0.6468399493133787 -0.3997690739569284 
v -0.6868902048107532 0.6399121464650228 -0.3445203787028698 
v -0.6277372333714831 0.6839528365131776 -0.3716913817465972 
v -0.5406572912711436 0.775831211132303 -0.32523164856504 
v -0.5855540493152681 0.7313428715930216 -0.34966277969004034 
v -0.6232041677195447 0.7248144358220525 -0.2937015474268894 
v -0.5367838385105813 0.4142726777845724 -0.7350110605664694 
v -0.6283128224052934 0.4709170435214342 -0.6192415807438368 
v -0.5847157051849383 0.4439573694506565 -0.6789767287768658 
v -0.517970331271932 0.4852082791207153 -0.7044711930198132 
v -0.4964413416146407 0.5524181007968372 -0.6696120042590866 
v -0.7350110605664694 0.5367838385105813 -0.4142726777845724 
v -0.6192415807438368 0.6283128224052934 -0.4709170435214342 
v -0.6789767287768658 0.5847157051849383 -0.4439573694506565 
v -0.7044711930198132 0.517970331271932 -0.4852082791207153 
v -0.6696120042590866 0.4964413416146407 -0.5524181007968372 
v -0.4142726777845724 0.7350110605664694 -0.5367838385105813 
v -0.47091704352143426 0.619241580743837 -0.6283128224052935 
v -0.4439573694506565 0.6789767287768658 -0.5847157051849383 
v -0.4852082791207153 0.7044711930198132 -0.517970331271932 
v -0.5524181007968372 0.6696120042590866 -0.4964413416146407 
v -0.6074779927073494 0.5406499799786041 -0.5819519632455797 
v -0.5819519632455797 0.6074779927073494 -0.5406499799786041 
v -0.5406499799786041 0.5819519632455797 -0.6074779927073494 
v 0.17017668688411783 0.5642820247011269 -0.8078525186197922 
v 0.23694473217569137 0.6577483182092532 -0.7149995411097052 
v 0.2000006393699316 0.6234782639753982 -0.7558270957049914 
v 0.23997963074192474 0.51881190572758 -0.8205144625808165 
v 0.2996194649891914 0.49366373746768943 -0.8164093890377687 
v 0.34143504471222963 0.7604059656000314 -0.5524535072947241 
v 0.31494794399722564 0.7419909786587798 -0.5918252953033578 
v 0.3716913817465972 0.6277372333714831 -0.6839528365131776 
v 0.3445203787028697 0.6868902048107531 -0.6399121464650228 
v 0.3997690739569284 0.6494480483301843 -0.6468399493133787 
v 0.2874463013187474 0.7214300676143021 -0.6300105407056261 
v 0.25966419076126895 0.6990174444285274 -0.6662950700859986 
v 0.4429096544168827 0.4069828715215415 -0.798871692020939 
v 0.485712214091263 0.3826834323650913 -0.7858988711506307 
v 0.3536849654459258 0.45286786065549683 -0.8184238791743725 
v 0.39858001283084904 0.43047823357969084 -0.8098286632281358 
v 0.44825946184331744 0.52249856471595 -0.7252990450412241 
v 0.4244242155198465 0.4776992441923801 -0.7691992702664192 
v 0.40322021134792163 0.545193685849711 -0.7349675544336254 
v 0.2937015474268894 0.6232041677195447 -0.7248144358220525 
v 0.34966277969004034 0.5855540493152681 -0.7313428715930216 
v 0.32523164856504 0.5406572912711436 -0.775831211132303 
v 0.5642820247011268 0.8078525186197923 -0.17017668688411783 
v 0.6577483182092532 0.7149995411097052 -0.23694473217569137 
v 0.6234782639753982 0.7558270957049914 -0.20000063936993157 
v 0.51881190572758 0.8205144625808165 -0.23997963074192474 
v 0.4936637374676895 0.8164093890377688 -0.2996194649891914 
v 0.7604059656000314 0.5524535072947241 -0.34143504471222963 
v 0.7419909786587798 0.5918252953033578 -0.3149479439972256 
v 0.6277372333714831 0.6839528365131776 -0.3716913817465972 
v 0.6868902048107532 0.6399121464650228 -0.3445203787028698 
v 0.6494480483301843 0.6468399493133787 -0.3997690739569284 
v 0.7214300676143021 0.6300105407056261 -0.28744630131874743 
v 0.6990174444285274 0.6662950700859986 -0.25966419076126895 
v 0.4069828715215415 0.798871692020939 -0.4429096544168827 
v 0.3826834323650913 0.7858988711506307 -0.485712214091263 
v 0.45286786065549683 0.8184238791743725 -0.3536849654459258 
v 0.43047823357969084 0.8098286632281358 -0.39858001283084904 
v 0.5224985647159499 0.7252990450412241 -0.4482594618433174 
v 0.4776992441923801 0.7691992702664192 -0.4244242155198465 
v 0.545193685849711 0.7349675544336254 -0.40322021134792163 
v 0.6232041677195447 0.7248144358220525 -0.2937015474268894 
v 0.5855540493152681 0.7313428715930216 -0.34966277969004034 
v 0.5406572912711436 0.775831211132303 -0.32523164856504 
v 0.8078525186197923 0.17017668688411783 -0.5642820247011268 
v 0.7149995411097051 0.23694473217569134 -0.6577483182092532 
v 0.7558270957049914 0.20000063936993157 -0.6234782639753981 
v 0.8205144625808165 0.23997963074192474 -0.51881190572758 
v 0.8164093890377687 0.2996194649891914 -0.49366373746768943 
v 0.5524535072947241 0.34143504471222963 -0.7604059656000314 
v 0.5918252953033578 0.31494794399722564 -0.7419909786587798 
v 0.6839528365131776 0.3716913817465972 -0.6277372333714831 
v 0.6399121464650228 0.3445203787028697 -0.6868902048107531 
v 0.6468399493133787 0.3997690739569284 -0.6494480483301843 
v 0.6300105407056261 0.2874463013187474 -0.7214300676143021 
v 0.6662950700859986 0.25966419076126895 -0.6990174444285274 
v 0.798871692020939 0.4429096544168827 -0.4069828715215415 
v 0.7858988711506307 0.485712214091263 -0.3826834323650913 
v 0.8184238791743725 0.3536849654459258 -0.45286786065549683 
v 0.8098286632281358 0.39858001283084904 -0.43047823357969084 
v 0.7252990450412241 0.44825946184331744 -0.52249856471595 
v 0.7691992702664192 0.4244242155198465 -0.4776992441923801 
v 0.7349675544336254 0.40322021134792163 -0.545193685849711 
v 0.7248144358220525 0.2937015474268894 -0.6232041677195447 
v 0.7313428715930216 0.34966277969004034 -0.5855540493152681 
v 0.775831211132303 0.32523164856504 -0.5406572912711436 
v 0.4142726777845724 0.7350110605664694 -0.5367838385105813 
v 0.5524181007968372 0.6696120042590866 -0.4964413416146407 
v 0.4852082791207153 0.7044711930198132 -0.517970331271932 
v 0.4439573694506565 0.6789767287768658 -0.5847157051849383 
v 0.47091704352143426 0.619241580743837 -0.6283128224052935 
v 0.7350110605664694 0.5367838385105813 -0.4142726777845724 
v 0.6696120042590866 0.4964413416146407 -0.5524181007968372 
v 0.7044711930198132 0.517970331271932 -0.4852082791207153 
v 0.6789767287768658 0.5847157051849383 -0.4439573694506565 
v 0.6192415807438368 0.6283128224052934 -0.4709170435214342 
v 0.5367838385105813 0.4142726777845724 -0.7350110605664694 
v 0.4964413416146407 0.5524181007968372 -0.6696120042590866 
v 0.517970331271932 0.4852082791207153 -0.7044711930198132 
v 0.5847157051849383 0.4439573694506565 -0.6789767287768658 
v 0.6283128224052934 0.4709170435214342 -0.6192415807438368 
v 0.5819519632455797 0.6074779927073494 -0.5406499799786041 
v 0.6074779927073494 0.5406499799786041 -0.5819519632455797 
v 0.5406499799786041 0.5819519632455797 -0.6074779927073494 
v -0.17017668688411783 -0.5642820247011269 -0.8078525186197922 
v -0.23694473217569137 -0.6577483182092532 -0.7149995411097052 
v -0.2000006393699316 -0.6234782639753982 -0.7558270957049914 
v -0.23997963074192474 -0.51881190572758 -0.8205144625808165 
v -0.2996194649891914 -0.49366373746768943 -0.8164093890377687 
v -0.34143504471222963 -0.7604059656000314 -0.5524535072947241 
v -0.31494794399722564 -0.7419909786587798 -0.5918252953033578 
v -0.3716913817465972 -0.6277372333714831 -0.6839528365131776 
v -0.3445203787028697 -0.6868902048107531 -0.6399121464650228 
v -0.3997690739569284 -0.6494480483301843 -0.6468399493133787 
v -0.2874463013187474 -0.7214300676143021 -0.6300105407056261 
v -0.25966419076126895 -0.6990174444285274 -0.6662950700859986 
v -0.4429096544168827 -0.4069828715215415 -0.798871692020939 
v -0.485712214091263 -0.3826834323650913 -0.7858988711506307 
v -0.3536849654459258 -0.45286786065549683 -0.8184238791743725 
v -0.39858001283084904 -0.43047823357969084 -0.8098286632281358 
v -0.44825946184331744 -0.52249856471595 -0.7252990450412241 
v -0.4244242155198465 -0.4776992441923801 -0.7691992702664192 
v -0.40322021134792163 -0.545193685849711 -0.7349675544336254 
v -0.2937015474268894 -0.6232041677195447 -0.7248144358220525 
v -0.34966277969004034 -0.5855540493152681 -0.7313428715930216 
v -0.32523164856504 -0.5406572912711436 -0.775831211132303 
v -0.5642820247011268 -0.8078525186197923 -0.17017668688411783 
v -0.6577483182092532 -0.7149995411097052 -0.23694473217569137 
v -0.6234782639753982 -0.7558270957049914 -0.20000063936993157 
v -0.51881190572758 -0.8205144625808165 -0.23997963074192474 
v -0.4936637374676895 -0.8164093890377688 -0.2996194649891914 
v -0.7604059656000314 -0.5524535072947241 -0.34143504471222963 
v -0.7419909786587798 -0.5918252953033578 -0.3149479439972256 
v -0.6277372333714831 -0.6839528365131776 -0.3716913817465972 
v -0.6868902048107532 -0.6399121464650228 -0.3445203787028698 
v -0.6494480483301843 -0.6468399493133787 -0.3997690739569284 
v -0.7214300676143021 -0.6300105407056261 -0.28744630131874743 
v -0.6990174444285274 -0.6662950700859986 -0.25966419076126895 
v -0.4069828715215415 -0.798871692020939 -0.4429096544168827 
v -0.3826834323650913 -0.7858988711506307 -0.485712214091263 
v -0.45286786065549683 -0.8184238791743725 -0.3536849654459258 
v -0.43047823357969084 -0.8098286632281358 -0.39858001283084904 
v -0.5224985647159499 -0.7252990450412241 -0.4482594618433174 
v -0.4776992441923801 -0.7691992702664192 -0.4244242155198465 
v -0.545193685849711 -0.7349675544336254 -0.40322021134792163 
v -0.6232041677195447 -0.7248144358220525 -0.2937015474268894 
v -0.5855540493152681 -0.7313428715930216 -0.34966277969004034 
v -0.5406572912711436 -0.775831211132303 -0.32523164856504 
v -0.8078525186197923 -0.17017668688411783 -0.5642820247011268 
v -0.7149995411097051 -0.23694473217569134 -0.6577483182092532 
v -0.7558270957049914 -0.20000063936993157 -0.6234782639753981 
v -0.8205144625808165 -0.23997963074192474 -0.51881190572758 
v -0.8164093890377687 -0.2996194649891914 -0.49366373746768943 
v -0.5524535072947241 -0.34143504471222963 -0.7604059656000314 
v -0.5918252953033578 -0.31494794399722564 -0.7419909786587798 
v -0.6839528365131776 -0.3716913817465972 -0.6277372333714831 
v -0.6399121464650228 -0.3445203787028697 -0.6868902048107531 
v -0.6468399493133787 -0.3997690739569284 -0.6494480483301843 
v -0.6300105407056261 -0.2874463013187474 -0.7214300676143021 
v -0.6662950700859986 -0.25966419076126895 -0.6990174444285274 
v -0.798871692020939 -0.4429096544168827 -0.4069828715215415 
v -0.7858988711506307 -0.485712214091263 -0.3826834323650913 
v -0.8184238791743725 -0.3536849654459258 -0.45286786065549683 
v -0.8098286632281358 -0.39858001283084904 -0.43047823357969084 
v -0.7252990450412241 -0.44825946184331744 -0.52249856471595 
v -0.7691992702664192 -0.4244242155198465 -0.4776992441923801 
v -0.7349675544336254 -0.40322021134792163 -0.545193685849711 
v -0.7248144358220525 -0.2937015474268894 -0.6232041677195447 
v -0.7313428715930216 -0.34966277969004034 -0.5855540493152681 
v -0.775831211132303 -0.32523164856504 -0.5406572912711436 
v -0.4142726777845724 -0.7350110605664694 -0.5367838385105813 
v -0.5524181007968372 -0.6696120042590866 -0.4964413416146407 
v -0.4852082791207153 -0.7044711930198132 -0.517970331271932 
v -0.4439573694506565 -0.6789767287768658 -0.5847157051849383 
v -0.47091704352143426 -0.619241580743837 -0.6283128224052935 
v -0.7350110605664694 -0.5367838385105813 -0.4142726777845724 
v -0.6696120042590866 -0.4964413416146407 -0.5524181007968372 
v -0.7044711930198132 -0.517970331271932 -0.4852082791207153 
v -0.6789767287768658 -0.5847157051849383 -0.4439573694506565 
v -0.6192415807438368 -0.6283128224052934 -0.4709170435214342 
v -0.5367838385105813 -0.4142726777845724 -0.7350110605664694 
v -0.4964413416146407 -0.5524181007968372 -0.6696120042590866 
v -0.517970331271932 -0.4852082791207153 -0.7044711930198132 
v -0.5847157051849383 -0.4439573694506565 -0.6789767287768658 
v -0.6283128224052934 -0.4709170435214342 -0.6192415807438368 
v -0.5819519632455797 -0.6074779927073494 -0.5406499799786041 
v -0.6074779927073494 -0.5406499799786041 -0.5819519632455797 
v -0.5406499799786041 -0.5819519632455797 -0.6074779927073494 
v 0.17017668688411783 -0.5642820247011269 -0.8078525186197922 
v 0.2996194649891914 -0.49366373746768943 -0.8164093890377687 
v 0.23997963074192474 -0.51881190572758 -0.8205144625808165 
v 0.2000006393699316 -0.6234782639753982 -0.7558270957049914 
v 0.23694473217569137 -0.6577483182092532 -0.7149995411097052 
v 0.485712214091263 -0.3826834323650913 -0.7858988711506307 
v 0.4429096544168827 -0.4069828715215415 -0.798871692020939 
v 0.40322021134792163 -0.545193685849711 -0.7349675544336254 
v 0.4244242155198465 -0.4776992441923801 -0.7691992702664192 
v 0.44825946184331744 -0.52249856471595 -0.7252990450412241 
v 0.39858001283084904 -0.43047823357969084 -0.8098286632281358 
v 0.3536849654459258 -0.45286786065549683 -0.8184238791743725 
v 0.31494794399722564 -0.7419909786587798 -0.5918252953033578 
v 0.34143504471222963 -0.7604059656000314 -0.5524535072947241 
v 0.25966419076126895 -0.6990174444285274 -0.6662950700859986 
v 0.2874463013187474 -0.7214300676143021 -0.6300105407056261 
v 0.3997690739569284 -0.6494480483301843 -0.6468399493133787 
v 0.3445203787028697 -0.6868902048107531 -0.6399121464650228 
v 0.3716913817465972 -0.6277372333714831 -0.6839528365131776 
v 0.32523164856504 -0.5406572912711436 -0.775831211132303 
v 0.34966277969004034 -0.5855540493152681 -0.7313428715930216 
v 0.2937015474268894 -0.6232041677195447 -0.7248144358220525 
v 0.8078525186197923 -0.17017668688411783 -0.5642820247011268 
v 0.8164093890377687 -0.2996194649891914 -0.49366373746768943 
v 0.8205144625808165 -0.23997963074192474 -0.51881190572758 
v 0.7558270957049914 -0.20000063936993157 -0.6234782639753981 
v 0.7149995411097051 -0.23694473217569134 -0.6577483182092532 
v 0.7858988711506307 -0.485712214091263 -0.3826834323650913 
v 0.798871692020939 -0.4429096544168827 -0.4069828715215415 
v 0.7349675544336254 -0.40322021134792163 -0.545193685849711 
v 0.7691992702664192 -0.4244242155198465 -0.4776992441923801 
v 0.7252990450412241 -0.44825946184331744 -0.52249856471595 
v 0.8098286632281358 -0.39858001283084904 -0.43047823357969084 
v 0.8184238791743725 -0.3536849654459258 -0.45286786065549683 
v 0.5918252953033578 -0.31494794399722564 -0.7419909786587798 
v 0.5524535072947241 -0.34143504471222963 -0.7604059656000314 
v 0.6662950700859986 -0.25966419076126895 -0.6990174444285274 
v 0.6300105407056261 -0.2874463013187474 -0.7214300676143021 
v 0.6468399493133787 -0.3997690739569284 -0.6494480483301843 
v 0.6399121464650228 -0.3445203787028697 -0.6868902048107531 
v 0.6839528365131776 -0.3716913817465972 -0.6277372333714831 
v 0.775831211132303 -0.32523164856504 -0.5406572912711436 
v 0.7313428715930216 -0.34966277969004034 -0.5855540493152681 
v 0.7248144358220525 -0.2937015474268894 -0.6232041677195447 
v 0.5642820247011268 -0.8078525186197923 -0.17017668688411783 
v 0.4936637374676895 -0.8164093890377688 -0.2996194649891914 
v 0.51881190572758 -0.8205144625808165 -0.23997963074192474 
v 0.6234782639753982 -0.7558270957049914 -0.20000063936993157 
v 0.6577483182092532 -0.7149995411097052 -0.23694473217569137 
v 0.3826834323650913 -0.7858988711506307 -0.485712214091263 
v 0.4069828715215415 -0.798871692020939 -0.4429096544168827 
v 0.545193685849711 -0.7349675544336254 -0.40322021134792163 
v 0.4776992441923801 -0.7691992702664192 -0.4244242155198465 
v 0.5224985647159499 -0.7252990450412241 -0.4482594618433174 
v 0.43047823357969084 -0.8098286632281358 -0.39858001283084904 
v 0.45286786065549683 -0.8184238791743725 -0.3536849654459258 
v 0.7419909786587798 -0.5918252953033578 -0.3149479439972256 
v 0.7604059656000314 -0.5524535072947241 -0.34143504471222963 
v 0.6990174444285274 -0.6662950700859986 -0.25966419076126895 
v 0.7214300676143021 -0.6300105407056261 -0.28744630131874743 
v 0.6494480483301843 -0.6468399493133787 -0.3997690739569284 
v 0.6868902048107532 -0.6399121464650228 -0.3445203787028698 
v 0.6277372333714831 -0.6839528365131776 -0.3716913817465972 
v 0.5406572912711436 -0.775831211132303 -0.32523164856504 
v 0.5855540493152681 -0.7313428715930216 -0.34966277969004034 
v 0.6232041677195447 -0.7248144358220525 -0.2937015474268894 
v 0.5367838385105813 -0.4142726777845724 -0.7350110605664694 
v 0.6283128224052934 -0.4709170435214342 -0.6192415807438368 
v 0.5847157051849383 -0.4439573694506565 -0.6789767287768658 
v 0.517970331271932 -0.4852082791207153 -0.7044711930198132 
v 0.4964413416146407 -0.5524181007968372 -0.6696120042590866 
v 0.7350110605664694 -0.5367838385105813 -0.4142726777845724 
v 0.6192415807438368 -0.6283128224052934 -0.4709170435214342 
v 0.6789767287768658 -0.5847157051849383 -0.4439573694506565 
v 0.7044711930198132 -0.517970331271932 -0.4852082791207153 
v 0.6696120042590866 -0.4964413416146407 -0.5524181007968372 
v 0.4142726777845724 -0.7350110605664694 -0.5367838385105813 
v 0.47091704352143426 -0.619241580743837 -0.6283128224052935 
v 0.4439573694506565 -0.6789767287768658 -0.5847157051849383 
v 0.4852082791207153 -0.7044711930198132 -0.517970331271932 
v 0.5524181007968372 -0.6696120042590866 -0.4964413416146407 
v 0.6074779927073494 -0.5406499799786041 -0.5819519632455797 
v 0.5819519632455797 -0.6074779927073494 -0.5406499799786041 
v 0.5406499799786041 -0.5819519632455797 -0.6074779927073494 
v -0.17017668688411783 -0.5642820247011269 0.8078525186197922 
v -0.2996194649891914 -0.49366373746768943 0.8164093890377687 
v -0.23997963074192474 -0.51881190572758 0.8205144625808165 
v -0.2000006393699316 -0.6234782639753982 0.7558270957049914 
v -0.23694473217569137 -0.6577483182092532 0.7149995411097052 
v -0.485712214091263 -0.3826834323650913 0.7858988711506307 
v -0.4429096544168827 -0.4069828715215415 0.798871692020939 
v -0.40322021134792163 -0.545193685849711 0.7349675544336254 
v -0.4244242155198465 -0.4776992441923801 0.7691992702664192 
v -0.44825946184331744 -0.52249856471595 0.7252990450412241 
v -0.39858001283084904 -0.43047823357969084 0.8098286632281358 
v -0.3536849654459258 -0.45286786065549683 0.8184238791743725 
v -0.31494794399722564 -0.7419909786587798 0.5918252953033578 
v -0.34143504471222963 -0.7604059656000314 0.5524535072947241 
v -0.25966419076126895 -0.6990174444285274 0.6662950700859986 
v -0.2874463013187474 -0.7214300676143021 0.6300105407056261 
v -0.3997690739569284 -0.6494480483301843 0.6468399493133787 
v -0.3445203787028697 -0.6868902048107531 0.6399121464650228 
v -0.3716913817465972 -0.6277372333714831 0.6839528365131776 
v -0.32523164856504 -0.5406572912711436 0.775831211132303 
v -0.34966277969004034 -0.5855540493152681 0.7313428715930216 
v -0.2937015474268894 -0.6232041677195447 0.7248144358220525 
v -0.8078525186197923 -0.17017668688411783 0.5642820247011268 
v -0.8164093890377687 -0.2996194649891914 0.49366373746768943 
v -0.8205144625808165 -0.23997963074192474 0.51881190572758 
v -0.7558270957049914 -0.20000063936993157 0.6234782639753981 
v -0.7149995411097051 -0.23694473217569134 0.6577483182092532 
v -0.7858988711506307 -0.485712214091263 0.3826834323650913 
v -0.798871692020939 -0.4429096544168827 0.4069828715215415 
v -0.7349675544336254 -0.40322021134792163 0.545193685849711 
v -0.7691992702664192 -0.4244242155198465 0.4776992441923801 
v -0.7252990450412241 -0.44825946184331744 0.52249856471595 
v -0.8098286632281358 -0.39858001283084904 0.43047823357969084 
v -0.8184238791743725 -0.3536849654459258 0.45286786065549683 
v -0.5918252953033578 -0.31494794399722564 0.7419909786587798 
v -0.5524535072947241 -0.34143504471222963 0.7604059656000314 
v -0.6662950700859986 -0.25966419076126895 0.6990174444285274 
v -0.6300105407056261 -0.2874463013187474 0.7214300676143021 
v -0.6468399493133787 -0.3997690739569284 0.6494480483301843 
v -0.6399121464650228 -0.3445203787028697 0.6868902048107531 
v -0.6839528365131776 -0.3716913817465972 0.6277372333714831 
v -0.775831211132303 -0.32523164856504 0.5406572912711436 
v -0.7313428715930216 -0.34966277969004034 0.5855540493152681 
v -0.7248144358220525 -0.2937015474268894 0.6232041677195447 
v -0.5642820247011268 -0.8078525186197923 0.17017668688411783 
v -0.4936637374676895 -0.8164093890377688 0.2996194649891914 
v -0.51881190572758 -0.8205144625808165 0.23997963074192474 
v -0.6234782639753982 -0.7558270957049914 0.20000063936993157 
v -0.6577483182092532 -0.7149995411097052 0.23694473217569137 
v -0.3826834323650913 -0.7858988711506307 0.485712214091263 
v -0.4069828715215415 -0.798871692020939 0.4429096544168827 
v -0.545193685849711 -0.7349675544336254 0.40322021134792163 
v -0.4776992441923801 -0.7691992702664192 0.4244242155198465 
v -0.5224985647159499 -0.7252990450412241 0.4482594618433174 
v -0.43047823357969084 -0.8098286632281358 0.39858001283084904 
v -0.45286786065549683 -0.8184238791743725 0.3536849654459258 
v -0.7419909786587798 -0.5918252953033578 0.3149479439972256 
v -0.7604059656000314 -0.5524535072947241 0.34143504471222963 
v -0.6990174444285274 -0.6662950700859986 0.25966419076126895 
v -0.7214300676143021 -0.6300105407056261 0.28744630131874743 
v -0.6494480483301843 -0.6468399493133787 0.3997690739569284 
v -0.6868902048107532 -0.6399121464650228 0.3445203787028698 
v -0.6277372333714831 -0.6839528365131776 0.3716913817465972 
v -0.5406572912711436 -0.775831211132303 0.32523164856504 
v -0.5855540493152681 -0.7313428715930216 0.34966277969004034 
v -0.6232041677195447 -0.7248144358220525 0.2937015474268894 
v -0.5367838385105813 -0.4142726777845724 0.7350110605664694 
v -0.6283128224052934 -0.4709170435214342 0.6192415807438368 
v -0.5847157051849383 -0.4439573694506565 0.6789767287768658 
v -0.517970331271932 -0.4852082791207153 0.7044711930198132 
v -0.4964413416146407 -0.5524181007968372 0.6696120042590866 
v -0.7350110605664694 -0.5367838385105813 0.4142726777845724 
v -0.6192415807438368 -0.6283128224052934 0.4709170435214342 
v -0.6789767287768658 -0.5847157051849383 0.4439573694506565 
v -0.7044711930198132 -0.517970331271932 0.4852082791207153 
v -0.6696120042590866 -0.4964413416146407 0.5524181007968372 
v -0.4142726777845724 -0.7350110605664694 0.5367838385105813 
v -0.47091704352143426 -0.619241580743837 0.6283128224052935 
v -0.4439573694506565 -0.6789767287768658 0.5847157051849383 
v -0.4852082791207153 -0.7044711930198132 0.517970331271932 
v -0.5524181007968372 -0.6696120042590866 0.4964413416146407 
v -0.6074779927073494 -0.5406499799786041 0.5819519632455797 
v -0.5819519632455797 -0.6074779927073494 0.5406499799786041 
v -0.5406499799786041 -0.5819519632455797 0.6074779927073494 
v 0.17017668688411783 -0.5642820247011269 0.8078525186197922 
v 0.23694473217569137 -0.6577483182092532 0.7149995411097052 
v 0.2000006393699316 -0.6234782639753982 0.7558270957049914 
v 0.23997963074192474 -0.51881190572758 0.8205144625808165 
v 0.2996194649891914 -0.49366373746768943 0.8164093890377687 
v 0.34143504471222963 -0.7604059656000314 0.5524535072947241 
v 0.31494794399722564 -0.7419909786587798 0.5918252953033578 
v 0.3716913817465972 -0.6277372333714831 0.6839528365131776 
v 0.3445203787028697 -0.6868902048107531 0.6399121464650228 
v 0.3997690739569284 -0.6494480483301843 0.6468399493133787 
v 0.2874463013187474 -0.7214300676143021 0.6300105407056261 
v 0.25966419076126895 -0.6990174444285274 0.6662950700859986 
v 0.4429096544168827 -0.4069828715215415 0.798871692020939 
v 0.485712214091263 -0.3826834323650913 0.7858988711506307 
v 0.3536849654459258 -0.45286786065549683 0.8184238791743725 
v 0.39858001283084904 -0.43047823357969084 0.8098286632281358 
v 0.44825946184331744 -0.52249856471595 0.7252990450412241 
v 0.4244242155198465 -0.4776992441923801 0.7691992702664192 
v 0.40322021134792163 -0.545193685849711 0.7349675544336254 
v 0.2937015474268894 -0.6232041677195447 0.7248144358220525 
v 0.34966277969004034 -0.5855540493152681 0.7313428715930216 
v 0.32523164856504 -0.5406572912711436 0.775831211132303 
v 0.5642820247011268 -0.8078525186197923 0.17017668688411783 
v 0.6577483182092532 -0.7149995411097052 0.23694473217569137 
v 0.6234782639753982 -0.7558270957049914 0.20000063936993157 
v 0.51881190572758 -0.8205144625808165 0.23997963074192474 
v 0.4936637374676895 -0.8164093890377688 0.2996194649891914 
v 0.7604059656000314 -0.5524535072947241 0.34143504471222963 
v 0.7419909786587798 -0.5918252953033578 0.3149479439972256 
v 0.6277372333714831 -0.6839528365131776 0.3716913817465972 
v 0.6868902048107532 -0.6399121464650228 0.3445203787028698 
v 0.6494480483301843 -0.6468399493133787 0.3997690739569284 
v 0.7214300676143021 -0.6300105407056261 0.28744630131874743 
v 0.6990174444285274 -0.6662950700859986 0.25966419076126895 
v 0.4069828715215415 -0.798871692020939 0.4429096544168827 
v 0.3826834323650913 -0.7858988711506307 0.485712214091263 
v 0.45286786065549683 -0.8184238791743725 0.3536849654459258 
v 0.43047823357969084 -0.8098286632281358 0.39858001283084904 
v 0.5224985647159499 -0.7252990450412241 0.4482594618433174 
v 0.4776992441923801 -0.7691992702664192 0.4244242155198465 
v 0.545193685849711 -0.7349675544336254 0.40322021134792163 
v 0.6232041677195447 -0.7248144358220525 0.2937015474268894 
v 0.5855540493152681 -0.7313428715930216 0.34966277969004034 
v 0.5406572912711436 -0.775831211132303 0.32523164856504 
v 0.8078525186197923 -0.17017668688411783 0.5642820247011268 
v 0.7149995411097051 -0.23694473217569134 0.6577483182092532 
v 0.7558270957049914 -0.20000063936993157 0.6234782639753981 
v 0.8205144625808165 -0.23997963074192474 0.51881190572758 
v 0.8164093890377687 -0.2996194649891914 0.49366373746768943 
v 0.5524535072947241 -0.34143504471222963 0.7604059656000314 
v 0.5918252953033578 -0.31494794399722564 0.7419909786587798 
v 0.6839528365131776 -0.3716913817465972 0.6277372333714831 
v 0.6399121464650228 -0.3445203787028697 0.6868902048107531 
v 0.6468399493133787 -0.3997690739569284 0.6494480483301843 
v 0.6300105407056261 -0.2874463013187474 0.7214300676143021 
v 0.6662950700859986 -0.25966419076126895 0.6990174444285274 
v 0.798871692020939 -0.4429096544168827 0.4069828715215415 
v 0.7858988711506307 -0.485712214091263 0.3826834323650913 
v 0.8184238791743725 -0.3536849654459258 0.45286786065549683 
v 0.8098286632281358 -0.39858001283084904 0.43047823357969084 
v 0.7252990450412241 -0.44825946184331744 0.52249856471595 
v 0.7691992702664192 -0.4244242155198465 0.4776992441923801 
v 0.7349675544336254 -0.40322021134792163 0.545193685849711 
v 0.7248144358220525 -0.2937015474268894 0.6232041677195447 
v 0.7313428715930216 -0.34966277969004034 0.5855540493152681 
v 0.775831211132303 -0.32523164856504 0.5406572912711436 
v 0.4142726777845724 -0.7350110605664694 0.5367838385105813 
v 0.5524181007968372 -0.6696120042590866 0.4964413416146407 
v 0.4852082791207153 -0.7044711930198132 0.517970331271932 
v 0.4439573694506565 -0.6789767287768658 0.5847157051849383 
v 0.47091704352143426 -0.619241580743837 0.6283128224052935 
v 0.7350110605664694 -0.5367838385105813 0.4142726777845724 
v 0.6696120042590866 -0.4964413416146407 0.5524181007968372 
v 0.7044711930198132 -0.517970331271932 0.4852082791207153 
v 0.6789767287768658 -0.5847157051849383 0.4439573694506565 
v 0.6192415807438368 -0.6283128224052934 0.4709170435214342 
v 0.5367838385105813 -0.4142726777845724 0.7350110605664694 
v 0.4964413416146407 -0.5524181007968372 0.6696120042590866 
v 0.517970331271932 -0.4852082791207153 0.7044711930198132 
v 0.5847157051849383 -0.4439573694506565 0.6789767287768658 
v 0.6283128224052934 -0.4709170435214342 0.6192415807438368 
v 0.5819519632455797 -0.6074779927073494 0.5406499799786041 
v 0.6074779927073494 -0.5406499799786041 0.5819519632455797 
v 0.5406499799786041 -0.5819519632455797 0.6074779927073494 
v -0.051546082105921334 0.5840568498671873 -0.8100744395071032 
v 0.0 0.6183057344946291 -0.7859376684515491 
v 0.051546082105921334 0.5840568498671873 -0.8100744395071032 
v -0.06459418046670881 0.668058917495743 -0.7412994500228975 
v -0.04088638840457993 0.6437457265547492 -0.7641464144951071 
v -0.10537672852503426 0.6405907166756056 -0.7606176955569699 
v 0.10537672852503426 0.6405907166756056 -0.7606176955569699 
v 0.04088638840457993 0.6437457265547492 -0.7641464144951071 
v 0.06459418046670881 0.668058917495743 -0.7412994500228975 
v -0.1517877298432937 0.7367196380159456 -0.6589420763850745 
v -0.133669477715009 0.7205981582182099 -0.6803460627503627 
v -0.18382923742459234 0.7145892596201808 -0.6749585183575171 
v -0.03237223167957772 0.7268722390062269 -0.6860093197458461 
v -0.08309230666555752 0.7246910983611958 -0.6840456713765832 
v -0.05077039992656588 0.7443947453734552 -0.6658069010994745 
v -0.14738243359870298 0.6814944421430403 -0.7168289500255066 
v -0.11533903640115949 0.7036665892965024 -0.7011064382744459 
v -0.09688840980926341 0.6860935338568556 -0.7210328001169184 
v 0.18382923742459234 0.7145892596201808 -0.6749585183575171 
v 0.133669477715009 0.7205981582182099 -0.6803460627503627 
v 0.1517877298432937 0.7367196380159456 -0.6589420763850745 
v 0.09688840980926341 0.6860935338568556 -0.7210328001169184 
v 0.11533903640115949 0.7036665892965024 -0.7011064382744459 
v 0.14738243359870298 0.6814944421430403 -0.7168289500255066 
v 0.05077039992656588 0.7443947453734552 -0.6658069010994745 
v 0.08309230666555752 0.7246910983611958 -0.6840456713765832 
v 0.03237223167957772 0.7268722390062269 -0.6860093197458461 
v -0.032372427973723354 0.6888934243620382 -0.724139403552818 
v 0.0 0.7085905524507796 -0.7056198898681209 
v 0.032372427973723354 0.6888934243620382 -0.724139403552818 
v -0.27144044986507576 0.8187133248919491 -0.5059926618256584 
v -0.25848631794772886 0.8101767399136125 -0.5261164068310134 
v -0.2962206532849401 0.8009091268885654 -0.5203824507360323 
v -0.1818435830840337 0.824895772447439 -0.5352381487613744 
v -0.22031724202172814 0.818177541906172 -0.5310798647927761 
v -0.19509032201612936 0.8343057915947906 -0.5156293362164653 
v -0.2700632239120865 0.7831493674869161 -0.5601275955485977 
v -0.2453293268450999 0.8011000378578574 -0.5459416184299102 
v -0.23201431295169542 0.7915423744763886 -0.5653583182317505 
v -0.025521689363188 0.8387595223135119 -0.5439035825405624 
v -0.06475825695334898 0.8372534572344589 -0.5429668650160064 
v -0.03925981575906884 0.8499949874070014 -0.5253257924845641 
v -0.1155816714599656 0.8089677705264491 -0.5763783683241305 
v -0.09022060845776399 0.8235551163474788 -0.5600153677778864 
v -0.0764504570518787 0.8121655861269365 -0.5783963937713034 
v -0.11753739745783834 0.8447544856576217 -0.5220869842853441 
v -0.10393161801064552 0.8344398512706104 -0.5412100824903125 
v -0.14290770219112198 0.8303173204704432 -0.5386562317296971 
v -0.21572791005863756 0.7416209427450434 -0.635184891274726 
v -0.1909843091616678 0.7596991429528195 -0.6215964976178615 
v -0.1770508715146557 0.7481718674825195 -0.639446515045332 
v -0.21843822689979855 0.7813353051621147 -0.5846365383176946 
v -0.20479563906601936 0.7707768720583792 -0.6032924330036318 
v -0.2432092213565805 0.7633696335048694 -0.5984280051015053 
v -0.1270359063148358 0.7819244328900447 -0.6102917824748669 
v -0.16602724115822068 0.776964607538646 -0.6072569092449321 
v -0.14091868534515256 0.7933365624373526 -0.5922491222624805 
v -0.16829772516603633 0.8149288935235016 -0.5545870303248164 
v -0.15464057088894242 0.8043872800040314 -0.5736265314669973 
v -0.19349605621792842 0.7985761657619115 -0.5699433162211066 
v 0.2962206532849401 0.8009091268885654 -0.5203824507360323 
v 0.25848631794772886 0.8101767399136125 -0.5261164068310134 
v 0.27144044986507576 0.8187133248919491 -0.5059926618256584 
v 0.23201431295169542 0.7915423744763886 -0.5653583182317505 
v 0.2453293268450999 0.8011000378578574 -0.5459416184299102 
v 0.2700632239120865 0.7831493674869161 -0.5601275955485977 
v 0.19509032201612936 0.8343057915947906 -0.5156293362164653 
v 0.22031724202172814 0.818177541906172 -0.5310798647927761 
v 0.1818435830840337 0.824895772447439 -0.5352381487613744 
v 0.1770508715146557 0.7481718674825195 -0.639446515045332 
v 0.1909843091616678 0.7596991429528195 -0.6215964976178615 
v 0.21572791005863756 0.7416209427450434 -0.635184891274726 
v 0.14091868534515256 0.7933365624373526 -0.5922491222624805 
v 0.16602724115822068 0.776964607538646 -0.6072569092449321 
v 0.1270359063148358 0.7819244328900447 -0.6102917824748669 
v 0.2432092213565805 0.7633696335048694 -0.5984280051015053 
v 0.20479563906601936 0.7707768720583792 -0.6032924330036318 
v 0.21843822689979855 0.7813353051621147 -0.5846365383176946 
v 0.03925981575906884 0.8499949874070014 -0.5253257924845641 
v 0.06475825695334898 0.8372534572344589 -0.5429668650160064 
v 0.025521689363188 0.8387595223135119 -0.5439035825405624 
v 0.14290770219112198 0.8303173204704432 -0.5386562317296971 
v 0.10393161801064552 0.8344398512706104 -0.5412100824903125 
v 0.11753739745783834 0.8447544856576217 -0.5220869842853441 
v 0.0764504570518787 0.8121655861269365 -0.5783963937713034 
v 0.09022060845776399 0.8235551163474788 -0.5600153677778864 
v 0.1155816714599656 0.8089677705264491 -0.5763783683241305 
v 0.19349605621792842 0.7985761657619115 -0.5699433162211066 
v 0.15464057088894242 0.8043872800040314 -0.5736265314669973 
v 0.16829772516603633 0.8149288935235016 -0.5545870303248164 
v -0.12684214792599202 0.7539285507774984 -0.6445950743156993 
v -0.07645225624840753 0.785791333206552 -0.6137483467774048 
v -0.10170421170675417 0.7703301857731882 -0.6294820555089343 
v -0.07625632246401928 0.7577799549291617 -0.6480389750561468 
v -0.02552297566890567 0.7597080207164643 -0.6497632653298251 
v 0.0 0.8270031505374462 -0.5621972865472923 
v 0.05096640880924787 0.8006156720352336 -0.5970066757287225 
v 0.025521752488508433 0.8142511354171935 -0.5799514881623519 
v -0.025521752488508433 0.8142511354171935 -0.5799514881623519 
v -0.05096640880924787 0.8006156720352336 -0.5970066757287225 
v 0.12684214792599202 0.7539285507774984 -0.6445950743156993 
v 0.02552297566890567 0.7597080207164643 -0.6497632653298251 
v 0.07625632246401928 0.7577799549291617 -0.6480389750561468 
v 0.10170421170675417 0.7703301857731882 -0.6294820555089343 
v 0.07645225624840753 0.785791333206552 -0.6137483467774048 
v -0.025523041485935632 0.7878769212383891 -0.6153036090689086 
v 0.025523041485935632 0.7878769212383891 -0.6153036090689086 
v 0.0 0.7741997711289156 -0.6329413198582746 
v -0.4491074549269934 0.8934777523413767 0.0 
v -0.4447699506184067 0.8931886811514114 -0.06628477117636096 
v -0.5006535370329146 0.8616205216130245 -0.08340331283427277 
v -0.3609852040060607 0.9310814420111693 -0.05269754103470302 
v -0.3988358717532737 0.9155090289422214 -0.05266085194978226 
v -0.364710859773797 0.9311208239337458 0.0 
v -0.4700875882988311 0.8659944240820039 -0.17050312837677453 
v -0.43972226015785354 0.8902398512309615 -0.1188164180656216 
v -0.4255793844727695 0.8911600430072988 -0.15721312050528152 
v -0.22954258494591 0.9723947334963671 -0.04193666611545143 
v -0.26089971095891307 0.9644553277321605 -0.04191970456249211 
v -0.23331806791662668 0.9724004726364813 0.0 
v -0.31419120754190905 0.9410602237031607 -0.12525789582742683 
v -0.28791655467364535 0.9539871847962166 -0.08374072360236126 
v -0.283233271154506 0.9508203664687948 -0.12537760892306432 
v -0.2956422216369638 0.9552987369328824 0.0 
v -0.2920925707626653 0.9554731706147376 -0.04186824979238771 
v -0.3228690221991825 0.945517893868444 -0.0418510080968858 
v -0.4171473053412188 0.8587877557821093 -0.29744195427896203 
v -0.394569188673922 0.8818430472458384 -0.25820146276382144 
v -0.38133031478920365 0.878584757378025 -0.2875343720770853 
v -0.41975743200844573 0.8856375634903905 -0.19861974828420137 
v -0.4074316071638247 0.8841897258891598 -0.2284907309191235 
v -0.44302465523566653 0.8642113836242095 -0.2384697869073738 
v -0.3340036710810718 0.919442533691752 -0.2075258416266724 
v -0.37100886133920274 0.9026333150732726 -0.2181868999908616 
v -0.3465634392214867 0.9210530842334955 -0.1776372669766692 
v -0.3567750943428883 0.9293998197915082 -0.09448548580673737 
v -0.35189195971146914 0.9260717439202725 -0.13624673868715992 
v -0.38914752231661165 0.9093925590053893 -0.1468651745665792 
v -0.020640106600607534 0.9992290362407229 -0.03339639401120376 
v -0.04603557409131337 0.998381619512165 -0.03338963519342115 
v -0.025393388418898256 0.9996775359207624 0.0 
v -0.08718815456941542 0.9911665303697137 -0.09993565318565238 
v -0.06666325011191572 0.9955412401529341 -0.06673567441237252 
v -0.061793066681097936 0.9930684569549263 -0.09998328215910428 
v -0.07611466817370417 0.997099070949726 0.0 
v -0.07145785793132124 0.996885285250077 -0.03336918626127187 
v -0.09677728540377814 0.9947467574754734 -0.03336233687719477 
v -0.16807545030645205 0.9584091347541085 -0.23065683043032645 
v -0.148164745819139 0.968847109934543 -0.19845020954343537 
v -0.14270468958168417 0.9624552364536474 -0.23090103809716608 
v -0.15852427044005885 0.9783745591389662 -0.13286563781159058 
v -0.15345911865875891 0.9741574700747876 -0.1657332869340561 
v -0.17873431516051827 0.9698784487655955 -0.1654987589202486 
v -0.10256505195721954 0.9807852804032304 -0.16595374012467878 
v -0.12802625043008733 0.9777976979249582 -0.16589436739523306 
v -0.10774603175049971 0.9852298474534369 -0.13308997080508328 
v -0.17683794188955307 0.9842399820715815 0.0 
v -0.17263002985146206 0.984425163259758 -0.03325613829779551 
v -0.1975998401428451 0.9797187411961886 -0.033248929674164485 
v -0.12231589398142963 0.9919329336733018 -0.03328478892528173 
v -0.1474928590075372 0.9885031377134866 -0.03327766927497027 
v -0.12663962561594838 0.9919487916338485 0.0 
v -0.18859053231211437 0.9769922997095801 -0.09959747702838313 
v -0.16817227119434497 0.9835112651961696 -0.06651073923484514 
v -0.16352578208927573 0.9814935909986876 -0.09964762626671896 
v -0.11269459250376102 0.9885916964210422 -0.09993190975748022 
v -0.13818398735640267 0.985362809740326 -0.09982644348535942 
v -0.11757219402111264 0.9908269172305946 -0.06662431451338467 
v -0.3216140417038383 0.8166031040209722 -0.47929508518472724 
v -0.3045218920390423 0.8386282893936576 -0.45162928325965496 
v -0.2920805564656833 0.8314696123025455 -0.47259626781445446 
v -0.3287915983554735 0.8513540261948713 -0.4087693811094897 
v -0.31678718477642104 0.8452634228226743 -0.4303203755337721 
v -0.3461778920857906 0.8301908194606841 -0.43697147540112563 
v -0.25688338869722727 0.8724960070727973 -0.4156460540573608 
v -0.28698049213364385 0.8593776962758704 -0.4232164603111621 
v -0.269031737653449 0.8787810153877162 -0.39416475125168177 
v -0.3746507116575007 0.8702952848623411 -0.3197232575226656 
v -0.3636143390131298 0.8663903688799297 -0.3422752418392894 
v -0.39256585194819055 0.8509128013333636 -0.349055090796853 
v -0.30444446743442827 0.8944010538054319 -0.32765884880512564 
v -0.3341995123525656 0.880900787102014 -0.3351484584872195 
v -0.3156264386269501 0.8984797918153645 -0.30514589123743313 
v -0.3698488469725288 0.8416372264580856 -0.39352078653234074 
v -0.3522884980735565 0.8619324720229314 -0.3646439740315426 
v -0.34075412088122814 0.8569306850069653 -0.38672526449141453 
v -0.18196450534075298 0.9381913359224842 -0.2944247543873977 
v -0.21292300277248796 0.9288243060851744 -0.3032312703461523 
v -0.19359713966964 0.9426358632773417 -0.2719517912702809 
v -0.2506537339416216 0.8969080302451762 -0.3643194902044644 
v -0.2319578684407328 0.913564425488609 -0.33405925784222673 
v -0.22010244941505783 0.9081431738250814 -0.35613324416066494 
v -0.25518477221239694 0.9226294678520707 -0.28919819688565135 
v -0.24367972711652286 0.9183980675621936 -0.3117132979044132 
v -0.2741059419000244 0.9069411577001841 -0.319880710710337 
v -0.31106825023904106 0.871239777798855 -0.37970751016305065 
v -0.292824558245345 0.8897896808912725 -0.35004014322335364 
v -0.2809923176697973 0.8845779820391438 -0.37224334930541325 
v -0.22509056091406782 0.9714349265934731 -0.07515598965966658 
v -0.2154838386948767 0.9662177624244155 -0.14138582261625837 
v -0.2203644560235025 0.9693795691418807 -0.10836400440998692 
v -0.25197949853594653 0.9606408486323642 -0.11694226035298 
v -0.2781453469735951 0.9473853654161962 -0.15841759798759364 
v -0.19926913109054997 0.9501582464600629 -0.23977305953412628 
v -0.26106790220265014 0.9304655360394656 -0.2570553183310888 
v -0.23033404754763118 0.9408320950776017 -0.2485582334428216 
v -0.20481229505912274 0.9566054055679619 -0.2072631704639531 
v -0.21010149339340226 0.9619645089681028 -0.17458993659320432 
v -0.35193270884005984 0.8930421679691682 -0.280390896209962 
v -0.3036683226425007 0.9316112989587759 -0.19971464011391926 
v -0.32823582099996573 0.9135118494925283 -0.2403275819568343 
v -0.32206866773025655 0.9065229095080919 -0.2729248757505287 
v -0.2919360949432842 0.9189676695462833 -0.26508817174279725 
v -0.2415621975555471 0.9529446768594135 -0.18315061440640265 
v -0.2670852390414827 0.9371705697248318 -0.22444776302691977 
v -0.2728193978874271 0.9428114318136241 -0.19151026128613993 
v 0.5006535370329146 0.8616205216130245 -0.08340331283427277 
v 0.4447699506184067 0.8931886811514114 -0.06628477117636096 
v 0.4491074549269934 0.8934777523413767 0.0 
v 0.4255793844727695 0.8911600430072988 -0.15721312050528152 
v 0.43972226015785354 0.8902398512309615 -0.1188164180656216 
v 0.4700875882988311 0.8659944240820039 -0.17050312837677453 
v 0.364710859773797 0.9311208239337458 0.0 
v 0.3988358717532737 0.9155090289422214 -0.05266085194978226 
v 0.3609852040060607 0.9310814420111693 -0.05269754103470302 
v 0.38133031478920365 0.878584757378025 -0.2875343720770853 
v 0.394569188673922 0.8818430472458384 -0.25820146276382144 
v 0.4171473053412188 0.8587877557821093 -0.29744195427896203 
v 0.3465634392214867 0.9210530842334955 -0.1776372669766692 
v 0.37100886133920274 0.9026333150732726 -0.2181868999908616 
v 0.3340036710810718 0.919442533691752 -0.2075258416266724 
v 0.44302465523566653 0.8642113836242095 -0.2384697869073738 
v 0.4074316071638247 0.8841897258891598 -0.2284907309191235 
v 0.41975743200844573 0.8856375634903905 -0.19861974828420137 
v 0.23331806791662668 0.9724004726364813 0.0 
v 0.26089971095891307 0.9644553277321605 -0.04191970456249211 
v 0.22954258494591 0.9723947334963671 -0.04193666611545143 
v 0.3228690221991825 0.945517893868444 -0.0418510080968858 
v 0.2920925707626653 0.9554731706147376 -0.04186824979238771 
v 0.2956422216369638 0.9552987369328824 0.0 
v 0.283233271154506 0.9508203664687948 -0.12537760892306432 
v 0.28791655467364535 0.9539871847962166 -0.08374072360236126 
v 0.31419120754190905 0.9410602237031607 -0.12525789582742683 
v 0.38914752231661165 0.9093925590053893 -0.1468651745665792 
v 0.35189195971146914 0.9260717439202725 -0.13624673868715992 
v 0.3567750943428883 0.9293998197915082 -0.09448548580673737 
v 0.2920805564656833 0.8314696123025455 -0.47259626781445446 
v 0.3045218920390423 0.8386282893936576 -0.45162928325965496 
v 0.3216140417038383 0.8166031040209722 -0.47929508518472724 
v 0.269031737653449 0.8787810153877162 -0.39416475125168177 
v 0.28698049213364385 0.8593776962758704 -0.4232164603111621 
v 0.25688338869722727 0.8724960070727973 -0.4156460540573608 
v 0.3461778920857906 0.8301908194606841 -0.43697147540112563 
v 0.31678718477642104 0.8452634228226743 -0.4303203755337721 
v 0.3287915983554735 0.8513540261948713 -0.4087693811094897 
v 0.19359713966964 0.9426358632773417 -0.2719517912702809 
v 0.21292300277248796 0.9288243060851744 -0.3032312703461523 
v 0.18196450534075298 0.9381913359224842 -0.2944247543873977 
v 0.2741059419000244 0.9069411577001841 -0.319880710710337 
v 0.24367972711652286 0.9183980675621936 -0.3117132979044132 
v 0.25518477221239694 0.9226294678520707 -0.28919819688565135 
v 0.22010244941505783 0.9081431738250814 -0.35613324416066494 
v 0.2319578684407328 0.913564425488609 -0.33405925784222673 
v 0.2506537339416216 0.8969080302451762 -0.3643194902044644 
v 0.39256585194819055 0.8509128013333636 -0.349055090796853 
v 0.3636143390131298 0.8663903688799297 -0.3422752418392894 
v 0.3746507116575007 0.8702952848623411 -0.3197232575226656 
v 0.34075412088122814 0.8569306850069653 -0.38672526449141453 
v 0.3522884980735565 0.8619324720229314 -0.3646439740315426 
v 0.3698488469725288 0.8416372264580856 -0.39352078653234074 
v 0.3156264386269501 0.8984797918153645 -0.30514589123743313 
v 0.3341995123525656 0.880900787102014 -0.3351484584872195 
v 0.30444446743442827 0.8944010538054319 -0.32765884880512564 
v 0.2809923176697973 0.8845779820391438 -0.37224334930541325 
v 0.292824558245345 0.8897896808912725 -0.35004014322335364 
v 0.31106825023904106 0.871239777798855 -0.37970751016305065 
v 0.025393388418898256 0.9996775359207624 0.0 
v 0.04603557409131337 0.998381619512165 -0.03338963519342115 
v 0.020640106600607534 0.9992290362407229 -0.03339639401120376 
v 0.09677728540377814 0.9947467574754734 -0.03336233687719477 
v 0.07145785793132124 0.996885285250077 -0.03336918626127187 
v 0.07611466817370417 0.997099070949726 0.0 
v 0.061793066681097936 0.9930684569549263 -0.09998328215910428 
v 0.06666325011191572 0.9955412401529341 -0.06673567441237252 
v 0.08718815456941542 0.9911665303697137 -0.09993565318565238 
v 0.1975998401428451 0.9797187411961886 -0.033248929674164485 
v 0.17263002985146206 0.984425163259758 -0.03325613829779551 
v 0.17683794188955307 0.9842399820715815 0.0 
v 0.16352578208927573 0.9814935909986876 -0.09964762626671896 
v 0.16817227119434497 0.9835112651961696 -0.06651073923484514 
v 0.18859053231211437 0.9769922997095801 -0.09959747702838313 
v 0.12663962561594838 0.9919487916338485 0.0 
v 0.1474928590075372 0.9885031377134866 -0.03327766927497027 
v 0.12231589398142963 0.9919329336733018 -0.03328478892528173 
v 0.14270468958168417 0.9624552364536474 -0.23090103809716608 
v 0.148164745819139 0.968847109934543 -0.19845020954343537 
v 0.16807545030645205 0.9584091347541085 -0.23065683043032645 
v 0.10774603175049971 0.9852298474534369 -0.13308997080508328 
v 0.12802625043008733 0.9777976979249582 -0.16589436739523306 
v 0.10256505195721954 0.9807852804032304 -0.16595374012467878 
v 0.17873431516051827 0.9698784487655955 -0.1654987589202486 
v 0.15345911865875891 0.9741574700747876 -0.1657332869340561 
v 0.15852427044005885 0.9783745591389662 -0.13286563781159058 
v 0.11757219402111264 0.9908269172305946 -0.06662431451338467 
v 0.13818398735640267 0.985362809740326 -0.09982644348535942 
v 0.11269459250376102 0.9885916964210422 -0.09993190975748022 
v 0.35193270884005984 0.8930421679691682 -0.280390896209962 
v 0.2919360949432842 0.9189676695462833 -0.26508817174279725 
v 0.32206866773025655 0.9065229095080919 -0.2729248757505287 
v 0.32823582099996573 0.9135118494925283 -0.2403275819568343 
v 0.3036683226425007 0.9316112989587759 -0.19971464011391926 
v 0.19926913109054997 0.9501582464600629 -0.23977305953412628 
v 0.21010149339340226 0.9619645089681028 -0.17458993659320432 
v 0.20481229505912274 0.9566054055679619 -0.2072631704639531 
v 0.23033404754763118 0.9408320950776017 -0.2485582334428216 
v 0.26106790220265014 0.9304655360394656 -0.2570553183310888 
v 0.22509056091406782 0.9714349265934731 -0.07515598965966658 
v 0.2781453469735951 0.9473853654161962 -0.15841759798759364 
v 0.25197949853594653 0.9606408486323642 -0.11694226035298 
v 0.2203644560235025 0.9693795691418807 -0.10836400440998692 
v 0.2154838386948767 0.9662177624244155 -0.14138582261625837 
v 0.2670852390414827 0.9371705697248318 -0.22444776302691977 
v 0.2415621975555471 0.9529446768594135 -0.18315061440640265 
v 0.2728193978874271 0.9428114318136241 -0.19151026128613993 
v -0.25428597460333346 0.8406091346018488 -0.4782414933315213 
v -0.21863732132450517 0.8805165461912665 -0.42058094774662386 
v -0.23664383137054754 0.8612546042386628 -0.44971124485826697 
v -0.21600364614371015 0.8484982682343841 -0.48310776608938305 
v -0.17748121829815974 0.8550806756764929 -0.48717292128774276 
v -0.14274881525288216 0.9438788183165006 -0.29785156047492034 
v -0.16212249394052966 0.9302399032813874 -0.32919601957122435 
v -0.12176071864422876 0.9096258938252693 -0.3971839129141823 
v -0.14201334709306526 0.9206980463343025 -0.3635207239259176 
v -0.10264731546613545 0.9248259540359197 -0.36627924233997544 
v -0.18124898816261095 0.9151241562797692 -0.3601341179106339 
v -0.19999890567800102 0.8986292637583533 -0.3904688003473797 
v -0.05992648232431773 0.8670792945878901 -0.49455263988093323 
v -0.020666786361407435 0.8684279750460234 -0.49538443263687176 
v -0.13820363394925206 0.8604376854859516 -0.4904556503485304 
v -0.09919019947175643 0.8644090357931763 -0.492908027088081 
v -0.06186285283676537 0.8996197699180694 -0.4322698890871957 
v -0.0805897740049722 0.8827361904553981 -0.4629061528929148 
v -0.10111903504651848 0.8968686317768634 -0.4305828585602986 
v -0.17975884147172938 0.8873878812482789 -0.4245344592920956 
v -0.14050053405904217 0.8928517214004176 -0.4278731161471061 
v -0.15911707709285489 0.8746305692743679 -0.45793353564488126 
v 0.0 0.9977665097691003 -0.06679814356093862 
v 0.04115610302634545 0.9902059714642681 -0.133410304175464 
v 0.020640185226837394 0.9947521992493799 -0.10021000370384166 
v -0.020640185226837394 0.9947521992493799 -0.10021000370384166 
v -0.04115610302634545 0.9902059714642681 -0.133410304175464 
v 0.12208202889147472 0.956651594726083 -0.2644119977039306 
v 0.10219601161621196 0.9672765061840353 -0.2322329343442593 
v 0.020641683597710306 0.9721208943936089 -0.23356987729932488 
v 0.061423573088093084 0.9705052658150477 -0.23312373044020082 
v 0.040784462629370084 0.9630592997300732 -0.26618304380905694 
v 0.0820587886908545 0.9764270709041961 -0.19964100381445143 
v 0.061795271728748984 0.9840438069077393 -0.1668506232487429 
v -0.10219601161621196 0.9672765061840353 -0.2322329343442593 
v -0.12208202889147472 0.956651594726083 -0.2644119977039306 
v -0.061795271728748984 0.9840438069077393 -0.1668506232487429 
v -0.0820587886908545 0.9764270709041961 -0.19964100381445143 
v -0.040784462629370084 0.9630592997300732 -0.26618304380905694 
v -0.061423573088093084 0.9705052658150477 -0.23312373044020082 
v -0.020641683597710306 0.9721208943936089 -0.23356987729932488 
v 0.020641764378874525 0.9857276430821997 -0.16707762036532117 
v 0.0 0.9796858268864171 -0.20053847660206547 
v -0.020641764378874525 0.9857276430821997 -0.16707762036532117 
v 0.25428597460333346 0.8406091346018488 -0.4782414933315213 
v 0.17748121829815974 0.8550806756764929 -0.48717292128774276 
v 0.21600364614371015 0.8484982682343841 -0.48310776608938305 
v 0.23664383137054754 0.8612546042386628 -0.44971124485826697 
v 0.21863732132450517 0.8805165461912665 -0.42058094774662386 
v 0.020666786361407435 0.8684279750460234 -0.49538443263687176 
v 0.05992648232431773 0.8670792945878901 -0.49455263988093323 
v 0.10111903504651848 0.8968686317768634 -0.4305828585602986 
v 0.0805897740049722 0.8827361904553981 -0.4629061528929148 
v 0.06186285283676537 0.8996197699180694 -0.4322698890871957 
v 0.09919019947175643 0.8644090357931763 -0.492908027088081 
v 0.13820363394925206 0.8604376854859516 -0.4904556503485304 
v 0.16212249394052966 0.9302399032813874 -0.32919601957122435 
v 0.14274881525288216 0.9438788183165006 -0.29785156047492034 
v 0.19999890567800102 0.8986292637583533 -0.3904688003473797 
v 0.18124898816261095 0.9151241562797692 -0.3601341179106339 
v 0.10264731546613545 0.9248259540359197 -0.36627924233997544 
v 0.14201334709306526 0.9206980463343025 -0.3635207239259176 
v 0.12176071864422876 0.9096258938252693 -0.3971839129141823 
v 0.15911707709285489 0.8746305692743679 -0.45793353564488126 
v 0.14050053405904217 0.8928517214004176 -0.4278731161471061 
v 0.17975884147172938 0.8873878812482789 -0.4245344592920956 
v -0.10223787501816975 0.9487020029781063 -0.2991854382437394 
v -0.02066853812760538 0.9535491726501863 -0.3005275143307396 
v -0.06145291092439256 0.9519324633851035 -0.3000801974347644 
v -0.08211978474528632 0.9391596329225859 -0.33351990171817564 
v -0.06186530201405174 0.9280881723418584 -0.3671852785255135 
v 0.10223787501816975 0.9487020029781063 -0.2991854382437394 
v 0.06186530201405174 0.9280881723418584 -0.3671852785255135 
v 0.08211978474528632 0.9391596329225859 -0.33351990171817564 
v 0.06145291092439256 0.9519324633851035 -0.3000801974347644 
v 0.02066853812760538 0.9535491726501863 -0.3005275143307396 
v 0.0 0.8855155212793143 -0.4646097949607007 
v -0.04119676388644637 0.9153143132812254 -0.40062767571375185 
v -0.020666873820893758 0.901179645263692 -0.43295280030146177 
v 0.020666873820893758 0.901179645263692 -0.43295280030146177 
v 0.04119676388644637 0.9153143132812254 -0.40062767571375185 
v 0.0 0.9424222167125196 -0.334425425837601 
v 0.020668627986979632 0.929648302115739 -0.36786796842136105 
v -0.020668627986979632 0.929648302115739 -0.36786796842136105 
v 0.051546082105921334 0.5840568498671873 0.8100744395071032 
v 0.0 0.6183057344946291 0.7859376684515491 
v -0.051546082105921334 0.5840568498671873 0.8100744395071032 
v 0.06459418046670881 0.668058917495743 0.7412994500228975 
v 0.04088638840457993 0.6437457265547492 0.7641464144951071 
v 0.10537672852503426 0.6405907166756056 0.7606176955569699 
v -0.10537672852503426 0.6405907166756056 0.7606176955569699 
v -0.04088638840457993 0.6437457265547492 0.7641464144951071 
v -0.06459418046670881 0.668058917495743 0.7412994500228975 
v 0.1517877298432937 0.7367196380159456 0.6589420763850745 
v 0.133669477715009 0.7205981582182099 0.6803460627503627 
v 0.18382923742459234 0.7145892596201808 0.6749585183575171 
v 0.03237223167957772 0.7268722390062269 0.6860093197458461 
v 0.08309230666555752 0.7246910983611958 0.6840456713765832 
v 0.05077039992656588 0.7443947453734552 0.6658069010994745 
v 0.14738243359870298 0.6814944421430403 0.7168289500255066 
v 0.11533903640115949 0.7036665892965024 0.7011064382744459 
v 0.09688840980926341 0.6860935338568556 0.7210328001169184 
v -0.18382923742459234 0.7145892596201808 0.6749585183575171 
v -0.133669477715009 0.7205981582182099 0.6803460627503627 
v -0.1517877298432937 0.7367196380159456 0.6589420763850745 
v -0.09688840980926341 0.6860935338568556 0.7210328001169184 
v -0.11533903640115949 0.7036665892965024 0.7011064382744459 
v -0.14738243359870298 0.6814944421430403 0.7168289500255066 
v -0.05077039992656588 0.7443947453734552 0.6658069010994745 
v -0.08309230666555752 0.7246910983611958 0.6840456713765832 
v -0.03237223167957772 0.7268722390062269 0.6860093197458461 
v 0.032372427973723354 0.6888934243620382 0.724139403552818 
v 0.0 0.7085905524507796 0.7056198898681209 
v -0.032372427973723354 0.6888934243620382 0.724139403552818 
v 0.27144044986507576 0.8187133248919491 0.5059926618256584 
v 0.25848631794772886 0.8101767399136125 0.5261164068310134 
v 0.2962206532849401 0.8009091268885654 0.5203824507360323 
v 0.1818435830840337 0.824895772447439 0.5352381487613744 
v 0.22031724202172814 0.818177541906172 0.5310798647927761 
v 0.19509032201612936 0.8343057915947906 0.5156293362164653 
v 0.2700632239120865 0.7831493674869161 0.5601275955485977 
v 0.2453293268450999 0.8011000378578574 0.5459416184299102 
v 0.23201431295169542 0.7915423744763886 0.5653583182317505 
v 0.025521689363188 0.8387595223135119 0.5439035825405624 
v 0.06475825695334898 0.8372534572344589 0.5429668650160064 
v 0.03925981575906884 0.8499949874070014 0.5253257924845641 
v 0.1155816714599656 0.8089677705264491 0.5763783683241305 
v 0.09022060845776399 0.8235551163474788 0.5600153677778864 
v 0.0764504570518787 0.8121655861269365 0.5783963937713034 
v 0.11753739745783834 0.8447544856576217 0.5220869842853441 
v 0.10393161801064552 0.8344398512706104 0.5412100824903125 
v 0.14290770219112198 0.8303173204704432 0.5386562317296971 
v 0.21572791005863756 0.7416209427450434 0.635184891274726 
v 0.1909843091616678 0.7596991429528195 0.6215964976178615 
v 0.1770508715146557 0.7481718674825195 0.639446515045332 
v 0.21843822689979855 0.7813353051621147 0.5846365383176946 
v 0.20479563906601936 0.7707768720583792 0.6032924330036318 
v 0.2432092213565805 0.7633696335048694 0.5984280051015053 
v 0.1270359063148358 0.7819244328900447 0.6102917824748669 
v 0.16602724115822068 0.776964607538646 0.6072569092449321 
v 0.14091868534515256 0.7933365624373526 0.5922491222624805 
v 0.16829772516603633 0.8149288935235016 0.5545870303248164 
v 0.15464057088894242 0.8043872800040314 0.5736265314669973 
v 0.19349605621792842 0.7985761657619115 0.5699433162211066 
v -0.2962206532849401 0.8009091268885654 0.5203824507360323 
v -0.25848631794772886 0.8101767399136125 0.5261164068310134 
v -0.27144044986507576 0.8187133248919491 0.5059926618256584 
v -0.23201431295169542 0.7915423744763886 0.5653583182317505 
v -0.2453293268450999 0.8011000378578574 0.5459416184299102 
v -0.2700632239120865 0.7831493674869161 0.5601275955485977 
v -0.19509032201612936 0.8343057915947906 0.5156293362164653 
v -0.22031724202172814 0.818177541906172 0.5310798647927761 
v -0.1818435830840337 0.824895772447439 0.5352381487613744 
v -0.1770508715146557 0.7481718674825195 0.639446515045332 
v -0.1909843091616678 0.7596991429528195 0.6215964976178615 
v -0.21572791005863756 0.7416209427450434 0.635184891274726 
v -0.14091868534515256 0.7933365624373526 0.5922491222624805 
v -0.16602724115822068 0.776964607538646 0.6072569092449321 
v -0.1270359063148358 0.7819244328900447 0.6102917824748669 
v -0.2432092213565805 0.7633696335048694 0.5984280051015053 
v -0.20479563906601936 0.7707768720583792 0.6032924330036318 
v -0.21843822689979855 0.7813353051621147 0.5846365383176946 
v -0.03925981575906884 0.8499949874070014 0.5253257924845641 
v -0.06475825695334898 0.8372534572344589 0.5429668650160064 
v -0.025521689363188 0.8387595223135119 0.5439035825405624 
v -0.14290770219112198 0.8303173204704432 0.5386562317296971 
v -0.10393161801064552 0.8344398512706104 0.5412100824903125 
v -0.11753739745783834 0.8447544856576217 0.5220869842853441 
v -0.0764504570518787 0.8121655861269365 0.5783963937713034 
v -0.09022060845776399 0.8235551163474788 0.5600153677778864 
v -0.1155816714599656 0.8089677705264491 0.5763783683241305 
v -0.19349605621792842 0.7985761657619115 0.5699433162211066 
v -0.15464057088894242 0.8043872800040314 0.5736265314669973 
v -0.16829772516603633 0.8149288935235016 0.5545870303248164 
v 0.12684214792599202 0.7539285507774984 0.6445950743156993 
v 0.07645225624840753 0.785791333206552 0.6137483467774048 
v 0.10170421170675417 0.7703301857731882 0.6294820555089343 
v 0.07625632246401928 0.7577799549291617 0.6480389750561468 
v 0.02552297566890567 0.7597080207164643 0.6497632653298251 
v 0.0 0.8270031505374462 0.5621972865472923 
v -0.05096640880924787 0.8006156720352336 0.5970066757287225 
v -0.025521752488508433 0.8142511354171935 0.5799514881623519 
v 0.025521752488508433 0.8142511354171935 0.5799514881623519 
v 0.05096640880924787 0.8006156720352336 0.5970066757287225 
v -0.12684214792599202 0.7539285507774984 0.6445950743156993 
v -0.02552297566890567 0.7597080207164643 0.6497632653298251 
v -0.07625632246401928 0.7577799549291617 0.6480389750561468 
v -0.10170421170675417 0.7703301857731882 0.6294820555089343 
v -0.07645225624840753 0.785791333206552 0.6137483467774048 
v 0.025523041485935632 0.7878769212383891 0.6153036090689086 
v -0.025523041485935632 0.7878769212383891 0.6153036090689086 
v 0.0 0.7741997711289156 0.6329413198582746 
v 0.4447699506184067 0.8931886811514114 0.06628477117636096 
v 0.5006535370329146 0.8616205216130245 0.08340331283427277 
v 0.3609852040060607 0.9310814420111693 0.05269754103470302 
v 0.3988358717532737 0.9155090289422214 0.05266085194978226 
v 0.4700875882988311 0.8659944240820039 0.17050312837677453 
v 0.43972226015785354 0.8902398512309615 0.1188164180656216 
v 0.4255793844727695 0.8911600430072988 0.15721312050528152 
v 0.22954258494591 0.9723947334963671 0.04193666611545143 
v 0.26089971095891307 0.9644553277321605 0.04191970456249211 
v 0.31419120754190905 0.9410602237031607 0.12525789582742683 
v 0.28791655467364535 0.9539871847962166 0.08374072360236126 
v 0.283233271154506 0.9508203664687948 0.12537760892306432 
v 0.2920925707626653 0.9554731706147376 0.04186824979238771 
v 0.3228690221991825 0.945517893868444 0.0418510080968858 
v 0.4171473053412188 0.8587877557821093 0.29744195427896203 
v 0.394569188673922 0.8818430472458384 0.25820146276382144 
v 0.38133031478920365 0.878584757378025 0.2875343720770853 
v 0.41975743200844573 0.8856375634903905 0.19861974828420137 
v 0.4074316071638247 0.8841897258891598 0.2284907309191235 
v 0.44302465523566653 0.8642113836242095 0.2384697869073738 
v 0.3340036710810718 0.919442533691752 0.2075258416266724 
v 0.37100886133920274 0.9026333150732726 0.2181868999908616 
v 0.3465634392214867 0.9210530842334955 0.1776372669766692 
v 0.3567750943428883 0.9293998197915082 0.09448548580673737 
v 0.35189195971146914 0.9260717439202725 0.13624673868715992 
v 0.38914752231661165 0.9093925590053893 0.1468651745665792 
v 0.020640106600607534 0.9992290362407229 0.03339639401120376 
v 0.04603557409131337 0.998381619512165 0.03338963519342115 
v 0.08718815456941542 0.9911665303697137 0.09993565318565238 
v 0.06666325011191572 0.9955412401529341 0.06673567441237252 
v 0.061793066681097936 0.9930684569549263 0.09998328215910428 
v 0.07145785793132124 0.996885285250077 0.03336918626127187 
v 0.09677728540377814 0.9947467574754734 0.03336233687719477 
v 0.16807545030645205 0.9584091347541085 0.23065683043032645 
v 0.148164745819139 0.968847109934543 0.19845020954343537 
v 0.14270468958168417 0.9624552364536474 0.23090103809716608 
v 0.15852427044005885 0.9783745591389662 0.13286563781159058 
v 0.15345911865875891 0.9741574700747876 0.1657332869340561 
v 0.17873431516051827 0.9698784487655955 0.1654987589202486 
v 0.10256505195721954 0.9807852804032304 0.16595374012467878 
v 0.12802625043008733 0.9777976979249582 0.16589436739523306 
v 0.10774603175049971 0.9852298474534369 0.13308997080508328 
v 0.17263002985146206 0.984425163259758 0.03325613829779551 
v 0.1975998401428451 0.9797187411961886 0.033248929674164485 
v 0.12231589398142963 0.9919329336733018 0.03328478892528173 
v 0.1474928590075372 0.9885031377134866 0.03327766927497027 
v 0.18859053231211437 0.9769922997095801 0.09959747702838313 
v 0.16817227119434497 0.9835112651961696 0.06651073923484514 
v 0.16352578208927573 0.9814935909986876 0.09964762626671896 
v 0.11269459250376102 0.9885916964210422 0.09993190975748022 
v 0.13818398735640267 0.985362809740326 0.09982644348535942 
v 0.11757219402111264 0.9908269172305946 0.06662431451338467 
v 0.3216140417038383 0.8166031040209722 0.47929508518472724 
v 0.3045218920390423 0.8386282893936576 0.45162928325965496 
v 0.2920805564656833 0.8314696123025455 0.47259626781445446 
v 0.3287915983554735 0.8513540261948713 0.4087693811094897 
v 0.31678718477642104 0.8452634228226743 0.4303203755337721 
v 0.3461778920857906 0.8301908194606841 0.43697147540112563 
v 0.25688338869722727 0.8724960070727973 0.4156460540573608 
v 0.28698049213364385 0.8593776962758704 0.4232164603111621 
v 0.269031737653449 0.8787810153877162 0.39416475125168177 
v 0.3746507116575007 0.8702952848623411 0.3197232575226656 
v 0.3636143390131298 0.8663903688799297 0.3422752418392894 
v 0.39256585194819055 0.8509128013333636 0.349055090796853 
v 0.30444446743442827 0.8944010538054319 0.32765884880512564 
v 0.3341995123525656 0.880900787102014 0.3351484584872195 
v 0.3156264386269501 0.8984797918153645 0.30514589123743313 
v 0.3698488469725288 0.8416372264580856 0.39352078653234074 
v 0.3522884980735565 0.8619324720229314 0.3646439740315426 
v 0.34075412088122814 0.8569306850069653 0.38672526449141453 
v 0.18196450534075298 0.9381913359224842 0.2944247543873977 
v 0.21292300277248796 0.9288243060851744 0.3032312703461523 
v 0.19359713966964 0.9426358632773417 0.2719517912702809 
v 0.2506537339416216 0.8969080302451762 0.3643194902044644 
v 0.2319578684407328 0.913564425488609 0.33405925784222673 
v 0.22010244941505783 0.9081431738250814 0.35613324416066494 
v 0.25518477221239694 0.9226294678520707 0.28919819688565135 
v 0.24367972711652286 0.9183980675621936 0.3117132979044132 
v 0.2741059419000244 0.9069411577001841 0.319880710710337 
v 0.31106825023904106 0.871239777798855 0.37970751016305065 
v 0.292824558245345 0.8897896808912725 0.35004014322335364 
v 0.2809923176697973 0.8845779820391438 0.37224334930541325 
v 0.22509056091406782 0.9714349265934731 0.07515598965966658 
v 0.2154838386948767 0.9662177624244155 0.14138582261625837 
v 0.2203644560235025 0.9693795691418807 0.10836400440998692 
v 0.25197949853594653 0.9606408486323642 0.11694226035298 
v 0.2781453469735951 0.9473853654161962 0.15841759798759364 
v 0.19926913109054997 0.9501582464600629 0.23977305953412628 
v 0.26106790220265014 0.9304655360394656 0.2570553183310888 
v 0.23033404754763118 0.9408320950776017 0.2485582334428216 
v 0.20481229505912274 0.9566054055679619 0.2072631704639531 
v 0.21010149339340226 0.9619645089681028 0.17458993659320432 
v 0.35193270884005984 0.8930421679691682 0.280390896209962 
v 0.3036683226425007 0.9316112989587759 0.19971464011391926 
v 0.32823582099996573 0.9135118494925283 0.2403275819568343 
v 0.32206866773025655 0.9065229095080919 0.2729248757505287 
v 0.2919360949432842 0.9189676695462833 0.26508817174279725 
v 0.2415621975555471 0.9529446768594135 0.18315061440640265 
v 0.2670852390414827 0.9371705697248318 0.22444776302691977 
v 0.2728193978874271 0.9428114318136241 0.19151026128613993 
v -0.5006535370329146 0.8616205216130245 0.08340331283427277 
v -0.4447699506184067 0.8931886811514114 0.06628477117636096 
v -0.4255793844727695 0.8911600430072988 0.15721312050528152 
v -0.43972226015785354 0.8902398512309615 0.1188164180656216 
v -0.4700875882988311 0.8659944240820039 0.17050312837677453 
v -0.3988358717532737 0.9155090289422214 0.05266085194978226 
v -0.3609852040060607 0.9310814420111693 0.05269754103470302 
v -0.38133031478920365 0.878584757378025 0.2875343720770853 
v -0.394569188673922 0.8818430472458384 0.25820146276382144 
v -0.4171473053412188 0.8587877557821093 0.29744195427896203 
v -0.3465634392214867 0.9210530842334955 0.1776372669766692 
v -0.37100886133920274 0.9026333150732726 0.2181868999908616 
v -0.3340036710810718 0.919442533691752 0.2075258416266724 
v -0.44302465523566653 0.8642113836242095 0.2384697869073738 
v -0.4074316071638247 0.8841897258891598 0.2284907309191235 
v -0.41975743200844573 0.8856375634903905 0.19861974828420137 
v -0.26089971095891307 0.9644553277321605 0.04191970456249211 
v -0.22954258494591 0.9723947334963671 0.04193666611545143 
v -0.3228690221991825 0.945517893868444 0.0418510080968858 
v -0.2920925707626653 0.9554731706147376 0.04186824979238771 
v -0.283233271154506 0.9508203664687948 0.12537760892306432 
v -0.28791655467364535 0.9539871847962166 0.08374072360236126 
v -0.31419120754190905 0.9410602237031607 0.12525789582742683 
v -0.38914752231661165 0.9093925590053893 0.1468651745665792 
v -0.35189195971146914 0.9260717439202725 0.13624673868715992 
v -0.3567750943428883 0.9293998197915082 0.09448548580673737 
v -0.2920805564656833 0.8314696123025455 0.47259626781445446 
v -0.3045218920390423 0.8386282893936576 0.45162928325965496 
v -0.3216140417038383 0.8166031040209722 0.47929508518472724 
v -0.269031737653449 0.8787810153877162 0.39416475125168177 
v -0.28698049213364385 0.8593776962758704 0.4232164603111621 
v -0.25688338869722727 0.8724960070727973 0.4156460540573608 
v -0.3461778920857906 0.8301908194606841 0.43697147540112563 
v -0.31678718477642104 0.8452634228226743 0.4303203755337721 
v -0.3287915983554735 0.8513540261948713 0.4087693811094897 
v -0.19359713966964 0.9426358632773417 0.2719517912702809 
v -0.21292300277248796 0.9288243060851744 0.3032312703461523 
v -0.18196450534075298 0.9381913359224842 0.2944247543873977 
v -0.2741059419000244 0.9069411577001841 0.319880710710337 
v -0.24367972711652286 0.9183980675621936 0.3117132979044132 
v -0.25518477221239694 0.9226294678520707 0.28919819688565135 
v -0.22010244941505783 0.9081431738250814 0.35613324416066494 
v -0.2319578684407328 0.913564425488609 0.33405925784222673 
v -0.2506537339416216 0.8969080302451762 0.3643194902044644 
v -0.39256585194819055 0.8509128013333636 0.349055090796853 
v -0.3636143390131298 0.8663903688799297 0.3422752418392894 
v -0.3746507116575007 0.8702952848623411 0.3197232575226656 
v -0.34075412088122814 0.8569306850069653 0.38672526449141453 
v -0.3522884980735565 0.8619324720229314 0.3646439740315426 
v -0.3698488469725288 0.8416372264580856 0.39352078653234074 
v -0.3156264386269501 0.8984797918153645 0.30514589123743313 
v -0.3341995123525656 0.880900787102014 0.3351484584872195 
v -0.30444446743442827 0.8944010538054319 0.32765884880512564 
v -0.2809923176697973 0.8845779820391438 0.37224334930541325 
v -0.292824558245345 0.8897896808912725 0.35004014322335364 
v -0.31106825023904106 0.871239777798855 0.37970751016305065 
v -0.04603557409131337 0.998381619512165 0.03338963519342115 
v -0.020640106600607534 0.9992290362407229 0.03339639401120376 
v -0.09677728540377814 0.9947467574754734 0.03336233687719477 
v -0.07145785793132124 0.996885285250077 0.03336918626127187 
v -0.061793066681097936 0.9930684569549263 0.09998328215910428 
v -0.06666325011191572 0.9955412401529341 0.06673567441237252 
v -0.08718815456941542 0.9911665303697137 0.09993565318565238 
v -0.1975998401428451 0.9797187411961886 0.033248929674164485 
v -0.17263002985146206 0.984425163259758 0.03325613829779551 
v -0.16352578208927573 0.9814935909986876 0.09964762626671896 
v -0.16817227119434497 0.9835112651961696 0.06651073923484514 
v -0.18859053231211437 0.9769922997095801 0.09959747702838313 
v -0.1474928590075372 0.9885031377134866 0.03327766927497027 
v -0.12231589398142963 0.9919329336733018 0.03328478892528173 
v -0.14270468958168417 0.9624552364536474 0.23090103809716608 
v -0.148164745819139 0.968847109934543 0.19845020954343537 
v -0.16807545030645205 0.9584091347541085 0.23065683043032645 
v -0.10774603175049971 0.9852298474534369 0.13308997080508328 
v -0.12802625043008733 0.9777976979249582 0.16589436739523306 
v -0.10256505195721954 0.9807852804032304 0.16595374012467878 
v -0.17873431516051827 0.9698784487655955 0.1654987589202486 
v -0.15345911865875891 0.9741574700747876 0.1657332869340561 
v -0.15852427044005885 0.9783745591389662 0.13286563781159058 
v -0.11757219402111264 0.9908269172305946 0.06662431451338467 
v -0.13818398735640267 0.985362809740326 0.09982644348535942 
v -0.11269459250376102 0.9885916964210422 0.09993190975748022 
v -0.35193270884005984 0.8930421679691682 0.280390896209962 
v -0.2919360949432842 0.9189676695462833 0.26508817174279725 
v -0.32206866773025655 0.9065229095080919 0.2729248757505287 
v -0.32823582099996573 0.9135118494925283 0.2403275819568343 
v -0.3036683226425007 0.9316112989587759 0.19971464011391926 
v -0.19926913109054997 0.9501582464600629 0.23977305953412628 
v -0.21010149339340226 0.9619645089681028 0.17458993659320432 
v -0.20481229505912274 0.9566054055679619 0.2072631704639531 
v -0.23033404754763118 0.9408320950776017 0.2485582334428216 
v -0.26106790220265014 0.9304655360394656 0.2570553183310888 
v -0.22509056091406782 0.9714349265934731 0.07515598965966658 
v -0.2781453469735951 0.9473853654161962 0.15841759798759364 
v -0.25197949853594653 0.9606408486323642 0.11694226035298 
v -0.2203644560235025 0.9693795691418807 0.10836400440998692 
v -0.2154838386948767 0.9662177624244155 0.14138582261625837 
v -0.2670852390414827 0.9371705697248318 0.22444776302691977 
v -0.2415621975555471 0.9529446768594135 0.18315061440640265 
v -0.2728193978874271 0.9428114318136241 0.19151026128613993 
v 0.25428597460333346 0.8406091346018488 0.4782414933315213 
v 0.21863732132450517 0.8805165461912665 0.42058094774662386 
v 0.23664383137054754 0.8612546042386628 0.44971124485826697 
v 0.21600364614371015 0.8484982682343841 0.48310776608938305 
v 0.17748121829815974 0.8550806756764929 0.48717292128774276 
v 0.14274881525288216 0.9438788183165006 0.29785156047492034 
v 0.16212249394052966 0.9302399032813874 0.32919601957122435 
v 0.12176071864422876 0.9096258938252693 0.3971839129141823 
v 0.14201334709306526 0.9206980463343025 0.3635207239259176 
v 0.10264731546613545 0.9248259540359197 0.36627924233997544 
v 0.18124898816261095 0.9151241562797692 0.3601341179106339 
v 0.19999890567800102 0.8986292637583533 0.3904688003473797 
v 0.05992648232431773 0.8670792945878901 0.49455263988093323 
v 0.020666786361407435 0.8684279750460234 0.49538443263687176 
v 0.13820363394925206 0.8604376854859516 0.4904556503485304 
v 0.09919019947175643 0.8644090357931763 0.492908027088081 
v 0.06186285283676537 0.8996197699180694 0.4322698890871957 
v 0.0805897740049722 0.8827361904553981 0.4629061528929148 
v 0.10111903504651848 0.8968686317768634 0.4305828585602986 
v 0.17975884147172938 0.8873878812482789 0.4245344592920956 
v 0.14050053405904217 0.8928517214004176 0.4278731161471061 
v 0.15911707709285489 0.8746305692743679 0.45793353564488126 
v 0.0 0.9977665097691003 0.06679814356093862 
v -0.04115610302634545 0.9902059714642681 0.133410304175464 
v -0.020640185226837394 0.9947521992493799 0.10021000370384166 
v 0.020640185226837394 0.9947521992493799 0.10021000370384166 
v 0.04115610302634545 0.9902059714642681 0.133410304175464 
v -0.12208202889147472 0.956651594726083 0.2644119977039306 
v -0.10219601161621196 0.9672765061840353 0.2322329343442593 
v -0.020641683597710306 0.9721208943936089 0.23356987729932488 
v -0.061423573088093084 0.9705052658150477 0.23312373044020082 
v -0.040784462629370084 0.9630592997300732 0.26618304380905694 
v -0.0820587886908545 0.9764270709041961 0.19964100381445143 
v -0.061795271728748984 0.9840438069077393 0.1668506232487429 
v 0.10219601161621196 0.9672765061840353 0.2322329343442593 
v 0.12208202889147472 0.956651594726083 0.2644119977039306 
v 0.061795271728748984 0.9840438069077393 0.1668506232487429 
v 0.0820587886908545 0.9764270709041961 0.19964100381445143 
v 0.040784462629370084 0.9630592997300732 0.26618304380905694 
v 0.061423573088093084 0.9705052658150477 0.23312373044020082 
v 0.020641683597710306 0.9721208943936089 0.23356987729932488 
v -0.020641764378874525 0.9857276430821997 0.16707762036532117 
v 0.0 0.9796858268864171 0.20053847660206547 
v 0.020641764378874525 0.9857276430821997 0.16707762036532117 
v -0.25428597460333346 0.8406091346018488 0.4782414933315213 
v -0.17748121829815974 0.8550806756764929 0.48717292128774276 
v -0.21600364614371015 0.8484982682343841 0.48310776608938305 
v -0.23664383137054754 0.8612546042386628 0.44971124485826697 
v -0.21863732132450517 0.8805165461912665 0.42058094774662386 
v -0.020666786361407435 0.8684279750460234 0.49538443263687176 
v -0.05992648232431773 0.8670792945878901 0.49455263988093323 
v -0.10111903504651848 0.8968686317768634 0.4305828585602986 
v -0.0805897740049722 0.8827361904553981 0.4629061528929148 
v -0.06186285283676537 0.8996197699180694 0.4322698890871957 
v -0.09919019947175643 0.8644090357931763 0.492908027088081 
v -0.13820363394925206 0.8604376854859516 0.4904556503485304 
v -0.16212249394052966 0.9302399032813874 0.32919601957122435 
v -0.14274881525288216 0.9438788183165006 0.29785156047492034 
v -0.19999890567800102 0.8986292637583533 0.3904688003473797 
v -0.18124898816261095 0.9151241562797692 0.3601341179106339 
v -0.10264731546613545 0.9248259540359197 0.36627924233997544 
v -0.14201334709306526 0.9206980463343025 0.3635207239259176 
v -0.12176071864422876 0.9096258938252693 0.3971839129141823 
v -0.15911707709285489 0.8746305692743679 0.45793353564488126 
v -0.14050053405904217 0.8928517214004176 0.4278731161471061 
v -0.17975884147172938 0.8873878812482789 0.4245344592920956 
v 0.10223787501816975 0.9487020029781063 0.2991854382437394 
v 0.02066853812760538 0.9535491726501863 0.3005275143307396 
v 0.06145291092439256 0.9519324633851035 0.3000801974347644 
v 0.08211978474528632 0.9391596329225859 0.33351990171817564 
v 0.06186530201405174 0.9280881723418584 0.3671852785255135 
v -0.10223787501816975 0.9487020029781063 0.2991854382437394 
v -0.06186530201405174 0.9280881723418584 0.3671852785255135 
v -0.08211978474528632 0.9391596329225859 0.33351990171817564 
v -0.06145291092439256 0.9519324633851035 0.3000801974347644 
v -0.02066853812760538 0.9535491726501863 0.3005275143307396 
v 0.0 0.8855155212793143 0.4646097949607007 
v 0.04119676388644637 0.9153143132812254 0.40062767571375185 
v 0.020666873820893758 0.901179645263692 0.43295280030146177 
v -0.020666873820893758 0.901179645263692 0.43295280030146177 
v -0.04119676388644637 0.9153143132812254 0.40062767571375185 
v 0.0 0.9424222167125196 0.334425425837601 
v -0.020668627986979632 0.929648302115739 0.36786796842136105 
v 0.020668627986979632 0.929648302115739 0.36786796842136105 
v -0.08340331283427277 0.5006535370329146 0.8616205216130245 
v -0.06628477117636095 0.44476995061840663 0.8931886811514114 
v 0.0 0.4491074549269934 0.8934777523413767 
v -0.1572131205052815 0.4255793844727695 0.8911600430072988 
v -0.11881641806562158 0.43972226015785354 0.8902398512309615 
v -0.1705031283767745 0.4700875882988311 0.8659944240820039 
v 0.0 0.364710859773797 0.9311208239337458 
v -0.05266085194978226 0.3988358717532737 0.9155090289422214 
v -0.05269754103470302 0.36098520400606077 0.9310814420111693 
v -0.2875343720770853 0.3813303147892037 0.8785847573780251 
v -0.2582014627638215 0.394569188673922 0.8818430472458384 
v -0.2974419542789621 0.4171473053412188 0.8587877557821093 
v -0.1776372669766692 0.34656343922148664 0.9210530842334955 
v -0.21818689999086163 0.3710088613392028 0.9026333150732727 
v -0.2075258416266724 0.3340036710810718 0.919442533691752 
v -0.2384697869073739 0.4430246552356666 0.8642113836242095 
v -0.22849073091912356 0.4074316071638247 0.8841897258891598 
v -0.1986197482842014 0.4197574320084458 0.8856375634903906 
v 0.0 0.23331806791662668 0.9724004726364813 
v -0.04191970456249211 0.26089971095891307 0.9644553277321605 
v -0.04193666611545143 0.22954258494591 0.9723947334963671 
v -0.0418510080968858 0.3228690221991825 0.945517893868444 
v -0.04186824979238771 0.2920925707626653 0.9554731706147376 
v 0.0 0.2956422216369638 0.9552987369328824 
v -0.12537760892306432 0.283233271154506 0.9508203664687948 
v -0.08374072360236126 0.28791655467364535 0.9539871847962166 
v -0.12525789582742683 0.314191207541909 0.9410602237031606 
v -0.1468651745665792 0.38914752231661165 0.9093925590053893 
v -0.1362467386871599 0.35189195971146914 0.9260717439202724 
v -0.09448548580673737 0.35677509434288834 0.9293998197915082 
v -0.47259626781445446 0.2920805564656833 0.8314696123025455 
v -0.45162928325965496 0.3045218920390423 0.8386282893936576 
v -0.47929508518472724 0.3216140417038383 0.8166031040209722 
v -0.39416475125168177 0.26903173765344907 0.8787810153877164 
v -0.4232164603111621 0.28698049213364385 0.8593776962758704 
v -0.4156460540573608 0.25688338869722727 0.8724960070727973 
v -0.43697147540112563 0.3461778920857906 0.8301908194606841 
v -0.4303203755337721 0.31678718477642104 0.8452634228226743 
v -0.4087693811094897 0.3287915983554735 0.8513540261948713 
v -0.2719517912702809 0.19359713966964 0.9426358632773417 
v -0.3032312703461523 0.21292300277248796 0.9288243060851744 
v -0.2944247543873977 0.18196450534075298 0.9381913359224842 
v -0.319880710710337 0.2741059419000244 0.9069411577001841 
v -0.3117132979044132 0.24367972711652286 0.9183980675621936 
v -0.28919819688565135 0.25518477221239694 0.9226294678520707 
v -0.35613324416066494 0.22010244941505783 0.9081431738250814 
v -0.33405925784222673 0.2319578684407328 0.913564425488609 
v -0.3643194902044644 0.2506537339416216 0.8969080302451762 
v -0.34905509079685293 0.3925658519481905 0.8509128013333634 
v -0.3422752418392894 0.3636143390131298 0.8663903688799297 
v -0.3197232575226656 0.3746507116575007 0.8702952848623411 
v -0.3867252644914145 0.3407541208812281 0.8569306850069653 
v -0.3646439740315426 0.35228849807355644 0.8619324720229314 
v -0.39352078653234074 0.3698488469725288 0.8416372264580856 
v -0.30514589123743313 0.3156264386269501 0.8984797918153645 
v -0.33514845848721947 0.3341995123525656 0.8809007871020141 
v -0.3276588488051257 0.30444446743442827 0.8944010538054319 
v -0.37224334930541325 0.2809923176697973 0.8845779820391438 
v -0.35004014322335364 0.292824558245345 0.8897896808912725 
v -0.3797075101630507 0.31106825023904106 0.871239777798855 
v 0.0 0.025393388418898256 0.9996775359207624 
v -0.03338963519342115 0.04603557409131337 0.998381619512165 
v -0.03339639401120376 0.020640106600607534 0.9992290362407229 
v -0.03336233687719477 0.09677728540377814 0.9947467574754734 
v -0.033369186261271874 0.07145785793132124 0.9968852852500771 
v 0.0 0.07611466817370417 0.997099070949726 
v -0.09998328215910428 0.061793066681097936 0.9930684569549263 
v -0.06673567441237252 0.06666325011191572 0.9955412401529341 
v -0.09993565318565238 0.08718815456941542 0.9911665303697137 
v -0.033248929674164485 0.1975998401428451 0.9797187411961886 
v -0.03325613829779551 0.17263002985146206 0.984425163259758 
v 0.0 0.17683794188955307 0.9842399820715815 
v -0.09964762626671894 0.1635257820892757 0.9814935909986876 
v -0.06651073923484514 0.16817227119434497 0.9835112651961696 
v -0.09959747702838313 0.18859053231211437 0.9769922997095801 
v 0.0 0.12663962561594838 0.9919487916338485 
v -0.03327766927497027 0.1474928590075372 0.9885031377134866 
v -0.03328478892528173 0.12231589398142963 0.9919329336733018 
v -0.23090103809716608 0.14270468958168417 0.9624552364536474 
v -0.19845020954343537 0.148164745819139 0.968847109934543 
v -0.23065683043032645 0.16807545030645205 0.9584091347541085 
v -0.13308997080508328 0.10774603175049971 0.9852298474534369 
v -0.16589436739523306 0.12802625043008733 0.9777976979249582 
v -0.16595374012467878 0.10256505195721956 0.9807852804032304 
v -0.16549875892024857 0.17873431516051827 0.9698784487655955 
v -0.16573328693405606 0.15345911865875891 0.9741574700747876 
v -0.13286563781159055 0.15852427044005885 0.9783745591389661 
v -0.06662431451338467 0.11757219402111264 0.9908269172305946 
v -0.09982644348535942 0.13818398735640267 0.985362809740326 
v -0.09993190975748022 0.11269459250376102 0.9885916964210422 
v -0.28039089620996194 0.3519327088400598 0.8930421679691681 
v -0.26508817174279725 0.2919360949432842 0.9189676695462833 
v -0.2729248757505287 0.32206866773025655 0.9065229095080919 
v -0.2403275819568343 0.32823582099996573 0.9135118494925283 
v -0.19971464011391926 0.3036683226425007 0.9316112989587759 
v -0.23977305953412625 0.19926913109054997 0.9501582464600629 
v -0.17458993659320435 0.21010149339340228 0.9619645089681028 
v -0.20726317046395307 0.20481229505912274 0.9566054055679619 
v -0.24855823344282163 0.23033404754763118 0.9408320950776017 
v -0.2570553183310888 0.26106790220265014 0.9304655360394657 
v -0.07515598965966658 0.22509056091406782 0.9714349265934731 
v -0.15841759798759364 0.2781453469735951 0.9473853654161962 
v -0.11694226035298 0.25197949853594653 0.9606408486323642 
v -0.10836400440998692 0.2203644560235025 0.9693795691418807 
v -0.14138582261625837 0.21548383869487667 0.9662177624244155 
v -0.2244477630269198 0.2670852390414827 0.9371705697248318 
v -0.18315061440640265 0.24156219755554706 0.9529446768594135 
v -0.19151026128613993 0.2728193978874271 0.9428114318136241 
v -0.8100744395071032 -0.051546082105921334 0.5840568498671873 
v -0.7859376684515491 0.0 0.6183057344946291 
v -0.8100744395071032 0.051546082105921334 0.5840568498671873 
v -0.7412994500228975 -0.06459418046670881 0.668058917495743 
v -0.7641464144951071 -0.04088638840457993 0.6437457265547492 
v -0.7606176955569699 -0.10537672852503426 0.6405907166756056 
v -0.7606176955569699 0.10537672852503426 0.6405907166756056 
v -0.7641464144951071 0.04088638840457993 0.6437457265547492 
v -0.7412994500228975 0.06459418046670881 0.668058917495743 
v -0.6589420763850745 -0.1517877298432937 0.7367196380159456 
v -0.6803460627503627 -0.133669477715009 0.7205981582182099 
v -0.6749585183575171 -0.18382923742459234 0.7145892596201808 
v -0.6860093197458461 -0.03237223167957772 0.7268722390062269 
v -0.6840456713765832 -0.08309230666555752 0.7246910983611958 
v -0.6658069010994745 -0.05077039992656588 0.7443947453734552 
v -0.7168289500255066 -0.14738243359870298 0.6814944421430403 
v -0.7011064382744459 -0.11533903640115949 0.7036665892965024 
v -0.7210328001169184 -0.09688840980926341 0.6860935338568556 
v -0.6749585183575171 0.18382923742459234 0.7145892596201808 
v -0.6803460627503627 0.133669477715009 0.7205981582182099 
v -0.6589420763850745 0.1517877298432937 0.7367196380159456 
v -0.7210328001169184 0.09688840980926341 0.6860935338568556 
v -0.7011064382744459 0.11533903640115949 0.7036665892965024 
v -0.7168289500255066 0.14738243359870298 0.6814944421430403 
v -0.6658069010994745 0.05077039992656588 0.7443947453734552 
v -0.6840456713765832 0.08309230666555752 0.7246910983611958 
v -0.6860093197458461 0.03237223167957772 0.7268722390062269 
v -0.724139403552818 -0.032372427973723354 0.6888934243620382 
v -0.7056198898681209 0.0 0.7085905524507796 
v -0.724139403552818 0.032372427973723354 0.6888934243620382 
v -0.5059926618256583 -0.27144044986507576 0.8187133248919491 
v -0.5261164068310134 -0.25848631794772886 0.8101767399136125 
v -0.5203824507360323 -0.2962206532849401 0.8009091268885654 
v -0.5352381487613743 -0.18184358308403367 0.824895772447439 
v -0.5310798647927761 -0.2203172420217281 0.818177541906172 
v -0.5156293362164652 -0.19509032201612939 0.8343057915947907 
v -0.5601275955485977 -0.2700632239120865 0.7831493674869161 
v -0.5459416184299102 -0.24532932684509987 0.8011000378578574 
v -0.5653583182317505 -0.23201431295169542 0.7915423744763886 
v -0.5439035825405624 -0.025521689363187997 0.8387595223135119 
v -0.5429668650160064 -0.06475825695334898 0.8372534572344589 
v -0.5253257924845641 -0.03925981575906884 0.8499949874070014 
v -0.5763783683241307 -0.1155816714599656 0.8089677705264491 
v -0.5600153677778865 -0.09022060845776397 0.8235551163474788 
v -0.5783963937713034 -0.07645045705187868 0.8121655861269365 
v -0.5220869842853441 -0.11753739745783831 0.8447544856576217 
v -0.5412100824903125 -0.1039316180106455 0.8344398512706103 
v -0.5386562317296971 -0.14290770219112195 0.830317320470443 
v -0.635184891274726 -0.21572791005863756 0.7416209427450434 
v -0.6215964976178616 -0.1909843091616678 0.7596991429528195 
v -0.639446515045332 -0.17705087151465568 0.7481718674825195 
v -0.5846365383176946 -0.21843822689979855 0.7813353051621147 
v -0.6032924330036318 -0.20479563906601936 0.7707768720583792 
v -0.5984280051015053 -0.2432092213565805 0.7633696335048694 
v -0.6102917824748669 -0.12703590631483577 0.7819244328900445 
v -0.6072569092449323 -0.1660272411582207 0.776964607538646 
v -0.5922491222624805 -0.14091868534515256 0.7933365624373525 
v -0.5545870303248163 -0.16829772516603633 0.8149288935235016 
v -0.5736265314669973 -0.1546405708889424 0.8043872800040314 
v -0.5699433162211065 -0.1934960562179284 0.7985761657619115 
v -0.5203824507360323 0.2962206532849401 0.8009091268885654 
v -0.5261164068310134 0.25848631794772886 0.8101767399136125 
v -0.5059926618256583 0.27144044986507576 0.8187133248919491 
v -0.5653583182317505 0.23201431295169542 0.7915423744763886 
v -0.5459416184299102 0.24532932684509987 0.8011000378578574 
v -0.5601275955485977 0.2700632239120865 0.7831493674869161 
v -0.5156293362164652 0.19509032201612939 0.8343057915947907 
v -0.5310798647927761 0.2203172420217281 0.818177541906172 
v -0.5352381487613743 0.18184358308403367 0.824895772447439 
v -0.639446515045332 0.17705087151465568 0.7481718674825195 
v -0.6215964976178616 0.1909843091616678 0.7596991429528195 
v -0.635184891274726 0.21572791005863756 0.7416209427450434 
v -0.5922491222624805 0.14091868534515256 0.7933365624373525 
v -0.6072569092449323 0.1660272411582207 0.776964607538646 
v -0.6102917824748669 0.12703590631483577 0.7819244328900445 
v -0.5984280051015053 0.2432092213565805 0.7633696335048694 
v -0.6032924330036318 0.20479563906601936 0.7707768720583792 
v -0.5846365383176946 0.21843822689979855 0.7813353051621147 
v -0.5253257924845641 0.03925981575906884 0.8499949874070014 
v -0.5429668650160064 0.06475825695334898 0.8372534572344589 
v -0.5439035825405624 0.025521689363187997 0.8387595223135119 
v -0.5386562317296971 0.14290770219112195 0.830317320470443 
v -0.5412100824903125 0.1039316180106455 0.8344398512706103 
v -0.5220869842853441 0.11753739745783831 0.8447544856576217 
v -0.5783963937713034 0.07645045705187868 0.8121655861269365 
v -0.5600153677778865 0.09022060845776397 0.8235551163474788 
v -0.5763783683241307 0.1155816714599656 0.8089677705264491 
v -0.5699433162211065 0.1934960562179284 0.7985761657619115 
v -0.5736265314669973 0.1546405708889424 0.8043872800040314 
v -0.5545870303248163 0.16829772516603633 0.8149288935235016 
v -0.6445950743156992 -0.12684214792599205 0.7539285507774983 
v -0.6137483467774048 -0.07645225624840751 0.785791333206552 
v -0.6294820555089343 -0.10170421170675416 0.7703301857731882 
v -0.6480389750561468 -0.07625632246401928 0.7577799549291616 
v -0.6497632653298251 -0.025522975668905667 0.7597080207164643 
v -0.5621972865472923 0.0 0.8270031505374462 
v -0.5970066757287226 0.050966408809247875 0.8006156720352335 
v -0.5799514881623519 0.025521752488508433 0.8142511354171935 
v -0.5799514881623519 -0.025521752488508433 0.8142511354171935 
v -0.5970066757287226 -0.050966408809247875 0.8006156720352335 
v -0.6445950743156992 0.12684214792599205 0.7539285507774983 
v -0.6497632653298251 0.025522975668905667 0.7597080207164643 
v -0.6480389750561468 0.07625632246401928 0.7577799549291616 
v -0.6294820555089343 0.10170421170675416 0.7703301857731882 
v -0.6137483467774048 0.07645225624840751 0.785791333206552 
v -0.6153036090689086 -0.02552304148593563 0.7878769212383891 
v -0.6153036090689086 0.02552304148593563 0.7878769212383891 
v -0.6329413198582746 0.0 0.7741997711289156 
v 0.0 -0.4491074549269934 0.8934777523413767 
v -0.06628477117636095 -0.44476995061840663 0.8931886811514114 
v -0.08340331283427277 -0.5006535370329146 0.8616205216130245 
v -0.05269754103470302 -0.36098520400606077 0.9310814420111693 
v -0.05266085194978226 -0.3988358717532737 0.9155090289422214 
v 0.0 -0.364710859773797 0.9311208239337458 
v -0.1705031283767745 -0.4700875882988311 0.8659944240820039 
v -0.11881641806562158 -0.43972226015785354 0.8902398512309615 
v -0.1572131205052815 -0.4255793844727695 0.8911600430072988 
v -0.04193666611545143 -0.22954258494591 0.9723947334963671 
v -0.04191970456249211 -0.26089971095891307 0.9644553277321605 
v 0.0 -0.23331806791662668 0.9724004726364813 
v -0.12525789582742683 -0.314191207541909 0.9410602237031606 
v -0.08374072360236126 -0.28791655467364535 0.9539871847962166 
v -0.12537760892306432 -0.283233271154506 0.9508203664687948 
v 0.0 -0.2956422216369638 0.9552987369328824 
v -0.04186824979238771 -0.2920925707626653 0.9554731706147376 
v -0.0418510080968858 -0.3228690221991825 0.945517893868444 
v -0.2974419542789621 -0.4171473053412188 0.8587877557821093 
v -0.2582014627638215 -0.394569188673922 0.8818430472458384 
v -0.2875343720770853 -0.3813303147892037 0.8785847573780251 
v -0.1986197482842014 -0.4197574320084458 0.8856375634903906 
v -0.22849073091912356 -0.4074316071638247 0.8841897258891598 
v -0.2384697869073739 -0.4430246552356666 0.8642113836242095 
v -0.2075258416266724 -0.3340036710810718 0.919442533691752 
v -0.21818689999086163 -0.3710088613392028 0.9026333150732727 
v -0.1776372669766692 -0.34656343922148664 0.9210530842334955 
v -0.09448548580673737 -0.35677509434288834 0.9293998197915082 
v -0.1362467386871599 -0.35189195971146914 0.9260717439202724 
v -0.1468651745665792 -0.38914752231661165 0.9093925590053893 
v -0.03339639401120376 -0.020640106600607534 0.9992290362407229 
v -0.03338963519342115 -0.04603557409131337 0.998381619512165 
v 0.0 -0.025393388418898256 0.9996775359207624 
v -0.09993565318565238 -0.08718815456941542 0.9911665303697137 
v -0.06673567441237252 -0.06666325011191572 0.9955412401529341 
v -0.09998328215910428 -0.061793066681097936 0.9930684569549263 
v 0.0 -0.07611466817370417 0.997099070949726 
v -0.033369186261271874 -0.07145785793132124 0.9968852852500771 
v -0.03336233687719477 -0.09677728540377814 0.9947467574754734 
v -0.23065683043032645 -0.16807545030645205 0.9584091347541085 
v -0.19845020954343537 -0.148164745819139 0.968847109934543 
v -0.23090103809716608 -0.14270468958168417 0.9624552364536474 
v -0.13286563781159055 -0.15852427044005885 0.9783745591389661 
v -0.16573328693405606 -0.15345911865875891 0.9741574700747876 
v -0.16549875892024857 -0.17873431516051827 0.9698784487655955 
v -0.16595374012467878 -0.10256505195721956 0.9807852804032304 
v -0.16589436739523306 -0.12802625043008733 0.9777976979249582 
v -0.13308997080508328 -0.10774603175049971 0.9852298474534369 
v 0.0 -0.17683794188955307 0.9842399820715815 
v -0.03325613829779551 -0.17263002985146206 0.984425163259758 
v -0.033248929674164485 -0.1975998401428451 0.9797187411961886 
v -0.03328478892528173 -0.12231589398142963 0.9919329336733018 
v -0.03327766927497027 -0.1474928590075372 0.9885031377134866 
v 0.0 -0.12663962561594838 0.9919487916338485 
v -0.09959747702838313 -0.18859053231211437 0.9769922997095801 
v -0.06651073923484514 -0.16817227119434497 0.9835112651961696 
v -0.09964762626671894 -0.1635257820892757 0.9814935909986876 
v -0.09993190975748022 -0.11269459250376102 0.9885916964210422 
v -0.09982644348535942 -0.13818398735640267 0.985362809740326 
v -0.06662431451338467 -0.11757219402111264 0.9908269172305946 
v -0.47929508518472724 -0.3216140417038383 0.8166031040209722 
v -0.45162928325965496 -0.3045218920390423 0.8386282893936576 
v -0.47259626781445446 -0.2920805564656833 0.8314696123025455 
v -0.4087693811094897 -0.3287915983554735 0.8513540261948713 
v -0.4303203755337721 -0.31678718477642104 0.8452634228226743 
v -0.43697147540112563 -0.3461778920857906 0.8301908194606841 
v -0.4156460540573608 -0.25688338869722727 0.8724960070727973 
v -0.4232164603111621 -0.28698049213364385 0.8593776962758704 
v -0.39416475125168177 -0.26903173765344907 0.8787810153877164 
v -0.3197232575226656 -0.3746507116575007 0.8702952848623411 
v -0.3422752418392894 -0.3636143390131298 0.8663903688799297 
v -0.34905509079685293 -0.3925658519481905 0.8509128013333634 
v -0.3276588488051257 -0.30444446743442827 0.8944010538054319 
v -0.33514845848721947 -0.3341995123525656 0.8809007871020141 
v -0.30514589123743313 -0.3156264386269501 0.8984797918153645 
v -0.39352078653234074 -0.3698488469725288 0.8416372264580856 
v -0.3646439740315426 -0.35228849807355644 0.8619324720229314 
v -0.3867252644914145 -0.3407541208812281 0.8569306850069653 
v -0.2944247543873977 -0.18196450534075298 0.9381913359224842 
v -0.3032312703461523 -0.21292300277248796 0.9288243060851744 
v -0.2719517912702809 -0.19359713966964 0.9426358632773417 
v -0.3643194902044644 -0.2506537339416216 0.8969080302451762 
v -0.33405925784222673 -0.2319578684407328 0.913564425488609 
v -0.35613324416066494 -0.22010244941505783 0.9081431738250814 
v -0.28919819688565135 -0.25518477221239694 0.9226294678520707 
v -0.3117132979044132 -0.24367972711652286 0.9183980675621936 
v -0.319880710710337 -0.2741059419000244 0.9069411577001841 
v -0.3797075101630507 -0.31106825023904106 0.871239777798855 
v -0.35004014322335364 -0.292824558245345 0.8897896808912725 
v -0.37224334930541325 -0.2809923176697973 0.8845779820391438 
v -0.07515598965966658 -0.22509056091406782 0.9714349265934731 
v -0.14138582261625837 -0.21548383869487667 0.9662177624244155 
v -0.10836400440998692 -0.2203644560235025 0.9693795691418807 
v -0.11694226035298 -0.25197949853594653 0.9606408486323642 
v -0.15841759798759364 -0.2781453469735951 0.9473853654161962 
v -0.23977305953412625 -0.19926913109054997 0.9501582464600629 
v -0.2570553183310888 -0.26106790220265014 0.9304655360394657 
v -0.24855823344282163 -0.23033404754763118 0.9408320950776017 
v -0.20726317046395307 -0.20481229505912274 0.9566054055679619 
v -0.17458993659320435 -0.21010149339340228 0.9619645089681028 
v -0.28039089620996194 -0.3519327088400598 0.8930421679691681 
v -0.19971464011391926 -0.3036683226425007 0.9316112989587759 
v -0.2403275819568343 -0.32823582099996573 0.9135118494925283 
v -0.2729248757505287 -0.32206866773025655 0.9065229095080919 
v -0.26508817174279725 -0.2919360949432842 0.9189676695462833 
v -0.18315061440640265 -0.24156219755554706 0.9529446768594135 
v -0.2244477630269198 -0.2670852390414827 0.9371705697248318 
v -0.19151026128613993 -0.2728193978874271 0.9428114318136241 
v -0.4782414933315212 0.2542859746033334 0.8406091346018488 
v -0.48717292128774276 0.17748121829815974 0.855080675676493 
v -0.483107766089383 0.21600364614371015 0.8484982682343841 
v -0.44971124485826697 0.23664383137054754 0.8612546042386628 
v -0.42058094774662375 0.21863732132450517 0.8805165461912665 
v -0.49538443263687176 0.020666786361407435 0.8684279750460234 
v -0.49455263988093323 0.05992648232431772 0.8670792945878901 
v -0.4305828585602986 0.10111903504651847 0.8968686317768633 
v -0.4629061528929148 0.0805897740049722 0.8827361904553981 
v -0.4322698890871957 0.06186285283676537 0.8996197699180694 
v -0.49290802708808107 0.09919019947175643 0.8644090357931763 
v -0.4904556503485304 0.13820363394925203 0.8604376854859516 
v -0.3291960195712243 0.16212249394052966 0.9302399032813874 
v -0.29785156047492034 0.14274881525288216 0.9438788183165006 
v -0.3904688003473797 0.19999890567800102 0.8986292637583533 
v -0.3601341179106339 0.18124898816261095 0.9151241562797692 
v -0.36627924233997544 0.10264731546613547 0.9248259540359197 
v -0.36352072392591755 0.1420133470930653 0.9206980463343025 
v -0.3971839129141823 0.12176071864422876 0.9096258938252693 
v -0.4579335356448812 0.15911707709285489 0.8746305692743679 
v -0.4278731161471062 0.1405005340590422 0.8928517214004176 
v -0.42453445929209555 0.1797588414717294 0.887387881248279 
v -0.4782414933315212 -0.2542859746033334 0.8406091346018488 
v -0.42058094774662375 -0.21863732132450517 0.8805165461912665 
v -0.44971124485826697 -0.23664383137054754 0.8612546042386628 
v -0.483107766089383 -0.21600364614371015 0.8484982682343841 
v -0.48717292128774276 -0.17748121829815974 0.855080675676493 
v -0.29785156047492034 -0.14274881525288216 0.9438788183165006 
v -0.3291960195712243 -0.16212249394052966 0.9302399032813874 
v -0.3971839129141823 -0.12176071864422876 0.9096258938252693 
v -0.36352072392591755 -0.1420133470930653 0.9206980463343025 
v -0.36627924233997544 -0.10264731546613547 0.9248259540359197 
v -0.3601341179106339 -0.18124898816261095 0.9151241562797692 
v -0.3904688003473797 -0.19999890567800102 0.8986292637583533 
v -0.49455263988093323 -0.05992648232431772 0.8670792945878901 
v -0.49538443263687176 -0.020666786361407435 0.8684279750460234 
v -0.4904556503485304 -0.13820363394925203 0.8604376854859516 
v -0.49290802708808107 -0.09919019947175643 0.8644090357931763 
v -0.4322698890871957 -0.06186285283676537 0.8996197699180694 
v -0.4629061528929148 -0.0805897740049722 0.8827361904553981 
v -0.4305828585602986 -0.10111903504651847 0.8968686317768633 
v -0.42453445929209555 -0.1797588414717294 0.887387881248279 
v -0.4278731161471062 -0.1405005340590422 0.8928517214004176 
v -0.4579335356448812 -0.15911707709285489 0.8746305692743679 
v -0.06679814356093862 0.0 0.9977665097691003 
v -0.133410304175464 0.04115610302634545 0.9902059714642681 
v -0.10021000370384166 0.020640185226837394 0.9947521992493799 
v -0.10021000370384166 -0.020640185226837394 0.9947521992493799 
v -0.133410304175464 -0.04115610302634545 0.9902059714642681 
v -0.2644119977039306 0.12208202889147472 0.956651594726083 
v -0.2322329343442593 0.10219601161621196 0.9672765061840353 
v -0.23356987729932488 0.020641683597710306 0.9721208943936089 
v -0.23312373044020082 0.061423573088093084 0.9705052658150477 
v -0.266183043809057 0.04078446262937009 0.9630592997300733 
v -0.1996410038144514 0.0820587886908545 0.976427070904196 
v -0.1668506232487429 0.061795271728748984 0.9840438069077393 
v -0.2322329343442593 -0.10219601161621196 0.9672765061840353 
v -0.2644119977039306 -0.12208202889147472 0.956651594726083 
v -0.1668506232487429 -0.061795271728748984 0.9840438069077393 
v -0.1996410038144514 -0.0820587886908545 0.976427070904196 
v -0.266183043809057 -0.04078446262937009 0.9630592997300733 
v -0.23312373044020082 -0.061423573088093084 0.9705052658150477 
v -0.23356987729932488 -0.020641683597710306 0.9721208943936089 
v -0.16707762036532117 0.020641764378874525 0.9857276430821997 
v -0.20053847660206547 0.0 0.9796858268864171 
v -0.16707762036532117 -0.020641764378874525 0.9857276430821997 
v -0.4646097949607007 0.0 0.8855155212793143 
v -0.40062767571375185 -0.04119676388644637 0.9153143132812254 
v -0.43295280030146177 -0.020666873820893758 0.901179645263692 
v -0.43295280030146177 0.020666873820893758 0.901179645263692 
v -0.40062767571375185 0.04119676388644637 0.9153143132812254 
v -0.29918543824373933 -0.10223787501816976 0.9487020029781063 
v -0.3005275143307396 -0.02066853812760538 0.9535491726501863 
v -0.3000801974347644 -0.06145291092439256 0.9519324633851035 
v -0.33351990171817564 -0.08211978474528632 0.939159632922586 
v -0.3671852785255135 -0.06186530201405175 0.9280881723418585 
v -0.29918543824373933 0.10223787501816976 0.9487020029781063 
v -0.3671852785255135 0.06186530201405175 0.9280881723418585 
v -0.33351990171817564 0.08211978474528632 0.939159632922586 
v -0.3000801974347644 0.06145291092439256 0.9519324633851035 
v -0.3005275143307396 0.02066853812760538 0.9535491726501863 
v -0.36786796842136105 -0.020668627986979632 0.929648302115739 
v -0.334425425837601 0.0 0.9424222167125196 
v -0.36786796842136105 0.020668627986979632 0.929648302115739 
v 0.06628477117636095 0.44476995061840663 0.8931886811514114 
v 0.08340331283427277 0.5006535370329146 0.8616205216130245 
v 0.05269754103470302 0.36098520400606077 0.9310814420111693 
v 0.05266085194978226 0.3988358717532737 0.9155090289422214 
v 0.1705031283767745 0.4700875882988311 0.8659944240820039 
v 0.11881641806562158 0.43972226015785354 0.8902398512309615 
v 0.1572131205052815 0.4255793844727695 0.8911600430072988 
v 0.04193666611545143 0.22954258494591 0.9723947334963671 
v 0.04191970456249211 0.26089971095891307 0.9644553277321605 
v 0.12525789582742683 0.314191207541909 0.9410602237031606 
v 0.08374072360236126 0.28791655467364535 0.9539871847962166 
v 0.12537760892306432 0.283233271154506 0.9508203664687948 
v 0.04186824979238771 0.2920925707626653 0.9554731706147376 
v 0.0418510080968858 0.3228690221991825 0.945517893868444 
v 0.2974419542789621 0.4171473053412188 0.8587877557821093 
v 0.2582014627638215 0.394569188673922 0.8818430472458384 
v 0.2875343720770853 0.3813303147892037 0.8785847573780251 
v 0.1986197482842014 0.4197574320084458 0.8856375634903906 
v 0.22849073091912356 0.4074316071638247 0.8841897258891598 
v 0.2384697869073739 0.4430246552356666 0.8642113836242095 
v 0.2075258416266724 0.3340036710810718 0.919442533691752 
v 0.21818689999086163 0.3710088613392028 0.9026333150732727 
v 0.1776372669766692 0.34656343922148664 0.9210530842334955 
v 0.09448548580673737 0.35677509434288834 0.9293998197915082 
v 0.1362467386871599 0.35189195971146914 0.9260717439202724 
v 0.1468651745665792 0.38914752231661165 0.9093925590053893 
v 0.03339639401120376 0.020640106600607534 0.9992290362407229 
v 0.03338963519342115 0.04603557409131337 0.998381619512165 
v 0.09993565318565238 0.08718815456941542 0.9911665303697137 
v 0.06673567441237252 0.06666325011191572 0.9955412401529341 
v 0.09998328215910428 0.061793066681097936 0.9930684569549263 
v 0.033369186261271874 0.07145785793132124 0.9968852852500771 
v 0.03336233687719477 0.09677728540377814 0.9947467574754734 
v 0.23065683043032645 0.16807545030645205 0.9584091347541085 
v 0.19845020954343537 0.148164745819139 0.968847109934543 
v 0.23090103809716608 0.14270468958168417 0.9624552364536474 
v 0.13286563781159055 0.15852427044005885 0.9783745591389661 
v 0.16573328693405606 0.15345911865875891 0.9741574700747876 
v 0.16549875892024857 0.17873431516051827 0.9698784487655955 
v 0.16595374012467878 0.10256505195721956 0.9807852804032304 
v 0.16589436739523306 0.12802625043008733 0.9777976979249582 
v 0.13308997080508328 0.10774603175049971 0.9852298474534369 
v 0.03325613829779551 0.17263002985146206 0.984425163259758 
v 0.033248929674164485 0.1975998401428451 0.9797187411961886 
v 0.03328478892528173 0.12231589398142963 0.9919329336733018 
v 0.03327766927497027 0.1474928590075372 0.9885031377134866 
v 0.09959747702838313 0.18859053231211437 0.9769922997095801 
v 0.06651073923484514 0.16817227119434497 0.9835112651961696 
v 0.09964762626671894 0.1635257820892757 0.9814935909986876 
v 0.09993190975748022 0.11269459250376102 0.9885916964210422 
v 0.09982644348535942 0.13818398735640267 0.985362809740326 
v 0.06662431451338467 0.11757219402111264 0.9908269172305946 
v 0.47929508518472724 0.3216140417038383 0.8166031040209722 
v 0.45162928325965496 0.3045218920390423 0.8386282893936576 
v 0.47259626781445446 0.2920805564656833 0.8314696123025455 
v 0.4087693811094897 0.3287915983554735 0.8513540261948713 
v 0.4303203755337721 0.31678718477642104 0.8452634228226743 
v 0.43697147540112563 0.3461778920857906 0.8301908194606841 
v 0.4156460540573608 0.25688338869722727 0.8724960070727973 
v 0.4232164603111621 0.28698049213364385 0.8593776962758704 
v 0.39416475125168177 0.26903173765344907 0.8787810153877164 
v 0.3197232575226656 0.3746507116575007 0.8702952848623411 
v 0.3422752418392894 0.3636143390131298 0.8663903688799297 
v 0.34905509079685293 0.3925658519481905 0.8509128013333634 
v 0.3276588488051257 0.30444446743442827 0.8944010538054319 
v 0.33514845848721947 0.3341995123525656 0.8809007871020141 
v 0.30514589123743313 0.3156264386269501 0.8984797918153645 
v 0.39352078653234074 0.3698488469725288 0.8416372264580856 
v 0.3646439740315426 0.35228849807355644 0.8619324720229314 
v 0.3867252644914145 0.3407541208812281 0.8569306850069653 
v 0.2944247543873977 0.18196450534075298 0.9381913359224842 
v 0.3032312703461523 0.21292300277248796 0.9288243060851744 
v 0.2719517912702809 0.19359713966964 0.9426358632773417 
v 0.3643194902044644 0.2506537339416216 0.8969080302451762 
v 0.33405925784222673 0.2319578684407328 0.913564425488609 
v 0.35613324416066494 0.22010244941505783 0.9081431738250814 
v 0.28919819688565135 0.25518477221239694 0.9226294678520707 
v 0.3117132979044132 0.24367972711652286 0.9183980675621936 
v 0.319880710710337 0.2741059419000244 0.9069411577001841 
v 0.3797075101630507 0.31106825023904106 0.871239777798855 
v 0.35004014322335364 0.292824558245345 0.8897896808912725 
v 0.37224334930541325 0.2809923176697973 0.8845779820391438 
v 0.07515598965966658 0.22509056091406782 0.9714349265934731 
v 0.14138582261625837 0.21548383869487667 0.9662177624244155 
v 0.10836400440998692 0.2203644560235025 0.9693795691418807 
v 0.11694226035298 0.25197949853594653 0.9606408486323642 
v 0.15841759798759364 0.2781453469735951 0.9473853654161962 
v 0.23977305953412625 0.19926913109054997 0.9501582464600629 
v 0.2570553183310888 0.26106790220265014 0.9304655360394657 
v 0.24855823344282163 0.23033404754763118 0.9408320950776017 
v 0.20726317046395307 0.20481229505912274 0.9566054055679619 
v 0.17458993659320435 0.21010149339340228 0.9619645089681028 
v 0.28039089620996194 0.3519327088400598 0.8930421679691681 
v 0.19971464011391926 0.3036683226425007 0.9316112989587759 
v 0.2403275819568343 0.32823582099996573 0.9135118494925283 
v 0.2729248757505287 0.32206866773025655 0.9065229095080919 
v 0.26508817174279725 0.2919360949432842 0.9189676695462833 
v 0.18315061440640265 0.24156219755554706 0.9529446768594135 
v 0.2244477630269198 0.2670852390414827 0.9371705697248318 
v 0.19151026128613993 0.2728193978874271 0.9428114318136241 
v 0.08340331283427277 -0.5006535370329146 0.8616205216130245 
v 0.06628477117636095 -0.44476995061840663 0.8931886811514114 
v 0.1572131205052815 -0.4255793844727695 0.8911600430072988 
v 0.11881641806562158 -0.43972226015785354 0.8902398512309615 
v 0.1705031283767745 -0.4700875882988311 0.8659944240820039 
v 0.05266085194978226 -0.3988358717532737 0.9155090289422214 
v 0.05269754103470302 -0.36098520400606077 0.9310814420111693 
v 0.2875343720770853 -0.3813303147892037 0.8785847573780251 
v 0.2582014627638215 -0.394569188673922 0.8818430472458384 
v 0.2974419542789621 -0.4171473053412188 0.8587877557821093 
v 0.1776372669766692 -0.34656343922148664 0.9210530842334955 
v 0.21818689999086163 -0.3710088613392028 0.9026333150732727 
v 0.2075258416266724 -0.3340036710810718 0.919442533691752 
v 0.2384697869073739 -0.4430246552356666 0.8642113836242095 
v 0.22849073091912356 -0.4074316071638247 0.8841897258891598 
v 0.1986197482842014 -0.4197574320084458 0.8856375634903906 
v 0.04191970456249211 -0.26089971095891307 0.9644553277321605 
v 0.04193666611545143 -0.22954258494591 0.9723947334963671 
v 0.0418510080968858 -0.3228690221991825 0.945517893868444 
v 0.04186824979238771 -0.2920925707626653 0.9554731706147376 
v 0.12537760892306432 -0.283233271154506 0.9508203664687948 
v 0.08374072360236126 -0.28791655467364535 0.9539871847962166 
v 0.12525789582742683 -0.314191207541909 0.9410602237031606 
v 0.1468651745665792 -0.38914752231661165 0.9093925590053893 
v 0.1362467386871599 -0.35189195971146914 0.9260717439202724 
v 0.09448548580673737 -0.35677509434288834 0.9293998197915082 
v 0.47259626781445446 -0.2920805564656833 0.8314696123025455 
v 0.45162928325965496 -0.3045218920390423 0.8386282893936576 
v 0.47929508518472724 -0.3216140417038383 0.8166031040209722 
v 0.39416475125168177 -0.26903173765344907 0.8787810153877164 
v 0.4232164603111621 -0.28698049213364385 0.8593776962758704 
v 0.4156460540573608 -0.25688338869722727 0.8724960070727973 
v 0.43697147540112563 -0.3461778920857906 0.8301908194606841 
v 0.4303203755337721 -0.31678718477642104 0.8452634228226743 
v 0.4087693811094897 -0.3287915983554735 0.8513540261948713 
v 0.2719517912702809 -0.19359713966964 0.9426358632773417 
v 0.3032312703461523 -0.21292300277248796 0.9288243060851744 
v 0.2944247543873977 -0.18196450534075298 0.9381913359224842 
v 0.319880710710337 -0.2741059419000244 0.9069411577001841 
v 0.3117132979044132 -0.24367972711652286 0.9183980675621936 
v 0.28919819688565135 -0.25518477221239694 0.9226294678520707 
v 0.35613324416066494 -0.22010244941505783 0.9081431738250814 
v 0.33405925784222673 -0.2319578684407328 0.913564425488609 
v 0.3643194902044644 -0.2506537339416216 0.8969080302451762 
v 0.34905509079685293 -0.3925658519481905 0.8509128013333634 
v 0.3422752418392894 -0.3636143390131298 0.8663903688799297 
v 0.3197232575226656 -0.3746507116575007 0.8702952848623411 
v 0.3867252644914145 -0.3407541208812281 0.8569306850069653 
v 0.3646439740315426 -0.35228849807355644 0.8619324720229314 
v 0.39352078653234074 -0.3698488469725288 0.8416372264580856 
v 0.30514589123743313 -0.3156264386269501 0.8984797918153645 
v 0.33514845848721947 -0.3341995123525656 0.8809007871020141 
v 0.3276588488051257 -0.30444446743442827 0.8944010538054319 
v 0.37224334930541325 -0.2809923176697973 0.8845779820391438 
v 0.35004014322335364 -0.292824558245345 0.8897896808912725 
v 0.3797075101630507 -0.31106825023904106 0.871239777798855 
v 0.03338963519342115 -0.04603557409131337 0.998381619512165 
v 0.03339639401120376 -0.020640106600607534 0.9992290362407229 
v 0.03336233687719477 -0.09677728540377814 0.9947467574754734 
v 0.033369186261271874 -0.07145785793132124 0.9968852852500771 
v 0.09998328215910428 -0.061793066681097936 0.9930684569549263 
v 0.06673567441237252 -0.06666325011191572 0.9955412401529341 
v 0.09993565318565238 -0.08718815456941542 0.9911665303697137 
v 0.033248929674164485 -0.1975998401428451 0.9797187411961886 
v 0.03325613829779551 -0.17263002985146206 0.984425163259758 
v 0.09964762626671894 -0.1635257820892757 0.9814935909986876 
v 0.06651073923484514 -0.16817227119434497 0.9835112651961696 
v 0.09959747702838313 -0.18859053231211437 0.9769922997095801 
v 0.03327766927497027 -0.1474928590075372 0.9885031377134866 
v 0.03328478892528173 -0.12231589398142963 0.9919329336733018 
v 0.23090103809716608 -0.14270468958168417 0.9624552364536474 
v 0.19845020954343537 -0.148164745819139 0.968847109934543 
v 0.23065683043032645 -0.16807545030645205 0.9584091347541085 
v 0.13308997080508328 -0.10774603175049971 0.9852298474534369 
v 0.16589436739523306 -0.12802625043008733 0.9777976979249582 
v 0.16595374012467878 -0.10256505195721956 0.9807852804032304 
v 0.16549875892024857 -0.17873431516051827 0.9698784487655955 
v 0.16573328693405606 -0.15345911865875891 0.9741574700747876 
v 0.13286563781159055 -0.15852427044005885 0.9783745591389661 
v 0.06662431451338467 -0.11757219402111264 0.9908269172305946 
v 0.09982644348535942 -0.13818398735640267 0.985362809740326 
v 0.09993190975748022 -0.11269459250376102 0.9885916964210422 
v 0.28039089620996194 -0.3519327088400598 0.8930421679691681 
v 0.26508817174279725 -0.2919360949432842 0.9189676695462833 
v 0.2729248757505287 -0.32206866773025655 0.9065229095080919 
v 0.2403275819568343 -0.32823582099996573 0.9135118494925283 
v 0.19971464011391926 -0.3036683226425007 0.9316112989587759 
v 0.23977305953412625 -0.19926913109054997 0.9501582464600629 
v 0.17458993659320435 -0.21010149339340228 0.9619645089681028 
v 0.20726317046395307 -0.20481229505912274 0.9566054055679619 
v 0.24855823344282163 -0.23033404754763118 0.9408320950776017 
v 0.2570553183310888 -0.26106790220265014 0.9304655360394657 
v 0.07515598965966658 -0.22509056091406782 0.9714349265934731 
v 0.15841759798759364 -0.2781453469735951 0.9473853654161962 
v 0.11694226035298 -0.25197949853594653 0.9606408486323642 
v 0.10836400440998692 -0.2203644560235025 0.9693795691418807 
v 0.14138582261625837 -0.21548383869487667 0.9662177624244155 
v 0.2244477630269198 -0.2670852390414827 0.9371705697248318 
v 0.18315061440640265 -0.24156219755554706 0.9529446768594135 
v 0.19151026128613993 -0.2728193978874271 0.9428114318136241 
v 0.8100744395071032 0.051546082105921334 0.5840568498671873 
v 0.7859376684515491 0.0 0.6183057344946291 
v 0.8100744395071032 -0.051546082105921334 0.5840568498671873 
v 0.7412994500228975 0.06459418046670881 0.668058917495743 
v 0.7641464144951071 0.04088638840457993 0.6437457265547492 
v 0.7606176955569699 0.10537672852503426 0.6405907166756056 
v 0.7606176955569699 -0.10537672852503426 0.6405907166756056 
v 0.7641464144951071 -0.04088638840457993 0.6437457265547492 
v 0.7412994500228975 -0.06459418046670881 0.668058917495743 
v 0.6589420763850745 0.1517877298432937 0.7367196380159456 
v 0.6803460627503627 0.133669477715009 0.7205981582182099 
v 0.6749585183575171 0.18382923742459234 0.7145892596201808 
v 0.6860093197458461 0.03237223167957772 0.7268722390062269 
v 0.6840456713765832 0.08309230666555752 0.7246910983611958 
v 0.6658069010994745 0.05077039992656588 0.7443947453734552 
v 0.7168289500255066 0.14738243359870298 0.6814944421430403 
v 0.7011064382744459 0.11533903640115949 0.7036665892965024 
v 0.7210328001169184 0.09688840980926341 0.6860935338568556 
v 0.6749585183575171 -0.18382923742459234 0.7145892596201808 
v 0.6803460627503627 -0.133669477715009 0.7205981582182099 
v 0.6589420763850745 -0.1517877298432937 0.7367196380159456 
v 0.7210328001169184 -0.09688840980926341 0.6860935338568556 
v 0.7011064382744459 -0.11533903640115949 0.7036665892965024 
v 0.7168289500255066 -0.14738243359870298 0.6814944421430403 
v 0.6658069010994745 -0.05077039992656588 0.7443947453734552 
v 0.6840456713765832 -0.08309230666555752 0.7246910983611958 
v 0.6860093197458461 -0.03237223167957772 0.7268722390062269 
v 0.724139403552818 0.032372427973723354 0.6888934243620382 
v 0.7056198898681209 0.0 0.7085905524507796 
v 0.724139403552818 -0.032372427973723354 0.6888934243620382 
v 0.5059926618256583 0.27144044986507576 0.8187133248919491 
v 0.5261164068310134 0.25848631794772886 0.8101767399136125 
v 0.5203824507360323 0.2962206532849401 0.8009091268885654 
v 0.5352381487613743 0.18184358308403367 0.824895772447439 
v 0.5310798647927761 0.2203172420217281 0.818177541906172 
v 0.5156293362164652 0.19509032201612939 0.8343057915947907 
v 0.5601275955485977 0.2700632239120865 0.7831493674869161 
v 0.5459416184299102 0.24532932684509987 0.8011000378578574 
v 0.5653583182317505 0.23201431295169542 0.7915423744763886 
v 0.5439035825405624 0.025521689363187997 0.8387595223135119 
v 0.5429668650160064 0.06475825695334898 0.8372534572344589 
v 0.5253257924845641 0.03925981575906884 0.8499949874070014 
v 0.5763783683241307 0.1155816714599656 0.8089677705264491 
v 0.5600153677778865 0.09022060845776397 0.8235551163474788 
v 0.5783963937713034 0.07645045705187868 0.8121655861269365 
v 0.5220869842853441 0.11753739745783831 0.8447544856576217 
v 0.5412100824903125 0.1039316180106455 0.8344398512706103 
v 0.5386562317296971 0.14290770219112195 0.830317320470443 
v 0.635184891274726 0.21572791005863756 0.7416209427450434 
v 0.6215964976178616 0.1909843091616678 0.7596991429528195 
v 0.639446515045332 0.17705087151465568 0.7481718674825195 
v 0.5846365383176946 0.21843822689979855 0.7813353051621147 
v 0.6032924330036318 0.20479563906601936 0.7707768720583792 
v 0.5984280051015053 0.2432092213565805 0.7633696335048694 
v 0.6102917824748669 0.12703590631483577 0.7819244328900445 
v 0.6072569092449323 0.1660272411582207 0.776964607538646 
v 0.5922491222624805 0.14091868534515256 0.7933365624373525 
v 0.5545870303248163 0.16829772516603633 0.8149288935235016 
v 0.5736265314669973 0.1546405708889424 0.8043872800040314 
v 0.5699433162211065 0.1934960562179284 0.7985761657619115 
v 0.5203824507360323 -0.2962206532849401 0.8009091268885654 
v 0.5261164068310134 -0.25848631794772886 0.8101767399136125 
v 0.5059926618256583 -0.27144044986507576 0.8187133248919491 
v 0.5653583182317505 -0.23201431295169542 0.7915423744763886 
v 0.5459416184299102 -0.24532932684509987 0.8011000378578574 
v 0.5601275955485977 -0.2700632239120865 0.7831493674869161 
v 0.5156293362164652 -0.19509032201612939 0.8343057915947907 
v 0.5310798647927761 -0.2203172420217281 0.818177541906172 
v 0.5352381487613743 -0.18184358308403367 0.824895772447439 
v 0.639446515045332 -0.17705087151465568 0.7481718674825195 
v 0.6215964976178616 -0.1909843091616678 0.7596991429528195 
v 0.635184891274726 -0.21572791005863756 0.7416209427450434 
v 0.5922491222624805 -0.14091868534515256 0.7933365624373525 
v 0.6072569092449323 -0.1660272411582207 0.776964607538646 
v 0.6102917824748669 -0.12703590631483577 0.7819244328900445 
v 0.5984280051015053 -0.2432092213565805 0.7633696335048694 
v 0.6032924330036318 -0.20479563906601936 0.7707768720583792 
v 0.5846365383176946 -0.21843822689979855 0.7813353051621147 
v 0.5253257924845641 -0.03925981575906884 0.8499949874070014 
v 0.5429668650160064 -0.06475825695334898 0.8372534572344589 
v 0.5439035825405624 -0.025521689363187997 0.8387595223135119 
v 0.5386562317296971 -0.14290770219112195 0.830317320470443 
v 0.5412100824903125 -0.1039316180106455 0.8344398512706103 
v 0.5220869842853441 -0.11753739745783831 0.8447544856576217 
v 0.5783963937713034 -0.07645045705187868 0.8121655861269365 
v 0.5600153677778865 -0.09022060845776397 0.8235551163474788 
v 0.5763783683241307 -0.1155816714599656 0.8089677705264491 
v 0.5699433162211065 -0.1934960562179284 0.7985761657619115 
v 0.5736265314669973 -0.1546405708889424 0.8043872800040314 
v 0.5545870303248163 -0.16829772516603633 0.8149288935235016 
v 0.6445950743156992 0.12684214792599205 0.7539285507774983 
v 0.6137483467774048 0.07645225624840751 0.785791333206552 
v 0.6294820555089343 0.10170421170675416 0.7703301857731882 
v 0.6480389750561468 0.07625632246401928 0.7577799549291616 
v 0.6497632653298251 0.025522975668905667 0.7597080207164643 
v 0.5621972865472923 0.0 0.8270031505374462 
v 0.5970066757287226 -0.050966408809247875 0.8006156720352335 
v 0.5799514881623519 -0.025521752488508433 0.8142511354171935 
v 0.5799514881623519 0.025521752488508433 0.8142511354171935 
v 0.5970066757287226 0.050966408809247875 0.8006156720352335 
v 0.6445950743156992 -0.12684214792599205 0.7539285507774983 
v 0.6497632653298251 -0.025522975668905667 0.7597080207164643 
v 0.6480389750561468 -0.07625632246401928 0.7577799549291616 
v 0.6294820555089343 -0.10170421170675416 0.7703301857731882 
v 0.6137483467774048 -0.07645225624840751 0.785791333206552 
v 0.6153036090689086 0.02552304148593563 0.7878769212383891 
v 0.6153036090689086 -0.02552304148593563 0.7878769212383891 
v 0.6329413198582746 0.0 0.7741997711289156 
v 0.06679814356093862 0.0 0.9977665097691003 
v 0.133410304175464 -0.04115610302634545 0.9902059714642681 
v 0.10021000370384166 -0.020640185226837394 0.9947521992493799 
v 0.10021000370384166 0.020640185226837394 0.9947521992493799 
v 0.133410304175464 0.04115610302634545 0.9902059714642681 
v 0.2644119977039306 -0.12208202889147472 0.956651594726083 
v 0.2322329343442593 -0.10219601161621196 0.9672765061840353 
v 0.23356987729932488 -0.020641683597710306 0.9721208943936089 
v 0.23312373044020082 -0.061423573088093084 0.9705052658150477 
v 0.266183043809057 -0.04078446262937009 0.9630592997300733 
v 0.1996410038144514 -0.0820587886908545 0.976427070904196 
v 0.1668506232487429 -0.061795271728748984 0.9840438069077393 
v 0.2322329343442593 0.10219601161621196 0.9672765061840353 
v 0.2644119977039306 0.12208202889147472 0.956651594726083 
v 0.1668506232487429 0.061795271728748984 0.9840438069077393 
v 0.1996410038144514 0.0820587886908545 0.976427070904196 
v 0.266183043809057 0.04078446262937009 0.9630592997300733 
v 0.23312373044020082 0.061423573088093084 0.9705052658150477 
v 0.23356987729932488 0.020641683597710306 0.9721208943936089 
v 0.16707762036532117 -0.020641764378874525 0.9857276430821997 
v 0.20053847660206547 0.0 0.9796858268864171 
v 0.16707762036532117 0.020641764378874525 0.9857276430821997 
v 0.4782414933315212 -0.2542859746033334 0.8406091346018488 
v 0.48717292128774276 -0.17748121829815974 0.855080675676493 
v 0.483107766089383 -0.21600364614371015 0.8484982682343841 
v 0.44971124485826697 -0.23664383137054754 0.8612546042386628 
v 0.42058094774662375 -0.21863732132450517 0.8805165461912665 
v 0.49538443263687176 -0.020666786361407435 0.8684279750460234 
v 0.49455263988093323 -0.05992648232431772 0.8670792945878901 
v 0.4305828585602986 -0.10111903504651847 0.8968686317768633 
v 0.4629061528929148 -0.0805897740049722 0.8827361904553981 
v 0.4322698890871957 -0.06186285283676537 0.8996197699180694 
v 0.49290802708808107 -0.09919019947175643 0.8644090357931763 
v 0.4904556503485304 -0.13820363394925203 0.8604376854859516 
v 0.3291960195712243 -0.16212249394052966 0.9302399032813874 
v 0.29785156047492034 -0.14274881525288216 0.9438788183165006 
v 0.3904688003473797 -0.19999890567800102 0.8986292637583533 
v 0.3601341179106339 -0.18124898816261095 0.9151241562797692 
v 0.36627924233997544 -0.10264731546613547 0.9248259540359197 
v 0.36352072392591755 -0.1420133470930653 0.9206980463343025 
v 0.3971839129141823 -0.12176071864422876 0.9096258938252693 
v 0.4579335356448812 -0.15911707709285489 0.8746305692743679 
v 0.4278731161471062 -0.1405005340590422 0.8928517214004176 
v 0.42453445929209555 -0.1797588414717294 0.887387881248279 
v 0.4782414933315212 0.2542859746033334 0.8406091346018488 
v 0.42058094774662375 0.21863732132450517 0.8805165461912665 
v 0.44971124485826697 0.23664383137054754 0.8612546042386628 
v 0.483107766089383 0.21600364614371015 0.8484982682343841 
v 0.48717292128774276 0.17748121829815974 0.855080675676493 
v 0.29785156047492034 0.14274881525288216 0.9438788183165006 
v 0.3291960195712243 0.16212249394052966 0.9302399032813874 
v 0.3971839129141823 0.12176071864422876 0.9096258938252693 
v 0.36352072392591755 0.1420133470930653 0.9206980463343025 
v 0.36627924233997544 0.10264731546613547 0.9248259540359197 
v 0.3601341179106339 0.18124898816261095 0.9151241562797692 
v 0.3904688003473797 0.19999890567800102 0.8986292637583533 
v 0.49455263988093323 0.05992648232431772 0.8670792945878901 
v 0.49538443263687176 0.020666786361407435 0.8684279750460234 
v 0.4904556503485304 0.13820363394925203 0.8604376854859516 
v 0.49290802708808107 0.09919019947175643 0.8644090357931763 
v 0.4322698890871957 0.06186285283676537 0.8996197699180694 
v 0.4629061528929148 0.0805897740049722 0.8827361904553981 
v 0.4305828585602986 0.10111903504651847 0.8968686317768633 
v 0.42453445929209555 0.1797588414717294 0.887387881248279 
v 0.4278731161471062 0.1405005340590422 0.8928517214004176 
v 0.4579335356448812 0.15911707709285489 0.8746305692743679 
v 0.29918543824373933 -0.10223787501816976 0.9487020029781063 
v 0.3671852785255135 -0.06186530201405175 0.9280881723418585 
v 0.33351990171817564 -0.08211978474528632 0.939159632922586 
v 0.3000801974347644 -0.06145291092439256 0.9519324633851035 
v 0.3005275143307396 -0.02066853812760538 0.9535491726501863 
v 0.4646097949607007 0.0 0.8855155212793143 
v 0.40062767571375185 0.04119676388644637 0.9153143132812254 
v 0.43295280030146177 0.020666873820893758 0.901179645263692 
v 0.43295280030146177 -0.020666873820893758 0.901179645263692 
v 0.40062767571375185 -0.04119676388644637 0.9153143132812254 
v 0.29918543824373933 0.10223787501816976 0.9487020029781063 
v 0.3005275143307396 0.02066853812760538 0.9535491726501863 
v 0.3000801974347644 0.06145291092439256 0.9519324633851035 
v 0.33351990171817564 0.08211978474528632 0.939159632922586 
v 0.3671852785255135 0.06186530201405175 0.9280881723418585 
v 0.36786796842136105 -0.020668627986979632 0.929648302115739 
v 0.36786796842136105 0.020668627986979632 0.929648302115739 
v 0.334425425837601 0.0 0.9424222167125196 
v 0.08340331283427277 0.5006535370329146 -0.8616205216130245 
v 0.06628477117636095 0.44476995061840663 -0.8931886811514114 
v 0.0 0.4491074549269934 -0.8934777523413767 
v 0.1572131205052815 0.4255793844727695 -0.8911600430072988 
v 0.11881641806562158 0.43972226015785354 -0.8902398512309615 
v 0.1705031283767745 0.4700875882988311 -0.8659944240820039 
v 0.0 0.364710859773797 -0.9311208239337458 
v 0.05266085194978226 0.3988358717532737 -0.9155090289422214 
v 0.05269754103470302 0.36098520400606077 -0.9310814420111693 
v 0.2875343720770853 0.3813303147892037 -0.8785847573780251 
v 0.2582014627638215 0.394569188673922 -0.8818430472458384 
v 0.2974419542789621 0.4171473053412188 -0.8587877557821093 
v 0.1776372669766692 0.34656343922148664 -0.9210530842334955 
v 0.21818689999086163 0.3710088613392028 -0.9026333150732727 
v 0.2075258416266724 0.3340036710810718 -0.919442533691752 
v 0.2384697869073739 0.4430246552356666 -0.8642113836242095 
v 0.22849073091912356 0.4074316071638247 -0.8841897258891598 
v 0.1986197482842014 0.4197574320084458 -0.8856375634903906 
v 0.0 0.23331806791662668 -0.9724004726364813 
v 0.04191970456249211 0.26089971095891307 -0.9644553277321605 
v 0.04193666611545143 0.22954258494591 -0.9723947334963671 
v 0.0418510080968858 0.3228690221991825 -0.945517893868444 
v 0.04186824979238771 0.2920925707626653 -0.9554731706147376 
v 0.0 0.2956422216369638 -0.9552987369328824 
v 0.12537760892306432 0.283233271154506 -0.9508203664687948 
v 0.08374072360236126 0.28791655467364535 -0.9539871847962166 
v 0.12525789582742683 0.314191207541909 -0.9410602237031606 
v 0.1468651745665792 0.38914752231661165 -0.9093925590053893 
v 0.1362467386871599 0.35189195971146914 -0.9260717439202724 
v 0.09448548580673737 0.35677509434288834 -0.9293998197915082 
v 0.47259626781445446 0.2920805564656833 -0.8314696123025455 
v 0.45162928325965496 0.3045218920390423 -0.8386282893936576 
v 0.47929508518472724 0.3216140417038383 -0.8166031040209722 
v 0.39416475125168177 0.26903173765344907 -0.8787810153877164 
v 0.4232164603111621 0.28698049213364385 -0.8593776962758704 
v 0.4156460540573608 0.25688338869722727 -0.8724960070727973 
v 0.43697147540112563 0.3461778920857906 -0.8301908194606841 
v 0.4303203755337721 0.31678718477642104 -0.8452634228226743 
v 0.4087693811094897 0.3287915983554735 -0.8513540261948713 
v 0.2719517912702809 0.19359713966964 -0.9426358632773417 
v 0.3032312703461523 0.21292300277248796 -0.9288243060851744 
v 0.2944247543873977 0.18196450534075298 -0.9381913359224842 
v 0.319880710710337 0.2741059419000244 -0.9069411577001841 
v 0.3117132979044132 0.24367972711652286 -0.9183980675621936 
v 0.28919819688565135 0.25518477221239694 -0.9226294678520707 
v 0.35613324416066494 0.22010244941505783 -0.9081431738250814 
v 0.33405925784222673 0.2319578684407328 -0.913564425488609 
v 0.3643194902044644 0.2506537339416216 -0.8969080302451762 
v 0.34905509079685293 0.3925658519481905 -0.8509128013333634 
v 0.3422752418392894 0.3636143390131298 -0.8663903688799297 
v 0.3197232575226656 0.3746507116575007 -0.8702952848623411 
v 0.3867252644914145 0.3407541208812281 -0.8569306850069653 
v 0.3646439740315426 0.35228849807355644 -0.8619324720229314 
v 0.39352078653234074 0.3698488469725288 -0.8416372264580856 
v 0.30514589123743313 0.3156264386269501 -0.8984797918153645 
v 0.33514845848721947 0.3341995123525656 -0.8809007871020141 
v 0.3276588488051257 0.30444446743442827 -0.8944010538054319 
v 0.37224334930541325 0.2809923176697973 -0.8845779820391438 
v 0.35004014322335364 0.292824558245345 -0.8897896808912725 
v 0.3797075101630507 0.31106825023904106 -0.871239777798855 
v 0.0 0.025393388418898256 -0.9996775359207624 
v 0.03338963519342115 0.04603557409131337 -0.998381619512165 
v 0.03339639401120376 0.020640106600607534 -0.9992290362407229 
v 0.03336233687719477 0.09677728540377814 -0.9947467574754734 
v 0.033369186261271874 0.07145785793132124 -0.9968852852500771 
v 0.0 0.07611466817370417 -0.997099070949726 
v 0.09998328215910428 0.061793066681097936 -0.9930684569549263 
v 0.06673567441237252 0.06666325011191572 -0.9955412401529341 
v 0.09993565318565238 0.08718815456941542 -0.9911665303697137 
v 0.033248929674164485 0.1975998401428451 -0.9797187411961886 
v 0.03325613829779551 0.17263002985146206 -0.984425163259758 
v 0.0 0.17683794188955307 -0.9842399820715815 
v 0.09964762626671894 0.1635257820892757 -0.9814935909986876 
v 0.06651073923484514 0.16817227119434497 -0.9835112651961696 
v 0.09959747702838313 0.18859053231211437 -0.9769922997095801 
v 0.0 0.12663962561594838 -0.9919487916338485 
v 0.03327766927497027 0.1474928590075372 -0.9885031377134866 
v 0.03328478892528173 0.12231589398142963 -0.9919329336733018 
v 0.23090103809716608 0.14270468958168417 -0.9624552364536474 
v 0.19845020954343537 0.148164745819139 -0.968847109934543 
v 0.23065683043032645 0.16807545030645205 -0.9584091347541085 
v 0.13308997080508328 0.10774603175049971 -0.9852298474534369 
v 0.16589436739523306 0.12802625043008733 -0.9777976979249582 
v 0.16595374012467878 0.10256505195721956 -0.9807852804032304 
v 0.16549875892024857 0.17873431516051827 -0.9698784487655955 
v 0.16573328693405606 0.15345911865875891 -0.9741574700747876 
v 0.13286563781159055 0.15852427044005885 -0.9783745591389661 
v 0.06662431451338467 0.11757219402111264 -0.9908269172305946 
v 0.09982644348535942 0.13818398735640267 -0.985362809740326 
v 0.09993190975748022 0.11269459250376102 -0.9885916964210422 
v 0.28039089620996194 0.3519327088400598 -0.8930421679691681 
v 0.26508817174279725 0.2919360949432842 -0.9189676695462833 
v 0.2729248757505287 0.32206866773025655 -0.9065229095080919 
v 0.2403275819568343 0.32823582099996573 -0.9135118494925283 
v 0.19971464011391926 0.3036683226425007 -0.9316112989587759 
v 0.23977305953412625 0.19926913109054997 -0.9501582464600629 
v 0.17458993659320435 0.21010149339340228 -0.9619645089681028 
v 0.20726317046395307 0.20481229505912274 -0.9566054055679619 
v 0.24855823344282163 0.23033404754763118 -0.9408320950776017 
v 0.2570553183310888 0.26106790220265014 -0.9304655360394657 
v 0.07515598965966658 0.22509056091406782 -0.9714349265934731 
v 0.15841759798759364 0.2781453469735951 -0.9473853654161962 
v 0.11694226035298 0.25197949853594653 -0.9606408486323642 
v 0.10836400440998692 0.2203644560235025 -0.9693795691418807 
v 0.14138582261625837 0.21548383869487667 -0.9662177624244155 
v 0.2244477630269198 0.2670852390414827 -0.9371705697248318 
v 0.18315061440640265 0.24156219755554706 -0.9529446768594135 
v 0.19151026128613993 0.2728193978874271 -0.9428114318136241 
v 0.8100744395071032 -0.051546082105921334 -0.5840568498671873 
v 0.7859376684515491 0.0 -0.6183057344946291 
v 0.8100744395071032 0.051546082105921334 -0.5840568498671873 
v 0.7412994500228975 -0.06459418046670881 -0.668058917495743 
v 0.7641464144951071 -0.04088638840457993 -0.6437457265547492 
v 0.7606176955569699 -0.10537672852503426 -0.6405907166756056 
v 0.7606176955569699 0.10537672852503426 -0.6405907166756056 
v 0.7641464144951071 0.04088638840457993 -0.6437457265547492 
v 0.7412994500228975 0.06459418046670881 -0.668058917495743 
v 0.6589420763850745 -0.1517877298432937 -0.7367196380159456 
v 0.6803460627503627 -0.133669477715009 -0.7205981582182099 
v 0.6749585183575171 -0.18382923742459234 -0.7145892596201808 
v 0.6860093197458461 -0.03237223167957772 -0.7268722390062269 
v 0.6840456713765832 -0.08309230666555752 -0.7246910983611958 
v 0.6658069010994745 -0.05077039992656588 -0.7443947453734552 
v 0.7168289500255066 -0.14738243359870298 -0.6814944421430403 
v 0.7011064382744459 -0.11533903640115949 -0.7036665892965024 
v 0.7210328001169184 -0.09688840980926341 -0.6860935338568556 
v 0.6749585183575171 0.18382923742459234 -0.7145892596201808 
v 0.6803460627503627 0.133669477715009 -0.7205981582182099 
v 0.6589420763850745 0.1517877298432937 -0.7367196380159456 
v 0.7210328001169184 0.09688840980926341 -0.6860935338568556 
v 0.7011064382744459 0.11533903640115949 -0.7036665892965024 
v 0.7168289500255066 0.14738243359870298 -0.6814944421430403 
v 0.6658069010994745 0.05077039992656588 -0.7443947453734552 
v 0.6840456713765832 0.08309230666555752 -0.7246910983611958 
v 0.6860093197458461 0.03237223167957772 -0.7268722390062269 
v 0.724139403552818 -0.032372427973723354 -0.6888934243620382 
v 0.7056198898681209 0.0 -0.7085905524507796 
v 0.724139403552818 0.032372427973723354 -0.6888934243620382 
v 0.5059926618256583 -0.27144044986507576 -0.8187133248919491 
v 0.5261164068310134 -0.25848631794772886 -0.8101767399136125 
v 0.5203824507360323 -0.2962206532849401 -0.8009091268885654 
v 0.5352381487613743 -0.18184358308403367 -0.824895772447439 
v 0.5310798647927761 -0.2203172420217281 -0.818177541906172 
v 0.5156293362164652 -0.19509032201612939 -0.8343057915947907 
v 0.5601275955485977 -0.2700632239120865 -0.7831493674869161 
v 0.5459416184299102 -0.24532932684509987 -0.8011000378578574 
v 0.5653583182317505 -0.23201431295169542 -0.7915423744763886 
v 0.5439035825405624 -0.025521689363187997 -0.8387595223135119 
v 0.5429668650160064 -0.06475825695334898 -0.8372534572344589 
v 0.5253257924845641 -0.03925981575906884 -0.8499949874070014 
v 0.5763783683241307 -0.1155816714599656 -0.8089677705264491 
v 0.5600153677778865 -0.09022060845776397 -0.8235551163474788 
v 0.5783963937713034 -0.07645045705187868 -0.8121655861269365 
v 0.5220869842853441 -0.11753739745783831 -0.8447544856576217 
v 0.5412100824903125 -0.1039316180106455 -0.8344398512706103 
v 0.5386562317296971 -0.14290770219112195 -0.830317320470443 
v 0.635184891274726 -0.21572791005863756 -0.7416209427450434 
v 0.6215964976178616 -0.1909843091616678 -0.7596991429528195 
v 0.639446515045332 -0.17705087151465568 -0.7481718674825195 
v 0.5846365383176946 -0.21843822689979855 -0.7813353051621147 
v 0.6032924330036318 -0.20479563906601936 -0.7707768720583792 
v 0.5984280051015053 -0.2432092213565805 -0.7633696335048694 
v 0.6102917824748669 -0.12703590631483577 -0.7819244328900445 
v 0.6072569092449323 -0.1660272411582207 -0.776964607538646 
v 0.5922491222624805 -0.14091868534515256 -0.7933365624373525 
v 0.5545870303248163 -0.16829772516603633 -0.8149288935235016 
v 0.5736265314669973 -0.1546405708889424 -0.8043872800040314 
v 0.5699433162211065 -0.1934960562179284 -0.7985761657619115 
v 0.5203824507360323 0.2962206532849401 -0.8009091268885654 
v 0.5261164068310134 0.25848631794772886 -0.8101767399136125 
v 0.5059926618256583 0.27144044986507576 -0.8187133248919491 
v 0.5653583182317505 0.23201431295169542 -0.7915423744763886 
v 0.5459416184299102 0.24532932684509987 -0.8011000378578574 
v 0.5601275955485977 0.2700632239120865 -0.7831493674869161 
v 0.5156293362164652 0.19509032201612939 -0.8343057915947907 
v 0.5310798647927761 0.2203172420217281 -0.818177541906172 
v 0.5352381487613743 0.18184358308403367 -0.824895772447439 
v 0.639446515045332 0.17705087151465568 -0.7481718674825195 
v 0.6215964976178616 0.1909843091616678 -0.7596991429528195 
v 0.635184891274726 0.21572791005863756 -0.7416209427450434 
v 0.5922491222624805 0.14091868534515256 -0.7933365624373525 
v 0.6072569092449323 0.1660272411582207 -0.776964607538646 
v 0.6102917824748669 0.12703590631483577 -0.7819244328900445 
v 0.5984280051015053 0.2432092213565805 -0.7633696335048694 
v 0.6032924330036318 0.20479563906601936 -0.7707768720583792 
v 0.5846365383176946 0.21843822689979855 -0.7813353051621147 
v 0.5253257924845641 0.03925981575906884 -0.8499949874070014 
v 0.5429668650160064 0.06475825695334898 -0.8372534572344589 
v 0.5439035825405624 0.025521689363187997 -0.8387595223135119 
v 0.5386562317296971 0.14290770219112195 -0.830317320470443 
v 0.5412100824903125 0.1039316180106455 -0.8344398512706103 
v 0.5220869842853441 0.11753739745783831 -0.8447544856576217 
v 0.5783963937713034 0.07645045705187868 -0.8121655861269365 
v 0.5600153677778865 0.09022060845776397 -0.8235551163474788 
v 0.5763783683241307 0.1155816714599656 -0.8089677705264491 
v 0.5699433162211065 0.1934960562179284 -0.7985761657619115 
v 0.5736265314669973 0.1546405708889424 -0.8043872800040314 
v 0.5545870303248163 0.16829772516603633 -0.8149288935235016 
v 0.6445950743156992 -0.12684214792599205 -0.7539285507774983 
v 0.6137483467774048 -0.07645225624840751 -0.785791333206552 
v 0.6294820555089343 -0.10170421170675416 -0.7703301857731882 
v 0.6480389750561468 -0.07625632246401928 -0.7577799549291616 
v 0.6497632653298251 -0.025522975668905667 -0.7597080207164643 
v 0.5621972865472923 0.0 -0.8270031505374462 
v 0.5970066757287226 0.050966408809247875 -0.8006156720352335 
v 0.5799514881623519 0.025521752488508433 -0.8142511354171935 
v 0.5799514881623519 -0.025521752488508433 -0.8142511354171935 
v 0.5970066757287226 -0.050966408809247875 -0.8006156720352335 
v 0.6445950743156992 0.12684214792599205 -0.7539285507774983 
v 0.6497632653298251 0.025522975668905667 -0.7597080207164643 
v 0.6480389750561468 0.07625632246401928 -0.7577799549291616 
v 0.6294820555089343 0.10170421170675416 -0.7703301857731882 
v 0.6137483467774048 0.07645225624840751 -0.785791333206552 
v 0.6153036090689086 -0.02552304148593563 -0.7878769212383891 
v 0.6153036090689086 0.02552304148593563 -0.7878769212383891 
v 0.6329413198582746 0.0 -0.7741997711289156 
v 0.0 -0.4491074549269934 -0.8934777523413767 
v 0.06628477117636095 -0.44476995061840663 -0.8931886811514114 
v 0.08340331283427277 -0.5006535370329146 -0.8616205216130245 
v 0.05269754103470302 -0.36098520400606077 -0.9310814420111693 
v 0.05266085194978226 -0.3988358717532737 -0.9155090289422214 
v 0.0 -0.364710859773797 -0.9311208239337458 
v 0.1705031283767745 -0.4700875882988311 -0.8659944240820039 
v 0.11881641806562158 -0.43972226015785354 -0.8902398512309615 
v 0.1572131205052815 -0.4255793844727695 -0.8911600430072988 
v 0.04193666611545143 -0.22954258494591 -0.9723947334963671 
v 0.04191970456249211 -0.26089971095891307 -0.9644553277321605 
v 0.0 -0.23331806791662668 -0.9724004726364813 
v 0.12525789582742683 -0.314191207541909 -0.9410602237031606 
v 0.08374072360236126 -0.28791655467364535 -0.9539871847962166 
v 0.12537760892306432 -0.283233271154506 -0.9508203664687948 
v 0.0 -0.2956422216369638 -0.9552987369328824 
v 0.04186824979238771 -0.2920925707626653 -0.9554731706147376 
v 0.0418510080968858 -0.3228690221991825 -0.945517893868444 
v 0.2974419542789621 -0.4171473053412188 -0.8587877557821093 
v 0.2582014627638215 -0.394569188673922 -0.8818430472458384 
v 0.2875343720770853 -0.3813303147892037 -0.8785847573780251 
v 0.1986197482842014 -0.4197574320084458 -0.8856375634903906 
v 0.22849073091912356 -0.4074316071638247 -0.8841897258891598 
v 0.2384697869073739 -0.4430246552356666 -0.8642113836242095 
v 0.2075258416266724 -0.3340036710810718 -0.919442533691752 
v 0.21818689999086163 -0.3710088613392028 -0.9026333150732727 
v 0.1776372669766692 -0.34656343922148664 -0.9210530842334955 
v 0.09448548580673737 -0.35677509434288834 -0.9293998197915082 
v 0.1362467386871599 -0.35189195971146914 -0.9260717439202724 
v 0.1468651745665792 -0.38914752231661165 -0.9093925590053893 
v 0.03339639401120376 -0.020640106600607534 -0.9992290362407229 
v 0.03338963519342115 -0.04603557409131337 -0.998381619512165 
v 0.0 -0.025393388418898256 -0.9996775359207624 
v 0.09993565318565238 -0.08718815456941542 -0.9911665303697137 
v 0.06673567441237252 -0.06666325011191572 -0.9955412401529341 
v 0.09998328215910428 -0.061793066681097936 -0.9930684569549263 
v 0.0 -0.07611466817370417 -0.997099070949726 
v 0.033369186261271874 -0.07145785793132124 -0.9968852852500771 
v 0.03336233687719477 -0.09677728540377814 -0.9947467574754734 
v 0.23065683043032645 -0.16807545030645205 -0.9584091347541085 
v 0.19845020954343537 -0.148164745819139 -0.968847109934543 
v 0.23090103809716608 -0.14270468958168417 -0.9624552364536474 
v 0.13286563781159055 -0.15852427044005885 -0.9783745591389661 
v 0.16573328693405606 -0.15345911865875891 -0.9741574700747876 
v 0.16549875892024857 -0.17873431516051827 -0.9698784487655955 
v 0.16595374012467878 -0.10256505195721956 -0.9807852804032304 
v 0.16589436739523306 -0.12802625043008733 -0.9777976979249582 
v 0.13308997080508328 -0.10774603175049971 -0.9852298474534369 
v 0.0 -0.17683794188955307 -0.9842399820715815 
v 0.03325613829779551 -0.17263002985146206 -0.984425163259758 
v 0.033248929674164485 -0.1975998401428451 -0.9797187411961886 
v 0.03328478892528173 -0.12231589398142963 -0.9919329336733018 
v 0.03327766927497027 -0.1474928590075372 -0.9885031377134866 
v 0.0 -0.12663962561594838 -0.9919487916338485 
v 0.09959747702838313 -0.18859053231211437 -0.9769922997095801 
v 0.06651073923484514 -0.16817227119434497 -0.9835112651961696 
v 0.09964762626671894 -0.1635257820892757 -0.9814935909986876 
v 0.09993190975748022 -0.11269459250376102 -0.9885916964210422 
v 0.09982644348535942 -0.13818398735640267 -0.985362809740326 
v 0.06662431451338467 -0.11757219402111264 -0.9908269172305946 
v 0.47929508518472724 -0.3216140417038383 -0.8166031040209722 
v 0.45162928325965496 -0.3045218920390423 -0.8386282893936576 
v 0.47259626781445446 -0.2920805564656833 -0.8314696123025455 
v 0.4087693811094897 -0.3287915983554735 -0.8513540261948713 
v 0.4303203755337721 -0.31678718477642104 -0.8452634228226743 
v 0.43697147540112563 -0.3461778920857906 -0.8301908194606841 
v 0.4156460540573608 -0.25688338869722727 -0.8724960070727973 
v 0.4232164603111621 -0.28698049213364385 -0.8593776962758704 
v 0.39416475125168177 -0.26903173765344907 -0.8787810153877164 
v 0.3197232575226656 -0.3746507116575007 -0.8702952848623411 
v 0.3422752418392894 -0.3636143390131298 -0.8663903688799297 
v 0.34905509079685293 -0.3925658519481905 -0.8509128013333634 
v 0.3276588488051257 -0.30444446743442827 -0.8944010538054319 
v 0.33514845848721947 -0.3341995123525656 -0.8809007871020141 
v 0.30514589123743313 -0.3156264386269501 -0.8984797918153645 
v 0.39352078653234074 -0.3698488469725288 -0.8416372264580856 
v 0.3646439740315426 -0.35228849807355644 -0.8619324720229314 
v 0.3867252644914145 -0.3407541208812281 -0.8569306850069653 
v 0.2944247543873977 -0.18196450534075298 -0.9381913359224842 
v 0.3032312703461523 -0.21292300277248796 -0.9288243060851744 
v 0.2719517912702809 -0.19359713966964 -0.9426358632773417 
v 0.3643194902044644 -0.2506537339416216 -0.8969080302451762 
v 0.33405925784222673 -0.2319578684407328 -0.913564425488609 
v 0.35613324416066494 -0.22010244941505783 -0.9081431738250814 
v 0.28919819688565135 -0.25518477221239694 -0.9226294678520707 
v 0.3117132979044132 -0.24367972711652286 -0.9183980675621936 
v 0.319880710710337 -0.2741059419000244 -0.9069411577001841 
v 0.3797075101630507 -0.31106825023904106 -0.871239777798855 
v 0.35004014322335364 -0.292824558245345 -0.8897896808912725 
v 0.37224334930541325 -0.2809923176697973 -0.8845779820391438 
v 0.07515598965966658 -0.22509056091406782 -0.9714349265934731 
v 0.14138582261625837 -0.21548383869487667 -0.9662177624244155 
v 0.10836400440998692 -0.2203644560235025 -0.9693795691418807 
v 0.11694226035298 -0.25197949853594653 -0.9606408486323642 
v 0.15841759798759364 -0.2781453469735951 -0.9473853654161962 
v 0.23977305953412625 -0.19926913109054997 -0.9501582464600629 
v 0.2570553183310888 -0.26106790220265014 -0.9304655360394657 
v 0.24855823344282163 -0.23033404754763118 -0.9408320950776017 
v 0.20726317046395307 -0.20481229505912274 -0.9566054055679619 
v 0.17458993659320435 -0.21010149339340228 -0.9619645089681028 
v 0.28039089620996194 -0.3519327088400598 -0.8930421679691681 
v 0.19971464011391926 -0.3036683226425007 -0.9316112989587759 
v 0.2403275819568343 -0.32823582099996573 -0.9135118494925283 
v 0.2729248757505287 -0.32206866773025655 -0.9065229095080919 
v 0.26508817174279725 -0.2919360949432842 -0.9189676695462833 
v 0.18315061440640265 -0.24156219755554706 -0.9529446768594135 
v 0.2244477630269198 -0.2670852390414827 -0.9371705697248318 
v 0.19151026128613993 -0.2728193978874271 -0.9428114318136241 
v 0.4782414933315212 0.2542859746033334 -0.8406091346018488 
v 0.48717292128774276 0.17748121829815974 -0.855080675676493 
v 0.483107766089383 0.21600364614371015 -0.8484982682343841 
v 0.44971124485826697 0.23664383137054754 -0.8612546042386628 
v 0.42058094774662375 0.21863732132450517 -0.8805165461912665 
v 0.49538443263687176 0.020666786361407435 -0.8684279750460234 
v 0.49455263988093323 0.05992648232431772 -0.8670792945878901 
v 0.4305828585602986 0.10111903504651847 -0.8968686317768633 
v 0.4629061528929148 0.0805897740049722 -0.8827361904553981 
v 0.4322698890871957 0.06186285283676537 -0.8996197699180694 
v 0.49290802708808107 0.09919019947175643 -0.8644090357931763 
v 0.4904556503485304 0.13820363394925203 -0.8604376854859516 
v 0.3291960195712243 0.16212249394052966 -0.9302399032813874 
v 0.29785156047492034 0.14274881525288216 -0.9438788183165006 
v 0.3904688003473797 0.19999890567800102 -0.8986292637583533 
v 0.3601341179106339 0.18124898816261095 -0.9151241562797692 
v 0.36627924233997544 0.10264731546613547 -0.9248259540359197 
v 0.36352072392591755 0.1420133470930653 -0.9206980463343025 
v 0.3971839129141823 0.12176071864422876 -0.9096258938252693 
v 0.4579335356448812 0.15911707709285489 -0.8746305692743679 
v 0.4278731161471062 0.1405005340590422 -0.8928517214004176 
v 0.42453445929209555 0.1797588414717294 -0.887387881248279 
v 0.4782414933315212 -0.2542859746033334 -0.8406091346018488 
v 0.42058094774662375 -0.21863732132450517 -0.8805165461912665 
v 0.44971124485826697 -0.23664383137054754 -0.8612546042386628 
v 0.483107766089383 -0.21600364614371015 -0.8484982682343841 
v 0.48717292128774276 -0.17748121829815974 -0.855080675676493 
v 0.29785156047492034 -0.14274881525288216 -0.9438788183165006 
v 0.3291960195712243 -0.16212249394052966 -0.9302399032813874 
v 0.3971839129141823 -0.12176071864422876 -0.9096258938252693 
v 0.36352072392591755 -0.1420133470930653 -0.9206980463343025 
v 0.36627924233997544 -0.10264731546613547 -0.9248259540359197 
v 0.3601341179106339 -0.18124898816261095 -0.9151241562797692 
v 0.3904688003473797 -0.19999890567800102 -0.8986292637583533 
v 0.49455263988093323 -0.05992648232431772 -0.8670792945878901 
v 0.49538443263687176 -0.020666786361407435 -0.8684279750460234 
v 0.4904556503485304 -0.13820363394925203 -0.8604376854859516 
v 0.49290802708808107 -0.09919019947175643 -0.8644090357931763 
v 0.4322698890871957 -0.06186285283676537 -0.8996197699180694 
v 0.4629061528929148 -0.0805897740049722 -0.8827361904553981 
v 0.4305828585602986 -0.10111903504651847 -0.8968686317768633 
v 0.42453445929209555 -0.1797588414717294 -0.887387881248279 
v 0.4278731161471062 -0.1405005340590422 -0.8928517214004176 
v 0.4579335356448812 -0.15911707709285489 -0.8746305692743679 
v 0.06679814356093862 0.0 -0.9977665097691003 
v 0.133410304175464 0.04115610302634545 -0.9902059714642681 
v 0.10021000370384166 0.020640185226837394 -0.9947521992493799 
v 0.10021000370384166 -0.020640185226837394 -0.9947521992493799 
v 0.133410304175464 -0.04115610302634545 -0.9902059714642681 
v 0.2644119977039306 0.12208202889147472 -0.956651594726083 
v 0.2322329343442593 0.10219601161621196 -0.9672765061840353 
v 0.23356987729932488 0.020641683597710306 -0.9721208943936089 
v 0.23312373044020082 0.061423573088093084 -0.9705052658150477 
v 0.266183043809057 0.04078446262937009 -0.9630592997300733 
v 0.1996410038144514 0.0820587886908545 -0.976427070904196 
v 0.1668506232487429 0.061795271728748984 -0.9840438069077393 
v 0.2322329343442593 -0.10219601161621196 -0.9672765061840353 
v 0.2644119977039306 -0.12208202889147472 -0.956651594726083 
v 0.1668506232487429 -0.061795271728748984 -0.9840438069077393 
v 0.1996410038144514 -0.0820587886908545 -0.976427070904196 
v 0.266183043809057 -0.04078446262937009 -0.9630592997300733 
v 0.23312373044020082 -0.061423573088093084 -0.9705052658150477 
v 0.23356987729932488 -0.020641683597710306 -0.9721208943936089 
v 0.16707762036532117 0.020641764378874525 -0.9857276430821997 
v 0.20053847660206547 0.0 -0.9796858268864171 
v 0.16707762036532117 -0.020641764378874525 -0.9857276430821997 
v 0.4646097949607007 0.0 -0.8855155212793143 
v 0.40062767571375185 -0.04119676388644637 -0.9153143132812254 
v 0.43295280030146177 -0.020666873820893758 -0.901179645263692 
v 0.43295280030146177 0.020666873820893758 -0.901179645263692 
v 0.40062767571375185 0.04119676388644637 -0.9153143132812254 
v 0.29918543824373933 -0.10223787501816976 -0.9487020029781063 
v 0.3005275143307396 -0.02066853812760538 -0.9535491726501863 
v 0.3000801974347644 -0.06145291092439256 -0.9519324633851035 
v 0.33351990171817564 -0.08211978474528632 -0.939159632922586 
v 0.3671852785255135 -0.06186530201405175 -0.9280881723418585 
v 0.29918543824373933 0.10223787501816976 -0.9487020029781063 
v 0.3671852785255135 0.06186530201405175 -0.9280881723418585 
v 0.33351990171817564 0.08211978474528632 -0.939159632922586 
v 0.3000801974347644 0.06145291092439256 -0.9519324633851035 
v 0.3005275143307396 0.02066853812760538 -0.9535491726501863 
v 0.36786796842136105 -0.020668627986979632 -0.929648302115739 
v 0.334425425837601 0.0 -0.9424222167125196 
v 0.36786796842136105 0.020668627986979632 -0.929648302115739 
v -0.06628477117636095 0.44476995061840663 -0.8931886811514114 
v -0.08340331283427277 0.5006535370329146 -0.8616205216130245 
v -0.05269754103470302 0.36098520400606077 -0.9310814420111693 
v -0.05266085194978226 0.3988358717532737 -0.9155090289422214 
v -0.1705031283767745 0.4700875882988311 -0.8659944240820039 
v -0.11881641806562158 0.43972226015785354 -0.8902398512309615 
v -0.1572131205052815 0.4255793844727695 -0.8911600430072988 
v -0.04193666611545143 0.22954258494591 -0.9723947334963671 
v -0.04191970456249211 0.26089971095891307 -0.9644553277321605 
v -0.12525789582742683 0.314191207541909 -0.9410602237031606 
v -0.08374072360236126 0.28791655467364535 -0.9539871847962166 
v -0.12537760892306432 0.283233271154506 -0.9508203664687948 
v -0.04186824979238771 0.2920925707626653 -0.9554731706147376 
v -0.0418510080968858 0.3228690221991825 -0.945517893868444 
v -0.2974419542789621 0.4171473053412188 -0.8587877557821093 
v -0.2582014627638215 0.394569188673922 -0.8818430472458384 
v -0.2875343720770853 0.3813303147892037 -0.8785847573780251 
v -0.1986197482842014 0.4197574320084458 -0.8856375634903906 
v -0.22849073091912356 0.4074316071638247 -0.8841897258891598 
v -0.2384697869073739 0.4430246552356666 -0.8642113836242095 
v -0.2075258416266724 0.3340036710810718 -0.919442533691752 
v -0.21818689999086163 0.3710088613392028 -0.9026333150732727 
v -0.1776372669766692 0.34656343922148664 -0.9210530842334955 
v -0.09448548580673737 0.35677509434288834 -0.9293998197915082 
v -0.1362467386871599 0.35189195971146914 -0.9260717439202724 
v -0.1468651745665792 0.38914752231661165 -0.9093925590053893 
v -0.03339639401120376 0.020640106600607534 -0.9992290362407229 
v -0.03338963519342115 0.04603557409131337 -0.998381619512165 
v -0.09993565318565238 0.08718815456941542 -0.9911665303697137 
v -0.06673567441237252 0.06666325011191572 -0.9955412401529341 
v -0.09998328215910428 0.061793066681097936 -0.9930684569549263 
v -0.033369186261271874 0.07145785793132124 -0.9968852852500771 
v -0.03336233687719477 0.09677728540377814 -0.9947467574754734 
v -0.23065683043032645 0.16807545030645205 -0.9584091347541085 
v -0.19845020954343537 0.148164745819139 -0.968847109934543 
v -0.23090103809716608 0.14270468958168417 -0.9624552364536474 
v -0.13286563781159055 0.15852427044005885 -0.9783745591389661 
v -0.16573328693405606 0.15345911865875891 -0.9741574700747876 
v -0.16549875892024857 0.17873431516051827 -0.9698784487655955 
v -0.16595374012467878 0.10256505195721956 -0.9807852804032304 
v -0.16589436739523306 0.12802625043008733 -0.9777976979249582 
v -0.13308997080508328 0.10774603175049971 -0.9852298474534369 
v -0.03325613829779551 0.17263002985146206 -0.984425163259758 
v -0.033248929674164485 0.1975998401428451 -0.9797187411961886 
v -0.03328478892528173 0.12231589398142963 -0.9919329336733018 
v -0.03327766927497027 0.1474928590075372 -0.9885031377134866 
v -0.09959747702838313 0.18859053231211437 -0.9769922997095801 
v -0.06651073923484514 0.16817227119434497 -0.9835112651961696 
v -0.09964762626671894 0.1635257820892757 -0.9814935909986876 
v -0.09993190975748022 0.11269459250376102 -0.9885916964210422 
v -0.09982644348535942 0.13818398735640267 -0.985362809740326 
v -0.06662431451338467 0.11757219402111264 -0.9908269172305946 
v -0.47929508518472724 0.3216140417038383 -0.8166031040209722 
v -0.45162928325965496 0.3045218920390423 -0.8386282893936576 
v -0.47259626781445446 0.2920805564656833 -0.8314696123025455 
v -0.4087693811094897 0.3287915983554735 -0.8513540261948713 
v -0.4303203755337721 0.31678718477642104 -0.8452634228226743 
v -0.43697147540112563 0.3461778920857906 -0.8301908194606841 
v -0.4156460540573608 0.25688338869722727 -0.8724960070727973 
v -0.4232164603111621 0.28698049213364385 -0.8593776962758704 
v -0.39416475125168177 0.26903173765344907 -0.8787810153877164 
v -0.3197232575226656 0.3746507116575007 -0.8702952848623411 
v -0.3422752418392894 0.3636143390131298 -0.8663903688799297 
v -0.34905509079685293 0.3925658519481905 -0.8509128013333634 
v -0.3276588488051257 0.30444446743442827 -0.8944010538054319 
v -0.33514845848721947 0.3341995123525656 -0.8809007871020141 
v -0.30514589123743313 0.3156264386269501 -0.8984797918153645 
v -0.39352078653234074 0.3698488469725288 -0.8416372264580856 
v -0.3646439740315426 0.35228849807355644 -0.8619324720229314 
v -0.3867252644914145 0.3407541208812281 -0.8569306850069653 
v -0.2944247543873977 0.18196450534075298 -0.9381913359224842 
v -0.3032312703461523 0.21292300277248796 -0.9288243060851744 
v -0.2719517912702809 0.19359713966964 -0.9426358632773417 
v -0.3643194902044644 0.2506537339416216 -0.8969080302451762 
v -0.33405925784222673 0.2319578684407328 -0.913564425488609 
v -0.35613324416066494 0.22010244941505783 -0.9081431738250814 
v -0.28919819688565135 0.25518477221239694 -0.9226294678520707 
v -0.3117132979044132 0.24367972711652286 -0.9183980675621936 
v -0.319880710710337 0.2741059419000244 -0.9069411577001841 
v -0.3797075101630507 0.31106825023904106 -0.871239777798855 
v -0.35004014322335364 0.292824558245345 -0.8897896808912725 
v -0.37224334930541325 0.2809923176697973 -0.8845779820391438 
v -0.07515598965966658 0.22509056091406782 -0.9714349265934731 
v -0.14138582261625837 0.21548383869487667 -0.9662177624244155 
v -0.10836400440998692 0.2203644560235025 -0.9693795691418807 
v -0.11694226035298 0.25197949853594653 -0.9606408486323642 
v -0.15841759798759364 0.2781453469735951 -0.9473853654161962 
v -0.23977305953412625 0.19926913109054997 -0.9501582464600629 
v -0.2570553183310888 0.26106790220265014 -0.9304655360394657 
v -0.24855823344282163 0.23033404754763118 -0.9408320950776017 
v -0.20726317046395307 0.20481229505912274 -0.9566054055679619 
v -0.17458993659320435 0.21010149339340228 -0.9619645089681028 
v -0.28039089620996194 0.3519327088400598 -0.8930421679691681 
v -0.19971464011391926 0.3036683226425007 -0.9316112989587759 
v -0.2403275819568343 0.32823582099996573 -0.9135118494925283 
v -0.2729248757505287 0.32206866773025655 -0.9065229095080919 
v -0.26508817174279725 0.2919360949432842 -0.9189676695462833 
v -0.18315061440640265 0.24156219755554706 -0.9529446768594135 
v -0.2244477630269198 0.2670852390414827 -0.9371705697248318 
v -0.19151026128613993 0.2728193978874271 -0.9428114318136241 
v -0.08340331283427277 -0.5006535370329146 -0.8616205216130245 
v -0.06628477117636095 -0.44476995061840663 -0.8931886811514114 
v -0.1572131205052815 -0.4255793844727695 -0.8911600430072988 
v -0.11881641806562158 -0.43972226015785354 -0.8902398512309615 
v -0.1705031283767745 -0.4700875882988311 -0.8659944240820039 
v -0.05266085194978226 -0.3988358717532737 -0.9155090289422214 
v -0.05269754103470302 -0.36098520400606077 -0.9310814420111693 
v -0.2875343720770853 -0.3813303147892037 -0.8785847573780251 
v -0.2582014627638215 -0.394569188673922 -0.8818430472458384 
v -0.2974419542789621 -0.4171473053412188 -0.8587877557821093 
v -0.1776372669766692 -0.34656343922148664 -0.9210530842334955 
v -0.21818689999086163 -0.3710088613392028 -0.9026333150732727 
v -0.2075258416266724 -0.3340036710810718 -0.919442533691752 
v -0.2384697869073739 -0.4430246552356666 -0.8642113836242095 
v -0.22849073091912356 -0.4074316071638247 -0.8841897258891598 
v -0.1986197482842014 -0.4197574320084458 -0.8856375634903906 
v -0.04191970456249211 -0.26089971095891307 -0.9644553277321605 
v -0.04193666611545143 -0.22954258494591 -0.9723947334963671 
v -0.0418510080968858 -0.3228690221991825 -0.945517893868444 
v -0.04186824979238771 -0.2920925707626653 -0.9554731706147376 
v -0.12537760892306432 -0.283233271154506 -0.9508203664687948 
v -0.08374072360236126 -0.28791655467364535 -0.9539871847962166 
v -0.12525789582742683 -0.314191207541909 -0.9410602237031606 
v -0.1468651745665792 -0.38914752231661165 -0.9093925590053893 
v -0.1362467386871599 -0.35189195971146914 -0.9260717439202724 
v -0.09448548580673737 -0.35677509434288834 -0.9293998197915082 
v -0.47259626781445446 -0.2920805564656833 -0.8314696123025455 
v -0.45162928325965496 -0.3045218920390423 -0.8386282893936576 
v -0.47929508518472724 -0.3216140417038383 -0.8166031040209722 
v -0.39416475125168177 -0.26903173765344907 -0.8787810153877164 
v -0.4232164603111621 -0.28698049213364385 -0.8593776962758704 
v -0.4156460540573608 -0.25688338869722727 -0.8724960070727973 
v -0.43697147540112563 -0.3461778920857906 -0.8301908194606841 
v -0.4303203755337721 -0.31678718477642104 -0.8452634228226743 
v -0.4087693811094897 -0.3287915983554735 -0.8513540261948713 
v -0.2719517912702809 -0.19359713966964 -0.9426358632773417 
v -0.3032312703461523 -0.21292300277248796 -0.9288243060851744 
v -0.2944247543873977 -0.18196450534075298 -0.9381913359224842 
v -0.319880710710337 -0.2741059419000244 -0.9069411577001841 
v -0.3117132979044132 -0.24367972711652286 -0.9183980675621936 
v -0.28919819688565135 -0.25518477221239694 -0.9226294678520707 
v -0.35613324416066494 -0.22010244941505783 -0.9081431738250814 
v -0.33405925784222673 -0.2319578684407328 -0.913564425488609 
v -0.3643194902044644 -0.2506537339416216 -0.8969080302451762 
v -0.34905509079685293 -0.3925658519481905 -0.8509128013333634 
v -0.3422752418392894 -0.3636143390131298 -0.8663903688799297 
v -0.3197232575226656 -0.3746507116575007 -0.8702952848623411 
v -0.3867252644914145 -0.3407541208812281 -0.8569306850069653 
v -0.3646439740315426 -0.35228849807355644 -0.8619324720229314 
v -0.39352078653234074 -0.3698488469725288 -0.8416372264580856 
v -0.30514589123743313 -0.3156264386269501 -0.8984797918153645 
v -0.33514845848721947 -0.3341995123525656 -0.8809007871020141 
v -0.3276588488051257 -0.30444446743442827 -0.8944010538054319 
v -0.37224334930541325 -0.2809923176697973 -0.8845779820391438 
v -0.35004014322335364 -0.292824558245345 -0.8897896808912725 
v -0.3797075101630507 -0.31106825023904106 -0.871239777798855 
v -0.03338963519342115 -0.04603557409131337 -0.998381619512165 
v -0.03339639401120376 -0.020640106600607534 -0.9992290362407229 
v -0.03336233687719477 -0.09677728540377814 -0.9947467574754734 
v -0.033369186261271874 -0.07145785793132124 -0.9968852852500771 
v -0.09998328215910428 -0.061793066681097936 -0.9930684569549263 
v -0.06673567441237252 -0.06666325011191572 -0.9955412401529341 
v -0.09993565318565238 -0.08718815456941542 -0.9911665303697137 
v -0.033248929674164485 -0.1975998401428451 -0.9797187411961886 
v -0.03325613829779551 -0.17263002985146206 -0.984425163259758 
v -0.09964762626671894 -0.1635257820892757 -0.9814935909986876 
v -0.06651073923484514 -0.16817227119434497 -0.9835112651961696 
v -0.09959747702838313 -0.18859053231211437 -0.9769922997095801 
v -0.03327766927497027 -0.1474928590075372 -0.9885031377134866 
v -0.03328478892528173 -0.12231589398142963 -0.9919329336733018 
v -0.23090103809716608 -0.14270468958168417 -0.9624552364536474 
v -0.19845020954343537 -0.148164745819139 -0.968847109934543 
v -0.23065683043032645 -0.16807545030645205 -0.9584091347541085 
v -0.13308997080508328 -0.10774603175049971 -0.9852298474534369 
v -0.16589436739523306 -0.12802625043008733 -0.9777976979249582 
v -0.16595374012467878 -0.10256505195721956 -0.9807852804032304 
v -0.16549875892024857 -0.17873431516051827 -0.9698784487655955 
v -0.16573328693405606 -0.15345911865875891 -0.9741574700747876 
v -0.13286563781159055 -0.15852427044005885 -0.9783745591389661 
v -0.06662431451338467 -0.11757219402111264 -0.9908269172305946 
v -0.09982644348535942 -0.13818398735640267 -0.985362809740326 
v -0.09993190975748022 -0.11269459250376102 -0.9885916964210422 
v -0.28039089620996194 -0.3519327088400598 -0.8930421679691681 
v -0.26508817174279725 -0.2919360949432842 -0.9189676695462833 
v -0.2729248757505287 -0.32206866773025655 -0.9065229095080919 
v -0.2403275819568343 -0.32823582099996573 -0.9135118494925283 
v -0.19971464011391926 -0.3036683226425007 -0.9316112989587759 
v -0.23977305953412625 -0.19926913109054997 -0.9501582464600629 
v -0.17458993659320435 -0.21010149339340228 -0.9619645089681028 
v -0.20726317046395307 -0.20481229505912274 -0.9566054055679619 
v -0.24855823344282163 -0.23033404754763118 -0.9408320950776017 
v -0.2570553183310888 -0.26106790220265014 -0.9304655360394657 
v -0.07515598965966658 -0.22509056091406782 -0.9714349265934731 
v -0.15841759798759364 -0.2781453469735951 -0.9473853654161962 
v -0.11694226035298 -0.25197949853594653 -0.9606408486323642 
v -0.10836400440998692 -0.2203644560235025 -0.9693795691418807 
v -0.14138582261625837 -0.21548383869487667 -0.9662177624244155 
v -0.2244477630269198 -0.2670852390414827 -0.9371705697248318 
v -0.18315061440640265 -0.24156219755554706 -0.9529446768594135 
v -0.19151026128613993 -0.2728193978874271 -0.9428114318136241 
v -0.8100744395071032 0.051546082105921334 -0.5840568498671873 
v -0.7859376684515491 0.0 -0.6183057344946291 
v -0.8100744395071032 -0.051546082105921334 -0.5840568498671873 
v -0.7412994500228975 0.06459418046670881 -0.668058917495743 
v -0.7641464144951071 0.04088638840457993 -0.6437457265547492 
v -0.7606176955569699 0.10537672852503426 -0.6405907166756056 
v -0.7606176955569699 -0.10537672852503426 -0.6405907166756056 
v -0.7641464144951071 -0.04088638840457993 -0.6437457265547492 
v -0.7412994500228975 -0.06459418046670881 -0.668058917495743 
v -0.6589420763850745 0.1517877298432937 -0.7367196380159456 
v -0.6803460627503627 0.133669477715009 -0.7205981582182099 
v -0.6749585183575171 0.18382923742459234 -0.7145892596201808 
v -0.6860093197458461 0.03237223167957772 -0.7268722390062269 
v -0.6840456713765832 0.08309230666555752 -0.7246910983611958 
v -0.6658069010994745 0.05077039992656588 -0.7443947453734552 
v -0.7168289500255066 0.14738243359870298 -0.6814944421430403 
v -0.7011064382744459 0.11533903640115949 -0.7036665892965024 
v -0.7210328001169184 0.09688840980926341 -0.6860935338568556 
v -0.6749585183575171 -0.18382923742459234 -0.7145892596201808 
v -0.6803460627503627 -0.133669477715009 -0.7205981582182099 
v -0.6589420763850745 -0.1517877298432937 -0.7367196380159456 
v -0.7210328001169184 -0.09688840980926341 -0.6860935338568556 
v -0.7011064382744459 -0.11533903640115949 -0.7036665892965024 
v -0.7168289500255066 -0.14738243359870298 -0.6814944421430403 
v -0.6658069010994745 -0.05077039992656588 -0.7443947453734552 
v -0.6840456713765832 -0.08309230666555752 -0.7246910983611958 
v -0.6860093197458461 -0.03237223167957772 -0.7268722390062269 
v -0.724139403552818 0.032372427973723354 -0.6888934243620382 
v -0.7056198898681209 0.0 -0.7085905524507796 
v -0.724139403552818 -0.032372427973723354 -0.6888934243620382 
v -0.5059926618256583 0.27144044986507576 -0.8187133248919491 
v -0.5261164068310134 0.25848631794772886 -0.8101767399136125 
v -0.5203824507360323 0.2962206532849401 -0.8009091268885654 
v -0.5352381487613743 0.18184358308403367 -0.824895772447439 
v -0.5310798647927761 0.2203172420217281 -0.818177541906172 
v -0.5156293362164652 0.19509032201612939 -0.8343057915947907 
v -0.5601275955485977 0.2700632239120865 -0.7831493674869161 
v -0.5459416184299102 0.24532932684509987 -0.8011000378578574 
v -0.5653583182317505 0.23201431295169542 -0.7915423744763886 
v -0.5439035825405624 0.025521689363187997 -0.8387595223135119 
v -0.5429668650160064 0.06475825695334898 -0.8372534572344589 
v -0.5253257924845641 0.03925981575906884 -0.8499949874070014 
v -0.5763783683241307 0.1155816714599656 -0.8089677705264491 
v -0.5600153677778865 0.09022060845776397 -0.8235551163474788 
v -0.5783963937713034 0.07645045705187868 -0.8121655861269365 
v -0.5220869842853441 0.11753739745783831 -0.8447544856576217 
v -0.5412100824903125 0.1039316180106455 -0.8344398512706103 
v -0.5386562317296971 0.14290770219112195 -0.830317320470443 
v -0.635184891274726 0.21572791005863756 -0.7416209427450434 
v -0.6215964976178616 0.1909843091616678 -0.7596991429528195 
v -0.639446515045332 0.17705087151465568 -0.7481718674825195 
v -0.5846365383176946 0.21843822689979855 -0.7813353051621147 
v -0.6032924330036318 0.20479563906601936 -0.7707768720583792 
v -0.5984280051015053 0.2432092213565805 -0.7633696335048694 
v -0.6102917824748669 0.12703590631483577 -0.7819244328900445 
v -0.6072569092449323 0.1660272411582207 -0.776964607538646 
v -0.5922491222624805 0.14091868534515256 -0.7933365624373525 
v -0.5545870303248163 0.16829772516603633 -0.8149288935235016 
v -0.5736265314669973 0.1546405708889424 -0.8043872800040314 
v -0.5699433162211065 0.1934960562179284 -0.7985761657619115 
v -0.5203824507360323 -0.2962206532849401 -0.8009091268885654 
v -0.5261164068310134 -0.25848631794772886 -0.8101767399136125 
v -0.5059926618256583 -0.27144044986507576 -0.8187133248919491 
v -0.5653583182317505 -0.23201431295169542 -0.7915423744763886 
v -0.5459416184299102 -0.24532932684509987 -0.8011000378578574 
v -0.5601275955485977 -0.2700632239120865 -0.7831493674869161 
v -0.5156293362164652 -0.19509032201612939 -0.8343057915947907 
v -0.5310798647927761 -0.2203172420217281 -0.818177541906172 
v -0.5352381487613743 -0.18184358308403367 -0.824895772447439 
v -0.639446515045332 -0.17705087151465568 -0.7481718674825195 
v -0.6215964976178616 -0.1909843091616678 -0.7596991429528195 
v -0.635184891274726 -0.21572791005863756 -0.7416209427450434 
v -0.5922491222624805 -0.14091868534515256 -0.7933365624373525 
v -0.6072569092449323 -0.1660272411582207 -0.776964607538646 
v -0.6102917824748669 -0.12703590631483577 -0.7819244328900445 
v -0.5984280051015053 -0.2432092213565805 -0.7633696335048694 
v -0.6032924330036318 -0.20479563906601936 -0.7707768720583792 
v -0.5846365383176946 -0.21843822689979855 -0.7813353051621147 
v -0.5253257924845641 -0.03925981575906884 -0.8499949874070014 
v -0.5429668650160064 -0.06475825695334898 -0.8372534572344589 
v -0.5439035825405624 -0.025521689363187997 -0.8387595223135119 
v -0.5386562317296971 -0.14290770219112195 -0.830317320470443 
v -0.5412100824903125 -0.1039316180106455 -0.8344398512706103 
v -0.5220869842853441 -0.11753739745783831 -0.8447544856576217 
v -0.5783963937713034 -0.07645045705187868 -0.8121655861269365 
v -0.5600153677778865 -0.09022060845776397 -0.8235551163474788 
v -0.5763783683241307 -0.1155816714599656 -0.8089677705264491 
v -0.5699433162211065 -0.1934960562179284 -0.7985761657619115 
v -0.5736265314669973 -0.1546405708889424 -0.8043872800040314 
v -0.5545870303248163 -0.16829772516603633 -0.8149288935235016 
v -0.6445950743156992 0.12684214792599205 -0.7539285507774983 
v -0.6137483467774048 0.07645225624840751 -0.785791333206552 
v -0.6294820555089343 0.10170421170675416 -0.7703301857731882 
v -0.6480389750561468 0.07625632246401928 -0.7577799549291616 
v -0.6497632653298251 0.025522975668905667 -0.7597080207164643 
v -0.5621972865472923 0.0 -0.8270031505374462 
v -0.5970066757287226 -0.050966408809247875 -0.8006156720352335 
v -0.5799514881623519 -0.025521752488508433 -0.8142511354171935 
v -0.5799514881623519 0.025521752488508433 -0.8142511354171935 
v -0.5970066757287226 0.050966408809247875 -0.8006156720352335 
v -0.6445950743156992 -0.12684214792599205 -0.7539285507774983 
v -0.6497632653298251 -0.025522975668905667 -0.7597080207164643 
v -0.6480389750561468 -0.07625632246401928 -0.7577799549291616 
v -0.6294820555089343 -0.10170421170675416 -0.7703301857731882 
v -0.6137483467774048 -0.07645225624840751 -0.785791333206552 
v -0.6153036090689086 0.02552304148593563 -0.7878769212383891 
v -0.6153036090689086 -0.02552304148593563 -0.7878769212383891 
v -0.6329413198582746 0.0 -0.7741997711289156 
v -0.06679814356093862 0.0 -0.9977665097691003 
v -0.133410304175464 -0.04115610302634545 -0.9902059714642681 
v -0.10021000370384166 -0.020640185226837394 -0.9947521992493799 
v -0.10021000370384166 0.020640185226837394 -0.9947521992493799 
v -0.133410304175464 0.04115610302634545 -0.9902059714642681 
v -0.2644119977039306 -0.12208202889147472 -0.956651594726083 
v -0.2322329343442593 -0.10219601161621196 -0.9672765061840353 
v -0.23356987729932488 -0.020641683597710306 -0.9721208943936089 
v -0.23312373044020082 -0.061423573088093084 -0.9705052658150477 
v -0.266183043809057 -0.04078446262937009 -0.9630592997300733 
v -0.1996410038144514 -0.0820587886908545 -0.976427070904196 
v -0.1668506232487429 -0.061795271728748984 -0.9840438069077393 
v -0.2322329343442593 0.10219601161621196 -0.9672765061840353 
v -0.2644119977039306 0.12208202889147472 -0.956651594726083 
v -0.1668506232487429 0.061795271728748984 -0.9840438069077393 
v -0.1996410038144514 0.0820587886908545 -0.976427070904196 
v -0.266183043809057 0.04078446262937009 -0.9630592997300733 
v -0.23312373044020082 0.061423573088093084 -0.9705052658150477 
v -0.23356987729932488 0.020641683597710306 -0.9721208943936089 
v -0.16707762036532117 -0.020641764378874525 -0.9857276430821997 
v -0.20053847660206547 0.0 -0.9796858268864171 
v -0.16707762036532117 0.020641764378874525 -0.9857276430821997 
v -0.4782414933315212 -0.2542859746033334 -0.8406091346018488 
v -0.48717292128774276 -0.17748121829815974 -0.855080675676493 
v -0.483107766089383 -0.21600364614371015 -0.8484982682343841 
v -0.44971124485826697 -0.23664383137054754 -0.8612546042386628 
v -0.42058094774662375 -0.21863732132450517 -0.8805165461912665 
v -0.49538443263687176 -0.020666786361407435 -0.8684279750460234 
v -0.49455263988093323 -0.05992648232431772 -0.8670792945878901 
v -0.4305828585602986 -0.10111903504651847 -0.8968686317768633 
v -0.4629061528929148 -0.0805897740049722 -0.8827361904553981 
v -0.4322698890871957 -0.06186285283676537 -0.8996197699180694 
v -0.49290802708808107 -0.09919019947175643 -0.8644090357931763 
v -0.4904556503485304 -0.13820363394925203 -0.8604376854859516 
v -0.3291960195712243 -0.16212249394052966 -0.9302399032813874 
v -0.29785156047492034 -0.14274881525288216 -0.9438788183165006 
v -0.3904688003473797 -0.19999890567800102 -0.8986292637583533 
v -0.3601341179106339 -0.18124898816261095 -0.9151241562797692 
v -0.36627924233997544 -0.10264731546613547 -0.9248259540359197 
v -0.36352072392591755 -0.1420133470930653 -0.9206980463343025 
v -0.3971839129141823 -0.12176071864422876 -0.9096258938252693 
v -0.4579335356448812 -0.15911707709285489 -0.8746305692743679 
v -0.4278731161471062 -0.1405005340590422 -0.8928517214004176 
v -0.42453445929209555 -0.1797588414717294 -0.887387881248279 
v -0.4782414933315212 0.2542859746033334 -0.8406091346018488 
v -0.42058094774662375 0.21863732132450517 -0.8805165461912665 
v -0.44971124485826697 0.23664383137054754 -0.8612546042386628 
v -0.483107766089383 0.21600364614371015 -0.8484982682343841 
v -0.48717292128774276 0.17748121829815974 -0.855080675676493 
v -0.29785156047492034 0.14274881525288216 -0.9438788183165006 
v -0.3291960195712243 0.16212249394052966 -0.9302399032813874 
v -0.3971839129141823 0.12176071864422876 -0.9096258938252693 
v -0.36352072392591755 0.1420133470930653 -0.9206980463343025 
v -0.36627924233997544 0.10264731546613547 -0.9248259540359197 
v -0.3601341179106339 0.18124898816261095 -0.9151241562797692 
v -0.3904688003473797 0.19999890567800102 -0.8986292637583533 
v -0.49455263988093323 0.05992648232431772 -0.8670792945878901 
v -0.49538443263687176 0.020666786361407435 -0.8684279750460234 
v -0.4904556503485304 0.13820363394925203 -0.8604376854859516 
v -0.49290802708808107 0.09919019947175643 -0.8644090357931763 
v -0.4322698890871957 0.06186285283676537 -0.8996197699180694 
v -0.4629061528929148 0.0805897740049722 -0.8827361904553981 
v -0.4305828585602986 0.10111903504651847 -0.8968686317768633 
v -0.42453445929209555 0.1797588414717294 -0.887387881248279 
v -0.4278731161471062 0.1405005340590422 -0.8928517214004176 
v -0.4579335356448812 0.15911707709285489 -0.8746305692743679 
v -0.29918543824373933 -0.10223787501816976 -0.9487020029781063 
v -0.3671852785255135 -0.06186530201405175 -0.9280881723418585 
v -0.33351990171817564 -0.08211978474528632 -0.939159632922586 
v -0.3000801974347644 -0.06145291092439256 -0.9519324633851035 
v -0.3005275143307396 -0.02066853812760538 -0.9535491726501863 
v -0.4646097949607007 0.0 -0.8855155212793143 
v -0.40062767571375185 0.04119676388644637 -0.9153143132812254 
v -0.43295280030146177 0.020666873820893758 -0.901179645263692 
v -0.43295280030146177 -0.020666873820893758 -0.901179645263692 
v -0.40062767571375185 -0.04119676388644637 -0.9153143132812254 
v -0.29918543824373933 0.10223787501816976 -0.9487020029781063 
v -0.3005275143307396 0.02066853812760538 -0.9535491726501863 
v -0.3000801974347644 0.06145291092439256 -0.9519324633851035 
v -0.33351990171817564 0.08211978474528632 -0.939159632922586 
v -0.3671852785255135 0.06186530201405175 -0.9280881723418585 
v -0.36786796842136105 -0.020668627986979632 -0.929648302115739 
v -0.36786796842136105 0.020668627986979632 -0.929648302115739 
v -0.334425425837601 0.0 -0.9424222167125196 
v -0.051546082105921334 -0.5840568498671873 0.8100744395071032 
v 0.0 -0.6183057344946291 0.7859376684515491 
v 0.051546082105921334 -0.5840568498671873 0.8100744395071032 
v -0.06459418046670881 -0.668058917495743 0.7412994500228975 
v -0.04088638840457993 -0.6437457265547492 0.7641464144951071 
v -0.10537672852503426 -0.6405907166756056 0.7606176955569699 
v 0.10537672852503426 -0.6405907166756056 0.7606176955569699 
v 0.04088638840457993 -0.6437457265547492 0.7641464144951071 
v 0.06459418046670881 -0.668058917495743 0.7412994500228975 
v -0.1517877298432937 -0.7367196380159456 0.6589420763850745 
v -0.133669477715009 -0.7205981582182099 0.6803460627503627 
v -0.18382923742459234 -0.7145892596201808 0.6749585183575171 
v -0.03237223167957772 -0.7268722390062269 0.6860093197458461 
v -0.08309230666555752 -0.7246910983611958 0.6840456713765832 
v -0.05077039992656588 -0.7443947453734552 0.6658069010994745 
v -0.14738243359870298 -0.6814944421430403 0.7168289500255066 
v -0.11533903640115949 -0.7036665892965024 0.7011064382744459 
v -0.09688840980926341 -0.6860935338568556 0.7210328001169184 
v 0.18382923742459234 -0.7145892596201808 0.6749585183575171 
v 0.133669477715009 -0.7205981582182099 0.6803460627503627 
v 0.1517877298432937 -0.7367196380159456 0.6589420763850745 
v 0.09688840980926341 -0.6860935338568556 0.7210328001169184 
v 0.11533903640115949 -0.7036665892965024 0.7011064382744459 
v 0.14738243359870298 -0.6814944421430403 0.7168289500255066 
v 0.05077039992656588 -0.7443947453734552 0.6658069010994745 
v 0.08309230666555752 -0.7246910983611958 0.6840456713765832 
v 0.03237223167957772 -0.7268722390062269 0.6860093197458461 
v -0.032372427973723354 -0.6888934243620382 0.724139403552818 
v 0.0 -0.7085905524507796 0.7056198898681209 
v 0.032372427973723354 -0.6888934243620382 0.724139403552818 
v -0.27144044986507576 -0.8187133248919491 0.5059926618256584 
v -0.25848631794772886 -0.8101767399136125 0.5261164068310134 
v -0.2962206532849401 -0.8009091268885654 0.5203824507360323 
v -0.1818435830840337 -0.824895772447439 0.5352381487613744 
v -0.22031724202172814 -0.818177541906172 0.5310798647927761 
v -0.19509032201612936 -0.8343057915947906 0.5156293362164653 
v -0.2700632239120865 -0.7831493674869161 0.5601275955485977 
v -0.2453293268450999 -0.8011000378578574 0.5459416184299102 
v -0.23201431295169542 -0.7915423744763886 0.5653583182317505 
v -0.025521689363188 -0.8387595223135119 0.5439035825405624 
v -0.06475825695334898 -0.8372534572344589 0.5429668650160064 
v -0.03925981575906884 -0.8499949874070014 0.5253257924845641 
v -0.1155816714599656 -0.8089677705264491 0.5763783683241305 
v -0.09022060845776399 -0.8235551163474788 0.5600153677778864 
v -0.0764504570518787 -0.8121655861269365 0.5783963937713034 
v -0.11753739745783834 -0.8447544856576217 0.5220869842853441 
v -0.10393161801064552 -0.8344398512706104 0.5412100824903125 
v -0.14290770219112198 -0.8303173204704432 0.5386562317296971 
v -0.21572791005863756 -0.7416209427450434 0.635184891274726 
v -0.1909843091616678 -0.7596991429528195 0.6215964976178615 
v -0.1770508715146557 -0.7481718674825195 0.639446515045332 
v -0.21843822689979855 -0.7813353051621147 0.5846365383176946 
v -0.20479563906601936 -0.7707768720583792 0.6032924330036318 
v -0.2432092213565805 -0.7633696335048694 0.5984280051015053 
v -0.1270359063148358 -0.7819244328900447 0.6102917824748669 
v -0.16602724115822068 -0.776964607538646 0.6072569092449321 
v -0.14091868534515256 -0.7933365624373526 0.5922491222624805 
v -0.16829772516603633 -0.8149288935235016 0.5545870303248164 
v -0.15464057088894242 -0.8043872800040314 0.5736265314669973 
v -0.19349605621792842 -0.7985761657619115 0.5699433162211066 
v 0.2962206532849401 -0.8009091268885654 0.5203824507360323 
v 0.25848631794772886 -0.8101767399136125 0.5261164068310134 
v 0.27144044986507576 -0.8187133248919491 0.5059926618256584 
v 0.23201431295169542 -0.7915423744763886 0.5653583182317505 
v 0.2453293268450999 -0.8011000378578574 0.5459416184299102 
v 0.2700632239120865 -0.7831493674869161 0.5601275955485977 
v 0.19509032201612936 -0.8343057915947906 0.5156293362164653 
v 0.22031724202172814 -0.818177541906172 0.5310798647927761 
v 0.1818435830840337 -0.824895772447439 0.5352381487613744 
v 0.1770508715146557 -0.7481718674825195 0.639446515045332 
v 0.1909843091616678 -0.7596991429528195 0.6215964976178615 
v 0.21572791005863756 -0.7416209427450434 0.635184891274726 
v 0.14091868534515256 -0.7933365624373526 0.5922491222624805 
v 0.16602724115822068 -0.776964607538646 0.6072569092449321 
v 0.1270359063148358 -0.7819244328900447 0.6102917824748669 
v 0.2432092213565805 -0.7633696335048694 0.5984280051015053 
v 0.20479563906601936 -0.7707768720583792 0.6032924330036318 
v 0.21843822689979855 -0.7813353051621147 0.5846365383176946 
v 0.03925981575906884 -0.8499949874070014 0.5253257924845641 
v 0.06475825695334898 -0.8372534572344589 0.5429668650160064 
v 0.025521689363188 -0.8387595223135119 0.5439035825405624 
v 0.14290770219112198 -0.8303173204704432 0.5386562317296971 
v 0.10393161801064552 -0.8344398512706104 0.5412100824903125 
v 0.11753739745783834 -0.8447544856576217 0.5220869842853441 
v 0.0764504570518787 -0.8121655861269365 0.5783963937713034 
v 0.09022060845776399 -0.8235551163474788 0.5600153677778864 
v 0.1155816714599656 -0.8089677705264491 0.5763783683241305 
v 0.19349605621792842 -0.7985761657619115 0.5699433162211066 
v 0.15464057088894242 -0.8043872800040314 0.5736265314669973 
v 0.16829772516603633 -0.8149288935235016 0.5545870303248164 
v -0.12684214792599202 -0.7539285507774984 0.6445950743156993 
v -0.07645225624840753 -0.785791333206552 0.6137483467774048 
v -0.10170421170675417 -0.7703301857731882 0.6294820555089343 
v -0.07625632246401928 -0.7577799549291617 0.6480389750561468 
v -0.02552297566890567 -0.7597080207164643 0.6497632653298251 
v 0.0 -0.8270031505374462 0.5621972865472923 
v 0.05096640880924787 -0.8006156720352336 0.5970066757287225 
v 0.025521752488508433 -0.8142511354171935 0.5799514881623519 
v -0.025521752488508433 -0.8142511354171935 0.5799514881623519 
v -0.05096640880924787 -0.8006156720352336 0.5970066757287225 
v 0.12684214792599202 -0.7539285507774984 0.6445950743156993 
v 0.02552297566890567 -0.7597080207164643 0.6497632653298251 
v 0.07625632246401928 -0.7577799549291617 0.6480389750561468 
v 0.10170421170675417 -0.7703301857731882 0.6294820555089343 
v 0.07645225624840753 -0.785791333206552 0.6137483467774048 
v -0.025523041485935632 -0.7878769212383891 0.6153036090689086 
v 0.025523041485935632 -0.7878769212383891 0.6153036090689086 
v 0.0 -0.7741997711289156 0.6329413198582746 
v -0.4491074549269934 -0.8934777523413767 0.0 
v -0.4447699506184067 -0.8931886811514114 0.06628477117636096 
v -0.5006535370329146 -0.8616205216130245 0.08340331283427277 
v -0.3609852040060607 -0.9310814420111693 0.05269754103470302 
v -0.3988358717532737 -0.9155090289422214 0.05266085194978226 
v -0.364710859773797 -0.9311208239337458 0.0 
v -0.4700875882988311 -0.8659944240820039 0.17050312837677453 
v -0.43972226015785354 -0.8902398512309615 0.1188164180656216 
v -0.4255793844727695 -0.8911600430072988 0.15721312050528152 
v -0.22954258494591 -0.9723947334963671 0.04193666611545143 
v -0.26089971095891307 -0.9644553277321605 0.04191970456249211 
v -0.23331806791662668 -0.9724004726364813 0.0 
v -0.31419120754190905 -0.9410602237031607 0.12525789582742683 
v -0.28791655467364535 -0.9539871847962166 0.08374072360236126 
v -0.283233271154506 -0.9508203664687948 0.12537760892306432 
v -0.2956422216369638 -0.9552987369328824 0.0 
v -0.2920925707626653 -0.9554731706147376 0.04186824979238771 
v -0.3228690221991825 -0.945517893868444 0.0418510080968858 
v -0.4171473053412188 -0.8587877557821093 0.29744195427896203 
v -0.394569188673922 -0.8818430472458384 0.25820146276382144 
v -0.38133031478920365 -0.878584757378025 0.2875343720770853 
v -0.41975743200844573 -0.8856375634903905 0.19861974828420137 
v -0.4074316071638247 -0.8841897258891598 0.2284907309191235 
v -0.44302465523566653 -0.8642113836242095 0.2384697869073738 
v -0.3340036710810718 -0.919442533691752 0.2075258416266724 
v -0.37100886133920274 -0.9026333150732726 0.2181868999908616 
v -0.3465634392214867 -0.9210530842334955 0.1776372669766692 
v -0.3567750943428883 -0.9293998197915082 0.09448548580673737 
v -0.35189195971146914 -0.9260717439202725 0.13624673868715992 
v -0.38914752231661165 -0.9093925590053893 0.1468651745665792 
v -0.020640106600607534 -0.9992290362407229 0.03339639401120376 
v -0.04603557409131337 -0.998381619512165 0.03338963519342115 
v -0.025393388418898256 -0.9996775359207624 0.0 
v -0.08718815456941542 -0.9911665303697137 0.09993565318565238 
v -0.06666325011191572 -0.9955412401529341 0.06673567441237252 
v -0.061793066681097936 -0.9930684569549263 0.09998328215910428 
v -0.07611466817370417 -0.997099070949726 0.0 
v -0.07145785793132124 -0.996885285250077 0.03336918626127187 
v -0.09677728540377814 -0.9947467574754734 0.03336233687719477 
v -0.16807545030645205 -0.9584091347541085 0.23065683043032645 
v -0.148164745819139 -0.968847109934543 0.19845020954343537 
v -0.14270468958168417 -0.9624552364536474 0.23090103809716608 
v -0.15852427044005885 -0.9783745591389662 0.13286563781159058 
v -0.15345911865875891 -0.9741574700747876 0.1657332869340561 
v -0.17873431516051827 -0.9698784487655955 0.1654987589202486 
v -0.10256505195721954 -0.9807852804032304 0.16595374012467878 
v -0.12802625043008733 -0.9777976979249582 0.16589436739523306 
v -0.10774603175049971 -0.9852298474534369 0.13308997080508328 
v -0.17683794188955307 -0.9842399820715815 0.0 
v -0.17263002985146206 -0.984425163259758 0.03325613829779551 
v -0.1975998401428451 -0.9797187411961886 0.033248929674164485 
v -0.12231589398142963 -0.9919329336733018 0.03328478892528173 
v -0.1474928590075372 -0.9885031377134866 0.03327766927497027 
v -0.12663962561594838 -0.9919487916338485 0.0 
v -0.18859053231211437 -0.9769922997095801 0.09959747702838313 
v -0.16817227119434497 -0.9835112651961696 0.06651073923484514 
v -0.16352578208927573 -0.9814935909986876 0.09964762626671896 
v -0.11269459250376102 -0.9885916964210422 0.09993190975748022 
v -0.13818398735640267 -0.985362809740326 0.09982644348535942 
v -0.11757219402111264 -0.9908269172305946 0.06662431451338467 
v -0.3216140417038383 -0.8166031040209722 0.47929508518472724 
v -0.3045218920390423 -0.8386282893936576 0.45162928325965496 
v -0.2920805564656833 -0.8314696123025455 0.47259626781445446 
v -0.3287915983554735 -0.8513540261948713 0.4087693811094897 
v -0.31678718477642104 -0.8452634228226743 0.4303203755337721 
v -0.3461778920857906 -0.8301908194606841 0.43697147540112563 
v -0.25688338869722727 -0.8724960070727973 0.4156460540573608 
v -0.28698049213364385 -0.8593776962758704 0.4232164603111621 
v -0.269031737653449 -0.8787810153877162 0.39416475125168177 
v -0.3746507116575007 -0.8702952848623411 0.3197232575226656 
v -0.3636143390131298 -0.8663903688799297 0.3422752418392894 
v -0.39256585194819055 -0.8509128013333636 0.349055090796853 
v -0.30444446743442827 -0.8944010538054319 0.32765884880512564 
v -0.3341995123525656 -0.880900787102014 0.3351484584872195 
v -0.3156264386269501 -0.8984797918153645 0.30514589123743313 
v -0.3698488469725288 -0.8416372264580856 0.39352078653234074 
v -0.3522884980735565 -0.8619324720229314 0.3646439740315426 
v -0.34075412088122814 -0.8569306850069653 0.38672526449141453 
v -0.18196450534075298 -0.9381913359224842 0.2944247543873977 
v -0.21292300277248796 -0.9288243060851744 0.3032312703461523 
v -0.19359713966964 -0.9426358632773417 0.2719517912702809 
v -0.2506537339416216 -0.8969080302451762 0.3643194902044644 
v -0.2319578684407328 -0.913564425488609 0.33405925784222673 
v -0.22010244941505783 -0.9081431738250814 0.35613324416066494 
v -0.25518477221239694 -0.9226294678520707 0.28919819688565135 
v -0.24367972711652286 -0.9183980675621936 0.3117132979044132 
v -0.2741059419000244 -0.9069411577001841 0.319880710710337 
v -0.31106825023904106 -0.871239777798855 0.37970751016305065 
v -0.292824558245345 -0.8897896808912725 0.35004014322335364 
v -0.2809923176697973 -0.8845779820391438 0.37224334930541325 
v -0.22509056091406782 -0.9714349265934731 0.07515598965966658 
v -0.2154838386948767 -0.9662177624244155 0.14138582261625837 
v -0.2203644560235025 -0.9693795691418807 0.10836400440998692 
v -0.25197949853594653 -0.9606408486323642 0.11694226035298 
v -0.2781453469735951 -0.9473853654161962 0.15841759798759364 
v -0.19926913109054997 -0.9501582464600629 0.23977305953412628 
v -0.26106790220265014 -0.9304655360394656 0.2570553183310888 
v -0.23033404754763118 -0.9408320950776017 0.2485582334428216 
v -0.20481229505912274 -0.9566054055679619 0.2072631704639531 
v -0.21010149339340226 -0.9619645089681028 0.17458993659320432 
v -0.35193270884005984 -0.8930421679691682 0.280390896209962 
v -0.3036683226425007 -0.9316112989587759 0.19971464011391926 
v -0.32823582099996573 -0.9135118494925283 0.2403275819568343 
v -0.32206866773025655 -0.9065229095080919 0.2729248757505287 
v -0.2919360949432842 -0.9189676695462833 0.26508817174279725 
v -0.2415621975555471 -0.9529446768594135 0.18315061440640265 
v -0.2670852390414827 -0.9371705697248318 0.22444776302691977 
v -0.2728193978874271 -0.9428114318136241 0.19151026128613993 
v 0.5006535370329146 -0.8616205216130245 0.08340331283427277 
v 0.4447699506184067 -0.8931886811514114 0.06628477117636096 
v 0.4491074549269934 -0.8934777523413767 0.0 
v 0.4255793844727695 -0.8911600430072988 0.15721312050528152 
v 0.43972226015785354 -0.8902398512309615 0.1188164180656216 
v 0.4700875882988311 -0.8659944240820039 0.17050312837677453 
v 0.364710859773797 -0.9311208239337458 0.0 
v 0.3988358717532737 -0.9155090289422214 0.05266085194978226 
v 0.3609852040060607 -0.9310814420111693 0.05269754103470302 
v 0.38133031478920365 -0.878584757378025 0.2875343720770853 
v 0.394569188673922 -0.8818430472458384 0.25820146276382144 
v 0.4171473053412188 -0.8587877557821093 0.29744195427896203 
v 0.3465634392214867 -0.9210530842334955 0.1776372669766692 
v 0.37100886133920274 -0.9026333150732726 0.2181868999908616 
v 0.3340036710810718 -0.919442533691752 0.2075258416266724 
v 0.44302465523566653 -0.8642113836242095 0.2384697869073738 
v 0.4074316071638247 -0.8841897258891598 0.2284907309191235 
v 0.41975743200844573 -0.8856375634903905 0.19861974828420137 
v 0.23331806791662668 -0.9724004726364813 0.0 
v 0.26089971095891307 -0.9644553277321605 0.04191970456249211 
v 0.22954258494591 -0.9723947334963671 0.04193666611545143 
v 0.3228690221991825 -0.945517893868444 0.0418510080968858 
v 0.2920925707626653 -0.9554731706147376 0.04186824979238771 
v 0.2956422216369638 -0.9552987369328824 0.0 
v 0.283233271154506 -0.9508203664687948 0.12537760892306432 
v 0.28791655467364535 -0.9539871847962166 0.08374072360236126 
v 0.31419120754190905 -0.9410602237031607 0.12525789582742683 
v 0.38914752231661165 -0.9093925590053893 0.1468651745665792 
v 0.35189195971146914 -0.9260717439202725 0.13624673868715992 
v 0.3567750943428883 -0.9293998197915082 0.09448548580673737 
v 0.2920805564656833 -0.8314696123025455 0.47259626781445446 
v 0.3045218920390423 -0.8386282893936576 0.45162928325965496 
v 0.3216140417038383 -0.8166031040209722 0.47929508518472724 
v 0.269031737653449 -0.8787810153877162 0.39416475125168177 
v 0.28698049213364385 -0.8593776962758704 0.4232164603111621 
v 0.25688338869722727 -0.8724960070727973 0.4156460540573608 
v 0.3461778920857906 -0.8301908194606841 0.43697147540112563 
v 0.31678718477642104 -0.8452634228226743 0.4303203755337721 
v 0.3287915983554735 -0.8513540261948713 0.4087693811094897 
v 0.19359713966964 -0.9426358632773417 0.2719517912702809 
v 0.21292300277248796 -0.9288243060851744 0.3032312703461523 
v 0.18196450534075298 -0.9381913359224842 0.2944247543873977 
v 0.2741059419000244 -0.9069411577001841 0.319880710710337 
v 0.24367972711652286 -0.9183980675621936 0.3117132979044132 
v 0.25518477221239694 -0.9226294678520707 0.28919819688565135 
v 0.22010244941505783 -0.9081431738250814 0.35613324416066494 
v 0.2319578684407328 -0.913564425488609 0.33405925784222673 
v 0.2506537339416216 -0.8969080302451762 0.3643194902044644 
v 0.39256585194819055 -0.8509128013333636 0.349055090796853 
v 0.3636143390131298 -0.8663903688799297 0.3422752418392894 
v 0.3746507116575007 -0.8702952848623411 0.3197232575226656 
v 0.34075412088122814 -0.8569306850069653 0.38672526449141453 
v 0.3522884980735565 -0.8619324720229314 0.3646439740315426 
v 0.3698488469725288 -0.8416372264580856 0.39352078653234074 
v 0.3156264386269501 -0.8984797918153645 0.30514589123743313 
v 0.3341995123525656 -0.880900787102014 0.3351484584872195 
v 0.30444446743442827 -0.8944010538054319 0.32765884880512564 
v 0.2809923176697973 -0.8845779820391438 0.37224334930541325 
v 0.292824558245345 -0.8897896808912725 0.35004014322335364 
v 0.31106825023904106 -0.871239777798855 0.37970751016305065 
v 0.025393388418898256 -0.9996775359207624 0.0 
v 0.04603557409131337 -0.998381619512165 0.03338963519342115 
v 0.020640106600607534 -0.9992290362407229 0.03339639401120376 
v 0.09677728540377814 -0.9947467574754734 0.03336233687719477 
v 0.07145785793132124 -0.996885285250077 0.03336918626127187 
v 0.07611466817370417 -0.997099070949726 0.0 
v 0.061793066681097936 -0.9930684569549263 0.09998328215910428 
v 0.06666325011191572 -0.9955412401529341 0.06673567441237252 
v 0.08718815456941542 -0.9911665303697137 0.09993565318565238 
v 0.1975998401428451 -0.9797187411961886 0.033248929674164485 
v 0.17263002985146206 -0.984425163259758 0.03325613829779551 
v 0.17683794188955307 -0.9842399820715815 0.0 
v 0.16352578208927573 -0.9814935909986876 0.09964762626671896 
v 0.16817227119434497 -0.9835112651961696 0.06651073923484514 
v 0.18859053231211437 -0.9769922997095801 0.09959747702838313 
v 0.12663962561594838 -0.9919487916338485 0.0 
v 0.1474928590075372 -0.9885031377134866 0.03327766927497027 
v 0.12231589398142963 -0.9919329336733018 0.03328478892528173 
v 0.14270468958168417 -0.9624552364536474 0.23090103809716608 
v 0.148164745819139 -0.968847109934543 0.19845020954343537 
v 0.16807545030645205 -0.9584091347541085 0.23065683043032645 
v 0.10774603175049971 -0.9852298474534369 0.13308997080508328 
v 0.12802625043008733 -0.9777976979249582 0.16589436739523306 
v 0.10256505195721954 -0.9807852804032304 0.16595374012467878 
v 0.17873431516051827 -0.9698784487655955 0.1654987589202486 
v 0.15345911865875891 -0.9741574700747876 0.1657332869340561 
v 0.15852427044005885 -0.9783745591389662 0.13286563781159058 
v 0.11757219402111264 -0.9908269172305946 0.06662431451338467 
v 0.13818398735640267 -0.985362809740326 0.09982644348535942 
v 0.11269459250376102 -0.9885916964210422 0.09993190975748022 
v 0.35193270884005984 -0.8930421679691682 0.280390896209962 
v 0.2919360949432842 -0.9189676695462833 0.26508817174279725 
v 0.32206866773025655 -0.9065229095080919 0.2729248757505287 
v 0.32823582099996573 -0.9135118494925283 0.2403275819568343 
v 0.3036683226425007 -0.9316112989587759 0.19971464011391926 
v 0.19926913109054997 -0.9501582464600629 0.23977305953412628 
v 0.21010149339340226 -0.9619645089681028 0.17458993659320432 
v 0.20481229505912274 -0.9566054055679619 0.2072631704639531 
v 0.23033404754763118 -0.9408320950776017 0.2485582334428216 
v 0.26106790220265014 -0.9304655360394656 0.2570553183310888 
v 0.22509056091406782 -0.9714349265934731 0.07515598965966658 
v 0.2781453469735951 -0.9473853654161962 0.15841759798759364 
v 0.25197949853594653 -0.9606408486323642 0.11694226035298 
v 0.2203644560235025 -0.9693795691418807 0.10836400440998692 
v 0.2154838386948767 -0.9662177624244155 0.14138582261625837 
v 0.2670852390414827 -0.9371705697248318 0.22444776302691977 
v 0.2415621975555471 -0.9529446768594135 0.18315061440640265 
v 0.2728193978874271 -0.9428114318136241 0.19151026128613993 
v -0.25428597460333346 -0.8406091346018488 0.4782414933315213 
v -0.21863732132450517 -0.8805165461912665 0.42058094774662386 
v -0.23664383137054754 -0.8612546042386628 0.44971124485826697 
v -0.21600364614371015 -0.8484982682343841 0.48310776608938305 
v -0.17748121829815974 -0.8550806756764929 0.48717292128774276 
v -0.14274881525288216 -0.9438788183165006 0.29785156047492034 
v -0.16212249394052966 -0.9302399032813874 0.32919601957122435 
v -0.12176071864422876 -0.9096258938252693 0.3971839129141823 
v -0.14201334709306526 -0.9206980463343025 0.3635207239259176 
v -0.10264731546613545 -0.9248259540359197 0.36627924233997544 
v -0.18124898816261095 -0.9151241562797692 0.3601341179106339 
v -0.19999890567800102 -0.8986292637583533 0.3904688003473797 
v -0.05992648232431773 -0.8670792945878901 0.49455263988093323 
v -0.020666786361407435 -0.8684279750460234 0.49538443263687176 
v -0.13820363394925206 -0.8604376854859516 0.4904556503485304 
v -0.09919019947175643 -0.8644090357931763 0.492908027088081 
v -0.06186285283676537 -0.8996197699180694 0.4322698890871957 
v -0.0805897740049722 -0.8827361904553981 0.4629061528929148 
v -0.10111903504651848 -0.8968686317768634 0.4305828585602986 
v -0.17975884147172938 -0.8873878812482789 0.4245344592920956 
v -0.14050053405904217 -0.8928517214004176 0.4278731161471061 
v -0.15911707709285489 -0.8746305692743679 0.45793353564488126 
v 0.0 -0.9977665097691003 0.06679814356093862 
v 0.04115610302634545 -0.9902059714642681 0.133410304175464 
v 0.020640185226837394 -0.9947521992493799 0.10021000370384166 
v -0.020640185226837394 -0.9947521992493799 0.10021000370384166 
v -0.04115610302634545 -0.9902059714642681 0.133410304175464 
v 0.12208202889147472 -0.956651594726083 0.2644119977039306 
v 0.10219601161621196 -0.9672765061840353 0.2322329343442593 
v 0.020641683597710306 -0.9721208943936089 0.23356987729932488 
v 0.061423573088093084 -0.9705052658150477 0.23312373044020082 
v 0.040784462629370084 -0.9630592997300732 0.26618304380905694 
v 0.0820587886908545 -0.9764270709041961 0.19964100381445143 
v 0.061795271728748984 -0.9840438069077393 0.1668506232487429 
v -0.10219601161621196 -0.9672765061840353 0.2322329343442593 
v -0.12208202889147472 -0.956651594726083 0.2644119977039306 
v -0.061795271728748984 -0.9840438069077393 0.1668506232487429 
v -0.0820587886908545 -0.9764270709041961 0.19964100381445143 
v -0.040784462629370084 -0.9630592997300732 0.26618304380905694 
v -0.061423573088093084 -0.9705052658150477 0.23312373044020082 
v -0.020641683597710306 -0.9721208943936089 0.23356987729932488 
v 0.020641764378874525 -0.9857276430821997 0.16707762036532117 
v 0.0 -0.9796858268864171 0.20053847660206547 
v -0.020641764378874525 -0.9857276430821997 0.16707762036532117 
v 0.25428597460333346 -0.8406091346018488 0.4782414933315213 
v 0.17748121829815974 -0.8550806756764929 0.48717292128774276 
v 0.21600364614371015 -0.8484982682343841 0.48310776608938305 
v 0.23664383137054754 -0.8612546042386628 0.44971124485826697 
v 0.21863732132450517 -0.8805165461912665 0.42058094774662386 
v 0.020666786361407435 -0.8684279750460234 0.49538443263687176 
v 0.05992648232431773 -0.8670792945878901 0.49455263988093323 
v 0.10111903504651848 -0.8968686317768634 0.4305828585602986 
v 0.0805897740049722 -0.8827361904553981 0.4629061528929148 
v 0.06186285283676537 -0.8996197699180694 0.4322698890871957 
v 0.09919019947175643 -0.8644090357931763 0.492908027088081 
v 0.13820363394925206 -0.8604376854859516 0.4904556503485304 
v 0.16212249394052966 -0.9302399032813874 0.32919601957122435 
v 0.14274881525288216 -0.9438788183165006 0.29785156047492034 
v 0.19999890567800102 -0.8986292637583533 0.3904688003473797 
v 0.18124898816261095 -0.9151241562797692 0.3601341179106339 
v 0.10264731546613545 -0.9248259540359197 0.36627924233997544 
v 0.14201334709306526 -0.9206980463343025 0.3635207239259176 
v 0.12176071864422876 -0.9096258938252693 0.3971839129141823 
v 0.15911707709285489 -0.8746305692743679 0.45793353564488126 
v 0.14050053405904217 -0.8928517214004176 0.4278731161471061 
v 0.17975884147172938 -0.8873878812482789 0.4245344592920956 
v -0.10223787501816975 -0.9487020029781063 0.2991854382437394 
v -0.02066853812760538 -0.9535491726501863 0.3005275143307396 
v -0.06145291092439256 -0.9519324633851035 0.3000801974347644 
v -0.08211978474528632 -0.9391596329225859 0.33351990171817564 
v -0.06186530201405174 -0.9280881723418584 0.3671852785255135 
v 0.10223787501816975 -0.9487020029781063 0.2991854382437394 
v 0.06186530201405174 -0.9280881723418584 0.3671852785255135 
v 0.08211978474528632 -0.9391596329225859 0.33351990171817564 
v 0.06145291092439256 -0.9519324633851035 0.3000801974347644 
v 0.02066853812760538 -0.9535491726501863 0.3005275143307396 
v 0.0 -0.8855155212793143 0.4646097949607007 
v -0.04119676388644637 -0.9153143132812254 0.40062767571375185 
v -0.020666873820893758 -0.901179645263692 0.43295280030146177 
v 0.020666873820893758 -0.901179645263692 0.43295280030146177 
v 0.04119676388644637 -0.9153143132812254 0.40062767571375185 
v 0.0 -0.9424222167125196 0.334425425837601 
v 0.020668627986979632 -0.929648302115739 0.36786796842136105 
v -0.020668627986979632 -0.929648302115739 0.36786796842136105 
v 0.051546082105921334 -0.5840568498671873 -0.8100744395071032 
v 0.0 -0.6183057344946291 -0.7859376684515491 
v -0.051546082105921334 -0.5840568498671873 -0.8100744395071032 
v 0.06459418046670881 -0.668058917495743 -0.7412994500228975 
v 0.04088638840457993 -0.6437457265547492 -0.7641464144951071 
v 0.10537672852503426 -0.6405907166756056 -0.7606176955569699 
v -0.10537672852503426 -0.6405907166756056 -0.7606176955569699 
v -0.04088638840457993 -0.6437457265547492 -0.7641464144951071 
v -0.06459418046670881 -0.668058917495743 -0.7412994500228975 
v 0.1517877298432937 -0.7367196380159456 -0.6589420763850745 
v 0.133669477715009 -0.7205981582182099 -0.6803460627503627 
v 0.18382923742459234 -0.7145892596201808 -0.6749585183575171 
v 0.03237223167957772 -0.7268722390062269 -0.6860093197458461 
v 0.08309230666555752 -0.7246910983611958 -0.6840456713765832 
v 0.05077039992656588 -0.7443947453734552 -0.6658069010994745 
v 0.14738243359870298 -0.6814944421430403 -0.7168289500255066 
v 0.11533903640115949 -0.7036665892965024 -0.7011064382744459 
v 0.09688840980926341 -0.6860935338568556 -0.7210328001169184 
v -0.18382923742459234 -0.7145892596201808 -0.6749585183575171 
v -0.133669477715009 -0.7205981582182099 -0.6803460627503627 
v -0.1517877298432937 -0.7367196380159456 -0.6589420763850745 
v -0.09688840980926341 -0.6860935338568556 -0.7210328001169184 
v -0.11533903640115949 -0.7036665892965024 -0.7011064382744459 
v -0.14738243359870298 -0.6814944421430403 -0.7168289500255066 
v -0.05077039992656588 -0.7443947453734552 -0.6658069010994745 
v -0.08309230666555752 -0.7246910983611958 -0.6840456713765832 
v -0.03237223167957772 -0.7268722390062269 -0.6860093197458461 
v 0.032372427973723354 -0.6888934243620382 -0.724139403552818 
v 0.0 -0.7085905524507796 -0.7056198898681209 
v -0.032372427973723354 -0.6888934243620382 -0.724139403552818 
v 0.27144044986507576 -0.8187133248919491 -0.5059926618256584 
v 0.25848631794772886 -0.8101767399136125 -0.5261164068310134 
v 0.2962206532849401 -0.8009091268885654 -0.5203824507360323 
v 0.1818435830840337 -0.824895772447439 -0.5352381487613744 
v 0.22031724202172814 -0.818177541906172 -0.5310798647927761 
v 0.19509032201612936 -0.8343057915947906 -0.5156293362164653 
v 0.2700632239120865 -0.7831493674869161 -0.5601275955485977 
v 0.2453293268450999 -0.8011000378578574 -0.5459416184299102 
v 0.23201431295169542 -0.7915423744763886 -0.5653583182317505 
v 0.025521689363188 -0.8387595223135119 -0.5439035825405624 
v 0.06475825695334898 -0.8372534572344589 -0.5429668650160064 
v 0.03925981575906884 -0.8499949874070014 -0.5253257924845641 
v 0.1155816714599656 -0.8089677705264491 -0.5763783683241305 
v 0.09022060845776399 -0.8235551163474788 -0.5600153677778864 
v 0.0764504570518787 -0.8121655861269365 -0.5783963937713034 
v 0.11753739745783834 -0.8447544856576217 -0.5220869842853441 
v 0.10393161801064552 -0.8344398512706104 -0.5412100824903125 
v 0.14290770219112198 -0.8303173204704432 -0.5386562317296971 
v 0.21572791005863756 -0.7416209427450434 -0.635184891274726 
v 0.1909843091616678 -0.7596991429528195 -0.6215964976178615 
v 0.1770508715146557 -0.7481718674825195 -0.639446515045332 
v 0.21843822689979855 -0.7813353051621147 -0.5846365383176946 
v 0.20479563906601936 -0.7707768720583792 -0.6032924330036318 
v 0.2432092213565805 -0.7633696335048694 -0.5984280051015053 
v 0.1270359063148358 -0.7819244328900447 -0.6102917824748669 
v 0.16602724115822068 -0.776964607538646 -0.6072569092449321 
v 0.14091868534515256 -0.7933365624373526 -0.5922491222624805 
v 0.16829772516603633 -0.8149288935235016 -0.5545870303248164 
v 0.15464057088894242 -0.8043872800040314 -0.5736265314669973 
v 0.19349605621792842 -0.7985761657619115 -0.5699433162211066 
v -0.2962206532849401 -0.8009091268885654 -0.5203824507360323 
v -0.25848631794772886 -0.8101767399136125 -0.5261164068310134 
v -0.27144044986507576 -0.8187133248919491 -0.5059926618256584 
v -0.23201431295169542 -0.7915423744763886 -0.5653583182317505 
v -0.2453293268450999 -0.8011000378578574 -0.5459416184299102 
v -0.2700632239120865 -0.7831493674869161 -0.5601275955485977 
v -0.19509032201612936 -0.8343057915947906 -0.5156293362164653 
v -0.22031724202172814 -0.818177541906172 -0.5310798647927761 
v -0.1818435830840337 -0.824895772447439 -0.5352381487613744 
v -0.1770508715146557 -0.7481718674825195 -0.639446515045332 
v -0.1909843091616678 -0.7596991429528195 -0.6215964976178615 
v -0.21572791005863756 -0.7416209427450434 -0.635184891274726 
v -0.14091868534515256 -0.7933365624373526 -0.5922491222624805 
v -0.16602724115822068 -0.776964607538646 -0.6072569092449321 
v -0.1270359063148358 -0.7819244328900447 -0.6102917824748669 
v -0.2432092213565805 -0.7633696335048694 -0.5984280051015053 
v -0.20479563906601936 -0.7707768720583792 -0.6032924330036318 
v -0.21843822689979855 -0.7813353051621147 -0.5846365383176946 
v -0.03925981575906884 -0.8499949874070014 -0.5253257924845641 
v -0.06475825695334898 -0.8372534572344589 -0.5429668650160064 
v -0.025521689363188 -0.8387595223135119 -0.5439035825405624 
v -0.14290770219112198 -0.8303173204704432 -0.5386562317296971 
v -0.10393161801064552 -0.8344398512706104 -0.5412100824903125 
v -0.11753739745783834 -0.8447544856576217 -0.5220869842853441 
v -0.0764504570518787 -0.8121655861269365 -0.5783963937713034 
v -0.09022060845776399 -0.8235551163474788 -0.5600153677778864 
v -0.1155816714599656 -0.8089677705264491 -0.5763783683241305 
v -0.19349605621792842 -0.7985761657619115 -0.5699433162211066 
v -0.15464057088894242 -0.8043872800040314 -0.5736265314669973 
v -0.16829772516603633 -0.8149288935235016 -0.5545870303248164 
v 0.12684214792599202 -0.7539285507774984 -0.6445950743156993 
v 0.07645225624840753 -0.785791333206552 -0.6137483467774048 
v 0.10170421170675417 -0.7703301857731882 -0.6294820555089343 
v 0.07625632246401928 -0.7577799549291617 -0.6480389750561468 
v 0.02552297566890567 -0.7597080207164643 -0.6497632653298251 
v 0.0 -0.8270031505374462 -0.5621972865472923 
v -0.05096640880924787 -0.8006156720352336 -0.5970066757287225 
v -0.025521752488508433 -0.8142511354171935 -0.5799514881623519 
v 0.025521752488508433 -0.8142511354171935 -0.5799514881623519 
v 0.05096640880924787 -0.8006156720352336 -0.5970066757287225 
v -0.12684214792599202 -0.7539285507774984 -0.6445950743156993 
v -0.02552297566890567 -0.7597080207164643 -0.6497632653298251 
v -0.07625632246401928 -0.7577799549291617 -0.6480389750561468 
v -0.10170421170675417 -0.7703301857731882 -0.6294820555089343 
v -0.07645225624840753 -0.785791333206552 -0.6137483467774048 
v 0.025523041485935632 -0.7878769212383891 -0.6153036090689086 
v -0.025523041485935632 -0.7878769212383891 -0.6153036090689086 
v 0.0 -0.7741997711289156 -0.6329413198582746 
v 0.4447699506184067 -0.8931886811514114 -0.06628477117636096 
v 0.5006535370329146 -0.8616205216130245 -0.08340331283427277 
v 0.3609852040060607 -0.9310814420111693 -0.05269754103470302 
v 0.3988358717532737 -0.9155090289422214 -0.05266085194978226 
v 0.4700875882988311 -0.8659944240820039 -0.17050312837677453 
v 0.43972226015785354 -0.8902398512309615 -0.1188164180656216 
v 0.4255793844727695 -0.8911600430072988 -0.15721312050528152 
v 0.22954258494591 -0.9723947334963671 -0.04193666611545143 
v 0.26089971095891307 -0.9644553277321605 -0.04191970456249211 
v 0.31419120754190905 -0.9410602237031607 -0.12525789582742683 
v 0.28791655467364535 -0.9539871847962166 -0.08374072360236126 
v 0.283233271154506 -0.9508203664687948 -0.12537760892306432 
v 0.2920925707626653 -0.9554731706147376 -0.04186824979238771 
v 0.3228690221991825 -0.945517893868444 -0.0418510080968858 
v 0.4171473053412188 -0.8587877557821093 -0.29744195427896203 
v 0.394569188673922 -0.8818430472458384 -0.25820146276382144 
v 0.38133031478920365 -0.878584757378025 -0.2875343720770853 
v 0.41975743200844573 -0.8856375634903905 -0.19861974828420137 
v 0.4074316071638247 -0.8841897258891598 -0.2284907309191235 
v 0.44302465523566653 -0.8642113836242095 -0.2384697869073738 
v 0.3340036710810718 -0.919442533691752 -0.2075258416266724 
v 0.37100886133920274 -0.9026333150732726 -0.2181868999908616 
v 0.3465634392214867 -0.9210530842334955 -0.1776372669766692 
v 0.3567750943428883 -0.9293998197915082 -0.09448548580673737 
v 0.35189195971146914 -0.9260717439202725 -0.13624673868715992 
v 0.38914752231661165 -0.9093925590053893 -0.1468651745665792 
v 0.020640106600607534 -0.9992290362407229 -0.03339639401120376 
v 0.04603557409131337 -0.998381619512165 -0.03338963519342115 
v 0.08718815456941542 -0.9911665303697137 -0.09993565318565238 
v 0.06666325011191572 -0.9955412401529341 -0.06673567441237252 
v 0.061793066681097936 -0.9930684569549263 -0.09998328215910428 
v 0.07145785793132124 -0.996885285250077 -0.03336918626127187 
v 0.09677728540377814 -0.9947467574754734 -0.03336233687719477 
v 0.16807545030645205 -0.9584091347541085 -0.23065683043032645 
v 0.148164745819139 -0.968847109934543 -0.19845020954343537 
v 0.14270468958168417 -0.9624552364536474 -0.23090103809716608 
v 0.15852427044005885 -0.9783745591389662 -0.13286563781159058 
v 0.15345911865875891 -0.9741574700747876 -0.1657332869340561 
v 0.17873431516051827 -0.9698784487655955 -0.1654987589202486 
v 0.10256505195721954 -0.9807852804032304 -0.16595374012467878 
v 0.12802625043008733 -0.9777976979249582 -0.16589436739523306 
v 0.10774603175049971 -0.9852298474534369 -0.13308997080508328 
v 0.17263002985146206 -0.984425163259758 -0.03325613829779551 
v 0.1975998401428451 -0.9797187411961886 -0.033248929674164485 
v 0.12231589398142963 -0.9919329336733018 -0.03328478892528173 
v 0.1474928590075372 -0.9885031377134866 -0.03327766927497027 
v 0.18859053231211437 -0.9769922997095801 -0.09959747702838313 
v 0.16817227119434497 -0.9835112651961696 -0.06651073923484514 
v 0.16352578208927573 -0.9814935909986876 -0.09964762626671896 
v 0.11269459250376102 -0.9885916964210422 -0.09993190975748022 
v 0.13818398735640267 -0.985362809740326 -0.09982644348535942 
v 0.11757219402111264 -0.9908269172305946 -0.06662431451338467 
v 0.3216140417038383 -0.8166031040209722 -0.47929508518472724 
v 0.3045218920390423 -0.8386282893936576 -0.45162928325965496 
v 0.2920805564656833 -0.8314696123025455 -0.47259626781445446 
v 0.3287915983554735 -0.8513540261948713 -0.4087693811094897 
v 0.31678718477642104 -0.8452634228226743 -0.4303203755337721 
v 0.3461778920857906 -0.8301908194606841 -0.43697147540112563 
v 0.25688338869722727 -0.8724960070727973 -0.4156460540573608 
v 0.28698049213364385 -0.8593776962758704 -0.4232164603111621 
v 0.269031737653449 -0.8787810153877162 -0.39416475125168177 
v 0.3746507116575007 -0.8702952848623411 -0.3197232575226656 
v 0.3636143390131298 -0.8663903688799297 -0.3422752418392894 
v 0.39256585194819055 -0.8509128013333636 -0.349055090796853 
v 0.30444446743442827 -0.8944010538054319 -0.32765884880512564 
v 0.3341995123525656 -0.880900787102014 -0.3351484584872195 
v 0.3156264386269501 -0.8984797918153645 -0.30514589123743313 
v 0.3698488469725288 -0.8416372264580856 -0.39352078653234074 
v 0.3522884980735565 -0.8619324720229314 -0.3646439740315426 
v 0.34075412088122814 -0.8569306850069653 -0.38672526449141453 
v 0.18196450534075298 -0.9381913359224842 -0.2944247543873977 
v 0.21292300277248796 -0.9288243060851744 -0.3032312703461523 
v 0.19359713966964 -0.9426358632773417 -0.2719517912702809 
v 0.2506537339416216 -0.8969080302451762 -0.3643194902044644 
v 0.2319578684407328 -0.913564425488609 -0.33405925784222673 
v 0.22010244941505783 -0.9081431738250814 -0.35613324416066494 
v 0.25518477221239694 -0.9226294678520707 -0.28919819688565135 
v 0.24367972711652286 -0.9183980675621936 -0.3117132979044132 
v 0.2741059419000244 -0.9069411577001841 -0.319880710710337 
v 0.31106825023904106 -0.871239777798855 -0.37970751016305065 
v 0.292824558245345 -0.8897896808912725 -0.35004014322335364 
v 0.2809923176697973 -0.8845779820391438 -0.37224334930541325 
v 0.22509056091406782 -0.9714349265934731 -0.07515598965966658 
v 0.2154838386948767 -0.9662177624244155 -0.14138582261625837 
v 0.2203644560235025 -0.9693795691418807 -0.10836400440998692 
v 0.25197949853594653 -0.9606408486323642 -0.11694226035298 
v 0.2781453469735951 -0.9473853654161962 -0.15841759798759364 
v 0.19926913109054997 -0.9501582464600629 -0.23977305953412628 
v 0.26106790220265014 -0.9304655360394656 -0.2570553183310888 
v 0.23033404754763118 -0.9408320950776017 -0.2485582334428216 
v 0.20481229505912274 -0.9566054055679619 -0.2072631704639531 
v 0.21010149339340226 -0.9619645089681028 -0.17458993659320432 
v 0.35193270884005984 -0.8930421679691682 -0.280390896209962 
v 0.3036683226425007 -0.9316112989587759 -0.19971464011391926 
v 0.32823582099996573 -0.9135118494925283 -0.2403275819568343 
v 0.32206866773025655 -0.9065229095080919 -0.2729248757505287 
v 0.2919360949432842 -0.9189676695462833 -0.26508817174279725 
v 0.2415621975555471 -0.9529446768594135 -0.18315061440640265 
v 0.2670852390414827 -0.9371705697248318 -0.22444776302691977 
v 0.2728193978874271 -0.9428114318136241 -0.19151026128613993 
v -0.5006535370329146 -0.8616205216130245 -0.08340331283427277 
v -0.4447699506184067 -0.8931886811514114 -0.06628477117636096 
v -0.4255793844727695 -0.8911600430072988 -0.15721312050528152 
v -0.43972226015785354 -0.8902398512309615 -0.1188164180656216 
v -0.4700875882988311 -0.8659944240820039 -0.17050312837677453 
v -0.3988358717532737 -0.9155090289422214 -0.05266085194978226 
v -0.3609852040060607 -0.9310814420111693 -0.05269754103470302 
v -0.38133031478920365 -0.878584757378025 -0.2875343720770853 
v -0.394569188673922 -0.8818430472458384 -0.25820146276382144 
v -0.4171473053412188 -0.8587877557821093 -0.29744195427896203 
v -0.3465634392214867 -0.9210530842334955 -0.1776372669766692 
v -0.37100886133920274 -0.9026333150732726 -0.2181868999908616 
v -0.3340036710810718 -0.919442533691752 -0.2075258416266724 
v -0.44302465523566653 -0.8642113836242095 -0.2384697869073738 
v -0.4074316071638247 -0.8841897258891598 -0.2284907309191235 
v -0.41975743200844573 -0.8856375634903905 -0.19861974828420137 
v -0.26089971095891307 -0.9644553277321605 -0.04191970456249211 
v -0.22954258494591 -0.9723947334963671 -0.04193666611545143 
v -0.3228690221991825 -0.945517893868444 -0.0418510080968858 
v -0.2920925707626653 -0.9554731706147376 -0.04186824979238771 
v -0.283233271154506 -0.9508203664687948 -0.12537760892306432 
v -0.28791655467364535 -0.9539871847962166 -0.08374072360236126 
v -0.31419120754190905 -0.9410602237031607 -0.12525789582742683 
v -0.38914752231661165 -0.9093925590053893 -0.1468651745665792 
v -0.35189195971146914 -0.9260717439202725 -0.13624673868715992 
v -0.3567750943428883 -0.9293998197915082 -0.09448548580673737 
v -0.2920805564656833 -0.8314696123025455 -0.47259626781445446 
v -0.3045218920390423 -0.8386282893936576 -0.45162928325965496 
v -0.3216140417038383 -0.8166031040209722 -0.47929508518472724 
v -0.269031737653449 -0.8787810153877162 -0.39416475125168177 
v -0.28698049213364385 -0.8593776962758704 -0.4232164603111621 
v -0.25688338869722727 -0.8724960070727973 -0.4156460540573608 
v -0.3461778920857906 -0.8301908194606841 -0.43697147540112563 
v -0.31678718477642104 -0.8452634228226743 -0.4303203755337721 
v -0.3287915983554735 -0.8513540261948713 -0.4087693811094897 
v -0.19359713966964 -0.9426358632773417 -0.2719517912702809 
v -0.21292300277248796 -0.9288243060851744 -0.3032312703461523 
v -0.18196450534075298 -0.9381913359224842 -0.2944247543873977 
v -0.2741059419000244 -0.9069411577001841 -0.319880710710337 
v -0.24367972711652286 -0.9183980675621936 -0.3117132979044132 
v -0.25518477221239694 -0.9226294678520707 -0.28919819688565135 
v -0.22010244941505783 -0.9081431738250814 -0.35613324416066494 
v -0.2319578684407328 -0.913564425488609 -0.33405925784222673 
v -0.2506537339416216 -0.8969080302451762 -0.3643194902044644 
v -0.39256585194819055 -0.8509128013333636 -0.349055090796853 
v -0.3636143390131298 -0.8663903688799297 -0.3422752418392894 
v -0.3746507116575007 -0.8702952848623411 -0.3197232575226656 
v -0.34075412088122814 -0.8569306850069653 -0.38672526449141453 
v -0.3522884980735565 -0.8619324720229314 -0.3646439740315426 
v -0.3698488469725288 -0.8416372264580856 -0.39352078653234074 
v -0.3156264386269501 -0.8984797918153645 -0.30514589123743313 
v -0.3341995123525656 -0.880900787102014 -0.3351484584872195 
v -0.30444446743442827 -0.8944010538054319 -0.32765884880512564 
v -0.2809923176697973 -0.8845779820391438 -0.37224334930541325 
v -0.292824558245345 -0.8897896808912725 -0.35004014322335364 
v -0.31106825023904106 -0.871239777798855 -0.37970751016305065 
v -0.04603557409131337 -0.998381619512165 -0.03338963519342115 
v -0.020640106600607534 -0.9992290362407229 -0.03339639401120376 
v -0.09677728540377814 -0.9947467574754734 -0.03336233687719477 
v -0.07145785793132124 -0.996885285250077 -0.03336918626127187 
v -0.061793066681097936 -0.9930684569549263 -0.09998328215910428 
v -0.06666325011191572 -0.9955412401529341 -0.06673567441237252 
v -0.08718815456941542 -0.9911665303697137 -0.09993565318565238 
v -0.1975998401428451 -0.9797187411961886 -0.033248929674164485 
v -0.17263002985146206 -0.984425163259758 -0.03325613829779551 
v -0.16352578208927573 -0.9814935909986876 -0.09964762626671896 
v -0.16817227119434497 -0.9835112651961696 -0.06651073923484514 
v -0.18859053231211437 -0.9769922997095801 -0.09959747702838313 
v -0.1474928590075372 -0.9885031377134866 -0.03327766927497027 
v -0.12231589398142963 -0.9919329336733018 -0.03328478892528173 
v -0.14270468958168417 -0.9624552364536474 -0.23090103809716608 
v -0.148164745819139 -0.968847109934543 -0.19845020954343537 
v -0.16807545030645205 -0.9584091347541085 -0.23065683043032645 
v -0.10774603175049971 -0.9852298474534369 -0.13308997080508328 
v -0.12802625043008733 -0.9777976979249582 -0.16589436739523306 
v -0.10256505195721954 -0.9807852804032304 -0.16595374012467878 
v -0.17873431516051827 -0.9698784487655955 -0.1654987589202486 
v -0.15345911865875891 -0.9741574700747876 -0.1657332869340561 
v -0.15852427044005885 -0.9783745591389662 -0.13286563781159058 
v -0.11757219402111264 -0.9908269172305946 -0.06662431451338467 
v -0.13818398735640267 -0.985362809740326 -0.09982644348535942 
v -0.11269459250376102 -0.9885916964210422 -0.09993190975748022 
v -0.35193270884005984 -0.8930421679691682 -0.280390896209962 
v -0.2919360949432842 -0.9189676695462833 -0.26508817174279725 
v -0.32206866773025655 -0.9065229095080919 -0.2729248757505287 
v -0.32823582099996573 -0.9135118494925283 -0.2403275819568343 
v -0.3036683226425007 -0.9316112989587759 -0.19971464011391926 
v -0.19926913109054997 -0.9501582464600629 -0.23977305953412628 
v -0.21010149339340226 -0.9619645089681028 -0.17458993659320432 
v -0.20481229505912274 -0.9566054055679619 -0.2072631704639531 
v -0.23033404754763118 -0.9408320950776017 -0.2485582334428216 
v -0.26106790220265014 -0.9304655360394656 -0.2570553183310888 
v -0.22509056091406782 -0.9714349265934731 -0.07515598965966658 
v -0.2781453469735951 -0.9473853654161962 -0.15841759798759364 
v -0.25197949853594653 -0.9606408486323642 -0.11694226035298 
v -0.2203644560235025 -0.9693795691418807 -0.10836400440998692 
v -0.2154838386948767 -0.9662177624244155 -0.14138582261625837 
v -0.2670852390414827 -0.9371705697248318 -0.22444776302691977 
v -0.2415621975555471 -0.9529446768594135 -0.18315061440640265 
v -0.2728193978874271 -0.9428114318136241 -0.19151026128613993 
v 0.25428597460333346 -0.8406091346018488 -0.4782414933315213 
v 0.21863732132450517 -0.8805165461912665 -0.42058094774662386 
v 0.23664383137054754 -0.8612546042386628 -0.44971124485826697 
v 0.21600364614371015 -0.8484982682343841 -0.48310776608938305 
v 0.17748121829815974 -0.8550806756764929 -0.48717292128774276 
v 0.14274881525288216 -0.9438788183165006 -0.29785156047492034 
v 0.16212249394052966 -0.9302399032813874 -0.32919601957122435 
v 0.12176071864422876 -0.9096258938252693 -0.3971839129141823 
v 0.14201334709306526 -0.9206980463343025 -0.3635207239259176 
v 0.10264731546613545 -0.9248259540359197 -0.36627924233997544 
v 0.18124898816261095 -0.9151241562797692 -0.3601341179106339 
v 0.19999890567800102 -0.8986292637583533 -0.3904688003473797 
v 0.05992648232431773 -0.8670792945878901 -0.49455263988093323 
v 0.020666786361407435 -0.8684279750460234 -0.49538443263687176 
v 0.13820363394925206 -0.8604376854859516 -0.4904556503485304 
v 0.09919019947175643 -0.8644090357931763 -0.492908027088081 
v 0.06186285283676537 -0.8996197699180694 -0.4322698890871957 
v 0.0805897740049722 -0.8827361904553981 -0.4629061528929148 
v 0.10111903504651848 -0.8968686317768634 -0.4305828585602986 
v 0.17975884147172938 -0.8873878812482789 -0.4245344592920956 
v 0.14050053405904217 -0.8928517214004176 -0.4278731161471061 
v 0.15911707709285489 -0.8746305692743679 -0.45793353564488126 
v 0.0 -0.9977665097691003 -0.06679814356093862 
v -0.04115610302634545 -0.9902059714642681 -0.133410304175464 
v -0.020640185226837394 -0.9947521992493799 -0.10021000370384166 
v 0.020640185226837394 -0.9947521992493799 -0.10021000370384166 
v 0.04115610302634545 -0.9902059714642681 -0.133410304175464 
v -0.12208202889147472 -0.956651594726083 -0.2644119977039306 
v -0.10219601161621196 -0.9672765061840353 -0.2322329343442593 
v -0.020641683597710306 -0.9721208943936089 -0.23356987729932488 
v -0.061423573088093084 -0.9705052658150477 -0.23312373044020082 
v -0.040784462629370084 -0.9630592997300732 -0.26618304380905694 
v -0.0820587886908545 -0.9764270709041961 -0.19964100381445143 
v -0.061795271728748984 -0.9840438069077393 -0.1668506232487429 
v 0.10219601161621196 -0.9672765061840353 -0.2322329343442593 
v 0.12208202889147472 -0.956651594726083 -0.2644119977039306 
v 0.061795271728748984 -0.9840438069077393 -0.1668506232487429 
v 0.0820587886908545 -0.9764270709041961 -0.19964100381445143 
v 0.040784462629370084 -0.9630592997300732 -0.26618304380905694 
v 0.061423573088093084 -0.9705052658150477 -0.23312373044020082 
v 0.020641683597710306 -0.9721208943936089 -0.23356987729932488 
v -0.020641764378874525 -0.9857276430821997 -0.16707762036532117 
v 0.0 -0.9796858268864171 -0.20053847660206547 
v 0.020641764378874525 -0.9857276430821997 -0.16707762036532117 
v -0.25428597460333346 -0.8406091346018488 -0.4782414933315213 
v -0.17748121829815974 -0.8550806756764929 -0.48717292128774276 
v -0.21600364614371015 -0.8484982682343841 -0.48310776608938305 
v -0.23664383137054754 -0.8612546042386628 -0.44971124485826697 
v -0.21863732132450517 -0.8805165461912665 -0.42058094774662386 
v -0.020666786361407435 -0.8684279750460234 -0.49538443263687176 
v -0.05992648232431773 -0.8670792945878901 -0.49455263988093323 
v -0.10111903504651848 -0.8968686317768634 -0.4305828585602986 
v -0.0805897740049722 -0.8827361904553981 -0.4629061528929148 
v -0.06186285283676537 -0.8996197699180694 -0.4322698890871957 
v -0.09919019947175643 -0.8644090357931763 -0.492908027088081 
v -0.13820363394925206 -0.8604376854859516 -0.4904556503485304 
v -0.16212249394052966 -0.9302399032813874 -0.32919601957122435 
v -0.14274881525288216 -0.9438788183165006 -0.29785156047492034 
v -0.19999890567800102 -0.8986292637583533 -0.3904688003473797 
v -0.18124898816261095 -0.9151241562797692 -0.3601341179106339 
v -0.10264731546613545 -0.9248259540359197 -0.36627924233997544 
v -0.14201334709306526 -0.9206980463343025 -0.3635207239259176 
v -0.12176071864422876 -0.9096258938252693 -0.3971839129141823 
v -0.15911707709285489 -0.8746305692743679 -0.45793353564488126 
v -0.14050053405904217 -0.8928517214004176 -0.4278731161471061 
v -0.17975884147172938 -0.8873878812482789 -0.4245344592920956 
v 0.10223787501816975 -0.9487020029781063 -0.2991854382437394 
v 0.02066853812760538 -0.9535491726501863 -0.3005275143307396 
v 0.06145291092439256 -0.9519324633851035 -0.3000801974347644 
v 0.08211978474528632 -0.9391596329225859 -0.33351990171817564 
v 0.06186530201405174 -0.9280881723418584 -0.3671852785255135 
v -0.10223787501816975 -0.9487020029781063 -0.2991854382437394 
v -0.06186530201405174 -0.9280881723418584 -0.3671852785255135 
v -0.08211978474528632 -0.9391596329225859 -0.33351990171817564 
v -0.06145291092439256 -0.9519324633851035 -0.3000801974347644 
v -0.02066853812760538 -0.9535491726501863 -0.3005275143307396 
v 0.0 -0.8855155212793143 -0.4646097949607007 
v 0.04119676388644637 -0.9153143132812254 -0.40062767571375185 
v 0.020666873820893758 -0.901179645263692 -0.43295280030146177 
v -0.020666873820893758 -0.901179645263692 -0.43295280030146177 
v -0.04119676388644637 -0.9153143132812254 -0.40062767571375185 
v 0.0 -0.9424222167125196 -0.334425425837601 
v -0.020668627986979632 -0.929648302115739 -0.36786796842136105 
v 0.020668627986979632 -0.929648302115739 -0.36786796842136105 
v -0.5840568498671873 0.8100744395071032 -0.05154608210592133 
v -0.6183057344946291 0.7859376684515491 0.0 
v -0.5840568498671873 0.8100744395071032 0.05154608210592133 
v -0.668058917495743 0.7412994500228975 -0.06459418046670881 
v -0.6437457265547492 0.7641464144951071 -0.04088638840457992 
v -0.6405907166756055 0.7606176955569698 -0.10537672852503423 
v -0.6405907166756055 0.7606176955569698 0.10537672852503423 
v -0.6437457265547492 0.7641464144951071 0.04088638840457992 
v -0.668058917495743 0.7412994500228975 0.06459418046670881 
v -0.7367196380159456 0.6589420763850745 -0.1517877298432937 
v -0.7205981582182099 0.6803460627503627 -0.13366947771500898 
v -0.7145892596201808 0.6749585183575171 -0.18382923742459234 
v -0.7268722390062269 0.6860093197458461 -0.03237223167957772 
v -0.7246910983611958 0.6840456713765832 -0.08309230666555752 
v -0.7443947453734552 0.6658069010994745 -0.05077039992656588 
v -0.6814944421430403 0.7168289500255066 -0.14738243359870296 
v -0.7036665892965024 0.7011064382744459 -0.11533903640115949 
v -0.6860935338568556 0.7210328001169185 -0.0968884098092634 
v -0.7145892596201808 0.6749585183575171 0.18382923742459234 
v -0.7205981582182099 0.6803460627503627 0.13366947771500898 
v -0.7367196380159456 0.6589420763850745 0.1517877298432937 
v -0.6860935338568556 0.7210328001169185 0.0968884098092634 
v -0.7036665892965024 0.7011064382744459 0.11533903640115949 
v -0.6814944421430403 0.7168289500255066 0.14738243359870296 
v -0.7443947453734552 0.6658069010994745 0.05077039992656588 
v -0.7246910983611958 0.6840456713765832 0.08309230666555752 
v -0.7268722390062269 0.6860093197458461 0.03237223167957772 
v -0.6888934243620382 0.724139403552818 -0.032372427973723354 
v -0.7085905524507796 0.7056198898681209 0.0 
v -0.6888934243620382 0.724139403552818 0.032372427973723354 
v -0.8187133248919491 0.5059926618256584 -0.27144044986507576 
v -0.8101767399136125 0.5261164068310135 -0.25848631794772886 
v -0.8009091268885655 0.5203824507360323 -0.29622065328494007 
v -0.824895772447439 0.5352381487613744 -0.18184358308403367 
v -0.8181775419061719 0.5310798647927762 -0.22031724202172814 
v -0.8343057915947906 0.5156293362164653 -0.19509032201612936 
v -0.7831493674869161 0.5601275955485977 -0.2700632239120865 
v -0.8011000378578574 0.5459416184299102 -0.24532932684509987 
v -0.7915423744763886 0.5653583182317505 -0.23201431295169542 
v -0.8387595223135118 0.5439035825405624 -0.025521689363187997 
v -0.8372534572344589 0.5429668650160064 -0.06475825695334898 
v -0.8499949874070014 0.5253257924845641 -0.03925981575906884 
v -0.8089677705264491 0.5763783683241305 -0.1155816714599656 
v -0.8235551163474788 0.5600153677778864 -0.09022060845776399 
v -0.8121655861269365 0.5783963937713034 -0.0764504570518787 
v -0.8447544856576217 0.5220869842853441 -0.11753739745783832 
v -0.8344398512706104 0.5412100824903125 -0.10393161801064552 
v -0.8303173204704432 0.5386562317296971 -0.14290770219112198 
v -0.7416209427450434 0.6351848912747261 -0.21572791005863756 
v -0.7596991429528194 0.6215964976178615 -0.19098430916166778 
v -0.7481718674825195 0.639446515045332 -0.1770508715146557 
v -0.7813353051621147 0.5846365383176946 -0.21843822689979858 
v -0.7707768720583792 0.6032924330036318 -0.20479563906601936 
v -0.7633696335048694 0.5984280051015053 -0.2432092213565805 
v -0.7819244328900447 0.6102917824748669 -0.1270359063148358 
v -0.7769646075386462 0.6072569092449321 -0.1660272411582207 
v -0.7933365624373526 0.5922491222624804 -0.14091868534515256 
v -0.8149288935235016 0.5545870303248164 -0.16829772516603633 
v -0.8043872800040314 0.5736265314669972 -0.1546405708889424 
v -0.7985761657619115 0.5699433162211066 -0.19349605621792842 
v -0.8009091268885655 0.5203824507360323 0.29622065328494007 
v -0.8101767399136125 0.5261164068310135 0.25848631794772886 
v -0.8187133248919491 0.5059926618256584 0.27144044986507576 
v -0.7915423744763886 0.5653583182317505 0.23201431295169542 
v -0.8011000378578574 0.5459416184299102 0.24532932684509987 
v -0.7831493674869161 0.5601275955485977 0.2700632239120865 
v -0.8343057915947906 0.5156293362164653 0.19509032201612936 
v -0.8181775419061719 0.5310798647927762 0.22031724202172814 
v -0.824895772447439 0.5352381487613744 0.18184358308403367 
v -0.7481718674825195 0.639446515045332 0.1770508715146557 
v -0.7596991429528194 0.6215964976178615 0.19098430916166778 
v -0.7416209427450434 0.6351848912747261 0.21572791005863756 
v -0.7933365624373526 0.5922491222624804 0.14091868534515256 
v -0.7769646075386462 0.6072569092449321 0.1660272411582207 
v -0.7819244328900447 0.6102917824748669 0.1270359063148358 
v -0.7633696335048694 0.5984280051015053 0.2432092213565805 
v -0.7707768720583792 0.6032924330036318 0.20479563906601936 
v -0.7813353051621147 0.5846365383176946 0.21843822689979858 
v -0.8499949874070014 0.5253257924845641 0.03925981575906884 
v -0.8372534572344589 0.5429668650160064 0.06475825695334898 
v -0.8387595223135118 0.5439035825405624 0.025521689363187997 
v -0.8303173204704432 0.5386562317296971 0.14290770219112198 
v -0.8344398512706104 0.5412100824903125 0.10393161801064552 
v -0.8447544856576217 0.5220869842853441 0.11753739745783832 
v -0.8121655861269365 0.5783963937713034 0.0764504570518787 
v -0.8235551163474788 0.5600153677778864 0.09022060845776399 
v -0.8089677705264491 0.5763783683241305 0.1155816714599656 
v -0.7985761657619115 0.5699433162211066 0.19349605621792842 
v -0.8043872800040314 0.5736265314669972 0.1546405708889424 
v -0.8149288935235016 0.5545870303248164 0.16829772516603633 
v -0.7539285507774984 0.6445950743156993 -0.12684214792599202 
v -0.785791333206552 0.6137483467774048 -0.07645225624840753 
v -0.7703301857731882 0.6294820555089343 -0.10170421170675417 
v -0.7577799549291617 0.6480389750561468 -0.07625632246401928 
v -0.7597080207164643 0.6497632653298251 -0.02552297566890567 
v -0.8270031505374462 0.5621972865472923 0.0 
v -0.8006156720352336 0.5970066757287225 0.05096640880924787 
v -0.8142511354171935 0.5799514881623519 0.025521752488508433 
v -0.8142511354171935 0.5799514881623519 -0.025521752488508433 
v -0.8006156720352336 0.5970066757287225 -0.05096640880924787 
v -0.7539285507774984 0.6445950743156993 0.12684214792599202 
v -0.7597080207164643 0.6497632653298251 0.02552297566890567 
v -0.7577799549291617 0.6480389750561468 0.07625632246401928 
v -0.7703301857731882 0.6294820555089343 0.10170421170675417 
v -0.785791333206552 0.6137483467774048 0.07645225624840753 
v -0.7878769212383893 0.6153036090689086 -0.025523041485935635 
v -0.7878769212383893 0.6153036090689086 0.025523041485935635 
v -0.7741997711289156 0.6329413198582746 0.0 
v -0.8934777523413767 0.0 -0.4491074549269934 
v -0.8931886811514114 0.06628477117636096 -0.4447699506184067 
v -0.8616205216130245 0.08340331283427277 -0.5006535370329146 
v -0.9310814420111693 0.05269754103470302 -0.3609852040060607 
v -0.9155090289422214 0.05266085194978226 -0.3988358717532737 
v -0.9311208239337458 0.0 -0.364710859773797 
v -0.865994424082004 0.17050312837677456 -0.4700875882988312 
v -0.8902398512309615 0.1188164180656216 -0.43972226015785354 
v -0.8911600430072988 0.15721312050528152 -0.4255793844727695 
v -0.9723947334963671 0.04193666611545143 -0.22954258494591 
v -0.9644553277321605 0.04191970456249211 -0.26089971095891307 
v -0.9724004726364813 0.0 -0.23331806791662668 
v -0.9410602237031607 0.12525789582742683 -0.31419120754190905 
v -0.9539871847962166 0.08374072360236126 -0.28791655467364535 
v -0.9508203664687948 0.12537760892306432 -0.283233271154506 
v -0.9552987369328824 0.0 -0.2956422216369638 
v -0.9554731706147376 0.04186824979238771 -0.2920925707626653 
v -0.945517893868444 0.0418510080968858 -0.3228690221991825 
v -0.8587877557821093 0.29744195427896203 -0.4171473053412188 
v -0.8818430472458384 0.25820146276382144 -0.394569188673922 
v -0.878584757378025 0.2875343720770853 -0.38133031478920365 
v -0.8856375634903906 0.19861974828420137 -0.41975743200844573 
v -0.8841897258891598 0.2284907309191235 -0.4074316071638247 
v -0.8642113836242095 0.2384697869073738 -0.44302465523566653 
v -0.919442533691752 0.20752584162667242 -0.3340036710810719 
v -0.9026333150732726 0.2181868999908616 -0.37100886133920274 
v -0.9210530842334955 0.1776372669766692 -0.3465634392214867 
v -0.9293998197915082 0.09448548580673737 -0.3567750943428883 
v -0.9260717439202725 0.13624673868715992 -0.35189195971146914 
v -0.9093925590053893 0.1468651745665792 -0.38914752231661165 
v -0.9992290362407229 0.03339639401120376 -0.020640106600607534 
v -0.998381619512165 0.03338963519342115 -0.04603557409131337 
v -0.9996775359207624 0.0 -0.025393388418898256 
v -0.9911665303697137 0.09993565318565238 -0.08718815456941542 
v -0.9955412401529341 0.06673567441237252 -0.06666325011191572 
v -0.9930684569549263 0.09998328215910428 -0.061793066681097936 
v -0.997099070949726 0.0 -0.07611466817370417 
v -0.996885285250077 0.03336918626127187 -0.07145785793132124 
v -0.9947467574754734 0.03336233687719477 -0.09677728540377814 
v -0.9584091347541085 0.23065683043032645 -0.16807545030645205 
v -0.968847109934543 0.19845020954343537 -0.148164745819139 
v -0.9624552364536474 0.23090103809716608 -0.14270468958168417 
v -0.9783745591389662 0.13286563781159058 -0.15852427044005885 
v -0.9741574700747876 0.1657332869340561 -0.15345911865875891 
v -0.9698784487655955 0.1654987589202486 -0.17873431516051827 
v -0.9807852804032304 0.16595374012467878 -0.10256505195721954 
v -0.9777976979249582 0.16589436739523306 -0.12802625043008733 
v -0.9852298474534369 0.13308997080508328 -0.10774603175049971 
v -0.9842399820715815 0.0 -0.17683794188955307 
v -0.984425163259758 0.03325613829779551 -0.17263002985146206 
v -0.9797187411961886 0.033248929674164485 -0.1975998401428451 
v -0.9919329336733018 0.03328478892528173 -0.12231589398142963 
v -0.9885031377134866 0.03327766927497027 -0.1474928590075372 
v -0.9919487916338485 0.0 -0.12663962561594838 
v -0.9769922997095801 0.09959747702838313 -0.18859053231211437 
v -0.9835112651961696 0.06651073923484514 -0.16817227119434497 
v -0.9814935909986876 0.09964762626671896 -0.16352578208927573 
v -0.9885916964210422 0.09993190975748022 -0.11269459250376102 
v -0.985362809740326 0.09982644348535942 -0.13818398735640267 
v -0.9908269172305946 0.06662431451338467 -0.11757219402111264 
v -0.8166031040209722 0.47929508518472724 -0.3216140417038383 
v -0.8386282893936576 0.45162928325965496 -0.3045218920390423 
v -0.8314696123025455 0.47259626781445446 -0.2920805564656833 
v -0.8513540261948713 0.4087693811094897 -0.3287915983554735 
v -0.8452634228226743 0.4303203755337721 -0.31678718477642104 
v -0.8301908194606841 0.43697147540112563 -0.3461778920857906 
v -0.8724960070727973 0.4156460540573608 -0.25688338869722727 
v -0.8593776962758704 0.4232164603111621 -0.28698049213364385 
v -0.8787810153877162 0.39416475125168177 -0.269031737653449 
v -0.8702952848623411 0.3197232575226656 -0.3746507116575007 
v -0.8663903688799297 0.3422752418392894 -0.3636143390131298 
v -0.8509128013333636 0.349055090796853 -0.39256585194819055 
v -0.894401053805432 0.32765884880512564 -0.30444446743442827 
v -0.880900787102014 0.33514845848721947 -0.3341995123525656 
v -0.8984797918153645 0.30514589123743313 -0.3156264386269501 
v -0.8416372264580856 0.39352078653234074 -0.3698488469725288 
v -0.8619324720229314 0.3646439740315426 -0.3522884980735565 
v -0.8569306850069653 0.38672526449141453 -0.3407541208812282 
v -0.9381913359224842 0.2944247543873977 -0.18196450534075298 
v -0.9288243060851744 0.3032312703461523 -0.21292300277248796 
v -0.9426358632773417 0.2719517912702809 -0.19359713966964 
v -0.8969080302451762 0.3643194902044644 -0.2506537339416216 
v -0.913564425488609 0.33405925784222673 -0.2319578684407328 
v -0.9081431738250814 0.35613324416066494 -0.22010244941505783 
v -0.9226294678520707 0.28919819688565135 -0.25518477221239694 
v -0.9183980675621936 0.3117132979044132 -0.24367972711652286 
v -0.9069411577001841 0.319880710710337 -0.2741059419000244 
v -0.871239777798855 0.37970751016305065 -0.31106825023904106 
v -0.8897896808912725 0.35004014322335364 -0.292824558245345 
v -0.8845779820391438 0.37224334930541325 -0.2809923176697973 
v -0.9714349265934731 0.07515598965966658 -0.22509056091406782 
v -0.9662177624244155 0.14138582261625837 -0.2154838386948767 
v -0.9693795691418807 0.10836400440998692 -0.2203644560235025 
v -0.9606408486323642 0.11694226035298 -0.25197949853594653 
v -0.9473853654161962 0.15841759798759364 -0.2781453469735951 
v -0.9501582464600629 0.23977305953412628 -0.19926913109054997 
v -0.9304655360394656 0.2570553183310888 -0.26106790220265014 
v -0.9408320950776016 0.24855823344282157 -0.23033404754763118 
v -0.9566054055679619 0.2072631704639531 -0.20481229505912274 
v -0.9619645089681028 0.17458993659320432 -0.21010149339340226 
v -0.8930421679691682 0.280390896209962 -0.35193270884005984 
v -0.9316112989587759 0.19971464011391926 -0.30366832264250077 
v -0.9135118494925282 0.24032758195683432 -0.32823582099996573 
v -0.9065229095080919 0.27292487575052876 -0.3220686677302566 
v -0.9189676695462834 0.26508817174279725 -0.29193609494328426 
v -0.9529446768594135 0.18315061440640265 -0.2415621975555471 
v -0.9371705697248317 0.2244477630269198 -0.26708523904148274 
v -0.9428114318136241 0.19151026128613993 -0.2728193978874271 
v -0.8616205216130245 0.08340331283427277 0.5006535370329146 
v -0.8931886811514114 0.06628477117636096 0.4447699506184067 
v -0.8934777523413767 0.0 0.4491074549269934 
v -0.8911600430072988 0.15721312050528152 0.4255793844727695 
v -0.8902398512309615 0.1188164180656216 0.43972226015785354 
v -0.865994424082004 0.17050312837677456 0.4700875882988312 
v -0.9311208239337458 0.0 0.364710859773797 
v -0.9155090289422214 0.05266085194978226 0.3988358717532737 
v -0.9310814420111693 0.05269754103470302 0.3609852040060607 
v -0.878584757378025 0.2875343720770853 0.38133031478920365 
v -0.8818430472458384 0.25820146276382144 0.394569188673922 
v -0.8587877557821093 0.29744195427896203 0.4171473053412188 
v -0.9210530842334955 0.1776372669766692 0.3465634392214867 
v -0.9026333150732726 0.2181868999908616 0.37100886133920274 
v -0.919442533691752 0.20752584162667242 0.3340036710810719 
v -0.8642113836242095 0.2384697869073738 0.44302465523566653 
v -0.8841897258891598 0.2284907309191235 0.4074316071638247 
v -0.8856375634903906 0.19861974828420137 0.41975743200844573 
v -0.9724004726364813 0.0 0.23331806791662668 
v -0.9644553277321605 0.04191970456249211 0.26089971095891307 
v -0.9723947334963671 0.04193666611545143 0.22954258494591 
v -0.945517893868444 0.0418510080968858 0.3228690221991825 
v -0.9554731706147376 0.04186824979238771 0.2920925707626653 
v -0.9552987369328824 0.0 0.2956422216369638 
v -0.9508203664687948 0.12537760892306432 0.283233271154506 
v -0.9539871847962166 0.08374072360236126 0.28791655467364535 
v -0.9410602237031607 0.12525789582742683 0.31419120754190905 
v -0.9093925590053893 0.1468651745665792 0.38914752231661165 
v -0.9260717439202725 0.13624673868715992 0.35189195971146914 
v -0.9293998197915082 0.09448548580673737 0.3567750943428883 
v -0.8314696123025455 0.47259626781445446 0.2920805564656833 
v -0.8386282893936576 0.45162928325965496 0.3045218920390423 
v -0.8166031040209722 0.47929508518472724 0.3216140417038383 
v -0.8787810153877162 0.39416475125168177 0.269031737653449 
v -0.8593776962758704 0.4232164603111621 0.28698049213364385 
v -0.8724960070727973 0.4156460540573608 0.25688338869722727 
v -0.8301908194606841 0.43697147540112563 0.3461778920857906 
v -0.8452634228226743 0.4303203755337721 0.31678718477642104 
v -0.8513540261948713 0.4087693811094897 0.3287915983554735 
v -0.9426358632773417 0.2719517912702809 0.19359713966964 
v -0.9288243060851744 0.3032312703461523 0.21292300277248796 
v -0.9381913359224842 0.2944247543873977 0.18196450534075298 
v -0.9069411577001841 0.319880710710337 0.2741059419000244 
v -0.9183980675621936 0.3117132979044132 0.24367972711652286 
v -0.9226294678520707 0.28919819688565135 0.25518477221239694 
v -0.9081431738250814 0.35613324416066494 0.22010244941505783 
v -0.913564425488609 0.33405925784222673 0.2319578684407328 
v -0.8969080302451762 0.3643194902044644 0.2506537339416216 
v -0.8509128013333636 0.349055090796853 0.39256585194819055 
v -0.8663903688799297 0.3422752418392894 0.3636143390131298 
v -0.8702952848623411 0.3197232575226656 0.3746507116575007 
v -0.8569306850069653 0.38672526449141453 0.3407541208812282 
v -0.8619324720229314 0.3646439740315426 0.3522884980735565 
v -0.8416372264580856 0.39352078653234074 0.3698488469725288 
v -0.8984797918153645 0.30514589123743313 0.3156264386269501 
v -0.880900787102014 0.33514845848721947 0.3341995123525656 
v -0.894401053805432 0.32765884880512564 0.30444446743442827 
v -0.8845779820391438 0.37224334930541325 0.2809923176697973 
v -0.8897896808912725 0.35004014322335364 0.292824558245345 
v -0.871239777798855 0.37970751016305065 0.31106825023904106 
v -0.9996775359207624 0.0 0.025393388418898256 
v -0.998381619512165 0.03338963519342115 0.04603557409131337 
v -0.9992290362407229 0.03339639401120376 0.020640106600607534 
v -0.9947467574754734 0.03336233687719477 0.09677728540377814 
v -0.996885285250077 0.03336918626127187 0.07145785793132124 
v -0.997099070949726 0.0 0.07611466817370417 
v -0.9930684569549263 0.09998328215910428 0.061793066681097936 
v -0.9955412401529341 0.06673567441237252 0.06666325011191572 
v -0.9911665303697137 0.09993565318565238 0.08718815456941542 
v -0.9797187411961886 0.033248929674164485 0.1975998401428451 
v -0.984425163259758 0.03325613829779551 0.17263002985146206 
v -0.9842399820715815 0.0 0.17683794188955307 
v -0.9814935909986876 0.09964762626671896 0.16352578208927573 
v -0.9835112651961696 0.06651073923484514 0.16817227119434497 
v -0.9769922997095801 0.09959747702838313 0.18859053231211437 
v -0.9919487916338485 0.0 0.12663962561594838 
v -0.9885031377134866 0.03327766927497027 0.1474928590075372 
v -0.9919329336733018 0.03328478892528173 0.12231589398142963 
v -0.9624552364536474 0.23090103809716608 0.14270468958168417 
v -0.968847109934543 0.19845020954343537 0.148164745819139 
v -0.9584091347541085 0.23065683043032645 0.16807545030645205 
v -0.9852298474534369 0.13308997080508328 0.10774603175049971 
v -0.9777976979249582 0.16589436739523306 0.12802625043008733 
v -0.9807852804032304 0.16595374012467878 0.10256505195721954 
v -0.9698784487655955 0.1654987589202486 0.17873431516051827 
v -0.9741574700747876 0.1657332869340561 0.15345911865875891 
v -0.9783745591389662 0.13286563781159058 0.15852427044005885 
v -0.9908269172305946 0.06662431451338467 0.11757219402111264 
v -0.985362809740326 0.09982644348535942 0.13818398735640267 
v -0.9885916964210422 0.09993190975748022 0.11269459250376102 
v -0.8930421679691682 0.280390896209962 0.35193270884005984 
v -0.9189676695462834 0.26508817174279725 0.29193609494328426 
v -0.9065229095080919 0.27292487575052876 0.3220686677302566 
v -0.9135118494925282 0.24032758195683432 0.32823582099996573 
v -0.9316112989587759 0.19971464011391926 0.30366832264250077 
v -0.9501582464600629 0.23977305953412628 0.19926913109054997 
v -0.9619645089681028 0.17458993659320432 0.21010149339340226 
v -0.9566054055679619 0.2072631704639531 0.20481229505912274 
v -0.9408320950776016 0.24855823344282157 0.23033404754763118 
v -0.9304655360394656 0.2570553183310888 0.26106790220265014 
v -0.9714349265934731 0.07515598965966658 0.22509056091406782 
v -0.9473853654161962 0.15841759798759364 0.2781453469735951 
v -0.9606408486323642 0.11694226035298 0.25197949853594653 
v -0.9693795691418807 0.10836400440998692 0.2203644560235025 
v -0.9662177624244155 0.14138582261625837 0.2154838386948767 
v -0.9371705697248317 0.2244477630269198 0.26708523904148274 
v -0.9529446768594135 0.18315061440640265 0.2415621975555471 
v -0.9428114318136241 0.19151026128613993 0.2728193978874271 
v -0.8406091346018488 0.4782414933315213 -0.25428597460333346 
v -0.8805165461912665 0.42058094774662386 -0.21863732132450517 
v -0.8612546042386628 0.44971124485826697 -0.23664383137054754 
v -0.8484982682343841 0.48310776608938305 -0.21600364614371015 
v -0.8550806756764929 0.48717292128774276 -0.17748121829815974 
v -0.9438788183165006 0.29785156047492034 -0.14274881525288216 
v -0.9302399032813874 0.32919601957122435 -0.16212249394052966 
v -0.9096258938252693 0.3971839129141823 -0.12176071864422876 
v -0.9206980463343025 0.3635207239259176 -0.14201334709306526 
v -0.9248259540359197 0.36627924233997544 -0.10264731546613545 
v -0.9151241562797692 0.3601341179106339 -0.18124898816261095 
v -0.8986292637583533 0.3904688003473797 -0.19999890567800102 
v -0.8670792945878901 0.49455263988093323 -0.05992648232431772 
v -0.8684279750460234 0.49538443263687176 -0.020666786361407435 
v -0.8604376854859516 0.4904556503485304 -0.13820363394925206 
v -0.8644090357931763 0.492908027088081 -0.09919019947175642 
v -0.8996197699180694 0.4322698890871957 -0.06186285283676537 
v -0.8827361904553981 0.4629061528929148 -0.0805897740049722 
v -0.8968686317768634 0.4305828585602986 -0.10111903504651848 
v -0.8873878812482789 0.4245344592920956 -0.17975884147172938 
v -0.8928517214004176 0.4278731161471061 -0.14050053405904217 
v -0.8746305692743679 0.45793353564488126 -0.15911707709285489 
v -0.9977665097691003 0.06679814356093862 0.0 
v -0.9902059714642681 0.133410304175464 0.04115610302634545 
v -0.9947521992493799 0.10021000370384166 0.020640185226837394 
v -0.9947521992493799 0.10021000370384166 -0.020640185226837394 
v -0.9902059714642681 0.133410304175464 -0.04115610302634545 
v -0.956651594726083 0.2644119977039306 0.12208202889147472 
v -0.9672765061840353 0.2322329343442593 0.10219601161621196 
v -0.9721208943936089 0.23356987729932488 0.020641683597710306 
v -0.9705052658150477 0.23312373044020082 0.061423573088093084 
v -0.9630592997300733 0.266183043809057 0.04078446262937009 
v -0.9764270709041961 0.19964100381445143 0.0820587886908545 
v -0.9840438069077393 0.1668506232487429 0.061795271728748984 
v -0.9672765061840353 0.2322329343442593 -0.10219601161621196 
v -0.956651594726083 0.2644119977039306 -0.12208202889147472 
v -0.9840438069077393 0.1668506232487429 -0.061795271728748984 
v -0.9764270709041961 0.19964100381445143 -0.0820587886908545 
v -0.9630592997300733 0.266183043809057 -0.04078446262937009 
v -0.9705052658150477 0.23312373044020082 -0.061423573088093084 
v -0.9721208943936089 0.23356987729932488 -0.020641683597710306 
v -0.9857276430821997 0.16707762036532117 0.020641764378874525 
v -0.9796858268864171 0.20053847660206547 0.0 
v -0.9857276430821997 0.16707762036532117 -0.020641764378874525 
v -0.8406091346018488 0.4782414933315213 0.25428597460333346 
v -0.8550806756764929 0.48717292128774276 0.17748121829815974 
v -0.8484982682343841 0.48310776608938305 0.21600364614371015 
v -0.8612546042386628 0.44971124485826697 0.23664383137054754 
v -0.8805165461912665 0.42058094774662386 0.21863732132450517 
v -0.8684279750460234 0.49538443263687176 0.020666786361407435 
v -0.8670792945878901 0.49455263988093323 0.05992648232431772 
v -0.8968686317768634 0.4305828585602986 0.10111903504651848 
v -0.8827361904553981 0.4629061528929148 0.0805897740049722 
v -0.8996197699180694 0.4322698890871957 0.06186285283676537 
v -0.8644090357931763 0.492908027088081 0.09919019947175642 
v -0.8604376854859516 0.4904556503485304 0.13820363394925206 
v -0.9302399032813874 0.32919601957122435 0.16212249394052966 
v -0.9438788183165006 0.29785156047492034 0.14274881525288216 
v -0.8986292637583533 0.3904688003473797 0.19999890567800102 
v -0.9151241562797692 0.3601341179106339 0.18124898816261095 
v -0.9248259540359197 0.36627924233997544 0.10264731546613545 
v -0.9206980463343025 0.3635207239259176 0.14201334709306526 
v -0.9096258938252693 0.3971839129141823 0.12176071864422876 
v -0.8746305692743679 0.45793353564488126 0.15911707709285489 
v -0.8928517214004176 0.4278731161471061 0.14050053405904217 
v -0.8873878812482789 0.4245344592920956 0.17975884147172938 
v -0.9487020029781063 0.2991854382437394 -0.10223787501816975 
v -0.9535491726501863 0.3005275143307396 -0.02066853812760538 
v -0.9519324633851035 0.3000801974347644 -0.06145291092439256 
v -0.9391596329225859 0.33351990171817564 -0.08211978474528632 
v -0.9280881723418585 0.3671852785255135 -0.06186530201405175 
v -0.9487020029781063 0.2991854382437394 0.10223787501816975 
v -0.9280881723418585 0.3671852785255135 0.06186530201405175 
v -0.9391596329225859 0.33351990171817564 0.08211978474528632 
v -0.9519324633851035 0.3000801974347644 0.06145291092439256 
v -0.9535491726501863 0.3005275143307396 0.02066853812760538 
v -0.8855155212793143 0.4646097949607007 0.0 
v -0.9153143132812254 0.40062767571375185 -0.04119676388644637 
v -0.901179645263692 0.43295280030146177 -0.020666873820893758 
v -0.901179645263692 0.43295280030146177 0.020666873820893758 
v -0.9153143132812254 0.40062767571375185 0.04119676388644637 
v -0.9424222167125196 0.334425425837601 0.0 
v -0.929648302115739 0.36786796842136105 0.020668627986979632 
v -0.929648302115739 0.36786796842136105 -0.020668627986979632 
v -0.5840568498671873 -0.8100744395071032 0.05154608210592133 
v -0.6183057344946291 -0.7859376684515491 0.0 
v -0.5840568498671873 -0.8100744395071032 -0.05154608210592133 
v -0.668058917495743 -0.7412994500228975 0.06459418046670881 
v -0.6437457265547492 -0.7641464144951071 0.04088638840457992 
v -0.6405907166756055 -0.7606176955569698 0.10537672852503423 
v -0.6405907166756055 -0.7606176955569698 -0.10537672852503423 
v -0.6437457265547492 -0.7641464144951071 -0.04088638840457992 
v -0.668058917495743 -0.7412994500228975 -0.06459418046670881 
v -0.7367196380159456 -0.6589420763850745 0.1517877298432937 
v -0.7205981582182099 -0.6803460627503627 0.13366947771500898 
v -0.7145892596201808 -0.6749585183575171 0.18382923742459234 
v -0.7268722390062269 -0.6860093197458461 0.03237223167957772 
v -0.7246910983611958 -0.6840456713765832 0.08309230666555752 
v -0.7443947453734552 -0.6658069010994745 0.05077039992656588 
v -0.6814944421430403 -0.7168289500255066 0.14738243359870296 
v -0.7036665892965024 -0.7011064382744459 0.11533903640115949 
v -0.6860935338568556 -0.7210328001169185 0.0968884098092634 
v -0.7145892596201808 -0.6749585183575171 -0.18382923742459234 
v -0.7205981582182099 -0.6803460627503627 -0.13366947771500898 
v -0.7367196380159456 -0.6589420763850745 -0.1517877298432937 
v -0.6860935338568556 -0.7210328001169185 -0.0968884098092634 
v -0.7036665892965024 -0.7011064382744459 -0.11533903640115949 
v -0.6814944421430403 -0.7168289500255066 -0.14738243359870296 
v -0.7443947453734552 -0.6658069010994745 -0.05077039992656588 
v -0.7246910983611958 -0.6840456713765832 -0.08309230666555752 
v -0.7268722390062269 -0.6860093197458461 -0.03237223167957772 
v -0.6888934243620382 -0.724139403552818 0.032372427973723354 
v -0.7085905524507796 -0.7056198898681209 0.0 
v -0.6888934243620382 -0.724139403552818 -0.032372427973723354 
v -0.8187133248919491 -0.5059926618256584 0.27144044986507576 
v -0.8101767399136125 -0.5261164068310135 0.25848631794772886 
v -0.8009091268885655 -0.5203824507360323 0.29622065328494007 
v -0.824895772447439 -0.5352381487613744 0.18184358308403367 
v -0.8181775419061719 -0.5310798647927762 0.22031724202172814 
v -0.8343057915947906 -0.5156293362164653 0.19509032201612936 
v -0.7831493674869161 -0.5601275955485977 0.2700632239120865 
v -0.8011000378578574 -0.5459416184299102 0.24532932684509987 
v -0.7915423744763886 -0.5653583182317505 0.23201431295169542 
v -0.8387595223135118 -0.5439035825405624 0.025521689363187997 
v -0.8372534572344589 -0.5429668650160064 0.06475825695334898 
v -0.8499949874070014 -0.5253257924845641 0.03925981575906884 
v -0.8089677705264491 -0.5763783683241305 0.1155816714599656 
v -0.8235551163474788 -0.5600153677778864 0.09022060845776399 
v -0.8121655861269365 -0.5783963937713034 0.0764504570518787 
v -0.8447544856576217 -0.5220869842853441 0.11753739745783832 
v -0.8344398512706104 -0.5412100824903125 0.10393161801064552 
v -0.8303173204704432 -0.5386562317296971 0.14290770219112198 
v -0.7416209427450434 -0.6351848912747261 0.21572791005863756 
v -0.7596991429528194 -0.6215964976178615 0.19098430916166778 
v -0.7481718674825195 -0.639446515045332 0.1770508715146557 
v -0.7813353051621147 -0.5846365383176946 0.21843822689979858 
v -0.7707768720583792 -0.6032924330036318 0.20479563906601936 
v -0.7633696335048694 -0.5984280051015053 0.2432092213565805 
v -0.7819244328900447 -0.6102917824748669 0.1270359063148358 
v -0.7769646075386462 -0.6072569092449321 0.1660272411582207 
v -0.7933365624373526 -0.5922491222624804 0.14091868534515256 
v -0.8149288935235016 -0.5545870303248164 0.16829772516603633 
v -0.8043872800040314 -0.5736265314669972 0.1546405708889424 
v -0.7985761657619115 -0.5699433162211066 0.19349605621792842 
v -0.8009091268885655 -0.5203824507360323 -0.29622065328494007 
v -0.8101767399136125 -0.5261164068310135 -0.25848631794772886 
v -0.8187133248919491 -0.5059926618256584 -0.27144044986507576 
v -0.7915423744763886 -0.5653583182317505 -0.23201431295169542 
v -0.8011000378578574 -0.5459416184299102 -0.24532932684509987 
v -0.7831493674869161 -0.5601275955485977 -0.2700632239120865 
v -0.8343057915947906 -0.5156293362164653 -0.19509032201612936 
v -0.8181775419061719 -0.5310798647927762 -0.22031724202172814 
v -0.824895772447439 -0.5352381487613744 -0.18184358308403367 
v -0.7481718674825195 -0.639446515045332 -0.1770508715146557 
v -0.7596991429528194 -0.6215964976178615 -0.19098430916166778 
v -0.7416209427450434 -0.6351848912747261 -0.21572791005863756 
v -0.7933365624373526 -0.5922491222624804 -0.14091868534515256 
v -0.7769646075386462 -0.6072569092449321 -0.1660272411582207 
v -0.7819244328900447 -0.6102917824748669 -0.1270359063148358 
v -0.7633696335048694 -0.5984280051015053 -0.2432092213565805 
v -0.7707768720583792 -0.6032924330036318 -0.20479563906601936 
v -0.7813353051621147 -0.5846365383176946 -0.21843822689979858 
v -0.8499949874070014 -0.5253257924845641 -0.03925981575906884 
v -0.8372534572344589 -0.5429668650160064 -0.06475825695334898 
v -0.8387595223135118 -0.5439035825405624 -0.025521689363187997 
v -0.8303173204704432 -0.5386562317296971 -0.14290770219112198 
v -0.8344398512706104 -0.5412100824903125 -0.10393161801064552 
v -0.8447544856576217 -0.5220869842853441 -0.11753739745783832 
v -0.8121655861269365 -0.5783963937713034 -0.0764504570518787 
v -0.8235551163474788 -0.5600153677778864 -0.09022060845776399 
v -0.8089677705264491 -0.5763783683241305 -0.1155816714599656 
v -0.7985761657619115 -0.5699433162211066 -0.19349605621792842 
v -0.8043872800040314 -0.5736265314669972 -0.1546405708889424 
v -0.8149288935235016 -0.5545870303248164 -0.16829772516603633 
v -0.7539285507774984 -0.6445950743156993 0.12684214792599202 
v -0.785791333206552 -0.6137483467774048 0.07645225624840753 
v -0.7703301857731882 -0.6294820555089343 0.10170421170675417 
v -0.7577799549291617 -0.6480389750561468 0.07625632246401928 
v -0.7597080207164643 -0.6497632653298251 0.02552297566890567 
v -0.8270031505374462 -0.5621972865472923 0.0 
v -0.8006156720352336 -0.5970066757287225 -0.05096640880924787 
v -0.8142511354171935 -0.5799514881623519 -0.025521752488508433 
v -0.8142511354171935 -0.5799514881623519 0.025521752488508433 
v -0.8006156720352336 -0.5970066757287225 0.05096640880924787 
v -0.7539285507774984 -0.6445950743156993 -0.12684214792599202 
v -0.7597080207164643 -0.6497632653298251 -0.02552297566890567 
v -0.7577799549291617 -0.6480389750561468 -0.07625632246401928 
v -0.7703301857731882 -0.6294820555089343 -0.10170421170675417 
v -0.785791333206552 -0.6137483467774048 -0.07645225624840753 
v -0.7878769212383893 -0.6153036090689086 0.025523041485935635 
v -0.7878769212383893 -0.6153036090689086 -0.025523041485935635 
v -0.7741997711289156 -0.6329413198582746 0.0 
v -0.8931886811514114 -0.06628477117636096 0.4447699506184067 
v -0.8616205216130245 -0.08340331283427277 0.5006535370329146 
v -0.9310814420111693 -0.05269754103470302 0.3609852040060607 
v -0.9155090289422214 -0.05266085194978226 0.3988358717532737 
v -0.865994424082004 -0.17050312837677456 0.4700875882988312 
v -0.8902398512309615 -0.1188164180656216 0.43972226015785354 
v -0.8911600430072988 -0.15721312050528152 0.4255793844727695 
v -0.9723947334963671 -0.04193666611545143 0.22954258494591 
v -0.9644553277321605 -0.04191970456249211 0.26089971095891307 
v -0.9410602237031607 -0.12525789582742683 0.31419120754190905 
v -0.9539871847962166 -0.08374072360236126 0.28791655467364535 
v -0.9508203664687948 -0.12537760892306432 0.283233271154506 
v -0.9554731706147376 -0.04186824979238771 0.2920925707626653 
v -0.945517893868444 -0.0418510080968858 0.3228690221991825 
v -0.8587877557821093 -0.29744195427896203 0.4171473053412188 
v -0.8818430472458384 -0.25820146276382144 0.394569188673922 
v -0.878584757378025 -0.2875343720770853 0.38133031478920365 
v -0.8856375634903906 -0.19861974828420137 0.41975743200844573 
v -0.8841897258891598 -0.2284907309191235 0.4074316071638247 
v -0.8642113836242095 -0.2384697869073738 0.44302465523566653 
v -0.919442533691752 -0.20752584162667242 0.3340036710810719 
v -0.9026333150732726 -0.2181868999908616 0.37100886133920274 
v -0.9210530842334955 -0.1776372669766692 0.3465634392214867 
v -0.9293998197915082 -0.09448548580673737 0.3567750943428883 
v -0.9260717439202725 -0.13624673868715992 0.35189195971146914 
v -0.9093925590053893 -0.1468651745665792 0.38914752231661165 
v -0.9992290362407229 -0.03339639401120376 0.020640106600607534 
v -0.998381619512165 -0.03338963519342115 0.04603557409131337 
v -0.9911665303697137 -0.09993565318565238 0.08718815456941542 
v -0.9955412401529341 -0.06673567441237252 0.06666325011191572 
v -0.9930684569549263 -0.09998328215910428 0.061793066681097936 
v -0.996885285250077 -0.03336918626127187 0.07145785793132124 
v -0.9947467574754734 -0.03336233687719477 0.09677728540377814 
v -0.9584091347541085 -0.23065683043032645 0.16807545030645205 
v -0.968847109934543 -0.19845020954343537 0.148164745819139 
v -0.9624552364536474 -0.23090103809716608 0.14270468958168417 
v -0.9783745591389662 -0.13286563781159058 0.15852427044005885 
v -0.9741574700747876 -0.1657332869340561 0.15345911865875891 
v -0.9698784487655955 -0.1654987589202486 0.17873431516051827 
v -0.9807852804032304 -0.16595374012467878 0.10256505195721954 
v -0.9777976979249582 -0.16589436739523306 0.12802625043008733 
v -0.9852298474534369 -0.13308997080508328 0.10774603175049971 
v -0.984425163259758 -0.03325613829779551 0.17263002985146206 
v -0.9797187411961886 -0.033248929674164485 0.1975998401428451 
v -0.9919329336733018 -0.03328478892528173 0.12231589398142963 
v -0.9885031377134866 -0.03327766927497027 0.1474928590075372 
v -0.9769922997095801 -0.09959747702838313 0.18859053231211437 
v -0.9835112651961696 -0.06651073923484514 0.16817227119434497 
v -0.9814935909986876 -0.09964762626671896 0.16352578208927573 
v -0.9885916964210422 -0.09993190975748022 0.11269459250376102 
v -0.985362809740326 -0.09982644348535942 0.13818398735640267 
v -0.9908269172305946 -0.06662431451338467 0.11757219402111264 
v -0.8166031040209722 -0.47929508518472724 0.3216140417038383 
v -0.8386282893936576 -0.45162928325965496 0.3045218920390423 
v -0.8314696123025455 -0.47259626781445446 0.2920805564656833 
v -0.8513540261948713 -0.4087693811094897 0.3287915983554735 
v -0.8452634228226743 -0.4303203755337721 0.31678718477642104 
v -0.8301908194606841 -0.43697147540112563 0.3461778920857906 
v -0.8724960070727973 -0.4156460540573608 0.25688338869722727 
v -0.8593776962758704 -0.4232164603111621 0.28698049213364385 
v -0.8787810153877162 -0.39416475125168177 0.269031737653449 
v -0.8702952848623411 -0.3197232575226656 0.3746507116575007 
v -0.8663903688799297 -0.3422752418392894 0.3636143390131298 
v -0.8509128013333636 -0.349055090796853 0.39256585194819055 
v -0.894401053805432 -0.32765884880512564 0.30444446743442827 
v -0.880900787102014 -0.33514845848721947 0.3341995123525656 
v -0.8984797918153645 -0.30514589123743313 0.3156264386269501 
v -0.8416372264580856 -0.39352078653234074 0.3698488469725288 
v -0.8619324720229314 -0.3646439740315426 0.3522884980735565 
v -0.8569306850069653 -0.38672526449141453 0.3407541208812282 
v -0.9381913359224842 -0.2944247543873977 0.18196450534075298 
v -0.9288243060851744 -0.3032312703461523 0.21292300277248796 
v -0.9426358632773417 -0.2719517912702809 0.19359713966964 
v -0.8969080302451762 -0.3643194902044644 0.2506537339416216 
v -0.913564425488609 -0.33405925784222673 0.2319578684407328 
v -0.9081431738250814 -0.35613324416066494 0.22010244941505783 
v -0.9226294678520707 -0.28919819688565135 0.25518477221239694 
v -0.9183980675621936 -0.3117132979044132 0.24367972711652286 
v -0.9069411577001841 -0.319880710710337 0.2741059419000244 
v -0.871239777798855 -0.37970751016305065 0.31106825023904106 
v -0.8897896808912725 -0.35004014322335364 0.292824558245345 
v -0.8845779820391438 -0.37224334930541325 0.2809923176697973 
v -0.9714349265934731 -0.07515598965966658 0.22509056091406782 
v -0.9662177624244155 -0.14138582261625837 0.2154838386948767 
v -0.9693795691418807 -0.10836400440998692 0.2203644560235025 
v -0.9606408486323642 -0.11694226035298 0.25197949853594653 
v -0.9473853654161962 -0.15841759798759364 0.2781453469735951 
v -0.9501582464600629 -0.23977305953412628 0.19926913109054997 
v -0.9304655360394656 -0.2570553183310888 0.26106790220265014 
v -0.9408320950776016 -0.24855823344282157 0.23033404754763118 
v -0.9566054055679619 -0.2072631704639531 0.20481229505912274 
v -0.9619645089681028 -0.17458993659320432 0.21010149339340226 
v -0.8930421679691682 -0.280390896209962 0.35193270884005984 
v -0.9316112989587759 -0.19971464011391926 0.30366832264250077 
v -0.9135118494925282 -0.24032758195683432 0.32823582099996573 
v -0.9065229095080919 -0.27292487575052876 0.3220686677302566 
v -0.9189676695462834 -0.26508817174279725 0.29193609494328426 
v -0.9529446768594135 -0.18315061440640265 0.2415621975555471 
v -0.9371705697248317 -0.2244477630269198 0.26708523904148274 
v -0.9428114318136241 -0.19151026128613993 0.2728193978874271 
v -0.8616205216130245 -0.08340331283427277 -0.5006535370329146 
v -0.8931886811514114 -0.06628477117636096 -0.4447699506184067 
v -0.8911600430072988 -0.15721312050528152 -0.4255793844727695 
v -0.8902398512309615 -0.1188164180656216 -0.43972226015785354 
v -0.865994424082004 -0.17050312837677456 -0.4700875882988312 
v -0.9155090289422214 -0.05266085194978226 -0.3988358717532737 
v -0.9310814420111693 -0.05269754103470302 -0.3609852040060607 
v -0.878584757378025 -0.2875343720770853 -0.38133031478920365 
v -0.8818430472458384 -0.25820146276382144 -0.394569188673922 
v -0.8587877557821093 -0.29744195427896203 -0.4171473053412188 
v -0.9210530842334955 -0.1776372669766692 -0.3465634392214867 
v -0.9026333150732726 -0.2181868999908616 -0.37100886133920274 
v -0.919442533691752 -0.20752584162667242 -0.3340036710810719 
v -0.8642113836242095 -0.2384697869073738 -0.44302465523566653 
v -0.8841897258891598 -0.2284907309191235 -0.4074316071638247 
v -0.8856375634903906 -0.19861974828420137 -0.41975743200844573 
v -0.9644553277321605 -0.04191970456249211 -0.26089971095891307 
v -0.9723947334963671 -0.04193666611545143 -0.22954258494591 
v -0.945517893868444 -0.0418510080968858 -0.3228690221991825 
v -0.9554731706147376 -0.04186824979238771 -0.2920925707626653 
v -0.9508203664687948 -0.12537760892306432 -0.283233271154506 
v -0.9539871847962166 -0.08374072360236126 -0.28791655467364535 
v -0.9410602237031607 -0.12525789582742683 -0.31419120754190905 
v -0.9093925590053893 -0.1468651745665792 -0.38914752231661165 
v -0.9260717439202725 -0.13624673868715992 -0.35189195971146914 
v -0.9293998197915082 -0.09448548580673737 -0.3567750943428883 
v -0.8314696123025455 -0.47259626781445446 -0.2920805564656833 
v -0.8386282893936576 -0.45162928325965496 -0.3045218920390423 
v -0.8166031040209722 -0.47929508518472724 -0.3216140417038383 
v -0.8787810153877162 -0.39416475125168177 -0.269031737653449 
v -0.8593776962758704 -0.4232164603111621 -0.28698049213364385 
v -0.8724960070727973 -0.4156460540573608 -0.25688338869722727 
v -0.8301908194606841 -0.43697147540112563 -0.3461778920857906 
v -0.8452634228226743 -0.4303203755337721 -0.31678718477642104 
v -0.8513540261948713 -0.4087693811094897 -0.3287915983554735 
v -0.9426358632773417 -0.2719517912702809 -0.19359713966964 
v -0.9288243060851744 -0.3032312703461523 -0.21292300277248796 
v -0.9381913359224842 -0.2944247543873977 -0.18196450534075298 
v -0.9069411577001841 -0.319880710710337 -0.2741059419000244 
v -0.9183980675621936 -0.3117132979044132 -0.24367972711652286 
v -0.9226294678520707 -0.28919819688565135 -0.25518477221239694 
v -0.9081431738250814 -0.35613324416066494 -0.22010244941505783 
v -0.913564425488609 -0.33405925784222673 -0.2319578684407328 
v -0.8969080302451762 -0.3643194902044644 -0.2506537339416216 
v -0.8509128013333636 -0.349055090796853 -0.39256585194819055 
v -0.8663903688799297 -0.3422752418392894 -0.3636143390131298 
v -0.8702952848623411 -0.3197232575226656 -0.3746507116575007 
v -0.8569306850069653 -0.38672526449141453 -0.3407541208812282 
v -0.8619324720229314 -0.3646439740315426 -0.3522884980735565 
v -0.8416372264580856 -0.39352078653234074 -0.3698488469725288 
v -0.8984797918153645 -0.30514589123743313 -0.3156264386269501 
v -0.880900787102014 -0.33514845848721947 -0.3341995123525656 
v -0.894401053805432 -0.32765884880512564 -0.30444446743442827 
v -0.8845779820391438 -0.37224334930541325 -0.2809923176697973 
v -0.8897896808912725 -0.35004014322335364 -0.292824558245345 
v -0.871239777798855 -0.37970751016305065 -0.31106825023904106 
v -0.998381619512165 -0.03338963519342115 -0.04603557409131337 
v -0.9992290362407229 -0.03339639401120376 -0.020640106600607534 
v -0.9947467574754734 -0.03336233687719477 -0.09677728540377814 
v -0.996885285250077 -0.03336918626127187 -0.07145785793132124 
v -0.9930684569549263 -0.09998328215910428 -0.061793066681097936 
v -0.9955412401529341 -0.06673567441237252 -0.06666325011191572 
v -0.9911665303697137 -0.09993565318565238 -0.08718815456941542 
v -0.9797187411961886 -0.033248929674164485 -0.1975998401428451 
v -0.984425163259758 -0.03325613829779551 -0.17263002985146206 
v -0.9814935909986876 -0.09964762626671896 -0.16352578208927573 
v -0.9835112651961696 -0.06651073923484514 -0.16817227119434497 
v -0.9769922997095801 -0.09959747702838313 -0.18859053231211437 
v -0.9885031377134866 -0.03327766927497027 -0.1474928590075372 
v -0.9919329336733018 -0.03328478892528173 -0.12231589398142963 
v -0.9624552364536474 -0.23090103809716608 -0.14270468958168417 
v -0.968847109934543 -0.19845020954343537 -0.148164745819139 
v -0.9584091347541085 -0.23065683043032645 -0.16807545030645205 
v -0.9852298474534369 -0.13308997080508328 -0.10774603175049971 
v -0.9777976979249582 -0.16589436739523306 -0.12802625043008733 
v -0.9807852804032304 -0.16595374012467878 -0.10256505195721954 
v -0.9698784487655955 -0.1654987589202486 -0.17873431516051827 
v -0.9741574700747876 -0.1657332869340561 -0.15345911865875891 
v -0.9783745591389662 -0.13286563781159058 -0.15852427044005885 
v -0.9908269172305946 -0.06662431451338467 -0.11757219402111264 
v -0.985362809740326 -0.09982644348535942 -0.13818398735640267 
v -0.9885916964210422 -0.09993190975748022 -0.11269459250376102 
v -0.8930421679691682 -0.280390896209962 -0.35193270884005984 
v -0.9189676695462834 -0.26508817174279725 -0.29193609494328426 
v -0.9065229095080919 -0.27292487575052876 -0.3220686677302566 
v -0.9135118494925282 -0.24032758195683432 -0.32823582099996573 
v -0.9316112989587759 -0.19971464011391926 -0.30366832264250077 
v -0.9501582464600629 -0.23977305953412628 -0.19926913109054997 
v -0.9619645089681028 -0.17458993659320432 -0.21010149339340226 
v -0.9566054055679619 -0.2072631704639531 -0.20481229505912274 
v -0.9408320950776016 -0.24855823344282157 -0.23033404754763118 
v -0.9304655360394656 -0.2570553183310888 -0.26106790220265014 
v -0.9714349265934731 -0.07515598965966658 -0.22509056091406782 
v -0.9473853654161962 -0.15841759798759364 -0.2781453469735951 
v -0.9606408486323642 -0.11694226035298 -0.25197949853594653 
v -0.9693795691418807 -0.10836400440998692 -0.2203644560235025 
v -0.9662177624244155 -0.14138582261625837 -0.2154838386948767 
v -0.9371705697248317 -0.2244477630269198 -0.26708523904148274 
v -0.9529446768594135 -0.18315061440640265 -0.2415621975555471 
v -0.9428114318136241 -0.19151026128613993 -0.2728193978874271 
v -0.8406091346018488 -0.4782414933315213 0.25428597460333346 
v -0.8805165461912665 -0.42058094774662386 0.21863732132450517 
v -0.8612546042386628 -0.44971124485826697 0.23664383137054754 
v -0.8484982682343841 -0.48310776608938305 0.21600364614371015 
v -0.8550806756764929 -0.48717292128774276 0.17748121829815974 
v -0.9438788183165006 -0.29785156047492034 0.14274881525288216 
v -0.9302399032813874 -0.32919601957122435 0.16212249394052966 
v -0.9096258938252693 -0.3971839129141823 0.12176071864422876 
v -0.9206980463343025 -0.3635207239259176 0.14201334709306526 
v -0.9248259540359197 -0.36627924233997544 0.10264731546613545 
v -0.9151241562797692 -0.3601341179106339 0.18124898816261095 
v -0.8986292637583533 -0.3904688003473797 0.19999890567800102 
v -0.8670792945878901 -0.49455263988093323 0.05992648232431772 
v -0.8684279750460234 -0.49538443263687176 0.020666786361407435 
v -0.8604376854859516 -0.4904556503485304 0.13820363394925206 
v -0.8644090357931763 -0.492908027088081 0.09919019947175642 
v -0.8996197699180694 -0.4322698890871957 0.06186285283676537 
v -0.8827361904553981 -0.4629061528929148 0.0805897740049722 
v -0.8968686317768634 -0.4305828585602986 0.10111903504651848 
v -0.8873878812482789 -0.4245344592920956 0.17975884147172938 
v -0.8928517214004176 -0.4278731161471061 0.14050053405904217 
v -0.8746305692743679 -0.45793353564488126 0.15911707709285489 
v -0.9977665097691003 -0.06679814356093862 0.0 
v -0.9902059714642681 -0.133410304175464 -0.04115610302634545 
v -0.9947521992493799 -0.10021000370384166 -0.020640185226837394 
v -0.9947521992493799 -0.10021000370384166 0.020640185226837394 
v -0.9902059714642681 -0.133410304175464 0.04115610302634545 
v -0.956651594726083 -0.2644119977039306 -0.12208202889147472 
v -0.9672765061840353 -0.2322329343442593 -0.10219601161621196 
v -0.9721208943936089 -0.23356987729932488 -0.020641683597710306 
v -0.9705052658150477 -0.23312373044020082 -0.061423573088093084 
v -0.9630592997300733 -0.266183043809057 -0.04078446262937009 
v -0.9764270709041961 -0.19964100381445143 -0.0820587886908545 
v -0.9840438069077393 -0.1668506232487429 -0.061795271728748984 
v -0.9672765061840353 -0.2322329343442593 0.10219601161621196 
v -0.956651594726083 -0.2644119977039306 0.12208202889147472 
v -0.9840438069077393 -0.1668506232487429 0.061795271728748984 
v -0.9764270709041961 -0.19964100381445143 0.0820587886908545 
v -0.9630592997300733 -0.266183043809057 0.04078446262937009 
v -0.9705052658150477 -0.23312373044020082 0.061423573088093084 
v -0.9721208943936089 -0.23356987729932488 0.020641683597710306 
v -0.9857276430821997 -0.16707762036532117 -0.020641764378874525 
v -0.9796858268864171 -0.20053847660206547 0.0 
v -0.9857276430821997 -0.16707762036532117 0.020641764378874525 
v -0.8406091346018488 -0.4782414933315213 -0.25428597460333346 
v -0.8550806756764929 -0.48717292128774276 -0.17748121829815974 
v -0.8484982682343841 -0.48310776608938305 -0.21600364614371015 
v -0.8612546042386628 -0.44971124485826697 -0.23664383137054754 
v -0.8805165461912665 -0.42058094774662386 -0.21863732132450517 
v -0.8684279750460234 -0.49538443263687176 -0.020666786361407435 
v -0.8670792945878901 -0.49455263988093323 -0.05992648232431772 
v -0.8968686317768634 -0.4305828585602986 -0.10111903504651848 
v -0.8827361904553981 -0.4629061528929148 -0.0805897740049722 
v -0.8996197699180694 -0.4322698890871957 -0.06186285283676537 
v -0.8644090357931763 -0.492908027088081 -0.09919019947175642 
v -0.8604376854859516 -0.4904556503485304 -0.13820363394925206 
v -0.9302399032813874 -0.32919601957122435 -0.16212249394052966 
v -0.9438788183165006 -0.29785156047492034 -0.14274881525288216 
v -0.8986292637583533 -0.3904688003473797 -0.19999890567800102 
v -0.9151241562797692 -0.3601341179106339 -0.18124898816261095 
v -0.9248259540359197 -0.36627924233997544 -0.10264731546613545 
v -0.9206980463343025 -0.3635207239259176 -0.14201334709306526 
v -0.9096258938252693 -0.3971839129141823 -0.12176071864422876 
v -0.8746305692743679 -0.45793353564488126 -0.15911707709285489 
v -0.8928517214004176 -0.4278731161471061 -0.14050053405904217 
v -0.8873878812482789 -0.4245344592920956 -0.17975884147172938 
v -0.9487020029781063 -0.2991854382437394 0.10223787501816975 
v -0.9535491726501863 -0.3005275143307396 0.02066853812760538 
v -0.9519324633851035 -0.3000801974347644 0.06145291092439256 
v -0.9391596329225859 -0.33351990171817564 0.08211978474528632 
v -0.9280881723418585 -0.3671852785255135 0.06186530201405175 
v -0.9487020029781063 -0.2991854382437394 -0.10223787501816975 
v -0.9280881723418585 -0.3671852785255135 -0.06186530201405175 
v -0.9391596329225859 -0.33351990171817564 -0.08211978474528632 
v -0.9519324633851035 -0.3000801974347644 -0.06145291092439256 
v -0.9535491726501863 -0.3005275143307396 -0.02066853812760538 
v -0.8855155212793143 -0.4646097949607007 0.0 
v -0.9153143132812254 -0.40062767571375185 0.04119676388644637 
v -0.901179645263692 -0.43295280030146177 0.020666873820893758 
v -0.901179645263692 -0.43295280030146177 -0.020666873820893758 
v -0.9153143132812254 -0.40062767571375185 -0.04119676388644637 
v -0.9424222167125196 -0.334425425837601 0.0 
v -0.929648302115739 -0.36786796842136105 -0.020668627986979632 
v -0.929648302115739 -0.36786796842136105 0.020668627986979632 
v 0.5840568498671873 0.8100744395071032 0.05154608210592133 
v 0.6183057344946291 0.7859376684515491 0.0 
v 0.5840568498671873 0.8100744395071032 -0.05154608210592133 
v 0.668058917495743 0.7412994500228975 0.06459418046670881 
v 0.6437457265547492 0.7641464144951071 0.04088638840457992 
v 0.6405907166756055 0.7606176955569698 0.10537672852503423 
v 0.6405907166756055 0.7606176955569698 -0.10537672852503423 
v 0.6437457265547492 0.7641464144951071 -0.04088638840457992 
v 0.668058917495743 0.7412994500228975 -0.06459418046670881 
v 0.7367196380159456 0.6589420763850745 0.1517877298432937 
v 0.7205981582182099 0.6803460627503627 0.13366947771500898 
v 0.7145892596201808 0.6749585183575171 0.18382923742459234 
v 0.7268722390062269 0.6860093197458461 0.03237223167957772 
v 0.7246910983611958 0.6840456713765832 0.08309230666555752 
v 0.7443947453734552 0.6658069010994745 0.05077039992656588 
v 0.6814944421430403 0.7168289500255066 0.14738243359870296 
v 0.7036665892965024 0.7011064382744459 0.11533903640115949 
v 0.6860935338568556 0.7210328001169185 0.0968884098092634 
v 0.7145892596201808 0.6749585183575171 -0.18382923742459234 
v 0.7205981582182099 0.6803460627503627 -0.13366947771500898 
v 0.7367196380159456 0.6589420763850745 -0.1517877298432937 
v 0.6860935338568556 0.7210328001169185 -0.0968884098092634 
v 0.7036665892965024 0.7011064382744459 -0.11533903640115949 
v 0.6814944421430403 0.7168289500255066 -0.14738243359870296 
v 0.7443947453734552 0.6658069010994745 -0.05077039992656588 
v 0.7246910983611958 0.6840456713765832 -0.08309230666555752 
v 0.7268722390062269 0.6860093197458461 -0.03237223167957772 
v 0.6888934243620382 0.724139403552818 0.032372427973723354 
v 0.7085905524507796 0.7056198898681209 0.0 
v 0.6888934243620382 0.724139403552818 -0.032372427973723354 
v 0.8187133248919491 0.5059926618256584 0.27144044986507576 
v 0.8101767399136125 0.5261164068310135 0.25848631794772886 
v 0.8009091268885655 0.5203824507360323 0.29622065328494007 
v 0.824895772447439 0.5352381487613744 0.18184358308403367 
v 0.8181775419061719 0.5310798647927762 0.22031724202172814 
v 0.8343057915947906 0.5156293362164653 0.19509032201612936 
v 0.7831493674869161 0.5601275955485977 0.2700632239120865 
v 0.8011000378578574 0.5459416184299102 0.24532932684509987 
v 0.7915423744763886 0.5653583182317505 0.23201431295169542 
v 0.8387595223135118 0.5439035825405624 0.025521689363187997 
v 0.8372534572344589 0.5429668650160064 0.06475825695334898 
v 0.8499949874070014 0.5253257924845641 0.03925981575906884 
v 0.8089677705264491 0.5763783683241305 0.1155816714599656 
v 0.8235551163474788 0.5600153677778864 0.09022060845776399 
v 0.8121655861269365 0.5783963937713034 0.0764504570518787 
v 0.8447544856576217 0.5220869842853441 0.11753739745783832 
v 0.8344398512706104 0.5412100824903125 0.10393161801064552 
v 0.8303173204704432 0.5386562317296971 0.14290770219112198 
v 0.7416209427450434 0.6351848912747261 0.21572791005863756 
v 0.7596991429528194 0.6215964976178615 0.19098430916166778 
v 0.7481718674825195 0.639446515045332 0.1770508715146557 
v 0.7813353051621147 0.5846365383176946 0.21843822689979858 
v 0.7707768720583792 0.6032924330036318 0.20479563906601936 
v 0.7633696335048694 0.5984280051015053 0.2432092213565805 
v 0.7819244328900447 0.6102917824748669 0.1270359063148358 
v 0.7769646075386462 0.6072569092449321 0.1660272411582207 
v 0.7933365624373526 0.5922491222624804 0.14091868534515256 
v 0.8149288935235016 0.5545870303248164 0.16829772516603633 
v 0.8043872800040314 0.5736265314669972 0.1546405708889424 
v 0.7985761657619115 0.5699433162211066 0.19349605621792842 
v 0.8009091268885655 0.5203824507360323 -0.29622065328494007 
v 0.8101767399136125 0.5261164068310135 -0.25848631794772886 
v 0.8187133248919491 0.5059926618256584 -0.27144044986507576 
v 0.7915423744763886 0.5653583182317505 -0.23201431295169542 
v 0.8011000378578574 0.5459416184299102 -0.24532932684509987 
v 0.7831493674869161 0.5601275955485977 -0.2700632239120865 
v 0.8343057915947906 0.5156293362164653 -0.19509032201612936 
v 0.8181775419061719 0.5310798647927762 -0.22031724202172814 
v 0.824895772447439 0.5352381487613744 -0.18184358308403367 
v 0.7481718674825195 0.639446515045332 -0.1770508715146557 
v 0.7596991429528194 0.6215964976178615 -0.19098430916166778 
v 0.7416209427450434 0.6351848912747261 -0.21572791005863756 
v 0.7933365624373526 0.5922491222624804 -0.14091868534515256 
v 0.7769646075386462 0.6072569092449321 -0.1660272411582207 
v 0.7819244328900447 0.6102917824748669 -0.1270359063148358 
v 0.7633696335048694 0.5984280051015053 -0.2432092213565805 
v 0.7707768720583792 0.6032924330036318 -0.20479563906601936 
v 0.7813353051621147 0.5846365383176946 -0.21843822689979858 
v 0.8499949874070014 0.5253257924845641 -0.03925981575906884 
v 0.8372534572344589 0.5429668650160064 -0.06475825695334898 
v 0.8387595223135118 0.5439035825405624 -0.025521689363187997 
v 0.8303173204704432 0.5386562317296971 -0.14290770219112198 
v 0.8344398512706104 0.5412100824903125 -0.10393161801064552 
v 0.8447544856576217 0.5220869842853441 -0.11753739745783832 
v 0.8121655861269365 0.5783963937713034 -0.0764504570518787 
v 0.8235551163474788 0.5600153677778864 -0.09022060845776399 
v 0.8089677705264491 0.5763783683241305 -0.1155816714599656 
v 0.7985761657619115 0.5699433162211066 -0.19349605621792842 
v 0.8043872800040314 0.5736265314669972 -0.1546405708889424 
v 0.8149288935235016 0.5545870303248164 -0.16829772516603633 
v 0.7539285507774984 0.6445950743156993 0.12684214792599202 
v 0.785791333206552 0.6137483467774048 0.07645225624840753 
v 0.7703301857731882 0.6294820555089343 0.10170421170675417 
v 0.7577799549291617 0.6480389750561468 0.07625632246401928 
v 0.7597080207164643 0.6497632653298251 0.02552297566890567 
v 0.8270031505374462 0.5621972865472923 0.0 
v 0.8006156720352336 0.5970066757287225 -0.05096640880924787 
v 0.8142511354171935 0.5799514881623519 -0.025521752488508433 
v 0.8142511354171935 0.5799514881623519 0.025521752488508433 
v 0.8006156720352336 0.5970066757287225 0.05096640880924787 
v 0.7539285507774984 0.6445950743156993 -0.12684214792599202 
v 0.7597080207164643 0.6497632653298251 -0.02552297566890567 
v 0.7577799549291617 0.6480389750561468 -0.07625632246401928 
v 0.7703301857731882 0.6294820555089343 -0.10170421170675417 
v 0.785791333206552 0.6137483467774048 -0.07645225624840753 
v 0.7878769212383893 0.6153036090689086 0.025523041485935635 
v 0.7878769212383893 0.6153036090689086 -0.025523041485935635 
v 0.7741997711289156 0.6329413198582746 0.0 
v 0.8934777523413767 0.0 0.4491074549269934 
v 0.8931886811514114 0.06628477117636096 0.4447699506184067 
v 0.8616205216130245 0.08340331283427277 0.5006535370329146 
v 0.9310814420111693 0.05269754103470302 0.3609852040060607 
v 0.9155090289422214 0.05266085194978226 0.3988358717532737 
v 0.9311208239337458 0.0 0.364710859773797 
v 0.865994424082004 0.17050312837677456 0.4700875882988312 
v 0.8902398512309615 0.1188164180656216 0.43972226015785354 
v 0.8911600430072988 0.15721312050528152 0.4255793844727695 
v 0.9723947334963671 0.04193666611545143 0.22954258494591 
v 0.9644553277321605 0.04191970456249211 0.26089971095891307 
v 0.9724004726364813 0.0 0.23331806791662668 
v 0.9410602237031607 0.12525789582742683 0.31419120754190905 
v 0.9539871847962166 0.08374072360236126 0.28791655467364535 
v 0.9508203664687948 0.12537760892306432 0.283233271154506 
v 0.9552987369328824 0.0 0.2956422216369638 
v 0.9554731706147376 0.04186824979238771 0.2920925707626653 
v 0.945517893868444 0.0418510080968858 0.3228690221991825 
v 0.8587877557821093 0.29744195427896203 0.4171473053412188 
v 0.8818430472458384 0.25820146276382144 0.394569188673922 
v 0.878584757378025 0.2875343720770853 0.38133031478920365 
v 0.8856375634903906 0.19861974828420137 0.41975743200844573 
v 0.8841897258891598 0.2284907309191235 0.4074316071638247 
v 0.8642113836242095 0.2384697869073738 0.44302465523566653 
v 0.919442533691752 0.20752584162667242 0.3340036710810719 
v 0.9026333150732726 0.2181868999908616 0.37100886133920274 
v 0.9210530842334955 0.1776372669766692 0.3465634392214867 
v 0.9293998197915082 0.09448548580673737 0.3567750943428883 
v 0.9260717439202725 0.13624673868715992 0.35189195971146914 
v 0.9093925590053893 0.1468651745665792 0.38914752231661165 
v 0.9992290362407229 0.03339639401120376 0.020640106600607534 
v 0.998381619512165 0.03338963519342115 0.04603557409131337 
v 0.9996775359207624 0.0 0.025393388418898256 
v 0.9911665303697137 0.09993565318565238 0.08718815456941542 
v 0.9955412401529341 0.06673567441237252 0.06666325011191572 
v 0.9930684569549263 0.09998328215910428 0.061793066681097936 
v 0.997099070949726 0.0 0.07611466817370417 
v 0.996885285250077 0.03336918626127187 0.07145785793132124 
v 0.9947467574754734 0.03336233687719477 0.09677728540377814 
v 0.9584091347541085 0.23065683043032645 0.16807545030645205 
v 0.968847109934543 0.19845020954343537 0.148164745819139 
v 0.9624552364536474 0.23090103809716608 0.14270468958168417 
v 0.9783745591389662 0.13286563781159058 0.15852427044005885 
v 0.9741574700747876 0.1657332869340561 0.15345911865875891 
v 0.9698784487655955 0.1654987589202486 0.17873431516051827 
v 0.9807852804032304 0.16595374012467878 0.10256505195721954 
v 0.9777976979249582 0.16589436739523306 0.12802625043008733 
v 0.9852298474534369 0.13308997080508328 0.10774603175049971 
v 0.9842399820715815 0.0 0.17683794188955307 
v 0.984425163259758 0.03325613829779551 0.17263002985146206 
v 0.9797187411961886 0.033248929674164485 0.1975998401428451 
v 0.9919329336733018 0.03328478892528173 0.12231589398142963 
v 0.9885031377134866 0.03327766927497027 0.1474928590075372 
v 0.9919487916338485 0.0 0.12663962561594838 
v 0.9769922997095801 0.09959747702838313 0.18859053231211437 
v 0.9835112651961696 0.06651073923484514 0.16817227119434497 
v 0.9814935909986876 0.09964762626671896 0.16352578208927573 
v 0.9885916964210422 0.09993190975748022 0.11269459250376102 
v 0.985362809740326 0.09982644348535942 0.13818398735640267 
v 0.9908269172305946 0.06662431451338467 0.11757219402111264 
v 0.8166031040209722 0.47929508518472724 0.3216140417038383 
v 0.8386282893936576 0.45162928325965496 0.3045218920390423 
v 0.8314696123025455 0.47259626781445446 0.2920805564656833 
v 0.8513540261948713 0.4087693811094897 0.3287915983554735 
v 0.8452634228226743 0.4303203755337721 0.31678718477642104 
v 0.8301908194606841 0.43697147540112563 0.3461778920857906 
v 0.8724960070727973 0.4156460540573608 0.25688338869722727 
v 0.8593776962758704 0.4232164603111621 0.28698049213364385 
v 0.8787810153877162 0.39416475125168177 0.269031737653449 
v 0.8702952848623411 0.3197232575226656 0.3746507116575007 
v 0.8663903688799297 0.3422752418392894 0.3636143390131298 
v 0.8509128013333636 0.349055090796853 0.39256585194819055 
v 0.894401053805432 0.32765884880512564 0.30444446743442827 
v 0.880900787102014 0.33514845848721947 0.3341995123525656 
v 0.8984797918153645 0.30514589123743313 0.3156264386269501 
v 0.8416372264580856 0.39352078653234074 0.3698488469725288 
v 0.8619324720229314 0.3646439740315426 0.3522884980735565 
v 0.8569306850069653 0.38672526449141453 0.3407541208812282 
v 0.9381913359224842 0.2944247543873977 0.18196450534075298 
v 0.9288243060851744 0.3032312703461523 0.21292300277248796 
v 0.9426358632773417 0.2719517912702809 0.19359713966964 
v 0.8969080302451762 0.3643194902044644 0.2506537339416216 
v 0.913564425488609 0.33405925784222673 0.2319578684407328 
v 0.9081431738250814 0.35613324416066494 0.22010244941505783 
v 0.9226294678520707 0.28919819688565135 0.25518477221239694 
v 0.9183980675621936 0.3117132979044132 0.24367972711652286 
v 0.9069411577001841 0.319880710710337 0.2741059419000244 
v 0.871239777798855 0.37970751016305065 0.31106825023904106 
v 0.8897896808912725 0.35004014322335364 0.292824558245345 
v 0.8845779820391438 0.37224334930541325 0.2809923176697973 
v 0.9714349265934731 0.07515598965966658 0.22509056091406782 
v 0.9662177624244155 0.14138582261625837 0.2154838386948767 
v 0.9693795691418807 0.10836400440998692 0.2203644560235025 
v 0.9606408486323642 0.11694226035298 0.25197949853594653 
v 0.9473853654161962 0.15841759798759364 0.2781453469735951 
v 0.9501582464600629 0.23977305953412628 0.19926913109054997 
v 0.9304655360394656 0.2570553183310888 0.26106790220265014 
v 0.9408320950776016 0.24855823344282157 0.23033404754763118 
v 0.9566054055679619 0.2072631704639531 0.20481229505912274 
v 0.9619645089681028 0.17458993659320432 0.21010149339340226 
v 0.8930421679691682 0.280390896209962 0.35193270884005984 
v 0.9316112989587759 0.19971464011391926 0.30366832264250077 
v 0.9135118494925282 0.24032758195683432 0.32823582099996573 
v 0.9065229095080919 0.27292487575052876 0.3220686677302566 
v 0.9189676695462834 0.26508817174279725 0.29193609494328426 
v 0.9529446768594135 0.18315061440640265 0.2415621975555471 
v 0.9371705697248317 0.2244477630269198 0.26708523904148274 
v 0.9428114318136241 0.19151026128613993 0.2728193978874271 
v 0.8616205216130245 0.08340331283427277 -0.5006535370329146 
v 0.8931886811514114 0.06628477117636096 -0.4447699506184067 
v 0.8934777523413767 0.0 -0.4491074549269934 
v 0.8911600430072988 0.15721312050528152 -0.4255793844727695 
v 0.8902398512309615 0.1188164180656216 -0.43972226015785354 
v 0.865994424082004 0.17050312837677456 -0.4700875882988312 
v 0.9311208239337458 0.0 -0.364710859773797 
v 0.9155090289422214 0.05266085194978226 -0.3988358717532737 
v 0.9310814420111693 0.05269754103470302 -0.3609852040060607 
v 0.878584757378025 0.2875343720770853 -0.38133031478920365 
v 0.8818430472458384 0.25820146276382144 -0.394569188673922 
v 0.8587877557821093 0.29744195427896203 -0.4171473053412188 
v 0.9210530842334955 0.1776372669766692 -0.3465634392214867 
v 0.9026333150732726 0.2181868999908616 -0.37100886133920274 
v 0.919442533691752 0.20752584162667242 -0.3340036710810719 
v 0.8642113836242095 0.2384697869073738 -0.44302465523566653 
v 0.8841897258891598 0.2284907309191235 -0.4074316071638247 
v 0.8856375634903906 0.19861974828420137 -0.41975743200844573 
v 0.9724004726364813 0.0 -0.23331806791662668 
v 0.9644553277321605 0.04191970456249211 -0.26089971095891307 
v 0.9723947334963671 0.04193666611545143 -0.22954258494591 
v 0.945517893868444 0.0418510080968858 -0.3228690221991825 
v 0.9554731706147376 0.04186824979238771 -0.2920925707626653 
v 0.9552987369328824 0.0 -0.2956422216369638 
v 0.9508203664687948 0.12537760892306432 -0.283233271154506 
v 0.9539871847962166 0.08374072360236126 -0.28791655467364535 
v 0.9410602237031607 0.12525789582742683 -0.31419120754190905 
v 0.9093925590053893 0.1468651745665792 -0.38914752231661165 
v 0.9260717439202725 0.13624673868715992 -0.35189195971146914 
v 0.9293998197915082 0.09448548580673737 -0.3567750943428883 
v 0.8314696123025455 0.47259626781445446 -0.2920805564656833 
v 0.8386282893936576 0.45162928325965496 -0.3045218920390423 
v 0.8166031040209722 0.47929508518472724 -0.3216140417038383 
v 0.8787810153877162 0.39416475125168177 -0.269031737653449 
v 0.8593776962758704 0.4232164603111621 -0.28698049213364385 
v 0.8724960070727973 0.4156460540573608 -0.25688338869722727 
v 0.8301908194606841 0.43697147540112563 -0.3461778920857906 
v 0.8452634228226743 0.4303203755337721 -0.31678718477642104 
v 0.8513540261948713 0.4087693811094897 -0.3287915983554735 
v 0.9426358632773417 0.2719517912702809 -0.19359713966964 
v 0.9288243060851744 0.3032312703461523 -0.21292300277248796 
v 0.9381913359224842 0.2944247543873977 -0.18196450534075298 
v 0.9069411577001841 0.319880710710337 -0.2741059419000244 
v 0.9183980675621936 0.3117132979044132 -0.24367972711652286 
v 0.9226294678520707 0.28919819688565135 -0.25518477221239694 
v 0.9081431738250814 0.35613324416066494 -0.22010244941505783 
v 0.913564425488609 0.33405925784222673 -0.2319578684407328 
v 0.8969080302451762 0.3643194902044644 -0.2506537339416216 
v 0.8509128013333636 0.349055090796853 -0.39256585194819055 
v 0.8663903688799297 0.3422752418392894 -0.3636143390131298 
v 0.8702952848623411 0.3197232575226656 -0.3746507116575007 
v 0.8569306850069653 0.38672526449141453 -0.3407541208812282 
v 0.8619324720229314 0.3646439740315426 -0.3522884980735565 
v 0.8416372264580856 0.39352078653234074 -0.3698488469725288 
v 0.8984797918153645 0.30514589123743313 -0.3156264386269501 
v 0.880900787102014 0.33514845848721947 -0.3341995123525656 
v 0.894401053805432 0.32765884880512564 -0.30444446743442827 
v 0.8845779820391438 0.37224334930541325 -0.2809923176697973 
v 0.8897896808912725 0.35004014322335364 -0.292824558245345 
v 0.871239777798855 0.37970751016305065 -0.31106825023904106 
v 0.9996775359207624 0.0 -0.025393388418898256 
v 0.998381619512165 0.03338963519342115 -0.04603557409131337 
v 0.9992290362407229 0.03339639401120376 -0.020640106600607534 
v 0.9947467574754734 0.03336233687719477 -0.09677728540377814 
v 0.996885285250077 0.03336918626127187 -0.07145785793132124 
v 0.997099070949726 0.0 -0.07611466817370417 
v 0.9930684569549263 0.09998328215910428 -0.061793066681097936 
v 0.9955412401529341 0.06673567441237252 -0.06666325011191572 
v 0.9911665303697137 0.09993565318565238 -0.08718815456941542 
v 0.9797187411961886 0.033248929674164485 -0.1975998401428451 
v 0.984425163259758 0.03325613829779551 -0.17263002985146206 
v 0.9842399820715815 0.0 -0.17683794188955307 
v 0.9814935909986876 0.09964762626671896 -0.16352578208927573 
v 0.9835112651961696 0.06651073923484514 -0.16817227119434497 
v 0.9769922997095801 0.09959747702838313 -0.18859053231211437 
v 0.9919487916338485 0.0 -0.12663962561594838 
v 0.9885031377134866 0.03327766927497027 -0.1474928590075372 
v 0.9919329336733018 0.03328478892528173 -0.12231589398142963 
v 0.9624552364536474 0.23090103809716608 -0.14270468958168417 
v 0.968847109934543 0.19845020954343537 -0.148164745819139 
v 0.9584091347541085 0.23065683043032645 -0.16807545030645205 
v 0.9852298474534369 0.13308997080508328 -0.10774603175049971 
v 0.9777976979249582 0.16589436739523306 -0.12802625043008733 
v 0.9807852804032304 0.16595374012467878 -0.10256505195721954 
v 0.9698784487655955 0.1654987589202486 -0.17873431516051827 
v 0.9741574700747876 0.1657332869340561 -0.15345911865875891 
v 0.9783745591389662 0.13286563781159058 -0.15852427044005885 
v 0.9908269172305946 0.06662431451338467 -0.11757219402111264 
v 0.985362809740326 0.09982644348535942 -0.13818398735640267 
v 0.9885916964210422 0.09993190975748022 -0.11269459250376102 
v 0.8930421679691682 0.280390896209962 -0.35193270884005984 
v 0.9189676695462834 0.26508817174279725 -0.29193609494328426 
v 0.9065229095080919 0.27292487575052876 -0.3220686677302566 
v 0.9135118494925282 0.24032758195683432 -0.32823582099996573 
v 0.9316112989587759 0.19971464011391926 -0.30366832264250077 
v 0.9501582464600629 0.23977305953412628 -0.19926913109054997 
v 0.9619645089681028 0.17458993659320432 -0.21010149339340226 
v 0.9566054055679619 0.2072631704639531 -0.20481229505912274 
v 0.9408320950776016 0.24855823344282157 -0.23033404754763118 
v 0.9304655360394656 0.2570553183310888 -0.26106790220265014 
v 0.9714349265934731 0.07515598965966658 -0.22509056091406782 
v 0.9473853654161962 0.15841759798759364 -0.2781453469735951 
v 0.9606408486323642 0.11694226035298 -0.25197949853594653 
v 0.9693795691418807 0.10836400440998692 -0.2203644560235025 
v 0.9662177624244155 0.14138582261625837 -0.2154838386948767 
v 0.9371705697248317 0.2244477630269198 -0.26708523904148274 
v 0.9529446768594135 0.18315061440640265 -0.2415621975555471 
v 0.9428114318136241 0.19151026128613993 -0.2728193978874271 
v 0.8406091346018488 0.4782414933315213 0.25428597460333346 
v 0.8805165461912665 0.42058094774662386 0.21863732132450517 
v 0.8612546042386628 0.44971124485826697 0.23664383137054754 
v 0.8484982682343841 0.48310776608938305 0.21600364614371015 
v 0.8550806756764929 0.48717292128774276 0.17748121829815974 
v 0.9438788183165006 0.29785156047492034 0.14274881525288216 
v 0.9302399032813874 0.32919601957122435 0.16212249394052966 
v 0.9096258938252693 0.3971839129141823 0.12176071864422876 
v 0.9206980463343025 0.3635207239259176 0.14201334709306526 
v 0.9248259540359197 0.36627924233997544 0.10264731546613545 
v 0.9151241562797692 0.3601341179106339 0.18124898816261095 
v 0.8986292637583533 0.3904688003473797 0.19999890567800102 
v 0.8670792945878901 0.49455263988093323 0.05992648232431772 
v 0.8684279750460234 0.49538443263687176 0.020666786361407435 
v 0.8604376854859516 0.4904556503485304 0.13820363394925206 
v 0.8644090357931763 0.492908027088081 0.09919019947175642 
v 0.8996197699180694 0.4322698890871957 0.06186285283676537 
v 0.8827361904553981 0.4629061528929148 0.0805897740049722 
v 0.8968686317768634 0.4305828585602986 0.10111903504651848 
v 0.8873878812482789 0.4245344592920956 0.17975884147172938 
v 0.8928517214004176 0.4278731161471061 0.14050053405904217 
v 0.8746305692743679 0.45793353564488126 0.15911707709285489 
v 0.9977665097691003 0.06679814356093862 0.0 
v 0.9902059714642681 0.133410304175464 -0.04115610302634545 
v 0.9947521992493799 0.10021000370384166 -0.020640185226837394 
v 0.9947521992493799 0.10021000370384166 0.020640185226837394 
v 0.9902059714642681 0.133410304175464 0.04115610302634545 
v 0.956651594726083 0.2644119977039306 -0.12208202889147472 
v 0.9672765061840353 0.2322329343442593 -0.10219601161621196 
v 0.9721208943936089 0.23356987729932488 -0.020641683597710306 
v 0.9705052658150477 0.23312373044020082 -0.061423573088093084 
v 0.9630592997300733 0.266183043809057 -0.04078446262937009 
v 0.9764270709041961 0.19964100381445143 -0.0820587886908545 
v 0.9840438069077393 0.1668506232487429 -0.061795271728748984 
v 0.9672765061840353 0.2322329343442593 0.10219601161621196 
v 0.956651594726083 0.2644119977039306 0.12208202889147472 
v 0.9840438069077393 0.1668506232487429 0.061795271728748984 
v 0.9764270709041961 0.19964100381445143 0.0820587886908545 
v 0.9630592997300733 0.266183043809057 0.04078446262937009 
v 0.9705052658150477 0.23312373044020082 0.061423573088093084 
v 0.9721208943936089 0.23356987729932488 0.020641683597710306 
v 0.9857276430821997 0.16707762036532117 -0.020641764378874525 
v 0.9796858268864171 0.20053847660206547 0.0 
v 0.9857276430821997 0.16707762036532117 0.020641764378874525 
v 0.8406091346018488 0.4782414933315213 -0.25428597460333346 
v 0.8550806756764929 0.48717292128774276 -0.17748121829815974 
v 0.8484982682343841 0.48310776608938305 -0.21600364614371015 
v 0.8612546042386628 0.44971124485826697 -0.23664383137054754 
v 0.8805165461912665 0.42058094774662386 -0.21863732132450517 
v 0.8684279750460234 0.49538443263687176 -0.020666786361407435 
v 0.8670792945878901 0.49455263988093323 -0.05992648232431772 
v 0.8968686317768634 0.4305828585602986 -0.10111903504651848 
v 0.8827361904553981 0.4629061528929148 -0.0805897740049722 
v 0.8996197699180694 0.4322698890871957 -0.06186285283676537 
v 0.8644090357931763 0.492908027088081 -0.09919019947175642 
v 0.8604376854859516 0.4904556503485304 -0.13820363394925206 
v 0.9302399032813874 0.32919601957122435 -0.16212249394052966 
v 0.9438788183165006 0.29785156047492034 -0.14274881525288216 
v 0.8986292637583533 0.3904688003473797 -0.19999890567800102 
v 0.9151241562797692 0.3601341179106339 -0.18124898816261095 
v 0.9248259540359197 0.36627924233997544 -0.10264731546613545 
v 0.9206980463343025 0.3635207239259176 -0.14201334709306526 
v 0.9096258938252693 0.3971839129141823 -0.12176071864422876 
v 0.8746305692743679 0.45793353564488126 -0.15911707709285489 
v 0.8928517214004176 0.4278731161471061 -0.14050053405904217 
v 0.8873878812482789 0.4245344592920956 -0.17975884147172938 
v 0.9487020029781063 0.2991854382437394 0.10223787501816975 
v 0.9535491726501863 0.3005275143307396 0.02066853812760538 
v 0.9519324633851035 0.3000801974347644 0.06145291092439256 
v 0.9391596329225859 0.33351990171817564 0.08211978474528632 
v 0.9280881723418585 0.3671852785255135 0.06186530201405175 
v 0.9487020029781063 0.2991854382437394 -0.10223787501816975 
v 0.9280881723418585 0.3671852785255135 -0.06186530201405175 
v 0.9391596329225859 0.33351990171817564 -0.08211978474528632 
v 0.9519324633851035 0.3000801974347644 -0.06145291092439256 
v 0.9535491726501863 0.3005275143307396 -0.02066853812760538 
v 0.8855155212793143 0.4646097949607007 0.0 
v 0.9153143132812254 0.40062767571375185 0.04119676388644637 
v 0.901179645263692 0.43295280030146177 0.020666873820893758 
v 0.901179645263692 0.43295280030146177 -0.020666873820893758 
v 0.9153143132812254 0.40062767571375185 -0.04119676388644637 
v 0.9424222167125196 0.334425425837601 0.0 
v 0.929648302115739 0.36786796842136105 -0.020668627986979632 
v 0.929648302115739 0.36786796842136105 0.020668627986979632 
v 0.5840568498671873 -0.8100744395071032 -0.05154608210592133 
v 0.6183057344946291 -0.7859376684515491 0.0 
v 0.5840568498671873 -0.8100744395071032 0.05154608210592133 
v 0.668058917495743 -0.7412994500228975 -0.06459418046670881 
v 0.6437457265547492 -0.7641464144951071 -0.04088638840457992 
v 0.6405907166756055 -0.7606176955569698 -0.10537672852503423 
v 0.6405907166756055 -0.7606176955569698 0.10537672852503423 
v 0.6437457265547492 -0.7641464144951071 0.04088638840457992 
v 0.668058917495743 -0.7412994500228975 0.06459418046670881 
v 0.7367196380159456 -0.6589420763850745 -0.1517877298432937 
v 0.7205981582182099 -0.6803460627503627 -0.13366947771500898 
v 0.7145892596201808 -0.6749585183575171 -0.18382923742459234 
v 0.7268722390062269 -0.6860093197458461 -0.03237223167957772 
v 0.7246910983611958 -0.6840456713765832 -0.08309230666555752 
v 0.7443947453734552 -0.6658069010994745 -0.05077039992656588 
v 0.6814944421430403 -0.7168289500255066 -0.14738243359870296 
v 0.7036665892965024 -0.7011064382744459 -0.11533903640115949 
v 0.6860935338568556 -0.7210328001169185 -0.0968884098092634 
v 0.7145892596201808 -0.6749585183575171 0.18382923742459234 
v 0.7205981582182099 -0.6803460627503627 0.13366947771500898 
v 0.7367196380159456 -0.6589420763850745 0.1517877298432937 
v 0.6860935338568556 -0.7210328001169185 0.0968884098092634 
v 0.7036665892965024 -0.7011064382744459 0.11533903640115949 
v 0.6814944421430403 -0.7168289500255066 0.14738243359870296 
v 0.7443947453734552 -0.6658069010994745 0.05077039992656588 
v 0.7246910983611958 -0.6840456713765832 0.08309230666555752 
v 0.7268722390062269 -0.6860093197458461 0.03237223167957772 
v 0.6888934243620382 -0.724139403552818 -0.032372427973723354 
v 0.7085905524507796 -0.7056198898681209 0.0 
v 0.6888934243620382 -0.724139403552818 0.032372427973723354 
v 0.8187133248919491 -0.5059926618256584 -0.27144044986507576 
v 0.8101767399136125 -0.5261164068310135 -0.25848631794772886 
v 0.8009091268885655 -0.5203824507360323 -0.29622065328494007 
v 0.824895772447439 -0.5352381487613744 -0.18184358308403367 
v 0.8181775419061719 -0.5310798647927762 -0.22031724202172814 
v 0.8343057915947906 -0.5156293362164653 -0.19509032201612936 
v 0.7831493674869161 -0.5601275955485977 -0.2700632239120865 
v 0.8011000378578574 -0.5459416184299102 -0.24532932684509987 
v 0.7915423744763886 -0.5653583182317505 -0.23201431295169542 
v 0.8387595223135118 -0.5439035825405624 -0.025521689363187997 
v 0.8372534572344589 -0.5429668650160064 -0.06475825695334898 
v 0.8499949874070014 -0.5253257924845641 -0.03925981575906884 
v 0.8089677705264491 -0.5763783683241305 -0.1155816714599656 
v 0.8235551163474788 -0.5600153677778864 -0.09022060845776399 
v 0.8121655861269365 -0.5783963937713034 -0.0764504570518787 
v 0.8447544856576217 -0.5220869842853441 -0.11753739745783832 
v 0.8344398512706104 -0.5412100824903125 -0.10393161801064552 
v 0.8303173204704432 -0.5386562317296971 -0.14290770219112198 
v 0.7416209427450434 -0.6351848912747261 -0.21572791005863756 
v 0.7596991429528194 -0.6215964976178615 -0.19098430916166778 
v 0.7481718674825195 -0.639446515045332 -0.1770508715146557 
v 0.7813353051621147 -0.5846365383176946 -0.21843822689979858 
v 0.7707768720583792 -0.6032924330036318 -0.20479563906601936 
v 0.7633696335048694 -0.5984280051015053 -0.2432092213565805 
v 0.7819244328900447 -0.6102917824748669 -0.1270359063148358 
v 0.7769646075386462 -0.6072569092449321 -0.1660272411582207 
v 0.7933365624373526 -0.5922491222624804 -0.14091868534515256 
v 0.8149288935235016 -0.5545870303248164 -0.16829772516603633 
v 0.8043872800040314 -0.5736265314669972 -0.1546405708889424 
v 0.7985761657619115 -0.5699433162211066 -0.19349605621792842 
v 0.8009091268885655 -0.5203824507360323 0.29622065328494007 
v 0.8101767399136125 -0.5261164068310135 0.25848631794772886 
v 0.8187133248919491 -0.5059926618256584 0.27144044986507576 
v 0.7915423744763886 -0.5653583182317505 0.23201431295169542 
v 0.8011000378578574 -0.5459416184299102 0.24532932684509987 
v 0.7831493674869161 -0.5601275955485977 0.2700632239120865 
v 0.8343057915947906 -0.5156293362164653 0.19509032201612936 
v 0.8181775419061719 -0.5310798647927762 0.22031724202172814 
v 0.824895772447439 -0.5352381487613744 0.18184358308403367 
v 0.7481718674825195 -0.639446515045332 0.1770508715146557 
v 0.7596991429528194 -0.6215964976178615 0.19098430916166778 
v 0.7416209427450434 -0.6351848912747261 0.21572791005863756 
v 0.7933365624373526 -0.5922491222624804 0.14091868534515256 
v 0.7769646075386462 -0.6072569092449321 0.1660272411582207 
v 0.7819244328900447 -0.6102917824748669 0.1270359063148358 
v 0.7633696335048694 -0.5984280051015053 0.2432092213565805 
v 0.7707768720583792 -0.6032924330036318 0.20479563906601936 
v 0.7813353051621147 -0.5846365383176946 0.21843822689979858 
v 0.8499949874070014 -0.5253257924845641 0.03925981575906884 
v 0.8372534572344589 -0.5429668650160064 0.06475825695334898 
v 0.8387595223135118 -0.5439035825405624 0.025521689363187997 
v 0.8303173204704432 -0.5386562317296971 0.14290770219112198 
v 0.8344398512706104 -0.5412100824903125 0.10393161801064552 
v 0.8447544856576217 -0.5220869842853441 0.11753739745783832 
v 0.8121655861269365 -0.5783963937713034 0.0764504570518787 
v 0.8235551163474788 -0.5600153677778864 0.09022060845776399 
v 0.8089677705264491 -0.5763783683241305 0.1155816714599656 
v 0.7985761657619115 -0.5699433162211066 0.19349605621792842 
v 0.8043872800040314 -0.5736265314669972 0.1546405708889424 
v 0.8149288935235016 -0.5545870303248164 0.16829772516603633 
v 0.7539285507774984 -0.6445950743156993 -0.12684214792599202 
v 0.785791333206552 -0.6137483467774048 -0.07645225624840753 
v 0.7703301857731882 -0.6294820555089343 -0.10170421170675417 
v 0.7577799549291617 -0.6480389750561468 -0.07625632246401928 
v 0.7597080207164643 -0.6497632653298251 -0.02552297566890567 
v 0.8270031505374462 -0.5621972865472923 0.0 
v 0.8006156720352336 -0.5970066757287225 0.05096640880924787 
v 0.8142511354171935 -0.5799514881623519 0.025521752488508433 
v 0.8142511354171935 -0.5799514881623519 -0.025521752488508433 
v 0.8006156720352336 -0.5970066757287225 -0.05096640880924787 
v 0.7539285507774984 -0.6445950743156993 0.12684214792599202 
v 0.7597080207164643 -0.6497632653298251 0.02552297566890567 
v 0.7577799549291617 -0.6480389750561468 0.07625632246401928 
v 0.7703301857731882 -0.6294820555089343 0.10170421170675417 
v 0.785791333206552 -0.6137483467774048 0.07645225624840753 
v 0.7878769212383893 -0.6153036090689086 -0.025523041485935635 
v 0.7878769212383893 -0.6153036090689086 0.025523041485935635 
v 0.7741997711289156 -0.6329413198582746 0.0 
v 0.8931886811514114 -0.06628477117636096 -0.4447699506184067 
v 0.8616205216130245 -0.08340331283427277 -0.5006535370329146 
v 0.9310814420111693 -0.05269754103470302 -0.3609852040060607 
v 0.9155090289422214 -0.05266085194978226 -0.3988358717532737 
v 0.865994424082004 -0.17050312837677456 -0.4700875882988312 
v 0.8902398512309615 -0.1188164180656216 -0.43972226015785354 
v 0.8911600430072988 -0.15721312050528152 -0.4255793844727695 
v 0.9723947334963671 -0.04193666611545143 -0.22954258494591 
v 0.9644553277321605 -0.04191970456249211 -0.26089971095891307 
v 0.9410602237031607 -0.12525789582742683 -0.31419120754190905 
v 0.9539871847962166 -0.08374072360236126 -0.28791655467364535 
v 0.9508203664687948 -0.12537760892306432 -0.283233271154506 
v 0.9554731706147376 -0.04186824979238771 -0.2920925707626653 
v 0.945517893868444 -0.0418510080968858 -0.3228690221991825 
v 0.8587877557821093 -0.29744195427896203 -0.4171473053412188 
v 0.8818430472458384 -0.25820146276382144 -0.394569188673922 
v 0.878584757378025 -0.2875343720770853 -0.38133031478920365 
v 0.8856375634903906 -0.19861974828420137 -0.41975743200844573 
v 0.8841897258891598 -0.2284907309191235 -0.4074316071638247 
v 0.8642113836242095 -0.2384697869073738 -0.44302465523566653 
v 0.919442533691752 -0.20752584162667242 -0.3340036710810719 
v 0.9026333150732726 -0.2181868999908616 -0.37100886133920274 
v 0.9210530842334955 -0.1776372669766692 -0.3465634392214867 
v 0.9293998197915082 -0.09448548580673737 -0.3567750943428883 
v 0.9260717439202725 -0.13624673868715992 -0.35189195971146914 
v 0.9093925590053893 -0.1468651745665792 -0.38914752231661165 
v 0.9992290362407229 -0.03339639401120376 -0.020640106600607534 
v 0.998381619512165 -0.03338963519342115 -0.04603557409131337 
v 0.9911665303697137 -0.09993565318565238 -0.08718815456941542 
v 0.9955412401529341 -0.06673567441237252 -0.06666325011191572 
v 0.9930684569549263 -0.09998328215910428 -0.061793066681097936 
v 0.996885285250077 -0.03336918626127187 -0.07145785793132124 
v 0.9947467574754734 -0.03336233687719477 -0.09677728540377814 
v 0.9584091347541085 -0.23065683043032645 -0.16807545030645205 
v 0.968847109934543 -0.19845020954343537 -0.148164745819139 
v 0.9624552364536474 -0.23090103809716608 -0.14270468958168417 
v 0.9783745591389662 -0.13286563781159058 -0.15852427044005885 
v 0.9741574700747876 -0.1657332869340561 -0.15345911865875891 
v 0.9698784487655955 -0.1654987589202486 -0.17873431516051827 
v 0.9807852804032304 -0.16595374012467878 -0.10256505195721954 
v 0.9777976979249582 -0.16589436739523306 -0.12802625043008733 
v 0.9852298474534369 -0.13308997080508328 -0.10774603175049971 
v 0.984425163259758 -0.03325613829779551 -0.17263002985146206 
v 0.9797187411961886 -0.033248929674164485 -0.1975998401428451 
v 0.9919329336733018 -0.03328478892528173 -0.12231589398142963 
v 0.9885031377134866 -0.03327766927497027 -0.1474928590075372 
v 0.9769922997095801 -0.09959747702838313 -0.18859053231211437 
v 0.9835112651961696 -0.06651073923484514 -0.16817227119434497 
v 0.9814935909986876 -0.09964762626671896 -0.16352578208927573 
v 0.9885916964210422 -0.09993190975748022 -0.11269459250376102 
v 0.985362809740326 -0.09982644348535942 -0.13818398735640267 
v 0.9908269172305946 -0.06662431451338467 -0.11757219402111264 
v 0.8166031040209722 -0.47929508518472724 -0.3216140417038383 
v 0.8386282893936576 -0.45162928325965496 -0.3045218920390423 
v 0.8314696123025455 -0.47259626781445446 -0.2920805564656833 
v 0.8513540261948713 -0.4087693811094897 -0.3287915983554735 
v 0.8452634228226743 -0.4303203755337721 -0.31678718477642104 
v 0.8301908194606841 -0.43697147540112563 -0.3461778920857906 
v 0.8724960070727973 -0.4156460540573608 -0.25688338869722727 
v 0.8593776962758704 -0.4232164603111621 -0.28698049213364385 
v 0.8787810153877162 -0.39416475125168177 -0.269031737653449 
v 0.8702952848623411 -0.3197232575226656 -0.3746507116575007 
v 0.8663903688799297 -0.3422752418392894 -0.3636143390131298 
v 0.8509128013333636 -0.349055090796853 -0.39256585194819055 
v 0.894401053805432 -0.32765884880512564 -0.30444446743442827 
v 0.880900787102014 -0.33514845848721947 -0.3341995123525656 
v 0.8984797918153645 -0.30514589123743313 -0.3156264386269501 
v 0.8416372264580856 -0.39352078653234074 -0.3698488469725288 
v 0.8619324720229314 -0.3646439740315426 -0.3522884980735565 
v 0.8569306850069653 -0.38672526449141453 -0.3407541208812282 
v 0.9381913359224842 -0.2944247543873977 -0.18196450534075298 
v 0.9288243060851744 -0.3032312703461523 -0.21292300277248796 
v 0.9426358632773417 -0.2719517912702809 -0.19359713966964 
v 0.8969080302451762 -0.3643194902044644 -0.2506537339416216 
v 0.913564425488609 -0.33405925784222673 -0.2319578684407328 
v 0.9081431738250814 -0.35613324416066494 -0.22010244941505783 
v 0.9226294678520707 -0.28919819688565135 -0.25518477221239694 
v 0.9183980675621936 -0.3117132979044132 -0.24367972711652286 
v 0.9069411577001841 -0.319880710710337 -0.2741059419000244 
v 0.871239777798855 -0.37970751016305065 -0.31106825023904106 
v 0.8897896808912725 -0.35004014322335364 -0.292824558245345 
v 0.8845779820391438 -0.37224334930541325 -0.2809923176697973 
v 0.9714349265934731 -0.07515598965966658 -0.22509056091406782 
v 0.9662177624244155 -0.14138582261625837 -0.2154838386948767 
v 0.9693795691418807 -0.10836400440998692 -0.2203644560235025 
v 0.9606408486323642 -0.11694226035298 -0.25197949853594653 
v 0.9473853654161962 -0.15841759798759364 -0.2781453469735951 
v 0.9501582464600629 -0.23977305953412628 -0.19926913109054997 
v 0.9304655360394656 -0.2570553183310888 -0.26106790220265014 
v 0.9408320950776016 -0.24855823344282157 -0.23033404754763118 
v 0.9566054055679619 -0.2072631704639531 -0.20481229505912274 
v 0.9619645089681028 -0.17458993659320432 -0.21010149339340226 
v 0.8930421679691682 -0.280390896209962 -0.35193270884005984 
v 0.9316112989587759 -0.19971464011391926 -0.30366832264250077 
v 0.9135118494925282 -0.24032758195683432 -0.32823582099996573 
v 0.9065229095080919 -0.27292487575052876 -0.3220686677302566 
v 0.9189676695462834 -0.26508817174279725 -0.29193609494328426 
v 0.9529446768594135 -0.18315061440640265 -0.2415621975555471 
v 0.9371705697248317 -0.2244477630269198 -0.26708523904148274 
v 0.9428114318136241 -0.19151026128613993 -0.2728193978874271 
v 0.8616205216130245 -0.08340331283427277 0.5006535370329146 
v 0.8931886811514114 -0.06628477117636096 0.4447699506184067 
v 0.8911600430072988 -0.15721312050528152 0.4255793844727695 
v 0.8902398512309615 -0.1188164180656216 0.43972226015785354 
v 0.865994424082004 -0.17050312837677456 0.4700875882988312 
v 0.9155090289422214 -0.05266085194978226 0.3988358717532737 
v 0.9310814420111693 -0.05269754103470302 0.3609852040060607 
v 0.878584757378025 -0.2875343720770853 0.38133031478920365 
v 0.8818430472458384 -0.25820146276382144 0.394569188673922 
v 0.8587877557821093 -0.29744195427896203 0.4171473053412188 
v 0.9210530842334955 -0.1776372669766692 0.3465634392214867 
v 0.9026333150732726 -0.2181868999908616 0.37100886133920274 
v 0.919442533691752 -0.20752584162667242 0.3340036710810719 
v 0.8642113836242095 -0.2384697869073738 0.44302465523566653 
v 0.8841897258891598 -0.2284907309191235 0.4074316071638247 
v 0.8856375634903906 -0.19861974828420137 0.41975743200844573 
v 0.9644553277321605 -0.04191970456249211 0.26089971095891307 
v 0.9723947334963671 -0.04193666611545143 0.22954258494591 
v 0.945517893868444 -0.0418510080968858 0.3228690221991825 
v 0.9554731706147376 -0.04186824979238771 0.2920925707626653 
v 0.9508203664687948 -0.12537760892306432 0.283233271154506 
v 0.9539871847962166 -0.08374072360236126 0.28791655467364535 
v 0.9410602237031607 -0.12525789582742683 0.31419120754190905 
v 0.9093925590053893 -0.1468651745665792 0.38914752231661165 
v 0.9260717439202725 -0.13624673868715992 0.35189195971146914 
v 0.9293998197915082 -0.09448548580673737 0.3567750943428883 
v 0.8314696123025455 -0.47259626781445446 0.2920805564656833 
v 0.8386282893936576 -0.45162928325965496 0.3045218920390423 
v 0.8166031040209722 -0.47929508518472724 0.3216140417038383 
v 0.8787810153877162 -0.39416475125168177 0.269031737653449 
v 0.8593776962758704 -0.4232164603111621 0.28698049213364385 
v 0.8724960070727973 -0.4156460540573608 0.25688338869722727 
v 0.8301908194606841 -0.43697147540112563 0.3461778920857906 
v 0.8452634228226743 -0.4303203755337721 0.31678718477642104 
v 0.8513540261948713 -0.4087693811094897 0.3287915983554735 
v 0.9426358632773417 -0.2719517912702809 0.19359713966964 
v 0.9288243060851744 -0.3032312703461523 0.21292300277248796 
v 0.9381913359224842 -0.2944247543873977 0.18196450534075298 
v 0.9069411577001841 -0.319880710710337 0.2741059419000244 
v 0.9183980675621936 -0.3117132979044132 0.24367972711652286 
v 0.9226294678520707 -0.28919819688565135 0.25518477221239694 
v 0.9081431738250814 -0.35613324416066494 0.22010244941505783 
v 0.913564425488609 -0.33405925784222673 0.2319578684407328 
v 0.8969080302451762 -0.3643194902044644 0.2506537339416216 
v 0.8509128013333636 -0.349055090796853 0.39256585194819055 
v 0.8663903688799297 -0.3422752418392894 0.3636143390131298 
v 0.8702952848623411 -0.3197232575226656 0.3746507116575007 
v 0.8569306850069653 -0.38672526449141453 0.3407541208812282 
v 0.8619324720229314 -0.3646439740315426 0.3522884980735565 
v 0.8416372264580856 -0.39352078653234074 0.3698488469725288 
v 0.8984797918153645 -0.30514589123743313 0.3156264386269501 
v 0.880900787102014 -0.33514845848721947 0.3341995123525656 
v 0.894401053805432 -0.32765884880512564 0.30444446743442827 
v 0.8845779820391438 -0.37224334930541325 0.2809923176697973 
v 0.8897896808912725 -0.35004014322335364 0.292824558245345 
v 0.871239777798855 -0.37970751016305065 0.31106825023904106 
v 0.998381619512165 -0.03338963519342115 0.04603557409131337 
v 0.9992290362407229 -0.03339639401120376 0.020640106600607534 
v 0.9947467574754734 -0.03336233687719477 0.09677728540377814 
v 0.996885285250077 -0.03336918626127187 0.07145785793132124 
v 0.9930684569549263 -0.09998328215910428 0.061793066681097936 
v 0.9955412401529341 -0.06673567441237252 0.06666325011191572 
v 0.9911665303697137 -0.09993565318565238 0.08718815456941542 
v 0.9797187411961886 -0.033248929674164485 0.1975998401428451 
v 0.984425163259758 -0.03325613829779551 0.17263002985146206 
v 0.9814935909986876 -0.09964762626671896 0.16352578208927573 
v 0.9835112651961696 -0.06651073923484514 0.16817227119434497 
v 0.9769922997095801 -0.09959747702838313 0.18859053231211437 
v 0.9885031377134866 -0.03327766927497027 0.1474928590075372 
v 0.9919329336733018 -0.03328478892528173 0.12231589398142963 
v 0.9624552364536474 -0.23090103809716608 0.14270468958168417 
v 0.968847109934543 -0.19845020954343537 0.148164745819139 
v 0.9584091347541085 -0.23065683043032645 0.16807545030645205 
v 0.9852298474534369 -0.13308997080508328 0.10774603175049971 
v 0.9777976979249582 -0.16589436739523306 0.12802625043008733 
v 0.9807852804032304 -0.16595374012467878 0.10256505195721954 
v 0.9698784487655955 -0.1654987589202486 0.17873431516051827 
v 0.9741574700747876 -0.1657332869340561 0.15345911865875891 
v 0.9783745591389662 -0.13286563781159058 0.15852427044005885 
v 0.9908269172305946 -0.06662431451338467 0.11757219402111264 
v 0.985362809740326 -0.09982644348535942 0.13818398735640267 
v 0.9885916964210422 -0.09993190975748022 0.11269459250376102 
v 0.8930421679691682 -0.280390896209962 0.35193270884005984 
v 0.9189676695462834 -0.26508817174279725 0.29193609494328426 
v 0.9065229095080919 -0.27292487575052876 0.3220686677302566 
v 0.9135118494925282 -0.24032758195683432 0.32823582099996573 
v 0.9316112989587759 -0.19971464011391926 0.30366832264250077 
v 0.9501582464600629 -0.23977305953412628 0.19926913109054997 
v 0.9619645089681028 -0.17458993659320432 0.21010149339340226 
v 0.9566054055679619 -0.2072631704639531 0.20481229505912274 
v 0.9408320950776016 -0.24855823344282157 0.23033404754763118 
v 0.9304655360394656 -0.2570553183310888 0.26106790220265014 
v 0.9714349265934731 -0.07515598965966658 0.22509056091406782 
v 0.9473853654161962 -0.15841759798759364 0.2781453469735951 
v 0.9606408486323642 -0.11694226035298 0.25197949853594653 
v 0.9693795691418807 -0.10836400440998692 0.2203644560235025 
v 0.9662177624244155 -0.14138582261625837 0.2154838386948767 
v 0.9371705697248317 -0.2244477630269198 0.26708523904148274 
v 0.9529446768594135 -0.18315061440640265 0.2415621975555471 
v 0.9428114318136241 -0.19151026128613993 0.2728193978874271 
v 0.8406091346018488 -0.4782414933315213 -0.25428597460333346 
v 0.8805165461912665 -0.42058094774662386 -0.21863732132450517 
v 0.8612546042386628 -0.44971124485826697 -0.23664383137054754 
v 0.8484982682343841 -0.48310776608938305 -0.21600364614371015 
v 0.8550806756764929 -0.48717292128774276 -0.17748121829815974 
v 0.9438788183165006 -0.29785156047492034 -0.14274881525288216 
v 0.9302399032813874 -0.32919601957122435 -0.16212249394052966 
v 0.9096258938252693 -0.3971839129141823 -0.12176071864422876 
v 0.9206980463343025 -0.3635207239259176 -0.14201334709306526 
v 0.9248259540359197 -0.36627924233997544 -0.10264731546613545 
v 0.9151241562797692 -0.3601341179106339 -0.18124898816261095 
v 0.8986292637583533 -0.3904688003473797 -0.19999890567800102 
v 0.8670792945878901 -0.49455263988093323 -0.05992648232431772 
v 0.8684279750460234 -0.49538443263687176 -0.020666786361407435 
v 0.8604376854859516 -0.4904556503485304 -0.13820363394925206 
v 0.8644090357931763 -0.492908027088081 -0.09919019947175642 
v 0.8996197699180694 -0.4322698890871957 -0.06186285283676537 
v 0.8827361904553981 -0.4629061528929148 -0.0805897740049722 
v 0.8968686317768634 -0.4305828585602986 -0.10111903504651848 
v 0.8873878812482789 -0.4245344592920956 -0.17975884147172938 
v 0.8928517214004176 -0.4278731161471061 -0.14050053405904217 
v 0.8746305692743679 -0.45793353564488126 -0.15911707709285489 
v 0.9977665097691003 -0.06679814356093862 0.0 
v 0.9902059714642681 -0.133410304175464 0.04115610302634545 
v 0.9947521992493799 -0.10021000370384166 0.020640185226837394 
v 0.9947521992493799 -0.10021000370384166 -0.020640185226837394 
v 0.9902059714642681 -0.133410304175464 -0.04115610302634545 
v 0.956651594726083 -0.2644119977039306 0.12208202889147472 
v 0.9672765061840353 -0.2322329343442593 0.10219601161621196 
v 0.9721208943936089 -0.23356987729932488 0.020641683597710306 
v 0.9705052658150477 -0.23312373044020082 0.061423573088093084 
v 0.9630592997300733 -0.266183043809057 0.04078446262937009 
v 0.9764270709041961 -0.19964100381445143 0.0820587886908545 
v 0.9840438069077393 -0.1668506232487429 0.061795271728748984 
v 0.9672765061840353 -0.2322329343442593 -0.10219601161621196 
v 0.956651594726083 -0.2644119977039306 -0.12208202889147472 
v 0.9840438069077393 -0.1668506232487429 -0.061795271728748984 
v 0.9764270709041961 -0.19964100381445143 -0.0820587886908545 
v 0.9630592997300733 -0.266183043809057 -0.04078446262937009 
v 0.9705052658150477 -0.23312373044020082 -0.061423573088093084 
v 0.9721208943936089 -0.23356987729932488 -0.020641683597710306 
v 0.9857276430821997 -0.16707762036532117 0.020641764378874525 
v 0.9796858268864171 -0.20053847660206547 0.0 
v 0.9857276430821997 -0.16707762036532117 -0.020641764378874525 
v 0.8406091346018488 -0.4782414933315213 0.25428597460333346 
v 0.8550806756764929 -0.48717292128774276 0.17748121829815974 
v 0.8484982682343841 -0.48310776608938305 0.21600364614371015 
v 0.8612546042386628 -0.44971124485826697 0.23664383137054754 
v 0.8805165461912665 -0.42058094774662386 0.21863732132450517 
v 0.8684279750460234 -0.49538443263687176 0.020666786361407435 
v 0.8670792945878901 -0.49455263988093323 0.05992648232431772 
v 0.8968686317768634 -0.4305828585602986 0.10111903504651848 
v 0.8827361904553981 -0.4629061528929148 0.0805897740049722 
v 0.8996197699180694 -0.4322698890871957 0.06186285283676537 
v 0.8644090357931763 -0.492908027088081 0.09919019947175642 
v 0.8604376854859516 -0.4904556503485304 0.13820363394925206 
v 0.9302399032813874 -0.32919601957122435 0.16212249394052966 
v 0.9438788183165006 -0.29785156047492034 0.14274881525288216 
v 0.8986292637583533 -0.3904688003473797 0.19999890567800102 
v 0.9151241562797692 -0.3601341179106339 0.18124898816261095 
v 0.9248259540359197 -0.36627924233997544 0.10264731546613545 
v 0.9206980463343025 -0.3635207239259176 0.14201334709306526 
v 0.9096258938252693 -0.3971839129141823 0.12176071864422876 
v 0.8746305692743679 -0.45793353564488126 0.15911707709285489 
v 0.8928517214004176 -0.4278731161471061 0.14050053405904217 
v 0.8873878812482789 -0.4245344592920956 0.17975884147172938 
v 0.9487020029781063 -0.2991854382437394 -0.10223787501816975 
v 0.9535491726501863 -0.3005275143307396 -0.02066853812760538 
v 0.9519324633851035 -0.3000801974347644 -0.06145291092439256 
v 0.9391596329225859 -0.33351990171817564 -0.08211978474528632 
v 0.9280881723418585 -0.3671852785255135 -0.06186530201405175 
v 0.9487020029781063 -0.2991854382437394 0.10223787501816975 
v 0.9280881723418585 -0.3671852785255135 0.06186530201405175 
v 0.9391596329225859 -0.33351990171817564 0.08211978474528632 
v 0.9519324633851035 -0.3000801974347644 0.06145291092439256 
v 0.9535491726501863 -0.3005275143307396 0.02066853812760538 
v 0.8855155212793143 -0.4646097949607007 0.0 
v 0.9153143132812254 -0.40062767571375185 -0.04119676388644637 
v 0.901179645263692 -0.43295280030146177 -0.020666873820893758 
v 0.901179645263692 -0.43295280030146177 0.020666873820893758 
v 0.9153143132812254 -0.40062767571375185 0.04119676388644637 
v 0.9424222167125196 -0.334425425837601 0.0 
v 0.929648302115739 -0.36786796842136105 0.020668627986979632 
v 0.929648302115739 -0.36786796842136105 -0.020668627986979632 
v -0.1072510126998617 0.5520209633182681 0.8269039099750497 
v -0.14986059298440085 0.61536137646104 0.7738683215058865 
v -0.12609343673585408 0.591084874604967 0.7966926108765988 
v -0.1513626144471135 0.5249293084891277 0.8375789992811787 
v -0.18978199198827053 0.5108457969904615 0.8384625019725951 
v -0.21964268099295037 0.6947829719004941 0.6848603614192796 
v -0.2014969844954755 0.6786784536557177 0.7062538649683371 
v -0.2350437644876486 0.6016143431787998 0.76342295672649 
v -0.21858764369668898 0.6409503747588344 0.7358002848053533 
v -0.2536356325922767 0.6190171364503906 0.7432945248421208 
v -0.18308328761471376 0.6617983395041146 0.7269824396956123 
v -0.16460476337347194 0.6442425257599698 0.7468981455842411 
v -0.2841092649817959 0.46239669545438844 0.8399233426833458 
v -0.3134526571112906 0.44918526593886027 0.8366480912625732 
v -0.22448509375152406 0.48747378557265425 0.8437865553935044 
v -0.2543667323402901 0.4751758583773789 0.8423214760967717 
v -0.2850134653693189 0.5368689037467825 0.7940649247686866 
v -0.2699415134196318 0.5065041983703341 0.8188925914709109 
v -0.25505090395731334 0.5492349720295575 0.7957951884060676 
v -0.18525315545257068 0.5944079385553007 0.7825346452249278 
v -0.22045185405215068 0.5723438137636195 0.7898250052331114 
v -0.20526041623868913 0.5420282497954588 0.814907073198651 
v -0.3254769504768871 0.7853169308807453 0.5266327684262657 
v -0.3125118825626441 0.7767871047201912 0.5467523362525074 
v -0.3435428666263414 0.7249601192617863 0.5970017791180295 
v -0.3282978314830938 0.7514418674937992 0.5723247798417693 
v -0.35686667085633156 0.7343225094356859 0.577422402897563 
v -0.299321804392764 0.7677308515965853 0.5665649097163024 
v -0.28599570796312074 0.7581800375991936 0.585977376365981 
v -0.3987322807367784 0.6081026918831848 0.6864573434838259 
v -0.3858574410691671 0.638803247691023 0.6656158395883888 
v -0.4128655434379191 0.6190939493098347 0.6680304820662478 
v -0.330562789376053 0.6761021327148581 0.6584938484286271 
v -0.35838269978430626 0.6578218294134223 0.6624441721703724 
v -0.3442330740807666 0.6466668272066874 0.6806802518799423 
v -0.3860561895397366 0.6788007455329423 0.6246520362425633 
v -0.3723543429982958 0.6685454838753768 0.6437384400827294 
v -0.35825179851547856 0.6972273496653594 0.6209103572489701 
v -0.24479387126206814 0.7264430046550239 0.6421499214204662 
v -0.23084876981700897 0.714922937808355 0.6599954836735207 
v -0.27229414668927066 0.7480505162368328 0.605207669181885 
v -0.2586400390192995 0.7374992027834089 0.6238591636819416 
v -0.2881880093404971 0.6823269558616613 0.6718464084721448 
v -0.2736438778570816 0.7104538683038008 0.6483628067089479 
v -0.3021519315429511 0.6936889361706333 0.6538347421935599 
v -0.3299909517143271 0.714996983766021 0.6163483471156266 
v -0.31616314942427487 0.7045608365186716 0.6353226665169701 
v -0.3012964615777481 0.7319518512485267 0.6111194070675414 
v -0.472265212681149 0.35854745665395743 0.8052386542002363 
v -0.49323637441506196 0.34611705707749457 0.7980732182913414 
v -0.4293884392437203 0.3827729933668988 0.8179916893176764 
v -0.45094366682016435 0.37077966232408516 0.8118942365614021 
v -0.47743912073845873 0.41865973753742947 0.7725127249136923 
v -0.46446137536015547 0.39496108159500953 0.7926420218634973 
v -0.45592838160833715 0.4307310211957568 0.7788453622020631 
v -0.34027222615085434 0.4284486099598539 0.8370463551881764 
v -0.3628286656418942 0.41742390111353006 0.833134230582134 
v -0.3892444687362051 0.46567771363222676 0.7947534275387124 
v -0.3762543559512352 0.44181614905142647 0.8143900478671685 
v -0.3667005172347112 0.47677854165261135 0.7988823147869807 
v -0.38521070470985247 0.4061328980268366 0.8286548027479609 
v -0.4072963953556048 0.3946100406707002 0.8236458960816834 
v -0.4371294439690819 0.5555702330196032 0.7072902978253166 
v -0.4258802449185351 0.534022186888306 0.7303740965417378 
v -0.4145055522135449 0.5668077310432303 0.7119790328470139 
v -0.44657361572373777 0.46599783026597824 0.7638180594400921 
v -0.4365876154346441 0.5003805934283831 0.7476700580933748 
v -0.45869829611788454 0.4886212414969561 0.7421894337004015 
v -0.39148205499429056 0.5229673892412847 0.7571307089318209 
v -0.4141421022968995 0.5118418184430652 0.7526647806281365 
v -0.40199619081483384 0.4890870598161118 0.7740755198885926 
v -0.42088360100948563 0.41886865559886066 0.8046154632854697 
v -0.4117362782733268 0.45434713678067756 0.7899632374059123 
v -0.4340046660962238 0.44268554421808803 0.7846460722816629 
v -0.2484470936534686 0.6787725611178316 0.691044030383509 
v -0.3052193227688779 0.6444055105902933 0.7011295906816164 
v -0.27704085399915707 0.6619661813632011 0.69645469339135 
v -0.26547287443638085 0.6408376945761813 0.7203132666755282 
v -0.28184803362894995 0.6012904227288705 0.7476707253022755 
v -0.3879609599127695 0.5872300910033195 0.710385186925935 
v -0.3649578332393789 0.5435603537041445 0.7558755994462601 
v -0.37665391740560894 0.5656929019743715 0.7335689246136472 
v -0.36088060691524887 0.60698796495324 0.7080471721251388 
v -0.33345886031074234 0.6260257354420289 0.7049091906370123 
v -0.3268398522777719 0.47353765456753627 0.817886178309501 
v -0.2976221000863698 0.5599933806025449 0.773193700971181 
v -0.31260187357621577 0.5174523729723272 0.7965695891395473 
v -0.3398975136329447 0.4974053100226595 0.7981589050981042 
v -0.3524694156470092 0.5207031614637546 0.7775818469300239 
v -0.32186696065592224 0.6047263068319861 0.7284969138324922 
v -0.33764106779050373 0.5634291582114691 0.7540199553184278 
v -0.3098701119553485 0.5826895098427756 0.7513011705274828 
v -0.5520209633182682 0.8269039099750497 0.10725101269986169 
v -0.6153613764610399 0.7738683215058865 0.14986059298440085 
v -0.591084874604967 0.7966926108765988 0.12609343673585408 
v -0.5249293084891276 0.8375789992811787 0.1513626144471135 
v -0.5108457969904615 0.8384625019725953 0.18978199198827056 
v -0.6947829719004941 0.6848603614192796 0.21964268099295037 
v -0.6786784536557177 0.7062538649683371 0.20149698449547548 
v -0.6016143431787998 0.76342295672649 0.2350437644876486 
v -0.6409503747588344 0.7358002848053533 0.21858764369668898 
v -0.6190171364503906 0.7432945248421208 0.2536356325922767 
v -0.6617983395041146 0.7269824396956123 0.18308328761471374 
v -0.6442425257599697 0.7468981455842411 0.16460476337347188 
v -0.46239669545438844 0.8399233426833458 0.2841092649817958 
v -0.44918526593886027 0.8366480912625733 0.31345265711129056 
v -0.4874737855726542 0.8437865553935043 0.22448509375152403 
v -0.47517585837737897 0.8423214760967718 0.2543667323402901 
v -0.5368689037467825 0.7940649247686866 0.2850134653693189 
v -0.5065041983703342 0.8188925914709108 0.2699415134196318 
v -0.5492349720295575 0.7957951884060676 0.25505090395731334 
v -0.5944079385553005 0.7825346452249278 0.18525315545257065 
v -0.5723438137636195 0.7898250052331114 0.22045185405215065 
v -0.5420282497954588 0.8149070731986511 0.20526041623868913 
v -0.7853169308807453 0.5266327684262657 0.3254769504768871 
v -0.7767871047201912 0.5467523362525074 0.3125118825626441 
v -0.7249601192617863 0.5970017791180295 0.34354286662634137 
v -0.7514418674937992 0.5723247798417693 0.3282978314830938 
v -0.7343225094356859 0.577422402897563 0.35686667085633156 
v -0.7677308515965854 0.5665649097163024 0.29932180439276396 
v -0.7581800375991936 0.585977376365981 0.28599570796312074 
v -0.6081026918831848 0.6864573434838258 0.39873228073677836 
v -0.638803247691023 0.6656158395883888 0.3858574410691671 
v -0.6190939493098347 0.6680304820662478 0.41286554343791904 
v -0.6761021327148581 0.6584938484286271 0.330562789376053 
v -0.6578218294134224 0.6624441721703724 0.3583826997843063 
v -0.6466668272066874 0.6806802518799423 0.3442330740807666 
v -0.6788007455329425 0.6246520362425633 0.38605618953973664 
v -0.6685454838753768 0.6437384400827294 0.37235434299829584 
v -0.6972273496653594 0.62091035724897 0.35825179851547856 
v -0.7264430046550238 0.6421499214204663 0.24479387126206817 
v -0.714922937808355 0.6599954836735207 0.23084876981700897 
v -0.7480505162368329 0.605207669181885 0.2722941466892707 
v -0.7374992027834087 0.6238591636819416 0.2586400390192995 
v -0.6823269558616613 0.6718464084721448 0.2881880093404971 
v -0.7104538683038008 0.6483628067089479 0.27364387785708166 
v -0.6936889361706333 0.6538347421935599 0.3021519315429511 
v -0.714996983766021 0.6163483471156266 0.3299909517143271 
v -0.7045608365186716 0.6353226665169701 0.3161631494242749 
v -0.7319518512485267 0.6111194070675414 0.3012964615777481 
v -0.35854745665395743 0.8052386542002363 0.472265212681149 
v -0.34611705707749457 0.7980732182913414 0.49323637441506196 
v -0.3827729933668988 0.8179916893176764 0.4293884392437203 
v -0.37077966232408516 0.8118942365614021 0.45094366682016435 
v -0.41865973753742947 0.7725127249136923 0.47743912073845873 
v -0.39496108159500953 0.7926420218634973 0.46446137536015547 
v -0.4307310211957568 0.7788453622020631 0.45592838160833715 
v -0.4284486099598539 0.8370463551881764 0.34027222615085434 
v -0.41742390111353006 0.833134230582134 0.3628286656418942 
v -0.46567771363222676 0.7947534275387124 0.3892444687362051 
v -0.44181614905142647 0.8143900478671685 0.3762543559512352 
v -0.4767785416526113 0.7988823147869806 0.36670051723471114 
v -0.4061328980268366 0.8286548027479609 0.38521070470985247 
v -0.3946100406707002 0.8236458960816834 0.4072963953556048 
v -0.5555702330196032 0.7072902978253166 0.4371294439690819 
v -0.534022186888306 0.7303740965417378 0.42588024491853516 
v -0.5668077310432303 0.7119790328470139 0.4145055522135449 
v -0.46599783026597824 0.7638180594400921 0.44657361572373777 
v -0.5003805934283831 0.7476700580933748 0.4365876154346441 
v -0.48862124149695607 0.7421894337004015 0.45869829611788454 
v -0.5229673892412847 0.7571307089318209 0.39148205499429056 
v -0.5118418184430652 0.7526647806281365 0.4141421022968995 
v -0.4890870598161118 0.7740755198885926 0.40199619081483384 
v -0.41886865559886066 0.8046154632854697 0.42088360100948563 
v -0.45434713678067756 0.7899632374059123 0.4117362782733268 
v -0.44268554421808803 0.7846460722816629 0.4340046660962238 
v -0.6787725611178316 0.691044030383509 0.2484470936534686 
v -0.6444055105902933 0.7011295906816164 0.3052193227688779 
v -0.6619661813632011 0.69645469339135 0.27704085399915707 
v -0.6408376945761813 0.7203132666755282 0.26547287443638085 
v -0.6012904227288705 0.7476707253022755 0.28184803362894995 
v -0.5872300910033195 0.710385186925935 0.3879609599127695 
v -0.5435603537041445 0.7558755994462601 0.3649578332393789 
v -0.5656929019743715 0.7335689246136472 0.37665391740560894 
v -0.6069879649532399 0.7080471721251387 0.3608806069152488 
v -0.6260257354420289 0.7049091906370123 0.33345886031074234 
v -0.47353765456753627 0.817886178309501 0.3268398522777719 
v -0.5599933806025449 0.773193700971181 0.2976221000863698 
v -0.5174523729723273 0.7965695891395473 0.31260187357621577 
v -0.4974053100226595 0.7981589050981042 0.3398975136329447 
v -0.5207031614637546 0.7775818469300239 0.3524694156470092 
v -0.6047263068319861 0.7284969138324922 0.32186696065592224 
v -0.5634291582114691 0.7540199553184278 0.33764106779050373 
v -0.5826895098427756 0.7513011705274828 0.3098701119553485 
v -0.8269039099750497 0.1072510126998617 0.5520209633182682 
v -0.7738683215058865 0.14986059298440085 0.6153613764610399 
v -0.7966926108765988 0.12609343673585408 0.591084874604967 
v -0.8375789992811787 0.1513626144471135 0.5249293084891276 
v -0.8384625019725953 0.18978199198827056 0.5108457969904615 
v -0.6848603614192796 0.21964268099295037 0.6947829719004941 
v -0.706253864968337 0.20149698449547548 0.6786784536557177 
v -0.76342295672649 0.2350437644876486 0.6016143431787998 
v -0.7358002848053532 0.21858764369668895 0.6409503747588344 
v -0.7432945248421208 0.2536356325922767 0.6190171364503906 
v -0.7269824396956123 0.18308328761471376 0.6617983395041146 
v -0.7468981455842411 0.1646047633734719 0.6442425257599698 
v -0.8399233426833459 0.2841092649817958 0.46239669545438844 
v -0.8366480912625732 0.3134526571112906 0.44918526593886027 
v -0.8437865553935043 0.22448509375152403 0.4874737855726542 
v -0.8423214760967718 0.2543667323402901 0.47517585837737897 
v -0.7940649247686866 0.2850134653693189 0.5368689037467825 
v -0.8188925914709109 0.2699415134196318 0.5065041983703341 
v -0.7957951884060676 0.25505090395731334 0.5492349720295575 
v -0.7825346452249278 0.18525315545257065 0.5944079385553005 
v -0.7898250052331114 0.22045185405215065 0.5723438137636195 
v -0.8149070731986511 0.20526041623868913 0.5420282497954588 
v -0.5266327684262657 0.3254769504768871 0.7853169308807453 
v -0.5467523362525074 0.3125118825626441 0.7767871047201912 
v -0.5970017791180295 0.3435428666263414 0.7249601192617863 
v -0.5723247798417693 0.3282978314830938 0.7514418674937992 
v -0.577422402897563 0.35686667085633156 0.7343225094356859 
v -0.5665649097163024 0.299321804392764 0.7677308515965853 
v -0.585977376365981 0.28599570796312074 0.7581800375991936 
v -0.6864573434838259 0.3987322807367784 0.6081026918831848 
v -0.6656158395883888 0.3858574410691671 0.638803247691023 
v -0.6680304820662478 0.4128655434379191 0.6190939493098347 
v -0.6584938484286271 0.330562789376053 0.6761021327148581 
v -0.6624441721703725 0.3583826997843063 0.6578218294134223 
v -0.6806802518799423 0.3442330740807666 0.6466668272066874 
v -0.6246520362425633 0.3860561895397366 0.6788007455329423 
v -0.6437384400827294 0.3723543429982958 0.6685454838753768 
v -0.6209103572489701 0.35825179851547856 0.6972273496653594 
v -0.6421499214204662 0.24479387126206814 0.7264430046550239 
v -0.6599954836735207 0.23084876981700897 0.714922937808355 
v -0.605207669181885 0.27229414668927066 0.7480505162368328 
v -0.6238591636819416 0.2586400390192995 0.7374992027834089 
v -0.6718464084721448 0.2881880093404971 0.6823269558616613 
v -0.6483628067089479 0.2736438778570816 0.7104538683038008 
v -0.6538347421935599 0.3021519315429511 0.6936889361706333 
v -0.6163483471156266 0.3299909517143271 0.714996983766021 
v -0.6353226665169701 0.31616314942427487 0.7045608365186716 
v -0.6111194070675414 0.3012964615777481 0.7319518512485267 
v -0.8052386542002362 0.47226521268114896 0.3585474566539574 
v -0.7980732182913414 0.49323637441506196 0.34611705707749457 
v -0.8179916893176764 0.4293884392437203 0.3827729933668988 
v -0.8118942365614021 0.45094366682016435 0.37077966232408516 
v -0.7725127249136923 0.47743912073845873 0.41865973753742947 
v -0.7926420218634973 0.46446137536015547 0.39496108159500953 
v -0.7788453622020631 0.45592838160833715 0.4307310211957568 
v -0.8370463551881764 0.34027222615085434 0.4284486099598539 
v -0.833134230582134 0.3628286656418942 0.41742390111353006 
v -0.7947534275387124 0.3892444687362051 0.46567771363222676 
v -0.8143900478671685 0.3762543559512352 0.44181614905142647 
v -0.7988823147869807 0.3667005172347112 0.47677854165261135 
v -0.8286548027479609 0.38521070470985247 0.4061328980268366 
v -0.8236458960816834 0.4072963953556048 0.3946100406707002 
v -0.7072902978253166 0.4371294439690819 0.5555702330196032 
v -0.7303740965417378 0.4258802449185351 0.534022186888306 
v -0.7119790328470139 0.4145055522135449 0.5668077310432303 
v -0.7638180594400921 0.44657361572373777 0.46599783026597824 
v -0.7476700580933748 0.4365876154346441 0.5003805934283831 
v -0.7421894337004015 0.45869829611788454 0.4886212414969561 
v -0.757130708931821 0.3914820549942906 0.5229673892412848 
v -0.7526647806281365 0.4141421022968995 0.5118418184430652 
v -0.7740755198885926 0.40199619081483384 0.4890870598161118 
v -0.8046154632854697 0.42088360100948563 0.41886865559886066 
v -0.7899632374059123 0.4117362782733268 0.45434713678067756 
v -0.7846460722816629 0.4340046660962238 0.44268554421808803 
v -0.691044030383509 0.24844709365346856 0.6787725611178316 
v -0.7011295906816164 0.3052193227688779 0.6444055105902933 
v -0.69645469339135 0.27704085399915707 0.6619661813632011 
v -0.7203132666755282 0.26547287443638085 0.6408376945761813 
v -0.7476707253022755 0.28184803362894995 0.6012904227288705 
v -0.710385186925935 0.3879609599127695 0.5872300910033195 
v -0.7558755994462601 0.3649578332393789 0.5435603537041445 
v -0.7335689246136472 0.37665391740560894 0.5656929019743715 
v -0.7080471721251387 0.3608806069152488 0.6069879649532399 
v -0.7049091906370123 0.33345886031074234 0.6260257354420289 
v -0.817886178309501 0.3268398522777719 0.47353765456753627 
v -0.773193700971181 0.2976221000863698 0.5599933806025449 
v -0.7965695891395473 0.31260187357621577 0.5174523729723272 
v -0.798158905098104 0.3398975136329446 0.4974053100226594 
v -0.7775818469300239 0.3524694156470092 0.5207031614637546 
v -0.7284969138324922 0.32186696065592224 0.6047263068319861 
v -0.7540199553184278 0.33764106779050373 0.5634291582114691 
v -0.7513011705274828 0.3098701119553485 0.5826895098427756 
v -0.3623676412703274 0.7738109910409099 0.5195250164375765 
v -0.43449972792986863 0.7471062420158018 0.5030330501765232 
v -0.39878702337611666 0.7610446005348206 0.5116444331599944 
v -0.37814683814927935 0.7482882645305419 0.5450409543911104 
v -0.39334362490352315 0.7216703715010284 0.569625023717642 
v -0.5705764145711023 0.6794668206125684 0.46126716208920987 
v -0.537883275016665 0.6980069689371268 0.4727238663031004 
v -0.49968471886268 0.6760560165259433 0.5415380358333086 
v -0.5192154665294798 0.6875743158941005 0.5075991129221311 
v -0.533340527578093 0.6586429102268616 0.530789410642876 
v -0.5042749178825418 0.7154831524653166 0.4835190438161132 
v -0.46996888513857116 0.7317786405096095 0.49358815655920696 
v -0.4356872634004531 0.6348463602436301 0.638080486612809 
v -0.4484943856796275 0.604015977342092 0.6588000342511608 
v -0.40817361340982217 0.6935870622372079 0.5935750065603573 
v -0.42221612919168716 0.6647680319787241 0.61629295299356 
v -0.49255606494872295 0.6334367261090116 0.5967800573900961 
v -0.45779189344138665 0.6496124600151965 0.6069845418891282 
v -0.4790430352649697 0.6632987544775375 0.5749369814794247 
v -0.4500961099822715 0.7203102608829569 0.5277941074373165 
v -0.46497860525331064 0.6923132447983512 0.5518127107393089 
v -0.42945434560339696 0.7075529489090459 0.561193183790102 
v -0.7738109910409099 0.5195250164375765 0.3623676412703274 
v -0.7471062420158018 0.5030330501765232 0.43449972792986863 
v -0.7610446005348206 0.5116444331599944 0.39878702337611666 
v -0.7482882645305419 0.5450409543911104 0.37814683814927935 
v -0.7216703715010284 0.569625023717642 0.39334362490352315 
v -0.6794668206125684 0.46126716208920987 0.5705764145711023 
v -0.6980069689371268 0.4727238663031005 0.537883275016665 
v -0.6760560165259434 0.5415380358333086 0.49968471886268007 
v -0.6875743158941005 0.5075991129221311 0.5192154665294798 
v -0.6586429102268616 0.530789410642876 0.533340527578093 
v -0.7154831524653166 0.4835190438161132 0.5042749178825418 
v -0.7317786405096095 0.49358815655920696 0.46996888513857116 
v -0.6348463602436301 0.638080486612809 0.43568726340045316 
v -0.6040159773420921 0.658800034251161 0.44849438567962757 
v -0.693587062237208 0.5935750065603574 0.4081736134098222 
v -0.6647680319787241 0.61629295299356 0.42221612919168716 
v -0.6334367261090115 0.5967800573900961 0.49255606494872295 
v -0.6496124600151965 0.6069845418891281 0.45779189344138665 
v -0.6632987544775375 0.5749369814794247 0.4790430352649697 
v -0.7203102608829569 0.5277941074373165 0.4500961099822715 
v -0.6923132447983512 0.5518127107393089 0.46497860525331064 
v -0.7075529489090459 0.561193183790102 0.42945434560339696 
v -0.5195250164375765 0.3623676412703274 0.7738109910409099 
v -0.5030330501765232 0.43449972792986863 0.7471062420158018 
v -0.5116444331599944 0.39878702337611666 0.7610446005348206 
v -0.5450409543911104 0.37814683814927935 0.7482882645305419 
v -0.569625023717642 0.39334362490352315 0.7216703715010284 
v -0.46126716208920987 0.5705764145711023 0.6794668206125684 
v -0.4727238663031005 0.537883275016665 0.6980069689371268 
v -0.5415380358333086 0.49968471886268 0.6760560165259433 
v -0.5075991129221311 0.5192154665294798 0.6875743158941005 
v -0.530789410642876 0.533340527578093 0.6586429102268616 
v -0.4835190438161132 0.5042749178825418 0.7154831524653166 
v -0.49358815655920696 0.46996888513857116 0.7317786405096095 
v -0.638080486612809 0.4356872634004532 0.6348463602436302 
v -0.6588000342511608 0.4484943856796275 0.604015977342092 
v -0.5935750065603574 0.4081736134098222 0.693587062237208 
v -0.61629295299356 0.42221612919168716 0.6647680319787241 
v -0.5967800573900961 0.49255606494872295 0.6334367261090115 
v -0.6069845418891281 0.45779189344138665 0.6496124600151965 
v -0.5749369814794247 0.4790430352649697 0.6632987544775375 
v -0.5277941074373165 0.4500961099822715 0.7203102608829569 
v -0.5518127107393089 0.46497860525331064 0.6923132447983512 
v -0.561193183790102 0.42945434560339696 0.7075529489090459 
v -0.5863300830355741 0.6495165647343653 0.48409220801740427 
v -0.6147867989504848 0.5863638941246713 0.5274604966281053 
v -0.6010994478289268 0.6184125616669264 0.5062068326211229 
v -0.5676597435455154 0.6390794354878202 0.5189796630836403 
v -0.5481290347557108 0.6275606580111177 0.552921496936433 
v -0.6495165647343653 0.48409220801740427 0.5863300830355741 
v -0.5863638941246713 0.5274604966281053 0.6147867989504848 
v -0.6184125616669264 0.5062068326211229 0.6010994478289268 
v -0.6390794354878201 0.5189796630836403 0.5676597435455154 
v -0.6275606580111176 0.5529214969364329 0.5481290347557107 
v -0.48409220801740427 0.5863300830355741 0.6495165647343653 
v -0.5274604966281053 0.6147867989504848 0.5863638941246713 
v -0.5062068326211229 0.6010994478289268 0.6184125616669264 
v -0.5189796630836403 0.5676597435455154 0.6390794354878201 
v -0.5529214969364329 0.5481290347557107 0.6275606580111176 
v -0.5952228762781369 0.5745542482911571 0.5617803336943767 
v -0.5745542482911571 0.5617803336943767 0.5952228762781369 
v -0.5617803336943767 0.5952228762781369 0.5745542482911571 
v 0.1072510126998617 0.5520209633182681 0.8269039099750497 
v 0.18978199198827053 0.5108457969904615 0.8384625019725951 
v 0.1513626144471135 0.5249293084891277 0.8375789992811787 
v 0.12609343673585408 0.591084874604967 0.7966926108765988 
v 0.14986059298440085 0.61536137646104 0.7738683215058865 
v 0.3134526571112906 0.44918526593886027 0.8366480912625732 
v 0.2841092649817959 0.46239669545438844 0.8399233426833458 
v 0.25505090395731334 0.5492349720295575 0.7957951884060676 
v 0.2699415134196318 0.5065041983703341 0.8188925914709109 
v 0.2850134653693189 0.5368689037467825 0.7940649247686866 
v 0.2543667323402901 0.4751758583773789 0.8423214760967717 
v 0.22448509375152406 0.48747378557265425 0.8437865553935044 
v 0.2014969844954755 0.6786784536557177 0.7062538649683371 
v 0.21964268099295037 0.6947829719004941 0.6848603614192796 
v 0.16460476337347194 0.6442425257599698 0.7468981455842411 
v 0.18308328761471376 0.6617983395041146 0.7269824396956123 
v 0.2536356325922767 0.6190171364503906 0.7432945248421208 
v 0.21858764369668898 0.6409503747588344 0.7358002848053533 
v 0.2350437644876486 0.6016143431787998 0.76342295672649 
v 0.20526041623868913 0.5420282497954588 0.814907073198651 
v 0.22045185405215068 0.5723438137636195 0.7898250052331114 
v 0.18525315545257068 0.5944079385553007 0.7825346452249278 
v 0.49323637441506196 0.34611705707749457 0.7980732182913414 
v 0.472265212681149 0.35854745665395743 0.8052386542002363 
v 0.45592838160833715 0.4307310211957568 0.7788453622020631 
v 0.46446137536015547 0.39496108159500953 0.7926420218634973 
v 0.47743912073845873 0.41865973753742947 0.7725127249136923 
v 0.45094366682016435 0.37077966232408516 0.8118942365614021 
v 0.4293884392437203 0.3827729933668988 0.8179916893176764 
v 0.4145055522135449 0.5668077310432303 0.7119790328470139 
v 0.4258802449185351 0.534022186888306 0.7303740965417378 
v 0.4371294439690819 0.5555702330196032 0.7072902978253166 
v 0.40199619081483384 0.4890870598161118 0.7740755198885926 
v 0.4141421022968995 0.5118418184430652 0.7526647806281365 
v 0.39148205499429056 0.5229673892412847 0.7571307089318209 
v 0.45869829611788454 0.4886212414969561 0.7421894337004015 
v 0.4365876154346441 0.5003805934283831 0.7476700580933748 
v 0.44657361572373777 0.46599783026597824 0.7638180594400921 
v 0.3628286656418942 0.41742390111353006 0.833134230582134 
v 0.34027222615085434 0.4284486099598539 0.8370463551881764 
v 0.4072963953556048 0.3946100406707002 0.8236458960816834 
v 0.38521070470985247 0.4061328980268366 0.8286548027479609 
v 0.3667005172347112 0.47677854165261135 0.7988823147869807 
v 0.3762543559512352 0.44181614905142647 0.8143900478671685 
v 0.3892444687362051 0.46567771363222676 0.7947534275387124 
v 0.4340046660962238 0.44268554421808803 0.7846460722816629 
v 0.4117362782733268 0.45434713678067756 0.7899632374059123 
v 0.42088360100948563 0.41886865559886066 0.8046154632854697 
v 0.3125118825626441 0.7767871047201912 0.5467523362525074 
v 0.3254769504768871 0.7853169308807453 0.5266327684262657 
v 0.28599570796312074 0.7581800375991936 0.585977376365981 
v 0.299321804392764 0.7677308515965853 0.5665649097163024 
v 0.35686667085633156 0.7343225094356859 0.577422402897563 
v 0.3282978314830938 0.7514418674937992 0.5723247798417693 
v 0.3435428666263414 0.7249601192617863 0.5970017791180295 
v 0.23084876981700897 0.714922937808355 0.6599954836735207 
v 0.24479387126206814 0.7264430046550239 0.6421499214204662 
v 0.3021519315429511 0.6936889361706333 0.6538347421935599 
v 0.2736438778570816 0.7104538683038008 0.6483628067089479 
v 0.2881880093404971 0.6823269558616613 0.6718464084721448 
v 0.2586400390192995 0.7374992027834089 0.6238591636819416 
v 0.27229414668927066 0.7480505162368328 0.605207669181885 
v 0.4128655434379191 0.6190939493098347 0.6680304820662478 
v 0.3858574410691671 0.638803247691023 0.6656158395883888 
v 0.3987322807367784 0.6081026918831848 0.6864573434838259 
v 0.35825179851547856 0.6972273496653594 0.6209103572489701 
v 0.3723543429982958 0.6685454838753768 0.6437384400827294 
v 0.3860561895397366 0.6788007455329423 0.6246520362425633 
v 0.3442330740807666 0.6466668272066874 0.6806802518799423 
v 0.35838269978430626 0.6578218294134223 0.6624441721703724 
v 0.330562789376053 0.6761021327148581 0.6584938484286271 
v 0.3012964615777481 0.7319518512485267 0.6111194070675414 
v 0.31616314942427487 0.7045608365186716 0.6353226665169701 
v 0.3299909517143271 0.714996983766021 0.6163483471156266 
v 0.3268398522777719 0.47353765456753627 0.817886178309501 
v 0.3524694156470092 0.5207031614637546 0.7775818469300239 
v 0.3398975136329447 0.4974053100226595 0.7981589050981042 
v 0.31260187357621577 0.5174523729723272 0.7965695891395473 
v 0.2976221000863698 0.5599933806025449 0.773193700971181 
v 0.3879609599127695 0.5872300910033195 0.710385186925935 
v 0.33345886031074234 0.6260257354420289 0.7049091906370123 
v 0.36088060691524887 0.60698796495324 0.7080471721251388 
v 0.37665391740560894 0.5656929019743715 0.7335689246136472 
v 0.3649578332393789 0.5435603537041445 0.7558755994462601 
v 0.2484470936534686 0.6787725611178316 0.691044030383509 
v 0.28184803362894995 0.6012904227288705 0.7476707253022755 
v 0.26547287443638085 0.6408376945761813 0.7203132666755282 
v 0.27704085399915707 0.6619661813632011 0.69645469339135 
v 0.3052193227688779 0.6444055105902933 0.7011295906816164 
v 0.33764106779050373 0.5634291582114691 0.7540199553184278 
v 0.32186696065592224 0.6047263068319861 0.7284969138324922 
v 0.3098701119553485 0.5826895098427756 0.7513011705274828 
v 0.8269039099750497 0.1072510126998617 0.5520209633182682 
v 0.8384625019725953 0.18978199198827056 0.5108457969904615 
v 0.8375789992811787 0.1513626144471135 0.5249293084891276 
v 0.7966926108765988 0.12609343673585408 0.591084874604967 
v 0.7738683215058865 0.14986059298440085 0.6153613764610399 
v 0.8366480912625732 0.3134526571112906 0.44918526593886027 
v 0.8399233426833459 0.2841092649817958 0.46239669545438844 
v 0.7957951884060676 0.25505090395731334 0.5492349720295575 
v 0.8188925914709109 0.2699415134196318 0.5065041983703341 
v 0.7940649247686866 0.2850134653693189 0.5368689037467825 
v 0.8423214760967718 0.2543667323402901 0.47517585837737897 
v 0.8437865553935043 0.22448509375152403 0.4874737855726542 
v 0.706253864968337 0.20149698449547548 0.6786784536557177 
v 0.6848603614192796 0.21964268099295037 0.6947829719004941 
v 0.7468981455842411 0.1646047633734719 0.6442425257599698 
v 0.7269824396956123 0.18308328761471376 0.6617983395041146 
v 0.7432945248421208 0.2536356325922767 0.6190171364503906 
v 0.7358002848053532 0.21858764369668895 0.6409503747588344 
v 0.76342295672649 0.2350437644876486 0.6016143431787998 
v 0.8149070731986511 0.20526041623868913 0.5420282497954588 
v 0.7898250052331114 0.22045185405215065 0.5723438137636195 
v 0.7825346452249278 0.18525315545257065 0.5944079385553005 
v 0.7980732182913414 0.49323637441506196 0.34611705707749457 
v 0.8052386542002362 0.47226521268114896 0.3585474566539574 
v 0.7788453622020631 0.45592838160833715 0.4307310211957568 
v 0.7926420218634973 0.46446137536015547 0.39496108159500953 
v 0.7725127249136923 0.47743912073845873 0.41865973753742947 
v 0.8118942365614021 0.45094366682016435 0.37077966232408516 
v 0.8179916893176764 0.4293884392437203 0.3827729933668988 
v 0.7119790328470139 0.4145055522135449 0.5668077310432303 
v 0.7303740965417378 0.4258802449185351 0.534022186888306 
v 0.7072902978253166 0.4371294439690819 0.5555702330196032 
v 0.7740755198885926 0.40199619081483384 0.4890870598161118 
v 0.7526647806281365 0.4141421022968995 0.5118418184430652 
v 0.757130708931821 0.3914820549942906 0.5229673892412848 
v 0.7421894337004015 0.45869829611788454 0.4886212414969561 
v 0.7476700580933748 0.4365876154346441 0.5003805934283831 
v 0.7638180594400921 0.44657361572373777 0.46599783026597824 
v 0.833134230582134 0.3628286656418942 0.41742390111353006 
v 0.8370463551881764 0.34027222615085434 0.4284486099598539 
v 0.8236458960816834 0.4072963953556048 0.3946100406707002 
v 0.8286548027479609 0.38521070470985247 0.4061328980268366 
v 0.7988823147869807 0.3667005172347112 0.47677854165261135 
v 0.8143900478671685 0.3762543559512352 0.44181614905142647 
v 0.7947534275387124 0.3892444687362051 0.46567771363222676 
v 0.7846460722816629 0.4340046660962238 0.44268554421808803 
v 0.7899632374059123 0.4117362782733268 0.45434713678067756 
v 0.8046154632854697 0.42088360100948563 0.41886865559886066 
v 0.5467523362525074 0.3125118825626441 0.7767871047201912 
v 0.5266327684262657 0.3254769504768871 0.7853169308807453 
v 0.585977376365981 0.28599570796312074 0.7581800375991936 
v 0.5665649097163024 0.299321804392764 0.7677308515965853 
v 0.577422402897563 0.35686667085633156 0.7343225094356859 
v 0.5723247798417693 0.3282978314830938 0.7514418674937992 
v 0.5970017791180295 0.3435428666263414 0.7249601192617863 
v 0.6599954836735207 0.23084876981700897 0.714922937808355 
v 0.6421499214204662 0.24479387126206814 0.7264430046550239 
v 0.6538347421935599 0.3021519315429511 0.6936889361706333 
v 0.6483628067089479 0.2736438778570816 0.7104538683038008 
v 0.6718464084721448 0.2881880093404971 0.6823269558616613 
v 0.6238591636819416 0.2586400390192995 0.7374992027834089 
v 0.605207669181885 0.27229414668927066 0.7480505162368328 
v 0.6680304820662478 0.4128655434379191 0.6190939493098347 
v 0.6656158395883888 0.3858574410691671 0.638803247691023 
v 0.6864573434838259 0.3987322807367784 0.6081026918831848 
v 0.6209103572489701 0.35825179851547856 0.6972273496653594 
v 0.6437384400827294 0.3723543429982958 0.6685454838753768 
v 0.6246520362425633 0.3860561895397366 0.6788007455329423 
v 0.6806802518799423 0.3442330740807666 0.6466668272066874 
v 0.6624441721703725 0.3583826997843063 0.6578218294134223 
v 0.6584938484286271 0.330562789376053 0.6761021327148581 
v 0.6111194070675414 0.3012964615777481 0.7319518512485267 
v 0.6353226665169701 0.31616314942427487 0.7045608365186716 
v 0.6163483471156266 0.3299909517143271 0.714996983766021 
v 0.817886178309501 0.3268398522777719 0.47353765456753627 
v 0.7775818469300239 0.3524694156470092 0.5207031614637546 
v 0.798158905098104 0.3398975136329446 0.4974053100226594 
v 0.7965695891395473 0.31260187357621577 0.5174523729723272 
v 0.773193700971181 0.2976221000863698 0.5599933806025449 
v 0.710385186925935 0.3879609599127695 0.5872300910033195 
v 0.7049091906370123 0.33345886031074234 0.6260257354420289 
v 0.7080471721251387 0.3608806069152488 0.6069879649532399 
v 0.7335689246136472 0.37665391740560894 0.5656929019743715 
v 0.7558755994462601 0.3649578332393789 0.5435603537041445 
v 0.691044030383509 0.24844709365346856 0.6787725611178316 
v 0.7476707253022755 0.28184803362894995 0.6012904227288705 
v 0.7203132666755282 0.26547287443638085 0.6408376945761813 
v 0.69645469339135 0.27704085399915707 0.6619661813632011 
v 0.7011295906816164 0.3052193227688779 0.6444055105902933 
v 0.7540199553184278 0.33764106779050373 0.5634291582114691 
v 0.7284969138324922 0.32186696065592224 0.6047263068319861 
v 0.7513011705274828 0.3098701119553485 0.5826895098427756 
v 0.5520209633182682 0.8269039099750497 0.10725101269986169 
v 0.5108457969904615 0.8384625019725953 0.18978199198827056 
v 0.5249293084891276 0.8375789992811787 0.1513626144471135 
v 0.591084874604967 0.7966926108765988 0.12609343673585408 
v 0.6153613764610399 0.7738683215058865 0.14986059298440085 
v 0.44918526593886027 0.8366480912625733 0.31345265711129056 
v 0.46239669545438844 0.8399233426833458 0.2841092649817958 
v 0.5492349720295575 0.7957951884060676 0.25505090395731334 
v 0.5065041983703342 0.8188925914709108 0.2699415134196318 
v 0.5368689037467825 0.7940649247686866 0.2850134653693189 
v 0.47517585837737897 0.8423214760967718 0.2543667323402901 
v 0.4874737855726542 0.8437865553935043 0.22448509375152403 
v 0.6786784536557177 0.7062538649683371 0.20149698449547548 
v 0.6947829719004941 0.6848603614192796 0.21964268099295037 
v 0.6442425257599697 0.7468981455842411 0.16460476337347188 
v 0.6617983395041146 0.7269824396956123 0.18308328761471374 
v 0.6190171364503906 0.7432945248421208 0.2536356325922767 
v 0.6409503747588344 0.7358002848053533 0.21858764369668898 
v 0.6016143431787998 0.76342295672649 0.2350437644876486 
v 0.5420282497954588 0.8149070731986511 0.20526041623868913 
v 0.5723438137636195 0.7898250052331114 0.22045185405215065 
v 0.5944079385553005 0.7825346452249278 0.18525315545257065 
v 0.34611705707749457 0.7980732182913414 0.49323637441506196 
v 0.35854745665395743 0.8052386542002363 0.472265212681149 
v 0.4307310211957568 0.7788453622020631 0.45592838160833715 
v 0.39496108159500953 0.7926420218634973 0.46446137536015547 
v 0.41865973753742947 0.7725127249136923 0.47743912073845873 
v 0.37077966232408516 0.8118942365614021 0.45094366682016435 
v 0.3827729933668988 0.8179916893176764 0.4293884392437203 
v 0.5668077310432303 0.7119790328470139 0.4145055522135449 
v 0.534022186888306 0.7303740965417378 0.42588024491853516 
v 0.5555702330196032 0.7072902978253166 0.4371294439690819 
v 0.4890870598161118 0.7740755198885926 0.40199619081483384 
v 0.5118418184430652 0.7526647806281365 0.4141421022968995 
v 0.5229673892412847 0.7571307089318209 0.39148205499429056 
v 0.48862124149695607 0.7421894337004015 0.45869829611788454 
v 0.5003805934283831 0.7476700580933748 0.4365876154346441 
v 0.46599783026597824 0.7638180594400921 0.44657361572373777 
v 0.41742390111353006 0.833134230582134 0.3628286656418942 
v 0.4284486099598539 0.8370463551881764 0.34027222615085434 
v 0.3946100406707002 0.8236458960816834 0.4072963953556048 
v 0.4061328980268366 0.8286548027479609 0.38521070470985247 
v 0.4767785416526113 0.7988823147869806 0.36670051723471114 
v 0.44181614905142647 0.8143900478671685 0.3762543559512352 
v 0.46567771363222676 0.7947534275387124 0.3892444687362051 
v 0.44268554421808803 0.7846460722816629 0.4340046660962238 
v 0.45434713678067756 0.7899632374059123 0.4117362782733268 
v 0.41886865559886066 0.8046154632854697 0.42088360100948563 
v 0.7767871047201912 0.5467523362525074 0.3125118825626441 
v 0.7853169308807453 0.5266327684262657 0.3254769504768871 
v 0.7581800375991936 0.585977376365981 0.28599570796312074 
v 0.7677308515965854 0.5665649097163024 0.29932180439276396 
v 0.7343225094356859 0.577422402897563 0.35686667085633156 
v 0.7514418674937992 0.5723247798417693 0.3282978314830938 
v 0.7249601192617863 0.5970017791180295 0.34354286662634137 
v 0.714922937808355 0.6599954836735207 0.23084876981700897 
v 0.7264430046550238 0.6421499214204663 0.24479387126206817 
v 0.6936889361706333 0.6538347421935599 0.3021519315429511 
v 0.7104538683038008 0.6483628067089479 0.27364387785708166 
v 0.6823269558616613 0.6718464084721448 0.2881880093404971 
v 0.7374992027834087 0.6238591636819416 0.2586400390192995 
v 0.7480505162368329 0.605207669181885 0.2722941466892707 
v 0.6190939493098347 0.6680304820662478 0.41286554343791904 
v 0.638803247691023 0.6656158395883888 0.3858574410691671 
v 0.6081026918831848 0.6864573434838258 0.39873228073677836 
v 0.6972273496653594 0.62091035724897 0.35825179851547856 
v 0.6685454838753768 0.6437384400827294 0.37235434299829584 
v 0.6788007455329425 0.6246520362425633 0.38605618953973664 
v 0.6466668272066874 0.6806802518799423 0.3442330740807666 
v 0.6578218294134224 0.6624441721703724 0.3583826997843063 
v 0.6761021327148581 0.6584938484286271 0.330562789376053 
v 0.7319518512485267 0.6111194070675414 0.3012964615777481 
v 0.7045608365186716 0.6353226665169701 0.3161631494242749 
v 0.714996983766021 0.6163483471156266 0.3299909517143271 
v 0.47353765456753627 0.817886178309501 0.3268398522777719 
v 0.5207031614637546 0.7775818469300239 0.3524694156470092 
v 0.4974053100226595 0.7981589050981042 0.3398975136329447 
v 0.5174523729723273 0.7965695891395473 0.31260187357621577 
v 0.5599933806025449 0.773193700971181 0.2976221000863698 
v 0.5872300910033195 0.710385186925935 0.3879609599127695 
v 0.6260257354420289 0.7049091906370123 0.33345886031074234 
v 0.6069879649532399 0.7080471721251387 0.3608806069152488 
v 0.5656929019743715 0.7335689246136472 0.37665391740560894 
v 0.5435603537041445 0.7558755994462601 0.3649578332393789 
v 0.6787725611178316 0.691044030383509 0.2484470936534686 
v 0.6012904227288705 0.7476707253022755 0.28184803362894995 
v 0.6408376945761813 0.7203132666755282 0.26547287443638085 
v 0.6619661813632011 0.69645469339135 0.27704085399915707 
v 0.6444055105902933 0.7011295906816164 0.3052193227688779 
v 0.5634291582114691 0.7540199553184278 0.33764106779050373 
v 0.6047263068319861 0.7284969138324922 0.32186696065592224 
v 0.5826895098427756 0.7513011705274828 0.3098701119553485 
v 0.5195250164375765 0.3623676412703274 0.7738109910409099 
v 0.569625023717642 0.39334362490352315 0.7216703715010284 
v 0.5450409543911104 0.37814683814927935 0.7482882645305419 
v 0.5116444331599944 0.39878702337611666 0.7610446005348206 
v 0.5030330501765232 0.43449972792986863 0.7471062420158018 
v 0.6588000342511608 0.4484943856796275 0.604015977342092 
v 0.638080486612809 0.4356872634004532 0.6348463602436302 
v 0.5749369814794247 0.4790430352649697 0.6632987544775375 
v 0.6069845418891281 0.45779189344138665 0.6496124600151965 
v 0.5967800573900961 0.49255606494872295 0.6334367261090115 
v 0.61629295299356 0.42221612919168716 0.6647680319787241 
v 0.5935750065603574 0.4081736134098222 0.693587062237208 
v 0.4727238663031005 0.537883275016665 0.6980069689371268 
v 0.46126716208920987 0.5705764145711023 0.6794668206125684 
v 0.49358815655920696 0.46996888513857116 0.7317786405096095 
v 0.4835190438161132 0.5042749178825418 0.7154831524653166 
v 0.530789410642876 0.533340527578093 0.6586429102268616 
v 0.5075991129221311 0.5192154665294798 0.6875743158941005 
v 0.5415380358333086 0.49968471886268 0.6760560165259433 
v 0.561193183790102 0.42945434560339696 0.7075529489090459 
v 0.5518127107393089 0.46497860525331064 0.6923132447983512 
v 0.5277941074373165 0.4500961099822715 0.7203102608829569 
v 0.7738109910409099 0.5195250164375765 0.3623676412703274 
v 0.7216703715010284 0.569625023717642 0.39334362490352315 
v 0.7482882645305419 0.5450409543911104 0.37814683814927935 
v 0.7610446005348206 0.5116444331599944 0.39878702337611666 
v 0.7471062420158018 0.5030330501765232 0.43449972792986863 
v 0.6040159773420921 0.658800034251161 0.44849438567962757 
v 0.6348463602436301 0.638080486612809 0.43568726340045316 
v 0.6632987544775375 0.5749369814794247 0.4790430352649697 
v 0.6496124600151965 0.6069845418891281 0.45779189344138665 
v 0.6334367261090115 0.5967800573900961 0.49255606494872295 
v 0.6647680319787241 0.61629295299356 0.42221612919168716 
v 0.693587062237208 0.5935750065603574 0.4081736134098222 
v 0.6980069689371268 0.4727238663031005 0.537883275016665 
v 0.6794668206125684 0.46126716208920987 0.5705764145711023 
v 0.7317786405096095 0.49358815655920696 0.46996888513857116 
v 0.7154831524653166 0.4835190438161132 0.5042749178825418 
v 0.6586429102268616 0.530789410642876 0.533340527578093 
v 0.6875743158941005 0.5075991129221311 0.5192154665294798 
v 0.6760560165259434 0.5415380358333086 0.49968471886268007 
v 0.7075529489090459 0.561193183790102 0.42945434560339696 
v 0.6923132447983512 0.5518127107393089 0.46497860525331064 
v 0.7203102608829569 0.5277941074373165 0.4500961099822715 
v 0.3623676412703274 0.7738109910409099 0.5195250164375765 
v 0.39334362490352315 0.7216703715010284 0.569625023717642 
v 0.37814683814927935 0.7482882645305419 0.5450409543911104 
v 0.39878702337611666 0.7610446005348206 0.5116444331599944 
v 0.43449972792986863 0.7471062420158018 0.5030330501765232 
v 0.4484943856796275 0.604015977342092 0.6588000342511608 
v 0.4356872634004531 0.6348463602436301 0.638080486612809 
v 0.4790430352649697 0.6632987544775375 0.5749369814794247 
v 0.45779189344138665 0.6496124600151965 0.6069845418891282 
v 0.49255606494872295 0.6334367261090116 0.5967800573900961 
v 0.42221612919168716 0.6647680319787241 0.61629295299356 
v 0.40817361340982217 0.6935870622372079 0.5935750065603573 
v 0.537883275016665 0.6980069689371268 0.4727238663031004 
v 0.5705764145711023 0.6794668206125684 0.46126716208920987 
v 0.46996888513857116 0.7317786405096095 0.49358815655920696 
v 0.5042749178825418 0.7154831524653166 0.4835190438161132 
v 0.533340527578093 0.6586429102268616 0.530789410642876 
v 0.5192154665294798 0.6875743158941005 0.5075991129221311 
v 0.49968471886268 0.6760560165259433 0.5415380358333086 
v 0.42945434560339696 0.7075529489090459 0.561193183790102 
v 0.46497860525331064 0.6923132447983512 0.5518127107393089 
v 0.4500961099822715 0.7203102608829569 0.5277941074373165 
v 0.6495165647343653 0.48409220801740427 0.5863300830355741 
v 0.6275606580111176 0.5529214969364329 0.5481290347557107 
v 0.6390794354878201 0.5189796630836403 0.5676597435455154 
v 0.6184125616669264 0.5062068326211229 0.6010994478289268 
v 0.5863638941246713 0.5274604966281053 0.6147867989504848 
v 0.5863300830355741 0.6495165647343653 0.48409220801740427 
v 0.5481290347557108 0.6275606580111177 0.552921496936433 
v 0.5676597435455154 0.6390794354878202 0.5189796630836403 
v 0.6010994478289268 0.6184125616669264 0.5062068326211229 
v 0.6147867989504848 0.5863638941246713 0.5274604966281053 
v 0.48409220801740427 0.5863300830355741 0.6495165647343653 
v 0.5529214969364329 0.5481290347557107 0.6275606580111176 
v 0.5189796630836403 0.5676597435455154 0.6390794354878201 
v 0.5062068326211229 0.6010994478289268 0.6184125616669264 
v 0.5274604966281053 0.6147867989504848 0.5863638941246713 
v 0.5952228762781369 0.5745542482911571 0.5617803336943767 
v 0.5617803336943767 0.5952228762781369 0.5745542482911571 
v 0.5745542482911571 0.5617803336943767 0.5952228762781369 
v -0.1072510126998617 0.5520209633182681 -0.8269039099750497 
v -0.18978199198827053 0.5108457969904615 -0.8384625019725951 
v -0.1513626144471135 0.5249293084891277 -0.8375789992811787 
v -0.12609343673585408 0.591084874604967 -0.7966926108765988 
v -0.14986059298440085 0.61536137646104 -0.7738683215058865 
v -0.3134526571112906 0.44918526593886027 -0.8366480912625732 
v -0.2841092649817959 0.46239669545438844 -0.8399233426833458 
v -0.25505090395731334 0.5492349720295575 -0.7957951884060676 
v -0.2699415134196318 0.5065041983703341 -0.8188925914709109 
v -0.2850134653693189 0.5368689037467825 -0.7940649247686866 
v -0.2543667323402901 0.4751758583773789 -0.8423214760967717 
v -0.22448509375152406 0.48747378557265425 -0.8437865553935044 
v -0.2014969844954755 0.6786784536557177 -0.7062538649683371 
v -0.21964268099295037 0.6947829719004941 -0.6848603614192796 
v -0.16460476337347194 0.6442425257599698 -0.7468981455842411 
v -0.18308328761471376 0.6617983395041146 -0.7269824396956123 
v -0.2536356325922767 0.6190171364503906 -0.7432945248421208 
v -0.21858764369668898 0.6409503747588344 -0.7358002848053533 
v -0.2350437644876486 0.6016143431787998 -0.76342295672649 
v -0.20526041623868913 0.5420282497954588 -0.814907073198651 
v -0.22045185405215068 0.5723438137636195 -0.7898250052331114 
v -0.18525315545257068 0.5944079385553007 -0.7825346452249278 
v -0.49323637441506196 0.34611705707749457 -0.7980732182913414 
v -0.472265212681149 0.35854745665395743 -0.8052386542002363 
v -0.45592838160833715 0.4307310211957568 -0.7788453622020631 
v -0.46446137536015547 0.39496108159500953 -0.7926420218634973 
v -0.47743912073845873 0.41865973753742947 -0.7725127249136923 
v -0.45094366682016435 0.37077966232408516 -0.8118942365614021 
v -0.4293884392437203 0.3827729933668988 -0.8179916893176764 
v -0.4145055522135449 0.5668077310432303 -0.7119790328470139 
v -0.4258802449185351 0.534022186888306 -0.7303740965417378 
v -0.4371294439690819 0.5555702330196032 -0.7072902978253166 
v -0.40199619081483384 0.4890870598161118 -0.7740755198885926 
v -0.4141421022968995 0.5118418184430652 -0.7526647806281365 
v -0.39148205499429056 0.5229673892412847 -0.7571307089318209 
v -0.45869829611788454 0.4886212414969561 -0.7421894337004015 
v -0.4365876154346441 0.5003805934283831 -0.7476700580933748 
v -0.44657361572373777 0.46599783026597824 -0.7638180594400921 
v -0.3628286656418942 0.41742390111353006 -0.833134230582134 
v -0.34027222615085434 0.4284486099598539 -0.8370463551881764 
v -0.4072963953556048 0.3946100406707002 -0.8236458960816834 
v -0.38521070470985247 0.4061328980268366 -0.8286548027479609 
v -0.3667005172347112 0.47677854165261135 -0.7988823147869807 
v -0.3762543559512352 0.44181614905142647 -0.8143900478671685 
v -0.3892444687362051 0.46567771363222676 -0.7947534275387124 
v -0.4340046660962238 0.44268554421808803 -0.7846460722816629 
v -0.4117362782733268 0.45434713678067756 -0.7899632374059123 
v -0.42088360100948563 0.41886865559886066 -0.8046154632854697 
v -0.3125118825626441 0.7767871047201912 -0.5467523362525074 
v -0.3254769504768871 0.7853169308807453 -0.5266327684262657 
v -0.28599570796312074 0.7581800375991936 -0.585977376365981 
v -0.299321804392764 0.7677308515965853 -0.5665649097163024 
v -0.35686667085633156 0.7343225094356859 -0.577422402897563 
v -0.3282978314830938 0.7514418674937992 -0.5723247798417693 
v -0.3435428666263414 0.7249601192617863 -0.5970017791180295 
v -0.23084876981700897 0.714922937808355 -0.6599954836735207 
v -0.24479387126206814 0.7264430046550239 -0.6421499214204662 
v -0.3021519315429511 0.6936889361706333 -0.6538347421935599 
v -0.2736438778570816 0.7104538683038008 -0.6483628067089479 
v -0.2881880093404971 0.6823269558616613 -0.6718464084721448 
v -0.2586400390192995 0.7374992027834089 -0.6238591636819416 
v -0.27229414668927066 0.7480505162368328 -0.605207669181885 
v -0.4128655434379191 0.6190939493098347 -0.6680304820662478 
v -0.3858574410691671 0.638803247691023 -0.6656158395883888 
v -0.3987322807367784 0.6081026918831848 -0.6864573434838259 
v -0.35825179851547856 0.6972273496653594 -0.6209103572489701 
v -0.3723543429982958 0.6685454838753768 -0.6437384400827294 
v -0.3860561895397366 0.6788007455329423 -0.6246520362425633 
v -0.3442330740807666 0.6466668272066874 -0.6806802518799423 
v -0.35838269978430626 0.6578218294134223 -0.6624441721703724 
v -0.330562789376053 0.6761021327148581 -0.6584938484286271 
v -0.3012964615777481 0.7319518512485267 -0.6111194070675414 
v -0.31616314942427487 0.7045608365186716 -0.6353226665169701 
v -0.3299909517143271 0.714996983766021 -0.6163483471156266 
v -0.3268398522777719 0.47353765456753627 -0.817886178309501 
v -0.3524694156470092 0.5207031614637546 -0.7775818469300239 
v -0.3398975136329447 0.4974053100226595 -0.7981589050981042 
v -0.31260187357621577 0.5174523729723272 -0.7965695891395473 
v -0.2976221000863698 0.5599933806025449 -0.773193700971181 
v -0.3879609599127695 0.5872300910033195 -0.710385186925935 
v -0.33345886031074234 0.6260257354420289 -0.7049091906370123 
v -0.36088060691524887 0.60698796495324 -0.7080471721251388 
v -0.37665391740560894 0.5656929019743715 -0.7335689246136472 
v -0.3649578332393789 0.5435603537041445 -0.7558755994462601 
v -0.2484470936534686 0.6787725611178316 -0.691044030383509 
v -0.28184803362894995 0.6012904227288705 -0.7476707253022755 
v -0.26547287443638085 0.6408376945761813 -0.7203132666755282 
v -0.27704085399915707 0.6619661813632011 -0.69645469339135 
v -0.3052193227688779 0.6444055105902933 -0.7011295906816164 
v -0.33764106779050373 0.5634291582114691 -0.7540199553184278 
v -0.32186696065592224 0.6047263068319861 -0.7284969138324922 
v -0.3098701119553485 0.5826895098427756 -0.7513011705274828 
v -0.8269039099750497 0.1072510126998617 -0.5520209633182682 
v -0.8384625019725953 0.18978199198827056 -0.5108457969904615 
v -0.8375789992811787 0.1513626144471135 -0.5249293084891276 
v -0.7966926108765988 0.12609343673585408 -0.591084874604967 
v -0.7738683215058865 0.14986059298440085 -0.6153613764610399 
v -0.8366480912625732 0.3134526571112906 -0.44918526593886027 
v -0.8399233426833459 0.2841092649817958 -0.46239669545438844 
v -0.7957951884060676 0.25505090395731334 -0.5492349720295575 
v -0.8188925914709109 0.2699415134196318 -0.5065041983703341 
v -0.7940649247686866 0.2850134653693189 -0.5368689037467825 
v -0.8423214760967718 0.2543667323402901 -0.47517585837737897 
v -0.8437865553935043 0.22448509375152403 -0.4874737855726542 
v -0.706253864968337 0.20149698449547548 -0.6786784536557177 
v -0.6848603614192796 0.21964268099295037 -0.6947829719004941 
v -0.7468981455842411 0.1646047633734719 -0.6442425257599698 
v -0.7269824396956123 0.18308328761471376 -0.6617983395041146 
v -0.7432945248421208 0.2536356325922767 -0.6190171364503906 
v -0.7358002848053532 0.21858764369668895 -0.6409503747588344 
v -0.76342295672649 0.2350437644876486 -0.6016143431787998 
v -0.8149070731986511 0.20526041623868913 -0.5420282497954588 
v -0.7898250052331114 0.22045185405215065 -0.5723438137636195 
v -0.7825346452249278 0.18525315545257065 -0.5944079385553005 
v -0.7980732182913414 0.49323637441506196 -0.34611705707749457 
v -0.8052386542002362 0.47226521268114896 -0.3585474566539574 
v -0.7788453622020631 0.45592838160833715 -0.4307310211957568 
v -0.7926420218634973 0.46446137536015547 -0.39496108159500953 
v -0.7725127249136923 0.47743912073845873 -0.41865973753742947 
v -0.8118942365614021 0.45094366682016435 -0.37077966232408516 
v -0.8179916893176764 0.4293884392437203 -0.3827729933668988 
v -0.7119790328470139 0.4145055522135449 -0.5668077310432303 
v -0.7303740965417378 0.4258802449185351 -0.534022186888306 
v -0.7072902978253166 0.4371294439690819 -0.5555702330196032 
v -0.7740755198885926 0.40199619081483384 -0.4890870598161118 
v -0.7526647806281365 0.4141421022968995 -0.5118418184430652 
v -0.757130708931821 0.3914820549942906 -0.5229673892412848 
v -0.7421894337004015 0.45869829611788454 -0.4886212414969561 
v -0.7476700580933748 0.4365876154346441 -0.5003805934283831 
v -0.7638180594400921 0.44657361572373777 -0.46599783026597824 
v -0.833134230582134 0.3628286656418942 -0.41742390111353006 
v -0.8370463551881764 0.34027222615085434 -0.4284486099598539 
v -0.8236458960816834 0.4072963953556048 -0.3946100406707002 
v -0.8286548027479609 0.38521070470985247 -0.4061328980268366 
v -0.7988823147869807 0.3667005172347112 -0.47677854165261135 
v -0.8143900478671685 0.3762543559512352 -0.44181614905142647 
v -0.7947534275387124 0.3892444687362051 -0.46567771363222676 
v -0.7846460722816629 0.4340046660962238 -0.44268554421808803 
v -0.7899632374059123 0.4117362782733268 -0.45434713678067756 
v -0.8046154632854697 0.42088360100948563 -0.41886865559886066 
v -0.5467523362525074 0.3125118825626441 -0.7767871047201912 
v -0.5266327684262657 0.3254769504768871 -0.7853169308807453 
v -0.585977376365981 0.28599570796312074 -0.7581800375991936 
v -0.5665649097163024 0.299321804392764 -0.7677308515965853 
v -0.577422402897563 0.35686667085633156 -0.7343225094356859 
v -0.5723247798417693 0.3282978314830938 -0.7514418674937992 
v -0.5970017791180295 0.3435428666263414 -0.7249601192617863 
v -0.6599954836735207 0.23084876981700897 -0.714922937808355 
v -0.6421499214204662 0.24479387126206814 -0.7264430046550239 
v -0.6538347421935599 0.3021519315429511 -0.6936889361706333 
v -0.6483628067089479 0.2736438778570816 -0.7104538683038008 
v -0.6718464084721448 0.2881880093404971 -0.6823269558616613 
v -0.6238591636819416 0.2586400390192995 -0.7374992027834089 
v -0.605207669181885 0.27229414668927066 -0.7480505162368328 
v -0.6680304820662478 0.4128655434379191 -0.6190939493098347 
v -0.6656158395883888 0.3858574410691671 -0.638803247691023 
v -0.6864573434838259 0.3987322807367784 -0.6081026918831848 
v -0.6209103572489701 0.35825179851547856 -0.6972273496653594 
v -0.6437384400827294 0.3723543429982958 -0.6685454838753768 
v -0.6246520362425633 0.3860561895397366 -0.6788007455329423 
v -0.6806802518799423 0.3442330740807666 -0.6466668272066874 
v -0.6624441721703725 0.3583826997843063 -0.6578218294134223 
v -0.6584938484286271 0.330562789376053 -0.6761021327148581 
v -0.6111194070675414 0.3012964615777481 -0.7319518512485267 
v -0.6353226665169701 0.31616314942427487 -0.7045608365186716 
v -0.6163483471156266 0.3299909517143271 -0.714996983766021 
v -0.817886178309501 0.3268398522777719 -0.47353765456753627 
v -0.7775818469300239 0.3524694156470092 -0.5207031614637546 
v -0.798158905098104 0.3398975136329446 -0.4974053100226594 
v -0.7965695891395473 0.31260187357621577 -0.5174523729723272 
v -0.773193700971181 0.2976221000863698 -0.5599933806025449 
v -0.710385186925935 0.3879609599127695 -0.5872300910033195 
v -0.7049091906370123 0.33345886031074234 -0.6260257354420289 
v -0.7080471721251387 0.3608806069152488 -0.6069879649532399 
v -0.7335689246136472 0.37665391740560894 -0.5656929019743715 
v -0.7558755994462601 0.3649578332393789 -0.5435603537041445 
v -0.691044030383509 0.24844709365346856 -0.6787725611178316 
v -0.7476707253022755 0.28184803362894995 -0.6012904227288705 
v -0.7203132666755282 0.26547287443638085 -0.6408376945761813 
v -0.69645469339135 0.27704085399915707 -0.6619661813632011 
v -0.7011295906816164 0.3052193227688779 -0.6444055105902933 
v -0.7540199553184278 0.33764106779050373 -0.5634291582114691 
v -0.7284969138324922 0.32186696065592224 -0.6047263068319861 
v -0.7513011705274828 0.3098701119553485 -0.5826895098427756 
v -0.5520209633182682 0.8269039099750497 -0.10725101269986169 
v -0.5108457969904615 0.8384625019725953 -0.18978199198827056 
v -0.5249293084891276 0.8375789992811787 -0.1513626144471135 
v -0.591084874604967 0.7966926108765988 -0.12609343673585408 
v -0.6153613764610399 0.7738683215058865 -0.14986059298440085 
v -0.44918526593886027 0.8366480912625733 -0.31345265711129056 
v -0.46239669545438844 0.8399233426833458 -0.2841092649817958 
v -0.5492349720295575 0.7957951884060676 -0.25505090395731334 
v -0.5065041983703342 0.8188925914709108 -0.2699415134196318 
v -0.5368689037467825 0.7940649247686866 -0.2850134653693189 
v -0.47517585837737897 0.8423214760967718 -0.2543667323402901 
v -0.4874737855726542 0.8437865553935043 -0.22448509375152403 
v -0.6786784536557177 0.7062538649683371 -0.20149698449547548 
v -0.6947829719004941 0.6848603614192796 -0.21964268099295037 
v -0.6442425257599697 0.7468981455842411 -0.16460476337347188 
v -0.6617983395041146 0.7269824396956123 -0.18308328761471374 
v -0.6190171364503906 0.7432945248421208 -0.2536356325922767 
v -0.6409503747588344 0.7358002848053533 -0.21858764369668898 
v -0.6016143431787998 0.76342295672649 -0.2350437644876486 
v -0.5420282497954588 0.8149070731986511 -0.20526041623868913 
v -0.5723438137636195 0.7898250052331114 -0.22045185405215065 
v -0.5944079385553005 0.7825346452249278 -0.18525315545257065 
v -0.34611705707749457 0.7980732182913414 -0.49323637441506196 
v -0.35854745665395743 0.8052386542002363 -0.472265212681149 
v -0.4307310211957568 0.7788453622020631 -0.45592838160833715 
v -0.39496108159500953 0.7926420218634973 -0.46446137536015547 
v -0.41865973753742947 0.7725127249136923 -0.47743912073845873 
v -0.37077966232408516 0.8118942365614021 -0.45094366682016435 
v -0.3827729933668988 0.8179916893176764 -0.4293884392437203 
v -0.5668077310432303 0.7119790328470139 -0.4145055522135449 
v -0.534022186888306 0.7303740965417378 -0.42588024491853516 
v -0.5555702330196032 0.7072902978253166 -0.4371294439690819 
v -0.4890870598161118 0.7740755198885926 -0.40199619081483384 
v -0.5118418184430652 0.7526647806281365 -0.4141421022968995 
v -0.5229673892412847 0.7571307089318209 -0.39148205499429056 
v -0.48862124149695607 0.7421894337004015 -0.45869829611788454 
v -0.5003805934283831 0.7476700580933748 -0.4365876154346441 
v -0.46599783026597824 0.7638180594400921 -0.44657361572373777 
v -0.41742390111353006 0.833134230582134 -0.3628286656418942 
v -0.4284486099598539 0.8370463551881764 -0.34027222615085434 
v -0.3946100406707002 0.8236458960816834 -0.4072963953556048 
v -0.4061328980268366 0.8286548027479609 -0.38521070470985247 
v -0.4767785416526113 0.7988823147869806 -0.36670051723471114 
v -0.44181614905142647 0.8143900478671685 -0.3762543559512352 
v -0.46567771363222676 0.7947534275387124 -0.3892444687362051 
v -0.44268554421808803 0.7846460722816629 -0.4340046660962238 
v -0.45434713678067756 0.7899632374059123 -0.4117362782733268 
v -0.41886865559886066 0.8046154632854697 -0.42088360100948563 
v -0.7767871047201912 0.5467523362525074 -0.3125118825626441 
v -0.7853169308807453 0.5266327684262657 -0.3254769504768871 
v -0.7581800375991936 0.585977376365981 -0.28599570796312074 
v -0.7677308515965854 0.5665649097163024 -0.29932180439276396 
v -0.7343225094356859 0.577422402897563 -0.35686667085633156 
v -0.7514418674937992 0.5723247798417693 -0.3282978314830938 
v -0.7249601192617863 0.5970017791180295 -0.34354286662634137 
v -0.714922937808355 0.6599954836735207 -0.23084876981700897 
v -0.7264430046550238 0.6421499214204663 -0.24479387126206817 
v -0.6936889361706333 0.6538347421935599 -0.3021519315429511 
v -0.7104538683038008 0.6483628067089479 -0.27364387785708166 
v -0.6823269558616613 0.6718464084721448 -0.2881880093404971 
v -0.7374992027834087 0.6238591636819416 -0.2586400390192995 
v -0.7480505162368329 0.605207669181885 -0.2722941466892707 
v -0.6190939493098347 0.6680304820662478 -0.41286554343791904 
v -0.638803247691023 0.6656158395883888 -0.3858574410691671 
v -0.6081026918831848 0.6864573434838258 -0.39873228073677836 
v -0.6972273496653594 0.62091035724897 -0.35825179851547856 
v -0.6685454838753768 0.6437384400827294 -0.37235434299829584 
v -0.6788007455329425 0.6246520362425633 -0.38605618953973664 
v -0.6466668272066874 0.6806802518799423 -0.3442330740807666 
v -0.6578218294134224 0.6624441721703724 -0.3583826997843063 
v -0.6761021327148581 0.6584938484286271 -0.330562789376053 
v -0.7319518512485267 0.6111194070675414 -0.3012964615777481 
v -0.7045608365186716 0.6353226665169701 -0.3161631494242749 
v -0.714996983766021 0.6163483471156266 -0.3299909517143271 
v -0.47353765456753627 0.817886178309501 -0.3268398522777719 
v -0.5207031614637546 0.7775818469300239 -0.3524694156470092 
v -0.4974053100226595 0.7981589050981042 -0.3398975136329447 
v -0.5174523729723273 0.7965695891395473 -0.31260187357621577 
v -0.5599933806025449 0.773193700971181 -0.2976221000863698 
v -0.5872300910033195 0.710385186925935 -0.3879609599127695 
v -0.6260257354420289 0.7049091906370123 -0.33345886031074234 
v -0.6069879649532399 0.7080471721251387 -0.3608806069152488 
v -0.5656929019743715 0.7335689246136472 -0.37665391740560894 
v -0.5435603537041445 0.7558755994462601 -0.3649578332393789 
v -0.6787725611178316 0.691044030383509 -0.2484470936534686 
v -0.6012904227288705 0.7476707253022755 -0.28184803362894995 
v -0.6408376945761813 0.7203132666755282 -0.26547287443638085 
v -0.6619661813632011 0.69645469339135 -0.27704085399915707 
v -0.6444055105902933 0.7011295906816164 -0.3052193227688779 
v -0.5634291582114691 0.7540199553184278 -0.33764106779050373 
v -0.6047263068319861 0.7284969138324922 -0.32186696065592224 
v -0.5826895098427756 0.7513011705274828 -0.3098701119553485 
v -0.5195250164375765 0.3623676412703274 -0.7738109910409099 
v -0.569625023717642 0.39334362490352315 -0.7216703715010284 
v -0.5450409543911104 0.37814683814927935 -0.7482882645305419 
v -0.5116444331599944 0.39878702337611666 -0.7610446005348206 
v -0.5030330501765232 0.43449972792986863 -0.7471062420158018 
v -0.6588000342511608 0.4484943856796275 -0.604015977342092 
v -0.638080486612809 0.4356872634004532 -0.6348463602436302 
v -0.5749369814794247 0.4790430352649697 -0.6632987544775375 
v -0.6069845418891281 0.45779189344138665 -0.6496124600151965 
v -0.5967800573900961 0.49255606494872295 -0.6334367261090115 
v -0.61629295299356 0.42221612919168716 -0.6647680319787241 
v -0.5935750065603574 0.4081736134098222 -0.693587062237208 
v -0.4727238663031005 0.537883275016665 -0.6980069689371268 
v -0.46126716208920987 0.5705764145711023 -0.6794668206125684 
v -0.49358815655920696 0.46996888513857116 -0.7317786405096095 
v -0.4835190438161132 0.5042749178825418 -0.7154831524653166 
v -0.530789410642876 0.533340527578093 -0.6586429102268616 
v -0.5075991129221311 0.5192154665294798 -0.6875743158941005 
v -0.5415380358333086 0.49968471886268 -0.6760560165259433 
v -0.561193183790102 0.42945434560339696 -0.7075529489090459 
v -0.5518127107393089 0.46497860525331064 -0.6923132447983512 
v -0.5277941074373165 0.4500961099822715 -0.7203102608829569 
v -0.7738109910409099 0.5195250164375765 -0.3623676412703274 
v -0.7216703715010284 0.569625023717642 -0.39334362490352315 
v -0.7482882645305419 0.5450409543911104 -0.37814683814927935 
v -0.7610446005348206 0.5116444331599944 -0.39878702337611666 
v -0.7471062420158018 0.5030330501765232 -0.43449972792986863 
v -0.6040159773420921 0.658800034251161 -0.44849438567962757 
v -0.6348463602436301 0.638080486612809 -0.43568726340045316 
v -0.6632987544775375 0.5749369814794247 -0.4790430352649697 
v -0.6496124600151965 0.6069845418891281 -0.45779189344138665 
v -0.6334367261090115 0.5967800573900961 -0.49255606494872295 
v -0.6647680319787241 0.61629295299356 -0.42221612919168716 
v -0.693587062237208 0.5935750065603574 -0.4081736134098222 
v -0.6980069689371268 0.4727238663031005 -0.537883275016665 
v -0.6794668206125684 0.46126716208920987 -0.5705764145711023 
v -0.7317786405096095 0.49358815655920696 -0.46996888513857116 
v -0.7154831524653166 0.4835190438161132 -0.5042749178825418 
v -0.6586429102268616 0.530789410642876 -0.533340527578093 
v -0.6875743158941005 0.5075991129221311 -0.5192154665294798 
v -0.6760560165259434 0.5415380358333086 -0.49968471886268007 
v -0.7075529489090459 0.561193183790102 -0.42945434560339696 
v -0.6923132447983512 0.5518127107393089 -0.46497860525331064 
v -0.7203102608829569 0.5277941074373165 -0.4500961099822715 
v -0.3623676412703274 0.7738109910409099 -0.5195250164375765 
v -0.39334362490352315 0.7216703715010284 -0.569625023717642 
v -0.37814683814927935 0.7482882645305419 -0.5450409543911104 
v -0.39878702337611666 0.7610446005348206 -0.5116444331599944 
v -0.43449972792986863 0.7471062420158018 -0.5030330501765232 
v -0.4484943856796275 0.604015977342092 -0.6588000342511608 
v -0.4356872634004531 0.6348463602436301 -0.638080486612809 
v -0.4790430352649697 0.6632987544775375 -0.5749369814794247 
v -0.45779189344138665 0.6496124600151965 -0.6069845418891282 
v -0.49255606494872295 0.6334367261090116 -0.5967800573900961 
v -0.42221612919168716 0.6647680319787241 -0.61629295299356 
v -0.40817361340982217 0.6935870622372079 -0.5935750065603573 
v -0.537883275016665 0.6980069689371268 -0.4727238663031004 
v -0.5705764145711023 0.6794668206125684 -0.46126716208920987 
v -0.46996888513857116 0.7317786405096095 -0.49358815655920696 
v -0.5042749178825418 0.7154831524653166 -0.4835190438161132 
v -0.533340527578093 0.6586429102268616 -0.530789410642876 
v -0.5192154665294798 0.6875743158941005 -0.5075991129221311 
v -0.49968471886268 0.6760560165259433 -0.5415380358333086 
v -0.42945434560339696 0.7075529489090459 -0.561193183790102 
v -0.46497860525331064 0.6923132447983512 -0.5518127107393089 
v -0.4500961099822715 0.7203102608829569 -0.5277941074373165 
v -0.6495165647343653 0.48409220801740427 -0.5863300830355741 
v -0.6275606580111176 0.5529214969364329 -0.5481290347557107 
v -0.6390794354878201 0.5189796630836403 -0.5676597435455154 
v -0.6184125616669264 0.5062068326211229 -0.6010994478289268 
v -0.5863638941246713 0.5274604966281053 -0.6147867989504848 
v -0.5863300830355741 0.6495165647343653 -0.48409220801740427 
v -0.5481290347557108 0.6275606580111177 -0.552921496936433 
v -0.5676597435455154 0.6390794354878202 -0.5189796630836403 
v -0.6010994478289268 0.6184125616669264 -0.5062068326211229 
v -0.6147867989504848 0.5863638941246713 -0.5274604966281053 
v -0.48409220801740427 0.5863300830355741 -0.6495165647343653 
v -0.5529214969364329 0.5481290347557107 -0.6275606580111176 
v -0.5189796630836403 0.5676597435455154 -0.6390794354878201 
v -0.5062068326211229 0.6010994478289268 -0.6184125616669264 
v -0.5274604966281053 0.6147867989504848 -0.5863638941246713 
v -0.5952228762781369 0.5745542482911571 -0.5617803336943767 
v -0.5617803336943767 0.5952228762781369 -0.5745542482911571 
v -0.5745542482911571 0.5617803336943767 -0.5952228762781369 
v 0.1072510126998617 0.5520209633182681 -0.8269039099750497 
v 0.14986059298440085 0.61536137646104 -0.7738683215058865 
v 0.12609343673585408 0.591084874604967 -0.7966926108765988 
v 0.1513626144471135 0.5249293084891277 -0.8375789992811787 
v 0.18978199198827053 0.5108457969904615 -0.8384625019725951 
v 0.21964268099295037 0.6947829719004941 -0.6848603614192796 
v 0.2014969844954755 0.6786784536557177 -0.7062538649683371 
v 0.2350437644876486 0.6016143431787998 -0.76342295672649 
v 0.21858764369668898 0.6409503747588344 -0.7358002848053533 
v 0.2536356325922767 0.6190171364503906 -0.7432945248421208 
v 0.18308328761471376 0.6617983395041146 -0.7269824396956123 
v 0.16460476337347194 0.6442425257599698 -0.7468981455842411 
v 0.2841092649817959 0.46239669545438844 -0.8399233426833458 
v 0.3134526571112906 0.44918526593886027 -0.8366480912625732 
v 0.22448509375152406 0.48747378557265425 -0.8437865553935044 
v 0.2543667323402901 0.4751758583773789 -0.8423214760967717 
v 0.2850134653693189 0.5368689037467825 -0.7940649247686866 
v 0.2699415134196318 0.5065041983703341 -0.8188925914709109 
v 0.25505090395731334 0.5492349720295575 -0.7957951884060676 
v 0.18525315545257068 0.5944079385553007 -0.7825346452249278 
v 0.22045185405215068 0.5723438137636195 -0.7898250052331114 
v 0.20526041623868913 0.5420282497954588 -0.814907073198651 
v 0.3254769504768871 0.7853169308807453 -0.5266327684262657 
v 0.3125118825626441 0.7767871047201912 -0.5467523362525074 
v 0.3435428666263414 0.7249601192617863 -0.5970017791180295 
v 0.3282978314830938 0.7514418674937992 -0.5723247798417693 
v 0.35686667085633156 0.7343225094356859 -0.577422402897563 
v 0.299321804392764 0.7677308515965853 -0.5665649097163024 
v 0.28599570796312074 0.7581800375991936 -0.585977376365981 
v 0.3987322807367784 0.6081026918831848 -0.6864573434838259 
v 0.3858574410691671 0.638803247691023 -0.6656158395883888 
v 0.4128655434379191 0.6190939493098347 -0.6680304820662478 
v 0.330562789376053 0.6761021327148581 -0.6584938484286271 
v 0.35838269978430626 0.6578218294134223 -0.6624441721703724 
v 0.3442330740807666 0.6466668272066874 -0.6806802518799423 
v 0.3860561895397366 0.6788007455329423 -0.6246520362425633 
v 0.3723543429982958 0.6685454838753768 -0.6437384400827294 
v 0.35825179851547856 0.6972273496653594 -0.6209103572489701 
v 0.24479387126206814 0.7264430046550239 -0.6421499214204662 
v 0.23084876981700897 0.714922937808355 -0.6599954836735207 
v 0.27229414668927066 0.7480505162368328 -0.605207669181885 
v 0.2586400390192995 0.7374992027834089 -0.6238591636819416 
v 0.2881880093404971 0.6823269558616613 -0.6718464084721448 
v 0.2736438778570816 0.7104538683038008 -0.6483628067089479 
v 0.3021519315429511 0.6936889361706333 -0.6538347421935599 
v 0.3299909517143271 0.714996983766021 -0.6163483471156266 
v 0.31616314942427487 0.7045608365186716 -0.6353226665169701 
v 0.3012964615777481 0.7319518512485267 -0.6111194070675414 
v 0.472265212681149 0.35854745665395743 -0.8052386542002363 
v 0.49323637441506196 0.34611705707749457 -0.7980732182913414 
v 0.4293884392437203 0.3827729933668988 -0.8179916893176764 
v 0.45094366682016435 0.37077966232408516 -0.8118942365614021 
v 0.47743912073845873 0.41865973753742947 -0.7725127249136923 
v 0.46446137536015547 0.39496108159500953 -0.7926420218634973 
v 0.45592838160833715 0.4307310211957568 -0.7788453622020631 
v 0.34027222615085434 0.4284486099598539 -0.8370463551881764 
v 0.3628286656418942 0.41742390111353006 -0.833134230582134 
v 0.3892444687362051 0.46567771363222676 -0.7947534275387124 
v 0.3762543559512352 0.44181614905142647 -0.8143900478671685 
v 0.3667005172347112 0.47677854165261135 -0.7988823147869807 
v 0.38521070470985247 0.4061328980268366 -0.8286548027479609 
v 0.4072963953556048 0.3946100406707002 -0.8236458960816834 
v 0.4371294439690819 0.5555702330196032 -0.7072902978253166 
v 0.4258802449185351 0.534022186888306 -0.7303740965417378 
v 0.4145055522135449 0.5668077310432303 -0.7119790328470139 
v 0.44657361572373777 0.46599783026597824 -0.7638180594400921 
v 0.4365876154346441 0.5003805934283831 -0.7476700580933748 
v 0.45869829611788454 0.4886212414969561 -0.7421894337004015 
v 0.39148205499429056 0.5229673892412847 -0.7571307089318209 
v 0.4141421022968995 0.5118418184430652 -0.7526647806281365 
v 0.40199619081483384 0.4890870598161118 -0.7740755198885926 
v 0.42088360100948563 0.41886865559886066 -0.8046154632854697 
v 0.4117362782733268 0.45434713678067756 -0.7899632374059123 
v 0.4340046660962238 0.44268554421808803 -0.7846460722816629 
v 0.2484470936534686 0.6787725611178316 -0.691044030383509 
v 0.3052193227688779 0.6444055105902933 -0.7011295906816164 
v 0.27704085399915707 0.6619661813632011 -0.69645469339135 
v 0.26547287443638085 0.6408376945761813 -0.7203132666755282 
v 0.28184803362894995 0.6012904227288705 -0.7476707253022755 
v 0.3879609599127695 0.5872300910033195 -0.710385186925935 
v 0.3649578332393789 0.5435603537041445 -0.7558755994462601 
v 0.37665391740560894 0.5656929019743715 -0.7335689246136472 
v 0.36088060691524887 0.60698796495324 -0.7080471721251388 
v 0.33345886031074234 0.6260257354420289 -0.7049091906370123 
v 0.3268398522777719 0.47353765456753627 -0.817886178309501 
v 0.2976221000863698 0.5599933806025449 -0.773193700971181 
v 0.31260187357621577 0.5174523729723272 -0.7965695891395473 
v 0.3398975136329447 0.4974053100226595 -0.7981589050981042 
v 0.3524694156470092 0.5207031614637546 -0.7775818469300239 
v 0.32186696065592224 0.6047263068319861 -0.7284969138324922 
v 0.33764106779050373 0.5634291582114691 -0.7540199553184278 
v 0.3098701119553485 0.5826895098427756 -0.7513011705274828 
v 0.5520209633182682 0.8269039099750497 -0.10725101269986169 
v 0.6153613764610399 0.7738683215058865 -0.14986059298440085 
v 0.591084874604967 0.7966926108765988 -0.12609343673585408 
v 0.5249293084891276 0.8375789992811787 -0.1513626144471135 
v 0.5108457969904615 0.8384625019725953 -0.18978199198827056 
v 0.6947829719004941 0.6848603614192796 -0.21964268099295037 
v 0.6786784536557177 0.7062538649683371 -0.20149698449547548 
v 0.6016143431787998 0.76342295672649 -0.2350437644876486 
v 0.6409503747588344 0.7358002848053533 -0.21858764369668898 
v 0.6190171364503906 0.7432945248421208 -0.2536356325922767 
v 0.6617983395041146 0.7269824396956123 -0.18308328761471374 
v 0.6442425257599697 0.7468981455842411 -0.16460476337347188 
v 0.46239669545438844 0.8399233426833458 -0.2841092649817958 
v 0.44918526593886027 0.8366480912625733 -0.31345265711129056 
v 0.4874737855726542 0.8437865553935043 -0.22448509375152403 
v 0.47517585837737897 0.8423214760967718 -0.2543667323402901 
v 0.5368689037467825 0.7940649247686866 -0.2850134653693189 
v 0.5065041983703342 0.8188925914709108 -0.2699415134196318 
v 0.5492349720295575 0.7957951884060676 -0.25505090395731334 
v 0.5944079385553005 0.7825346452249278 -0.18525315545257065 
v 0.5723438137636195 0.7898250052331114 -0.22045185405215065 
v 0.5420282497954588 0.8149070731986511 -0.20526041623868913 
v 0.7853169308807453 0.5266327684262657 -0.3254769504768871 
v 0.7767871047201912 0.5467523362525074 -0.3125118825626441 
v 0.7249601192617863 0.5970017791180295 -0.34354286662634137 
v 0.7514418674937992 0.5723247798417693 -0.3282978314830938 
v 0.7343225094356859 0.577422402897563 -0.35686667085633156 
v 0.7677308515965854 0.5665649097163024 -0.29932180439276396 
v 0.7581800375991936 0.585977376365981 -0.28599570796312074 
v 0.6081026918831848 0.6864573434838258 -0.39873228073677836 
v 0.638803247691023 0.6656158395883888 -0.3858574410691671 
v 0.6190939493098347 0.6680304820662478 -0.41286554343791904 
v 0.6761021327148581 0.6584938484286271 -0.330562789376053 
v 0.6578218294134224 0.6624441721703724 -0.3583826997843063 
v 0.6466668272066874 0.6806802518799423 -0.3442330740807666 
v 0.6788007455329425 0.6246520362425633 -0.38605618953973664 
v 0.6685454838753768 0.6437384400827294 -0.37235434299829584 
v 0.6972273496653594 0.62091035724897 -0.35825179851547856 
v 0.7264430046550238 0.6421499214204663 -0.24479387126206817 
v 0.714922937808355 0.6599954836735207 -0.23084876981700897 
v 0.7480505162368329 0.605207669181885 -0.2722941466892707 
v 0.7374992027834087 0.6238591636819416 -0.2586400390192995 
v 0.6823269558616613 0.6718464084721448 -0.2881880093404971 
v 0.7104538683038008 0.6483628067089479 -0.27364387785708166 
v 0.6936889361706333 0.6538347421935599 -0.3021519315429511 
v 0.714996983766021 0.6163483471156266 -0.3299909517143271 
v 0.7045608365186716 0.6353226665169701 -0.3161631494242749 
v 0.7319518512485267 0.6111194070675414 -0.3012964615777481 
v 0.35854745665395743 0.8052386542002363 -0.472265212681149 
v 0.34611705707749457 0.7980732182913414 -0.49323637441506196 
v 0.3827729933668988 0.8179916893176764 -0.4293884392437203 
v 0.37077966232408516 0.8118942365614021 -0.45094366682016435 
v 0.41865973753742947 0.7725127249136923 -0.47743912073845873 
v 0.39496108159500953 0.7926420218634973 -0.46446137536015547 
v 0.4307310211957568 0.7788453622020631 -0.45592838160833715 
v 0.4284486099598539 0.8370463551881764 -0.34027222615085434 
v 0.41742390111353006 0.833134230582134 -0.3628286656418942 
v 0.46567771363222676 0.7947534275387124 -0.3892444687362051 
v 0.44181614905142647 0.8143900478671685 -0.3762543559512352 
v 0.4767785416526113 0.7988823147869806 -0.36670051723471114 
v 0.4061328980268366 0.8286548027479609 -0.38521070470985247 
v 0.3946100406707002 0.8236458960816834 -0.4072963953556048 
v 0.5555702330196032 0.7072902978253166 -0.4371294439690819 
v 0.534022186888306 0.7303740965417378 -0.42588024491853516 
v 0.5668077310432303 0.7119790328470139 -0.4145055522135449 
v 0.46599783026597824 0.7638180594400921 -0.44657361572373777 
v 0.5003805934283831 0.7476700580933748 -0.4365876154346441 
v 0.48862124149695607 0.7421894337004015 -0.45869829611788454 
v 0.5229673892412847 0.7571307089318209 -0.39148205499429056 
v 0.5118418184430652 0.7526647806281365 -0.4141421022968995 
v 0.4890870598161118 0.7740755198885926 -0.40199619081483384 
v 0.41886865559886066 0.8046154632854697 -0.42088360100948563 
v 0.45434713678067756 0.7899632374059123 -0.4117362782733268 
v 0.44268554421808803 0.7846460722816629 -0.4340046660962238 
v 0.6787725611178316 0.691044030383509 -0.2484470936534686 
v 0.6444055105902933 0.7011295906816164 -0.3052193227688779 
v 0.6619661813632011 0.69645469339135 -0.27704085399915707 
v 0.6408376945761813 0.7203132666755282 -0.26547287443638085 
v 0.6012904227288705 0.7476707253022755 -0.28184803362894995 
v 0.5872300910033195 0.710385186925935 -0.3879609599127695 
v 0.5435603537041445 0.7558755994462601 -0.3649578332393789 
v 0.5656929019743715 0.7335689246136472 -0.37665391740560894 
v 0.6069879649532399 0.7080471721251387 -0.3608806069152488 
v 0.6260257354420289 0.7049091906370123 -0.33345886031074234 
v 0.47353765456753627 0.817886178309501 -0.3268398522777719 
v 0.5599933806025449 0.773193700971181 -0.2976221000863698 
v 0.5174523729723273 0.7965695891395473 -0.31260187357621577 
v 0.4974053100226595 0.7981589050981042 -0.3398975136329447 
v 0.5207031614637546 0.7775818469300239 -0.3524694156470092 
v 0.6047263068319861 0.7284969138324922 -0.32186696065592224 
v 0.5634291582114691 0.7540199553184278 -0.33764106779050373 
v 0.5826895098427756 0.7513011705274828 -0.3098701119553485 
v 0.8269039099750497 0.1072510126998617 -0.5520209633182682 
v 0.7738683215058865 0.14986059298440085 -0.6153613764610399 
v 0.7966926108765988 0.12609343673585408 -0.591084874604967 
v 0.8375789992811787 0.1513626144471135 -0.5249293084891276 
v 0.8384625019725953 0.18978199198827056 -0.5108457969904615 
v 0.6848603614192796 0.21964268099295037 -0.6947829719004941 
v 0.706253864968337 0.20149698449547548 -0.6786784536557177 
v 0.76342295672649 0.2350437644876486 -0.6016143431787998 
v 0.7358002848053532 0.21858764369668895 -0.6409503747588344 
v 0.7432945248421208 0.2536356325922767 -0.6190171364503906 
v 0.7269824396956123 0.18308328761471376 -0.6617983395041146 
v 0.7468981455842411 0.1646047633734719 -0.6442425257599698 
v 0.8399233426833459 0.2841092649817958 -0.46239669545438844 
v 0.8366480912625732 0.3134526571112906 -0.44918526593886027 
v 0.8437865553935043 0.22448509375152403 -0.4874737855726542 
v 0.8423214760967718 0.2543667323402901 -0.47517585837737897 
v 0.7940649247686866 0.2850134653693189 -0.5368689037467825 
v 0.8188925914709109 0.2699415134196318 -0.5065041983703341 
v 0.7957951884060676 0.25505090395731334 -0.5492349720295575 
v 0.7825346452249278 0.18525315545257065 -0.5944079385553005 
v 0.7898250052331114 0.22045185405215065 -0.5723438137636195 
v 0.8149070731986511 0.20526041623868913 -0.5420282497954588 
v 0.5266327684262657 0.3254769504768871 -0.7853169308807453 
v 0.5467523362525074 0.3125118825626441 -0.7767871047201912 
v 0.5970017791180295 0.3435428666263414 -0.7249601192617863 
v 0.5723247798417693 0.3282978314830938 -0.7514418674937992 
v 0.577422402897563 0.35686667085633156 -0.7343225094356859 
v 0.5665649097163024 0.299321804392764 -0.7677308515965853 
v 0.585977376365981 0.28599570796312074 -0.7581800375991936 
v 0.6864573434838259 0.3987322807367784 -0.6081026918831848 
v 0.6656158395883888 0.3858574410691671 -0.638803247691023 
v 0.6680304820662478 0.4128655434379191 -0.6190939493098347 
v 0.6584938484286271 0.330562789376053 -0.6761021327148581 
v 0.6624441721703725 0.3583826997843063 -0.6578218294134223 
v 0.6806802518799423 0.3442330740807666 -0.6466668272066874 
v 0.6246520362425633 0.3860561895397366 -0.6788007455329423 
v 0.6437384400827294 0.3723543429982958 -0.6685454838753768 
v 0.6209103572489701 0.35825179851547856 -0.6972273496653594 
v 0.6421499214204662 0.24479387126206814 -0.7264430046550239 
v 0.6599954836735207 0.23084876981700897 -0.714922937808355 
v 0.605207669181885 0.27229414668927066 -0.7480505162368328 
v 0.6238591636819416 0.2586400390192995 -0.7374992027834089 
v 0.6718464084721448 0.2881880093404971 -0.6823269558616613 
v 0.6483628067089479 0.2736438778570816 -0.7104538683038008 
v 0.6538347421935599 0.3021519315429511 -0.6936889361706333 
v 0.6163483471156266 0.3299909517143271 -0.714996983766021 
v 0.6353226665169701 0.31616314942427487 -0.7045608365186716 
v 0.6111194070675414 0.3012964615777481 -0.7319518512485267 
v 0.8052386542002362 0.47226521268114896 -0.3585474566539574 
v 0.7980732182913414 0.49323637441506196 -0.34611705707749457 
v 0.8179916893176764 0.4293884392437203 -0.3827729933668988 
v 0.8118942365614021 0.45094366682016435 -0.37077966232408516 
v 0.7725127249136923 0.47743912073845873 -0.41865973753742947 
v 0.7926420218634973 0.46446137536015547 -0.39496108159500953 
v 0.7788453622020631 0.45592838160833715 -0.4307310211957568 
v 0.8370463551881764 0.34027222615085434 -0.4284486099598539 
v 0.833134230582134 0.3628286656418942 -0.41742390111353006 
v 0.7947534275387124 0.3892444687362051 -0.46567771363222676 
v 0.8143900478671685 0.3762543559512352 -0.44181614905142647 
v 0.7988823147869807 0.3667005172347112 -0.47677854165261135 
v 0.8286548027479609 0.38521070470985247 -0.4061328980268366 
v 0.8236458960816834 0.4072963953556048 -0.3946100406707002 
v 0.7072902978253166 0.4371294439690819 -0.5555702330196032 
v 0.7303740965417378 0.4258802449185351 -0.534022186888306 
v 0.7119790328470139 0.4145055522135449 -0.5668077310432303 
v 0.7638180594400921 0.44657361572373777 -0.46599783026597824 
v 0.7476700580933748 0.4365876154346441 -0.5003805934283831 
v 0.7421894337004015 0.45869829611788454 -0.4886212414969561 
v 0.757130708931821 0.3914820549942906 -0.5229673892412848 
v 0.7526647806281365 0.4141421022968995 -0.5118418184430652 
v 0.7740755198885926 0.40199619081483384 -0.4890870598161118 
v 0.8046154632854697 0.42088360100948563 -0.41886865559886066 
v 0.7899632374059123 0.4117362782733268 -0.45434713678067756 
v 0.7846460722816629 0.4340046660962238 -0.44268554421808803 
v 0.691044030383509 0.24844709365346856 -0.6787725611178316 
v 0.7011295906816164 0.3052193227688779 -0.6444055105902933 
v 0.69645469339135 0.27704085399915707 -0.6619661813632011 
v 0.7203132666755282 0.26547287443638085 -0.6408376945761813 
v 0.7476707253022755 0.28184803362894995 -0.6012904227288705 
v 0.710385186925935 0.3879609599127695 -0.5872300910033195 
v 0.7558755994462601 0.3649578332393789 -0.5435603537041445 
v 0.7335689246136472 0.37665391740560894 -0.5656929019743715 
v 0.7080471721251387 0.3608806069152488 -0.6069879649532399 
v 0.7049091906370123 0.33345886031074234 -0.6260257354420289 
v 0.817886178309501 0.3268398522777719 -0.47353765456753627 
v 0.773193700971181 0.2976221000863698 -0.5599933806025449 
v 0.7965695891395473 0.31260187357621577 -0.5174523729723272 
v 0.798158905098104 0.3398975136329446 -0.4974053100226594 
v 0.7775818469300239 0.3524694156470092 -0.5207031614637546 
v 0.7284969138324922 0.32186696065592224 -0.6047263068319861 
v 0.7540199553184278 0.33764106779050373 -0.5634291582114691 
v 0.7513011705274828 0.3098701119553485 -0.5826895098427756 
v 0.3623676412703274 0.7738109910409099 -0.5195250164375765 
v 0.43449972792986863 0.7471062420158018 -0.5030330501765232 
v 0.39878702337611666 0.7610446005348206 -0.5116444331599944 
v 0.37814683814927935 0.7482882645305419 -0.5450409543911104 
v 0.39334362490352315 0.7216703715010284 -0.569625023717642 
v 0.5705764145711023 0.6794668206125684 -0.46126716208920987 
v 0.537883275016665 0.6980069689371268 -0.4727238663031004 
v 0.49968471886268 0.6760560165259433 -0.5415380358333086 
v 0.5192154665294798 0.6875743158941005 -0.5075991129221311 
v 0.533340527578093 0.6586429102268616 -0.530789410642876 
v 0.5042749178825418 0.7154831524653166 -0.4835190438161132 
v 0.46996888513857116 0.7317786405096095 -0.49358815655920696 
v 0.4356872634004531 0.6348463602436301 -0.638080486612809 
v 0.4484943856796275 0.604015977342092 -0.6588000342511608 
v 0.40817361340982217 0.6935870622372079 -0.5935750065603573 
v 0.42221612919168716 0.6647680319787241 -0.61629295299356 
v 0.49255606494872295 0.6334367261090116 -0.5967800573900961 
v 0.45779189344138665 0.6496124600151965 -0.6069845418891282 
v 0.4790430352649697 0.6632987544775375 -0.5749369814794247 
v 0.4500961099822715 0.7203102608829569 -0.5277941074373165 
v 0.46497860525331064 0.6923132447983512 -0.5518127107393089 
v 0.42945434560339696 0.7075529489090459 -0.561193183790102 
v 0.7738109910409099 0.5195250164375765 -0.3623676412703274 
v 0.7471062420158018 0.5030330501765232 -0.43449972792986863 
v 0.7610446005348206 0.5116444331599944 -0.39878702337611666 
v 0.7482882645305419 0.5450409543911104 -0.37814683814927935 
v 0.7216703715010284 0.569625023717642 -0.39334362490352315 
v 0.6794668206125684 0.46126716208920987 -0.5705764145711023 
v 0.6980069689371268 0.4727238663031005 -0.537883275016665 
v 0.6760560165259434 0.5415380358333086 -0.49968471886268007 
v 0.6875743158941005 0.5075991129221311 -0.5192154665294798 
v 0.6586429102268616 0.530789410642876 -0.533340527578093 
v 0.7154831524653166 0.4835190438161132 -0.5042749178825418 
v 0.7317786405096095 0.49358815655920696 -0.46996888513857116 
v 0.6348463602436301 0.638080486612809 -0.43568726340045316 
v 0.6040159773420921 0.658800034251161 -0.44849438567962757 
v 0.693587062237208 0.5935750065603574 -0.4081736134098222 
v 0.6647680319787241 0.61629295299356 -0.42221612919168716 
v 0.6334367261090115 0.5967800573900961 -0.49255606494872295 
v 0.6496124600151965 0.6069845418891281 -0.45779189344138665 
v 0.6632987544775375 0.5749369814794247 -0.4790430352649697 
v 0.7203102608829569 0.5277941074373165 -0.4500961099822715 
v 0.6923132447983512 0.5518127107393089 -0.46497860525331064 
v 0.7075529489090459 0.561193183790102 -0.42945434560339696 
v 0.5195250164375765 0.3623676412703274 -0.7738109910409099 
v 0.5030330501765232 0.43449972792986863 -0.7471062420158018 
v 0.5116444331599944 0.39878702337611666 -0.7610446005348206 
v 0.5450409543911104 0.37814683814927935 -0.7482882645305419 
v 0.569625023717642 0.39334362490352315 -0.7216703715010284 
v 0.46126716208920987 0.5705764145711023 -0.6794668206125684 
v 0.4727238663031005 0.537883275016665 -0.6980069689371268 
v 0.5415380358333086 0.49968471886268 -0.6760560165259433 
v 0.5075991129221311 0.5192154665294798 -0.6875743158941005 
v 0.530789410642876 0.533340527578093 -0.6586429102268616 
v 0.4835190438161132 0.5042749178825418 -0.7154831524653166 
v 0.49358815655920696 0.46996888513857116 -0.7317786405096095 
v 0.638080486612809 0.4356872634004532 -0.6348463602436302 
v 0.6588000342511608 0.4484943856796275 -0.604015977342092 
v 0.5935750065603574 0.4081736134098222 -0.693587062237208 
v 0.61629295299356 0.42221612919168716 -0.6647680319787241 
v 0.5967800573900961 0.49255606494872295 -0.6334367261090115 
v 0.6069845418891281 0.45779189344138665 -0.6496124600151965 
v 0.5749369814794247 0.4790430352649697 -0.6632987544775375 
v 0.5277941074373165 0.4500961099822715 -0.7203102608829569 
v 0.5518127107393089 0.46497860525331064 -0.6923132447983512 
v 0.561193183790102 0.42945434560339696 -0.7075529489090459 
v 0.5863300830355741 0.6495165647343653 -0.48409220801740427 
v 0.6147867989504848 0.5863638941246713 -0.5274604966281053 
v 0.6010994478289268 0.6184125616669264 -0.5062068326211229 
v 0.5676597435455154 0.6390794354878202 -0.5189796630836403 
v 0.5481290347557108 0.6275606580111177 -0.552921496936433 
v 0.6495165647343653 0.48409220801740427 -0.5863300830355741 
v 0.5863638941246713 0.5274604966281053 -0.6147867989504848 
v 0.6184125616669264 0.5062068326211229 -0.6010994478289268 
v 0.6390794354878201 0.5189796630836403 -0.5676597435455154 
v 0.6275606580111176 0.5529214969364329 -0.5481290347557107 
v 0.48409220801740427 0.5863300830355741 -0.6495165647343653 
v 0.5274604966281053 0.6147867989504848 -0.5863638941246713 
v 0.5062068326211229 0.6010994478289268 -0.6184125616669264 
v 0.5189796630836403 0.5676597435455154 -0.6390794354878201 
v 0.5529214969364329 0.5481290347557107 -0.6275606580111176 
v 0.5952228762781369 0.5745542482911571 -0.5617803336943767 
v 0.5745542482911571 0.5617803336943767 -0.5952228762781369 
v 0.5617803336943767 0.5952228762781369 -0.5745542482911571 
v -0.1072510126998617 -0.5520209633182681 -0.8269039099750497 
v -0.14986059298440085 -0.61536137646104 -0.7738683215058865 
v -0.12609343673585408 -0.591084874604967 -0.7966926108765988 
v -0.1513626144471135 -0.5249293084891277 -0.8375789992811787 
v -0.18978199198827053 -0.5108457969904615 -0.8384625019725951 
v -0.21964268099295037 -0.6947829719004941 -0.6848603614192796 
v -0.2014969844954755 -0.6786784536557177 -0.7062538649683371 
v -0.2350437644876486 -0.6016143431787998 -0.76342295672649 
v -0.21858764369668898 -0.6409503747588344 -0.7358002848053533 
v -0.2536356325922767 -0.6190171364503906 -0.7432945248421208 
v -0.18308328761471376 -0.6617983395041146 -0.7269824396956123 
v -0.16460476337347194 -0.6442425257599698 -0.7468981455842411 
v -0.2841092649817959 -0.46239669545438844 -0.8399233426833458 
v -0.3134526571112906 -0.44918526593886027 -0.8366480912625732 
v -0.22448509375152406 -0.48747378557265425 -0.8437865553935044 
v -0.2543667323402901 -0.4751758583773789 -0.8423214760967717 
v -0.2850134653693189 -0.5368689037467825 -0.7940649247686866 
v -0.2699415134196318 -0.5065041983703341 -0.8188925914709109 
v -0.25505090395731334 -0.5492349720295575 -0.7957951884060676 
v -0.18525315545257068 -0.5944079385553007 -0.7825346452249278 
v -0.22045185405215068 -0.5723438137636195 -0.7898250052331114 
v -0.20526041623868913 -0.5420282497954588 -0.814907073198651 
v -0.3254769504768871 -0.7853169308807453 -0.5266327684262657 
v -0.3125118825626441 -0.7767871047201912 -0.5467523362525074 
v -0.3435428666263414 -0.7249601192617863 -0.5970017791180295 
v -0.3282978314830938 -0.7514418674937992 -0.5723247798417693 
v -0.35686667085633156 -0.7343225094356859 -0.577422402897563 
v -0.299321804392764 -0.7677308515965853 -0.5665649097163024 
v -0.28599570796312074 -0.7581800375991936 -0.585977376365981 
v -0.3987322807367784 -0.6081026918831848 -0.6864573434838259 
v -0.3858574410691671 -0.638803247691023 -0.6656158395883888 
v -0.4128655434379191 -0.6190939493098347 -0.6680304820662478 
v -0.330562789376053 -0.6761021327148581 -0.6584938484286271 
v -0.35838269978430626 -0.6578218294134223 -0.6624441721703724 
v -0.3442330740807666 -0.6466668272066874 -0.6806802518799423 
v -0.3860561895397366 -0.6788007455329423 -0.6246520362425633 
v -0.3723543429982958 -0.6685454838753768 -0.6437384400827294 
v -0.35825179851547856 -0.6972273496653594 -0.6209103572489701 
v -0.24479387126206814 -0.7264430046550239 -0.6421499214204662 
v -0.23084876981700897 -0.714922937808355 -0.6599954836735207 
v -0.27229414668927066 -0.7480505162368328 -0.605207669181885 
v -0.2586400390192995 -0.7374992027834089 -0.6238591636819416 
v -0.2881880093404971 -0.6823269558616613 -0.6718464084721448 
v -0.2736438778570816 -0.7104538683038008 -0.6483628067089479 
v -0.3021519315429511 -0.6936889361706333 -0.6538347421935599 
v -0.3299909517143271 -0.714996983766021 -0.6163483471156266 
v -0.31616314942427487 -0.7045608365186716 -0.6353226665169701 
v -0.3012964615777481 -0.7319518512485267 -0.6111194070675414 
v -0.472265212681149 -0.35854745665395743 -0.8052386542002363 
v -0.49323637441506196 -0.34611705707749457 -0.7980732182913414 
v -0.4293884392437203 -0.3827729933668988 -0.8179916893176764 
v -0.45094366682016435 -0.37077966232408516 -0.8118942365614021 
v -0.47743912073845873 -0.41865973753742947 -0.7725127249136923 
v -0.46446137536015547 -0.39496108159500953 -0.7926420218634973 
v -0.45592838160833715 -0.4307310211957568 -0.7788453622020631 
v -0.34027222615085434 -0.4284486099598539 -0.8370463551881764 
v -0.3628286656418942 -0.41742390111353006 -0.833134230582134 
v -0.3892444687362051 -0.46567771363222676 -0.7947534275387124 
v -0.3762543559512352 -0.44181614905142647 -0.8143900478671685 
v -0.3667005172347112 -0.47677854165261135 -0.7988823147869807 
v -0.38521070470985247 -0.4061328980268366 -0.8286548027479609 
v -0.4072963953556048 -0.3946100406707002 -0.8236458960816834 
v -0.4371294439690819 -0.5555702330196032 -0.7072902978253166 
v -0.4258802449185351 -0.534022186888306 -0.7303740965417378 
v -0.4145055522135449 -0.5668077310432303 -0.7119790328470139 
v -0.44657361572373777 -0.46599783026597824 -0.7638180594400921 
v -0.4365876154346441 -0.5003805934283831 -0.7476700580933748 
v -0.45869829611788454 -0.4886212414969561 -0.7421894337004015 
v -0.39148205499429056 -0.5229673892412847 -0.7571307089318209 
v -0.4141421022968995 -0.5118418184430652 -0.7526647806281365 
v -0.40199619081483384 -0.4890870598161118 -0.7740755198885926 
v -0.42088360100948563 -0.41886865559886066 -0.8046154632854697 
v -0.4117362782733268 -0.45434713678067756 -0.7899632374059123 
v -0.4340046660962238 -0.44268554421808803 -0.7846460722816629 
v -0.2484470936534686 -0.6787725611178316 -0.691044030383509 
v -0.3052193227688779 -0.6444055105902933 -0.7011295906816164 
v -0.27704085399915707 -0.6619661813632011 -0.69645469339135 
v -0.26547287443638085 -0.6408376945761813 -0.7203132666755282 
v -0.28184803362894995 -0.6012904227288705 -0.7476707253022755 
v -0.3879609599127695 -0.5872300910033195 -0.710385186925935 
v -0.3649578332393789 -0.5435603537041445 -0.7558755994462601 
v -0.37665391740560894 -0.5656929019743715 -0.7335689246136472 
v -0.36088060691524887 -0.60698796495324 -0.7080471721251388 
v -0.33345886031074234 -0.6260257354420289 -0.7049091906370123 
v -0.3268398522777719 -0.47353765456753627 -0.817886178309501 
v -0.2976221000863698 -0.5599933806025449 -0.773193700971181 
v -0.31260187357621577 -0.5174523729723272 -0.7965695891395473 
v -0.3398975136329447 -0.4974053100226595 -0.7981589050981042 
v -0.3524694156470092 -0.5207031614637546 -0.7775818469300239 
v -0.32186696065592224 -0.6047263068319861 -0.7284969138324922 
v -0.33764106779050373 -0.5634291582114691 -0.7540199553184278 
v -0.3098701119553485 -0.5826895098427756 -0.7513011705274828 
v -0.5520209633182682 -0.8269039099750497 -0.10725101269986169 
v -0.6153613764610399 -0.7738683215058865 -0.14986059298440085 
v -0.591084874604967 -0.7966926108765988 -0.12609343673585408 
v -0.5249293084891276 -0.8375789992811787 -0.1513626144471135 
v -0.5108457969904615 -0.8384625019725953 -0.18978199198827056 
v -0.6947829719004941 -0.6848603614192796 -0.21964268099295037 
v -0.6786784536557177 -0.7062538649683371 -0.20149698449547548 
v -0.6016143431787998 -0.76342295672649 -0.2350437644876486 
v -0.6409503747588344 -0.7358002848053533 -0.21858764369668898 
v -0.6190171364503906 -0.7432945248421208 -0.2536356325922767 
v -0.6617983395041146 -0.7269824396956123 -0.18308328761471374 
v -0.6442425257599697 -0.7468981455842411 -0.16460476337347188 
v -0.46239669545438844 -0.8399233426833458 -0.2841092649817958 
v -0.44918526593886027 -0.8366480912625733 -0.31345265711129056 
v -0.4874737855726542 -0.8437865553935043 -0.22448509375152403 
v -0.47517585837737897 -0.8423214760967718 -0.2543667323402901 
v -0.5368689037467825 -0.7940649247686866 -0.2850134653693189 
v -0.5065041983703342 -0.8188925914709108 -0.2699415134196318 
v -0.5492349720295575 -0.7957951884060676 -0.25505090395731334 
v -0.5944079385553005 -0.7825346452249278 -0.18525315545257065 
v -0.5723438137636195 -0.7898250052331114 -0.22045185405215065 
v -0.5420282497954588 -0.8149070731986511 -0.20526041623868913 
v -0.7853169308807453 -0.5266327684262657 -0.3254769504768871 
v -0.7767871047201912 -0.5467523362525074 -0.3125118825626441 
v -0.7249601192617863 -0.5970017791180295 -0.34354286662634137 
v -0.7514418674937992 -0.5723247798417693 -0.3282978314830938 
v -0.7343225094356859 -0.577422402897563 -0.35686667085633156 
v -0.7677308515965854 -0.5665649097163024 -0.29932180439276396 
v -0.7581800375991936 -0.585977376365981 -0.28599570796312074 
v -0.6081026918831848 -0.6864573434838258 -0.39873228073677836 
v -0.638803247691023 -0.6656158395883888 -0.3858574410691671 
v -0.6190939493098347 -0.6680304820662478 -0.41286554343791904 
v -0.6761021327148581 -0.6584938484286271 -0.330562789376053 
v -0.6578218294134224 -0.6624441721703724 -0.3583826997843063 
v -0.6466668272066874 -0.6806802518799423 -0.3442330740807666 
v -0.6788007455329425 -0.6246520362425633 -0.38605618953973664 
v -0.6685454838753768 -0.6437384400827294 -0.37235434299829584 
v -0.6972273496653594 -0.62091035724897 -0.35825179851547856 
v -0.7264430046550238 -0.6421499214204663 -0.24479387126206817 
v -0.714922937808355 -0.6599954836735207 -0.23084876981700897 
v -0.7480505162368329 -0.605207669181885 -0.2722941466892707 
v -0.7374992027834087 -0.6238591636819416 -0.2586400390192995 
v -0.6823269558616613 -0.6718464084721448 -0.2881880093404971 
v -0.7104538683038008 -0.6483628067089479 -0.27364387785708166 
v -0.6936889361706333 -0.6538347421935599 -0.3021519315429511 
v -0.714996983766021 -0.6163483471156266 -0.3299909517143271 
v -0.7045608365186716 -0.6353226665169701 -0.3161631494242749 
v -0.7319518512485267 -0.6111194070675414 -0.3012964615777481 
v -0.35854745665395743 -0.8052386542002363 -0.472265212681149 
v -0.34611705707749457 -0.7980732182913414 -0.49323637441506196 
v -0.3827729933668988 -0.8179916893176764 -0.4293884392437203 
v -0.37077966232408516 -0.8118942365614021 -0.45094366682016435 
v -0.41865973753742947 -0.7725127249136923 -0.47743912073845873 
v -0.39496108159500953 -0.7926420218634973 -0.46446137536015547 
v -0.4307310211957568 -0.7788453622020631 -0.45592838160833715 
v -0.4284486099598539 -0.8370463551881764 -0.34027222615085434 
v -0.41742390111353006 -0.833134230582134 -0.3628286656418942 
v -0.46567771363222676 -0.7947534275387124 -0.3892444687362051 
v -0.44181614905142647 -0.8143900478671685 -0.3762543559512352 
v -0.4767785416526113 -0.7988823147869806 -0.36670051723471114 
v -0.4061328980268366 -0.8286548027479609 -0.38521070470985247 
v -0.3946100406707002 -0.8236458960816834 -0.4072963953556048 
v -0.5555702330196032 -0.7072902978253166 -0.4371294439690819 
v -0.534022186888306 -0.7303740965417378 -0.42588024491853516 
v -0.5668077310432303 -0.7119790328470139 -0.4145055522135449 
v -0.46599783026597824 -0.7638180594400921 -0.44657361572373777 
v -0.5003805934283831 -0.7476700580933748 -0.4365876154346441 
v -0.48862124149695607 -0.7421894337004015 -0.45869829611788454 
v -0.5229673892412847 -0.7571307089318209 -0.39148205499429056 
v -0.5118418184430652 -0.7526647806281365 -0.4141421022968995 
v -0.4890870598161118 -0.7740755198885926 -0.40199619081483384 
v -0.41886865559886066 -0.8046154632854697 -0.42088360100948563 
v -0.45434713678067756 -0.7899632374059123 -0.4117362782733268 
v -0.44268554421808803 -0.7846460722816629 -0.4340046660962238 
v -0.6787725611178316 -0.691044030383509 -0.2484470936534686 
v -0.6444055105902933 -0.7011295906816164 -0.3052193227688779 
v -0.6619661813632011 -0.69645469339135 -0.27704085399915707 
v -0.6408376945761813 -0.7203132666755282 -0.26547287443638085 
v -0.6012904227288705 -0.7476707253022755 -0.28184803362894995 
v -0.5872300910033195 -0.710385186925935 -0.3879609599127695 
v -0.5435603537041445 -0.7558755994462601 -0.3649578332393789 
v -0.5656929019743715 -0.7335689246136472 -0.37665391740560894 
v -0.6069879649532399 -0.7080471721251387 -0.3608806069152488 
v -0.6260257354420289 -0.7049091906370123 -0.33345886031074234 
v -0.47353765456753627 -0.817886178309501 -0.3268398522777719 
v -0.5599933806025449 -0.773193700971181 -0.2976221000863698 
v -0.5174523729723273 -0.7965695891395473 -0.31260187357621577 
v -0.4974053100226595 -0.7981589050981042 -0.3398975136329447 
v -0.5207031614637546 -0.7775818469300239 -0.3524694156470092 
v -0.6047263068319861 -0.7284969138324922 -0.32186696065592224 
v -0.5634291582114691 -0.7540199553184278 -0.33764106779050373 
v -0.5826895098427756 -0.7513011705274828 -0.3098701119553485 
v -0.8269039099750497 -0.1072510126998617 -0.5520209633182682 
v -0.7738683215058865 -0.14986059298440085 -0.6153613764610399 
v -0.7966926108765988 -0.12609343673585408 -0.591084874604967 
v -0.8375789992811787 -0.1513626144471135 -0.5249293084891276 
v -0.8384625019725953 -0.18978199198827056 -0.5108457969904615 
v -0.6848603614192796 -0.21964268099295037 -0.6947829719004941 
v -0.706253864968337 -0.20149698449547548 -0.6786784536557177 
v -0.76342295672649 -0.2350437644876486 -0.6016143431787998 
v -0.7358002848053532 -0.21858764369668895 -0.6409503747588344 
v -0.7432945248421208 -0.2536356325922767 -0.6190171364503906 
v -0.7269824396956123 -0.18308328761471376 -0.6617983395041146 
v -0.7468981455842411 -0.1646047633734719 -0.6442425257599698 
v -0.8399233426833459 -0.2841092649817958 -0.46239669545438844 
v -0.8366480912625732 -0.3134526571112906 -0.44918526593886027 
v -0.8437865553935043 -0.22448509375152403 -0.4874737855726542 
v -0.8423214760967718 -0.2543667323402901 -0.47517585837737897 
v -0.7940649247686866 -0.2850134653693189 -0.5368689037467825 
v -0.8188925914709109 -0.2699415134196318 -0.5065041983703341 
v -0.7957951884060676 -0.25505090395731334 -0.5492349720295575 
v -0.7825346452249278 -0.18525315545257065 -0.5944079385553005 
v -0.7898250052331114 -0.22045185405215065 -0.5723438137636195 
v -0.8149070731986511 -0.20526041623868913 -0.5420282497954588 
v -0.5266327684262657 -0.3254769504768871 -0.7853169308807453 
v -0.5467523362525074 -0.3125118825626441 -0.7767871047201912 
v -0.5970017791180295 -0.3435428666263414 -0.7249601192617863 
v -0.5723247798417693 -0.3282978314830938 -0.7514418674937992 
v -0.577422402897563 -0.35686667085633156 -0.7343225094356859 
v -0.5665649097163024 -0.299321804392764 -0.7677308515965853 
v -0.585977376365981 -0.28599570796312074 -0.7581800375991936 
v -0.6864573434838259 -0.3987322807367784 -0.6081026918831848 
v -0.6656158395883888 -0.3858574410691671 -0.638803247691023 
v -0.6680304820662478 -0.4128655434379191 -0.6190939493098347 
v -0.6584938484286271 -0.330562789376053 -0.6761021327148581 
v -0.6624441721703725 -0.3583826997843063 -0.6578218294134223 
v -0.6806802518799423 -0.3442330740807666 -0.6466668272066874 
v -0.6246520362425633 -0.3860561895397366 -0.6788007455329423 
v -0.6437384400827294 -0.3723543429982958 -0.6685454838753768 
v -0.6209103572489701 -0.35825179851547856 -0.6972273496653594 
v -0.6421499214204662 -0.24479387126206814 -0.7264430046550239 
v -0.6599954836735207 -0.23084876981700897 -0.714922937808355 
v -0.605207669181885 -0.27229414668927066 -0.7480505162368328 
v -0.6238591636819416 -0.2586400390192995 -0.7374992027834089 
v -0.6718464084721448 -0.2881880093404971 -0.6823269558616613 
v -0.6483628067089479 -0.2736438778570816 -0.7104538683038008 
v -0.6538347421935599 -0.3021519315429511 -0.6936889361706333 
v -0.6163483471156266 -0.3299909517143271 -0.714996983766021 
v -0.6353226665169701 -0.31616314942427487 -0.7045608365186716 
v -0.6111194070675414 -0.3012964615777481 -0.7319518512485267 
v -0.8052386542002362 -0.47226521268114896 -0.3585474566539574 
v -0.7980732182913414 -0.49323637441506196 -0.34611705707749457 
v -0.8179916893176764 -0.4293884392437203 -0.3827729933668988 
v -0.8118942365614021 -0.45094366682016435 -0.37077966232408516 
v -0.7725127249136923 -0.47743912073845873 -0.41865973753742947 
v -0.7926420218634973 -0.46446137536015547 -0.39496108159500953 
v -0.7788453622020631 -0.45592838160833715 -0.4307310211957568 
v -0.8370463551881764 -0.34027222615085434 -0.4284486099598539 
v -0.833134230582134 -0.3628286656418942 -0.41742390111353006 
v -0.7947534275387124 -0.3892444687362051 -0.46567771363222676 
v -0.8143900478671685 -0.3762543559512352 -0.44181614905142647 
v -0.7988823147869807 -0.3667005172347112 -0.47677854165261135 
v -0.8286548027479609 -0.38521070470985247 -0.4061328980268366 
v -0.8236458960816834 -0.4072963953556048 -0.3946100406707002 
v -0.7072902978253166 -0.4371294439690819 -0.5555702330196032 
v -0.7303740965417378 -0.4258802449185351 -0.534022186888306 
v -0.7119790328470139 -0.4145055522135449 -0.5668077310432303 
v -0.7638180594400921 -0.44657361572373777 -0.46599783026597824 
v -0.7476700580933748 -0.4365876154346441 -0.5003805934283831 
v -0.7421894337004015 -0.45869829611788454 -0.4886212414969561 
v -0.757130708931821 -0.3914820549942906 -0.5229673892412848 
v -0.7526647806281365 -0.4141421022968995 -0.5118418184430652 
v -0.7740755198885926 -0.40199619081483384 -0.4890870598161118 
v -0.8046154632854697 -0.42088360100948563 -0.41886865559886066 
v -0.7899632374059123 -0.4117362782733268 -0.45434713678067756 
v -0.7846460722816629 -0.4340046660962238 -0.44268554421808803 
v -0.691044030383509 -0.24844709365346856 -0.6787725611178316 
v -0.7011295906816164 -0.3052193227688779 -0.6444055105902933 
v -0.69645469339135 -0.27704085399915707 -0.6619661813632011 
v -0.7203132666755282 -0.26547287443638085 -0.6408376945761813 
v -0.7476707253022755 -0.28184803362894995 -0.6012904227288705 
v -0.710385186925935 -0.3879609599127695 -0.5872300910033195 
v -0.7558755994462601 -0.3649578332393789 -0.5435603537041445 
v -0.7335689246136472 -0.37665391740560894 -0.5656929019743715 
v -0.7080471721251387 -0.3608806069152488 -0.6069879649532399 
v -0.7049091906370123 -0.33345886031074234 -0.6260257354420289 
v -0.817886178309501 -0.3268398522777719 -0.47353765456753627 
v -0.773193700971181 -0.2976221000863698 -0.5599933806025449 
v -0.7965695891395473 -0.31260187357621577 -0.5174523729723272 
v -0.798158905098104 -0.3398975136329446 -0.4974053100226594 
v -0.7775818469300239 -0.3524694156470092 -0.5207031614637546 
v -0.7284969138324922 -0.32186696065592224 -0.6047263068319861 
v -0.7540199553184278 -0.33764106779050373 -0.5634291582114691 
v -0.7513011705274828 -0.3098701119553485 -0.5826895098427756 
v -0.3623676412703274 -0.7738109910409099 -0.5195250164375765 
v -0.43449972792986863 -0.7471062420158018 -0.5030330501765232 
v -0.39878702337611666 -0.7610446005348206 -0.5116444331599944 
v -0.37814683814927935 -0.7482882645305419 -0.5450409543911104 
v -0.39334362490352315 -0.7216703715010284 -0.569625023717642 
v -0.5705764145711023 -0.6794668206125684 -0.46126716208920987 
v -0.537883275016665 -0.6980069689371268 -0.4727238663031004 
v -0.49968471886268 -0.6760560165259433 -0.5415380358333086 
v -0.5192154665294798 -0.6875743158941005 -0.5075991129221311 
v -0.533340527578093 -0.6586429102268616 -0.530789410642876 
v -0.5042749178825418 -0.7154831524653166 -0.4835190438161132 
v -0.46996888513857116 -0.7317786405096095 -0.49358815655920696 
v -0.4356872634004531 -0.6348463602436301 -0.638080486612809 
v -0.4484943856796275 -0.604015977342092 -0.6588000342511608 
v -0.40817361340982217 -0.6935870622372079 -0.5935750065603573 
v -0.42221612919168716 -0.6647680319787241 -0.61629295299356 
v -0.49255606494872295 -0.6334367261090116 -0.5967800573900961 
v -0.45779189344138665 -0.6496124600151965 -0.6069845418891282 
v -0.4790430352649697 -0.6632987544775375 -0.5749369814794247 
v -0.4500961099822715 -0.7203102608829569 -0.5277941074373165 
v -0.46497860525331064 -0.6923132447983512 -0.5518127107393089 
v -0.42945434560339696 -0.7075529489090459 -0.561193183790102 
v -0.7738109910409099 -0.5195250164375765 -0.3623676412703274 
v -0.7471062420158018 -0.5030330501765232 -0.43449972792986863 
v -0.7610446005348206 -0.5116444331599944 -0.39878702337611666 
v -0.7482882645305419 -0.5450409543911104 -0.37814683814927935 
v -0.7216703715010284 -0.569625023717642 -0.39334362490352315 
v -0.6794668206125684 -0.46126716208920987 -0.5705764145711023 
v -0.6980069689371268 -0.4727238663031005 -0.537883275016665 
v -0.6760560165259434 -0.5415380358333086 -0.49968471886268007 
v -0.6875743158941005 -0.5075991129221311 -0.5192154665294798 
v -0.6586429102268616 -0.530789410642876 -0.533340527578093 
v -0.7154831524653166 -0.4835190438161132 -0.5042749178825418 
v -0.7317786405096095 -0.49358815655920696 -0.46996888513857116 
v -0.6348463602436301 -0.638080486612809 -0.43568726340045316 
v -0.6040159773420921 -0.658800034251161 -0.44849438567962757 
v -0.693587062237208 -0.5935750065603574 -0.4081736134098222 
v -0.6647680319787241 -0.61629295299356 -0.42221612919168716 
v -0.6334367261090115 -0.5967800573900961 -0.49255606494872295 
v -0.6496124600151965 -0.6069845418891281 -0.45779189344138665 
v -0.6632987544775375 -0.5749369814794247 -0.4790430352649697 
v -0.7203102608829569 -0.5277941074373165 -0.4500961099822715 
v -0.6923132447983512 -0.5518127107393089 -0.46497860525331064 
v -0.7075529489090459 -0.561193183790102 -0.42945434560339696 
v -0.5195250164375765 -0.3623676412703274 -0.7738109910409099 
v -0.5030330501765232 -0.43449972792986863 -0.7471062420158018 
v -0.5116444331599944 -0.39878702337611666 -0.7610446005348206 
v -0.5450409543911104 -0.37814683814927935 -0.7482882645305419 
v -0.569625023717642 -0.39334362490352315 -0.7216703715010284 
v -0.46126716208920987 -0.5705764145711023 -0.6794668206125684 
v -0.4727238663031005 -0.537883275016665 -0.6980069689371268 
v -0.5415380358333086 -0.49968471886268 -0.6760560165259433 
v -0.5075991129221311 -0.5192154665294798 -0.6875743158941005 
v -0.530789410642876 -0.533340527578093 -0.6586429102268616 
v -0.4835190438161132 -0.5042749178825418 -0.7154831524653166 
v -0.49358815655920696 -0.46996888513857116 -0.7317786405096095 
v -0.638080486612809 -0.4356872634004532 -0.6348463602436302 
v -0.6588000342511608 -0.4484943856796275 -0.604015977342092 
v -0.5935750065603574 -0.4081736134098222 -0.693587062237208 
v -0.61629295299356 -0.42221612919168716 -0.6647680319787241 
v -0.5967800573900961 -0.49255606494872295 -0.6334367261090115 
v -0.6069845418891281 -0.45779189344138665 -0.6496124600151965 
v -0.5749369814794247 -0.4790430352649697 -0.6632987544775375 
v -0.5277941074373165 -0.4500961099822715 -0.7203102608829569 
v -0.5518127107393089 -0.46497860525331064 -0.6923132447983512 
v -0.561193183790102 -0.42945434560339696 -0.7075529489090459 
v -0.5863300830355741 -0.6495165647343653 -0.48409220801740427 
v -0.6147867989504848 -0.5863638941246713 -0.5274604966281053 
v -0.6010994478289268 -0.6184125616669264 -0.5062068326211229 
v -0.5676597435455154 -0.6390794354878202 -0.5189796630836403 
v -0.5481290347557108 -0.6275606580111177 -0.552921496936433 
v -0.6495165647343653 -0.48409220801740427 -0.5863300830355741 
v -0.5863638941246713 -0.5274604966281053 -0.6147867989504848 
v -0.6184125616669264 -0.5062068326211229 -0.6010994478289268 
v -0.6390794354878201 -0.5189796630836403 -0.5676597435455154 
v -0.6275606580111176 -0.5529214969364329 -0.5481290347557107 
v -0.48409220801740427 -0.5863300830355741 -0.6495165647343653 
v -0.5274604966281053 -0.6147867989504848 -0.5863638941246713 
v -0.5062068326211229 -0.6010994478289268 -0.6184125616669264 
v -0.5189796630836403 -0.5676597435455154 -0.6390794354878201 
v -0.5529214969364329 -0.5481290347557107 -0.6275606580111176 
v -0.5952228762781369 -0.5745542482911571 -0.5617803336943767 
v -0.5745542482911571 -0.5617803336943767 -0.5952228762781369 
v -0.5617803336943767 -0.5952228762781369 -0.5745542482911571 
v 0.1072510126998617 -0.5520209633182681 -0.8269039099750497 
v 0.18978199198827053 -0.5108457969904615 -0.8384625019725951 
v 0.1513626144471135 -0.5249293084891277 -0.8375789992811787 
v 0.12609343673585408 -0.591084874604967 -0.7966926108765988 
v 0.14986059298440085 -0.61536137646104 -0.7738683215058865 
v 0.3134526571112906 -0.44918526593886027 -0.8366480912625732 
v 0.2841092649817959 -0.46239669545438844 -0.8399233426833458 
v 0.25505090395731334 -0.5492349720295575 -0.7957951884060676 
v 0.2699415134196318 -0.5065041983703341 -0.8188925914709109 
v 0.2850134653693189 -0.5368689037467825 -0.7940649247686866 
v 0.2543667323402901 -0.4751758583773789 -0.8423214760967717 
v 0.22448509375152406 -0.48747378557265425 -0.8437865553935044 
v 0.2014969844954755 -0.6786784536557177 -0.7062538649683371 
v 0.21964268099295037 -0.6947829719004941 -0.6848603614192796 
v 0.16460476337347194 -0.6442425257599698 -0.7468981455842411 
v 0.18308328761471376 -0.6617983395041146 -0.7269824396956123 
v 0.2536356325922767 -0.6190171364503906 -0.7432945248421208 
v 0.21858764369668898 -0.6409503747588344 -0.7358002848053533 
v 0.2350437644876486 -0.6016143431787998 -0.76342295672649 
v 0.20526041623868913 -0.5420282497954588 -0.814907073198651 
v 0.22045185405215068 -0.5723438137636195 -0.7898250052331114 
v 0.18525315545257068 -0.5944079385553007 -0.7825346452249278 
v 0.49323637441506196 -0.34611705707749457 -0.7980732182913414 
v 0.472265212681149 -0.35854745665395743 -0.8052386542002363 
v 0.45592838160833715 -0.4307310211957568 -0.7788453622020631 
v 0.46446137536015547 -0.39496108159500953 -0.7926420218634973 
v 0.47743912073845873 -0.41865973753742947 -0.7725127249136923 
v 0.45094366682016435 -0.37077966232408516 -0.8118942365614021 
v 0.4293884392437203 -0.3827729933668988 -0.8179916893176764 
v 0.4145055522135449 -0.5668077310432303 -0.7119790328470139 
v 0.4258802449185351 -0.534022186888306 -0.7303740965417378 
v 0.4371294439690819 -0.5555702330196032 -0.7072902978253166 
v 0.40199619081483384 -0.4890870598161118 -0.7740755198885926 
v 0.4141421022968995 -0.5118418184430652 -0.7526647806281365 
v 0.39148205499429056 -0.5229673892412847 -0.7571307089318209 
v 0.45869829611788454 -0.4886212414969561 -0.7421894337004015 
v 0.4365876154346441 -0.5003805934283831 -0.7476700580933748 
v 0.44657361572373777 -0.46599783026597824 -0.7638180594400921 
v 0.3628286656418942 -0.41742390111353006 -0.833134230582134 
v 0.34027222615085434 -0.4284486099598539 -0.8370463551881764 
v 0.4072963953556048 -0.3946100406707002 -0.8236458960816834 
v 0.38521070470985247 -0.4061328980268366 -0.8286548027479609 
v 0.3667005172347112 -0.47677854165261135 -0.7988823147869807 
v 0.3762543559512352 -0.44181614905142647 -0.8143900478671685 
v 0.3892444687362051 -0.46567771363222676 -0.7947534275387124 
v 0.4340046660962238 -0.44268554421808803 -0.7846460722816629 
v 0.4117362782733268 -0.45434713678067756 -0.7899632374059123 
v 0.42088360100948563 -0.41886865559886066 -0.8046154632854697 
v 0.3125118825626441 -0.7767871047201912 -0.5467523362525074 
v 0.3254769504768871 -0.7853169308807453 -0.5266327684262657 
v 0.28599570796312074 -0.7581800375991936 -0.585977376365981 
v 0.299321804392764 -0.7677308515965853 -0.5665649097163024 
v 0.35686667085633156 -0.7343225094356859 -0.577422402897563 
v 0.3282978314830938 -0.7514418674937992 -0.5723247798417693 
v 0.3435428666263414 -0.7249601192617863 -0.5970017791180295 
v 0.23084876981700897 -0.714922937808355 -0.6599954836735207 
v 0.24479387126206814 -0.7264430046550239 -0.6421499214204662 
v 0.3021519315429511 -0.6936889361706333 -0.6538347421935599 
v 0.2736438778570816 -0.7104538683038008 -0.6483628067089479 
v 0.2881880093404971 -0.6823269558616613 -0.6718464084721448 
v 0.2586400390192995 -0.7374992027834089 -0.6238591636819416 
v 0.27229414668927066 -0.7480505162368328 -0.605207669181885 
v 0.4128655434379191 -0.6190939493098347 -0.6680304820662478 
v 0.3858574410691671 -0.638803247691023 -0.6656158395883888 
v 0.3987322807367784 -0.6081026918831848 -0.6864573434838259 
v 0.35825179851547856 -0.6972273496653594 -0.6209103572489701 
v 0.3723543429982958 -0.6685454838753768 -0.6437384400827294 
v 0.3860561895397366 -0.6788007455329423 -0.6246520362425633 
v 0.3442330740807666 -0.6466668272066874 -0.6806802518799423 
v 0.35838269978430626 -0.6578218294134223 -0.6624441721703724 
v 0.330562789376053 -0.6761021327148581 -0.6584938484286271 
v 0.3012964615777481 -0.7319518512485267 -0.6111194070675414 
v 0.31616314942427487 -0.7045608365186716 -0.6353226665169701 
v 0.3299909517143271 -0.714996983766021 -0.6163483471156266 
v 0.3268398522777719 -0.47353765456753627 -0.817886178309501 
v 0.3524694156470092 -0.5207031614637546 -0.7775818469300239 
v 0.3398975136329447 -0.4974053100226595 -0.7981589050981042 
v 0.31260187357621577 -0.5174523729723272 -0.7965695891395473 
v 0.2976221000863698 -0.5599933806025449 -0.773193700971181 
v 0.3879609599127695 -0.5872300910033195 -0.710385186925935 
v 0.33345886031074234 -0.6260257354420289 -0.7049091906370123 
v 0.36088060691524887 -0.60698796495324 -0.7080471721251388 
v 0.37665391740560894 -0.5656929019743715 -0.7335689246136472 
v 0.3649578332393789 -0.5435603537041445 -0.7558755994462601 
v 0.2484470936534686 -0.6787725611178316 -0.691044030383509 
v 0.28184803362894995 -0.6012904227288705 -0.7476707253022755 
v 0.26547287443638085 -0.6408376945761813 -0.7203132666755282 
v 0.27704085399915707 -0.6619661813632011 -0.69645469339135 
v 0.3052193227688779 -0.6444055105902933 -0.7011295906816164 
v 0.33764106779050373 -0.5634291582114691 -0.7540199553184278 
v 0.32186696065592224 -0.6047263068319861 -0.7284969138324922 
v 0.3098701119553485 -0.5826895098427756 -0.7513011705274828 
v 0.8269039099750497 -0.1072510126998617 -0.5520209633182682 
v 0.8384625019725953 -0.18978199198827056 -0.5108457969904615 
v 0.8375789992811787 -0.1513626144471135 -0.5249293084891276 
v 0.7966926108765988 -0.12609343673585408 -0.591084874604967 
v 0.7738683215058865 -0.14986059298440085 -0.6153613764610399 
v 0.8366480912625732 -0.3134526571112906 -0.44918526593886027 
v 0.8399233426833459 -0.2841092649817958 -0.46239669545438844 
v 0.7957951884060676 -0.25505090395731334 -0.5492349720295575 
v 0.8188925914709109 -0.2699415134196318 -0.5065041983703341 
v 0.7940649247686866 -0.2850134653693189 -0.5368689037467825 
v 0.8423214760967718 -0.2543667323402901 -0.47517585837737897 
v 0.8437865553935043 -0.22448509375152403 -0.4874737855726542 
v 0.706253864968337 -0.20149698449547548 -0.6786784536557177 
v 0.6848603614192796 -0.21964268099295037 -0.6947829719004941 
v 0.7468981455842411 -0.1646047633734719 -0.6442425257599698 
v 0.7269824396956123 -0.18308328761471376 -0.6617983395041146 
v 0.7432945248421208 -0.2536356325922767 -0.6190171364503906 
v 0.7358002848053532 -0.21858764369668895 -0.6409503747588344 
v 0.76342295672649 -0.2350437644876486 -0.6016143431787998 
v 0.8149070731986511 -0.20526041623868913 -0.5420282497954588 
v 0.7898250052331114 -0.22045185405215065 -0.5723438137636195 
v 0.7825346452249278 -0.18525315545257065 -0.5944079385553005 
v 0.7980732182913414 -0.49323637441506196 -0.34611705707749457 
v 0.8052386542002362 -0.47226521268114896 -0.3585474566539574 
v 0.7788453622020631 -0.45592838160833715 -0.4307310211957568 
v 0.7926420218634973 -0.46446137536015547 -0.39496108159500953 
v 0.7725127249136923 -0.47743912073845873 -0.41865973753742947 
v 0.8118942365614021 -0.45094366682016435 -0.37077966232408516 
v 0.8179916893176764 -0.4293884392437203 -0.3827729933668988 
v 0.7119790328470139 -0.4145055522135449 -0.5668077310432303 
v 0.7303740965417378 -0.4258802449185351 -0.534022186888306 
v 0.7072902978253166 -0.4371294439690819 -0.5555702330196032 
v 0.7740755198885926 -0.40199619081483384 -0.4890870598161118 
v 0.7526647806281365 -0.4141421022968995 -0.5118418184430652 
v 0.757130708931821 -0.3914820549942906 -0.5229673892412848 
v 0.7421894337004015 -0.45869829611788454 -0.4886212414969561 
v 0.7476700580933748 -0.4365876154346441 -0.5003805934283831 
v 0.7638180594400921 -0.44657361572373777 -0.46599783026597824 
v 0.833134230582134 -0.3628286656418942 -0.41742390111353006 
v 0.8370463551881764 -0.34027222615085434 -0.4284486099598539 
v 0.8236458960816834 -0.4072963953556048 -0.3946100406707002 
v 0.8286548027479609 -0.38521070470985247 -0.4061328980268366 
v 0.7988823147869807 -0.3667005172347112 -0.47677854165261135 
v 0.8143900478671685 -0.3762543559512352 -0.44181614905142647 
v 0.7947534275387124 -0.3892444687362051 -0.46567771363222676 
v 0.7846460722816629 -0.4340046660962238 -0.44268554421808803 
v 0.7899632374059123 -0.4117362782733268 -0.45434713678067756 
v 0.8046154632854697 -0.42088360100948563 -0.41886865559886066 
v 0.5467523362525074 -0.3125118825626441 -0.7767871047201912 
v 0.5266327684262657 -0.3254769504768871 -0.7853169308807453 
v 0.585977376365981 -0.28599570796312074 -0.7581800375991936 
v 0.5665649097163024 -0.299321804392764 -0.7677308515965853 
v 0.577422402897563 -0.35686667085633156 -0.7343225094356859 
v 0.5723247798417693 -0.3282978314830938 -0.7514418674937992 
v 0.5970017791180295 -0.3435428666263414 -0.7249601192617863 
v 0.6599954836735207 -0.23084876981700897 -0.714922937808355 
v 0.6421499214204662 -0.24479387126206814 -0.7264430046550239 
v 0.6538347421935599 -0.3021519315429511 -0.6936889361706333 
v 0.6483628067089479 -0.2736438778570816 -0.7104538683038008 
v 0.6718464084721448 -0.2881880093404971 -0.6823269558616613 
v 0.6238591636819416 -0.2586400390192995 -0.7374992027834089 
v 0.605207669181885 -0.27229414668927066 -0.7480505162368328 
v 0.6680304820662478 -0.4128655434379191 -0.6190939493098347 
v 0.6656158395883888 -0.3858574410691671 -0.638803247691023 
v 0.6864573434838259 -0.3987322807367784 -0.6081026918831848 
v 0.6209103572489701 -0.35825179851547856 -0.6972273496653594 
v 0.6437384400827294 -0.3723543429982958 -0.6685454838753768 
v 0.6246520362425633 -0.3860561895397366 -0.6788007455329423 
v 0.6806802518799423 -0.3442330740807666 -0.6466668272066874 
v 0.6624441721703725 -0.3583826997843063 -0.6578218294134223 
v 0.6584938484286271 -0.330562789376053 -0.6761021327148581 
v 0.6111194070675414 -0.3012964615777481 -0.7319518512485267 
v 0.6353226665169701 -0.31616314942427487 -0.7045608365186716 
v 0.6163483471156266 -0.3299909517143271 -0.714996983766021 
v 0.817886178309501 -0.3268398522777719 -0.47353765456753627 
v 0.7775818469300239 -0.3524694156470092 -0.5207031614637546 
v 0.798158905098104 -0.3398975136329446 -0.4974053100226594 
v 0.7965695891395473 -0.31260187357621577 -0.5174523729723272 
v 0.773193700971181 -0.2976221000863698 -0.5599933806025449 
v 0.710385186925935 -0.3879609599127695 -0.5872300910033195 
v 0.7049091906370123 -0.33345886031074234 -0.6260257354420289 
v 0.7080471721251387 -0.3608806069152488 -0.6069879649532399 
v 0.7335689246136472 -0.37665391740560894 -0.5656929019743715 
v 0.7558755994462601 -0.3649578332393789 -0.5435603537041445 
v 0.691044030383509 -0.24844709365346856 -0.6787725611178316 
v 0.7476707253022755 -0.28184803362894995 -0.6012904227288705 
v 0.7203132666755282 -0.26547287443638085 -0.6408376945761813 
v 0.69645469339135 -0.27704085399915707 -0.6619661813632011 
v 0.7011295906816164 -0.3052193227688779 -0.6444055105902933 
v 0.7540199553184278 -0.33764106779050373 -0.5634291582114691 
v 0.7284969138324922 -0.32186696065592224 -0.6047263068319861 
v 0.7513011705274828 -0.3098701119553485 -0.5826895098427756 
v 0.5520209633182682 -0.8269039099750497 -0.10725101269986169 
v 0.5108457969904615 -0.8384625019725953 -0.18978199198827056 
v 0.5249293084891276 -0.8375789992811787 -0.1513626144471135 
v 0.591084874604967 -0.7966926108765988 -0.12609343673585408 
v 0.6153613764610399 -0.7738683215058865 -0.14986059298440085 
v 0.44918526593886027 -0.8366480912625733 -0.31345265711129056 
v 0.46239669545438844 -0.8399233426833458 -0.2841092649817958 
v 0.5492349720295575 -0.7957951884060676 -0.25505090395731334 
v 0.5065041983703342 -0.8188925914709108 -0.2699415134196318 
v 0.5368689037467825 -0.7940649247686866 -0.2850134653693189 
v 0.47517585837737897 -0.8423214760967718 -0.2543667323402901 
v 0.4874737855726542 -0.8437865553935043 -0.22448509375152403 
v 0.6786784536557177 -0.7062538649683371 -0.20149698449547548 
v 0.6947829719004941 -0.6848603614192796 -0.21964268099295037 
v 0.6442425257599697 -0.7468981455842411 -0.16460476337347188 
v 0.6617983395041146 -0.7269824396956123 -0.18308328761471374 
v 0.6190171364503906 -0.7432945248421208 -0.2536356325922767 
v 0.6409503747588344 -0.7358002848053533 -0.21858764369668898 
v 0.6016143431787998 -0.76342295672649 -0.2350437644876486 
v 0.5420282497954588 -0.8149070731986511 -0.20526041623868913 
v 0.5723438137636195 -0.7898250052331114 -0.22045185405215065 
v 0.5944079385553005 -0.7825346452249278 -0.18525315545257065 
v 0.34611705707749457 -0.7980732182913414 -0.49323637441506196 
v 0.35854745665395743 -0.8052386542002363 -0.472265212681149 
v 0.4307310211957568 -0.7788453622020631 -0.45592838160833715 
v 0.39496108159500953 -0.7926420218634973 -0.46446137536015547 
v 0.41865973753742947 -0.7725127249136923 -0.47743912073845873 
v 0.37077966232408516 -0.8118942365614021 -0.45094366682016435 
v 0.3827729933668988 -0.8179916893176764 -0.4293884392437203 
v 0.5668077310432303 -0.7119790328470139 -0.4145055522135449 
v 0.534022186888306 -0.7303740965417378 -0.42588024491853516 
v 0.5555702330196032 -0.7072902978253166 -0.4371294439690819 
v 0.4890870598161118 -0.7740755198885926 -0.40199619081483384 
v 0.5118418184430652 -0.7526647806281365 -0.4141421022968995 
v 0.5229673892412847 -0.7571307089318209 -0.39148205499429056 
v 0.48862124149695607 -0.7421894337004015 -0.45869829611788454 
v 0.5003805934283831 -0.7476700580933748 -0.4365876154346441 
v 0.46599783026597824 -0.7638180594400921 -0.44657361572373777 
v 0.41742390111353006 -0.833134230582134 -0.3628286656418942 
v 0.4284486099598539 -0.8370463551881764 -0.34027222615085434 
v 0.3946100406707002 -0.8236458960816834 -0.4072963953556048 
v 0.4061328980268366 -0.8286548027479609 -0.38521070470985247 
v 0.4767785416526113 -0.7988823147869806 -0.36670051723471114 
v 0.44181614905142647 -0.8143900478671685 -0.3762543559512352 
v 0.46567771363222676 -0.7947534275387124 -0.3892444687362051 
v 0.44268554421808803 -0.7846460722816629 -0.4340046660962238 
v 0.45434713678067756 -0.7899632374059123 -0.4117362782733268 
v 0.41886865559886066 -0.8046154632854697 -0.42088360100948563 
v 0.7767871047201912 -0.5467523362525074 -0.3125118825626441 
v 0.7853169308807453 -0.5266327684262657 -0.3254769504768871 
v 0.7581800375991936 -0.585977376365981 -0.28599570796312074 
v 0.7677308515965854 -0.5665649097163024 -0.29932180439276396 
v 0.7343225094356859 -0.577422402897563 -0.35686667085633156 
v 0.7514418674937992 -0.5723247798417693 -0.3282978314830938 
v 0.7249601192617863 -0.5970017791180295 -0.34354286662634137 
v 0.714922937808355 -0.6599954836735207 -0.23084876981700897 
v 0.7264430046550238 -0.6421499214204663 -0.24479387126206817 
v 0.6936889361706333 -0.6538347421935599 -0.3021519315429511 
v 0.7104538683038008 -0.6483628067089479 -0.27364387785708166 
v 0.6823269558616613 -0.6718464084721448 -0.2881880093404971 
v 0.7374992027834087 -0.6238591636819416 -0.2586400390192995 
v 0.7480505162368329 -0.605207669181885 -0.2722941466892707 
v 0.6190939493098347 -0.6680304820662478 -0.41286554343791904 
v 0.638803247691023 -0.6656158395883888 -0.3858574410691671 
v 0.6081026918831848 -0.6864573434838258 -0.39873228073677836 
v 0.6972273496653594 -0.62091035724897 -0.35825179851547856 
v 0.6685454838753768 -0.6437384400827294 -0.37235434299829584 
v 0.6788007455329425 -0.6246520362425633 -0.38605618953973664 
v 0.6466668272066874 -0.6806802518799423 -0.3442330740807666 
v 0.6578218294134224 -0.6624441721703724 -0.3583826997843063 
v 0.6761021327148581 -0.6584938484286271 -0.330562789376053 
v 0.7319518512485267 -0.6111194070675414 -0.3012964615777481 
v 0.7045608365186716 -0.6353226665169701 -0.3161631494242749 
v 0.714996983766021 -0.6163483471156266 -0.3299909517143271 
v 0.47353765456753627 -0.817886178309501 -0.3268398522777719 
v 0.5207031614637546 -0.7775818469300239 -0.3524694156470092 
v 0.4974053100226595 -0.7981589050981042 -0.3398975136329447 
v 0.5174523729723273 -0.7965695891395473 -0.31260187357621577 
v 0.5599933806025449 -0.773193700971181 -0.2976221000863698 
v 0.5872300910033195 -0.710385186925935 -0.3879609599127695 
v 0.6260257354420289 -0.7049091906370123 -0.33345886031074234 
v 0.6069879649532399 -0.7080471721251387 -0.3608806069152488 
v 0.5656929019743715 -0.7335689246136472 -0.37665391740560894 
v 0.5435603537041445 -0.7558755994462601 -0.3649578332393789 
v 0.6787725611178316 -0.691044030383509 -0.2484470936534686 
v 0.6012904227288705 -0.7476707253022755 -0.28184803362894995 
v 0.6408376945761813 -0.7203132666755282 -0.26547287443638085 
v 0.6619661813632011 -0.69645469339135 -0.27704085399915707 
v 0.6444055105902933 -0.7011295906816164 -0.3052193227688779 
v 0.5634291582114691 -0.7540199553184278 -0.33764106779050373 
v 0.6047263068319861 -0.7284969138324922 -0.32186696065592224 
v 0.5826895098427756 -0.7513011705274828 -0.3098701119553485 
v 0.5195250164375765 -0.3623676412703274 -0.7738109910409099 
v 0.569625023717642 -0.39334362490352315 -0.7216703715010284 
v 0.5450409543911104 -0.37814683814927935 -0.7482882645305419 
v 0.5116444331599944 -0.39878702337611666 -0.7610446005348206 
v 0.5030330501765232 -0.43449972792986863 -0.7471062420158018 
v 0.6588000342511608 -0.4484943856796275 -0.604015977342092 
v 0.638080486612809 -0.4356872634004532 -0.6348463602436302 
v 0.5749369814794247 -0.4790430352649697 -0.6632987544775375 
v 0.6069845418891281 -0.45779189344138665 -0.6496124600151965 
v 0.5967800573900961 -0.49255606494872295 -0.6334367261090115 
v 0.61629295299356 -0.42221612919168716 -0.6647680319787241 
v 0.5935750065603574 -0.4081736134098222 -0.693587062237208 
v 0.4727238663031005 -0.537883275016665 -0.6980069689371268 
v 0.46126716208920987 -0.5705764145711023 -0.6794668206125684 
v 0.49358815655920696 -0.46996888513857116 -0.7317786405096095 
v 0.4835190438161132 -0.5042749178825418 -0.7154831524653166 
v 0.530789410642876 -0.533340527578093 -0.6586429102268616 
v 0.5075991129221311 -0.5192154665294798 -0.6875743158941005 
v 0.5415380358333086 -0.49968471886268 -0.6760560165259433 
v 0.561193183790102 -0.42945434560339696 -0.7075529489090459 
v 0.5518127107393089 -0.46497860525331064 -0.6923132447983512 
v 0.5277941074373165 -0.4500961099822715 -0.7203102608829569 
v 0.7738109910409099 -0.5195250164375765 -0.3623676412703274 
v 0.7216703715010284 -0.569625023717642 -0.39334362490352315 
v 0.7482882645305419 -0.5450409543911104 -0.37814683814927935 
v 0.7610446005348206 -0.5116444331599944 -0.39878702337611666 
v 0.7471062420158018 -0.5030330501765232 -0.43449972792986863 
v 0.6040159773420921 -0.658800034251161 -0.44849438567962757 
v 0.6348463602436301 -0.638080486612809 -0.43568726340045316 
v 0.6632987544775375 -0.5749369814794247 -0.4790430352649697 
v 0.6496124600151965 -0.6069845418891281 -0.45779189344138665 
v 0.6334367261090115 -0.5967800573900961 -0.49255606494872295 
v 0.6647680319787241 -0.61629295299356 -0.42221612919168716 
v 0.693587062237208 -0.5935750065603574 -0.4081736134098222 
v 0.6980069689371268 -0.4727238663031005 -0.537883275016665 
v 0.6794668206125684 -0.46126716208920987 -0.5705764145711023 
v 0.7317786405096095 -0.49358815655920696 -0.46996888513857116 
v 0.7154831524653166 -0.4835190438161132 -0.5042749178825418 
v 0.6586429102268616 -0.530789410642876 -0.533340527578093 
v 0.6875743158941005 -0.5075991129221311 -0.5192154665294798 
v 0.6760560165259434 -0.5415380358333086 -0.49968471886268007 
v 0.7075529489090459 -0.561193183790102 -0.42945434560339696 
v 0.6923132447983512 -0.5518127107393089 -0.46497860525331064 
v 0.7203102608829569 -0.5277941074373165 -0.4500961099822715 
v 0.3623676412703274 -0.7738109910409099 -0.5195250164375765 
v 0.39334362490352315 -0.7216703715010284 -0.569625023717642 
v 0.37814683814927935 -0.7482882645305419 -0.5450409543911104 
v 0.39878702337611666 -0.7610446005348206 -0.5116444331599944 
v 0.43449972792986863 -0.7471062420158018 -0.5030330501765232 
v 0.4484943856796275 -0.604015977342092 -0.6588000342511608 
v 0.4356872634004531 -0.6348463602436301 -0.638080486612809 
v 0.4790430352649697 -0.6632987544775375 -0.5749369814794247 
v 0.45779189344138665 -0.6496124600151965 -0.6069845418891282 
v 0.49255606494872295 -0.6334367261090116 -0.5967800573900961 
v 0.42221612919168716 -0.6647680319787241 -0.61629295299356 
v 0.40817361340982217 -0.6935870622372079 -0.5935750065603573 
v 0.537883275016665 -0.6980069689371268 -0.4727238663031004 
v 0.5705764145711023 -0.6794668206125684 -0.46126716208920987 
v 0.46996888513857116 -0.7317786405096095 -0.49358815655920696 
v 0.5042749178825418 -0.7154831524653166 -0.4835190438161132 
v 0.533340527578093 -0.6586429102268616 -0.530789410642876 
v 0.5192154665294798 -0.6875743158941005 -0.5075991129221311 
v 0.49968471886268 -0.6760560165259433 -0.5415380358333086 
v 0.42945434560339696 -0.7075529489090459 -0.561193183790102 
v 0.46497860525331064 -0.6923132447983512 -0.5518127107393089 
v 0.4500961099822715 -0.7203102608829569 -0.5277941074373165 
v 0.6495165647343653 -0.48409220801740427 -0.5863300830355741 
v 0.6275606580111176 -0.5529214969364329 -0.5481290347557107 
v 0.6390794354878201 -0.5189796630836403 -0.5676597435455154 
v 0.6184125616669264 -0.5062068326211229 -0.6010994478289268 
v 0.5863638941246713 -0.5274604966281053 -0.6147867989504848 
v 0.5863300830355741 -0.6495165647343653 -0.48409220801740427 
v 0.5481290347557108 -0.6275606580111177 -0.552921496936433 
v 0.5676597435455154 -0.6390794354878202 -0.5189796630836403 
v 0.6010994478289268 -0.6184125616669264 -0.5062068326211229 
v 0.6147867989504848 -0.5863638941246713 -0.5274604966281053 
v 0.48409220801740427 -0.5863300830355741 -0.6495165647343653 
v 0.5529214969364329 -0.5481290347557107 -0.6275606580111176 
v 0.5189796630836403 -0.5676597435455154 -0.6390794354878201 
v 0.5062068326211229 -0.6010994478289268 -0.6184125616669264 
v 0.5274604966281053 -0.6147867989504848 -0.5863638941246713 
v 0.5952228762781369 -0.5745542482911571 -0.5617803336943767 
v 0.5617803336943767 -0.5952228762781369 -0.5745542482911571 
v 0.5745542482911571 -0.5617803336943767 -0.5952228762781369 
v -0.1072510126998617 -0.5520209633182681 0.8269039099750497 
v -0.18978199198827053 -0.5108457969904615 0.8384625019725951 
v -0.1513626144471135 -0.5249293084891277 0.8375789992811787 
v -0.12609343673585408 -0.591084874604967 0.7966926108765988 
v -0.14986059298440085 -0.61536137646104 0.7738683215058865 
v -0.3134526571112906 -0.44918526593886027 0.8366480912625732 
v -0.2841092649817959 -0.46239669545438844 0.8399233426833458 
v -0.25505090395731334 -0.5492349720295575 0.7957951884060676 
v -0.2699415134196318 -0.5065041983703341 0.8188925914709109 
v -0.2850134653693189 -0.5368689037467825 0.7940649247686866 
v -0.2543667323402901 -0.4751758583773789 0.8423214760967717 
v -0.22448509375152406 -0.48747378557265425 0.8437865553935044 
v -0.2014969844954755 -0.6786784536557177 0.7062538649683371 
v -0.21964268099295037 -0.6947829719004941 0.6848603614192796 
v -0.16460476337347194 -0.6442425257599698 0.7468981455842411 
v -0.18308328761471376 -0.6617983395041146 0.7269824396956123 
v -0.2536356325922767 -0.6190171364503906 0.7432945248421208 
v -0.21858764369668898 -0.6409503747588344 0.7358002848053533 
v -0.2350437644876486 -0.6016143431787998 0.76342295672649 
v -0.20526041623868913 -0.5420282497954588 0.814907073198651 
v -0.22045185405215068 -0.5723438137636195 0.7898250052331114 
v -0.18525315545257068 -0.5944079385553007 0.7825346452249278 
v -0.49323637441506196 -0.34611705707749457 0.7980732182913414 
v -0.472265212681149 -0.35854745665395743 0.8052386542002363 
v -0.45592838160833715 -0.4307310211957568 0.7788453622020631 
v -0.46446137536015547 -0.39496108159500953 0.7926420218634973 
v -0.47743912073845873 -0.41865973753742947 0.7725127249136923 
v -0.45094366682016435 -0.37077966232408516 0.8118942365614021 
v -0.4293884392437203 -0.3827729933668988 0.8179916893176764 
v -0.4145055522135449 -0.5668077310432303 0.7119790328470139 
v -0.4258802449185351 -0.534022186888306 0.7303740965417378 
v -0.4371294439690819 -0.5555702330196032 0.7072902978253166 
v -0.40199619081483384 -0.4890870598161118 0.7740755198885926 
v -0.4141421022968995 -0.5118418184430652 0.7526647806281365 
v -0.39148205499429056 -0.5229673892412847 0.7571307089318209 
v -0.45869829611788454 -0.4886212414969561 0.7421894337004015 
v -0.4365876154346441 -0.5003805934283831 0.7476700580933748 
v -0.44657361572373777 -0.46599783026597824 0.7638180594400921 
v -0.3628286656418942 -0.41742390111353006 0.833134230582134 
v -0.34027222615085434 -0.4284486099598539 0.8370463551881764 
v -0.4072963953556048 -0.3946100406707002 0.8236458960816834 
v -0.38521070470985247 -0.4061328980268366 0.8286548027479609 
v -0.3667005172347112 -0.47677854165261135 0.7988823147869807 
v -0.3762543559512352 -0.44181614905142647 0.8143900478671685 
v -0.3892444687362051 -0.46567771363222676 0.7947534275387124 
v -0.4340046660962238 -0.44268554421808803 0.7846460722816629 
v -0.4117362782733268 -0.45434713678067756 0.7899632374059123 
v -0.42088360100948563 -0.41886865559886066 0.8046154632854697 
v -0.3125118825626441 -0.7767871047201912 0.5467523362525074 
v -0.3254769504768871 -0.7853169308807453 0.5266327684262657 
v -0.28599570796312074 -0.7581800375991936 0.585977376365981 
v -0.299321804392764 -0.7677308515965853 0.5665649097163024 
v -0.35686667085633156 -0.7343225094356859 0.577422402897563 
v -0.3282978314830938 -0.7514418674937992 0.5723247798417693 
v -0.3435428666263414 -0.7249601192617863 0.5970017791180295 
v -0.23084876981700897 -0.714922937808355 0.6599954836735207 
v -0.24479387126206814 -0.7264430046550239 0.6421499214204662 
v -0.3021519315429511 -0.6936889361706333 0.6538347421935599 
v -0.2736438778570816 -0.7104538683038008 0.6483628067089479 
v -0.2881880093404971 -0.6823269558616613 0.6718464084721448 
v -0.2586400390192995 -0.7374992027834089 0.6238591636819416 
v -0.27229414668927066 -0.7480505162368328 0.605207669181885 
v -0.4128655434379191 -0.6190939493098347 0.6680304820662478 
v -0.3858574410691671 -0.638803247691023 0.6656158395883888 
v -0.3987322807367784 -0.6081026918831848 0.6864573434838259 
v -0.35825179851547856 -0.6972273496653594 0.6209103572489701 
v -0.3723543429982958 -0.6685454838753768 0.6437384400827294 
v -0.3860561895397366 -0.6788007455329423 0.6246520362425633 
v -0.3442330740807666 -0.6466668272066874 0.6806802518799423 
v -0.35838269978430626 -0.6578218294134223 0.6624441721703724 
v -0.330562789376053 -0.6761021327148581 0.6584938484286271 
v -0.3012964615777481 -0.7319518512485267 0.6111194070675414 
v -0.31616314942427487 -0.7045608365186716 0.6353226665169701 
v -0.3299909517143271 -0.714996983766021 0.6163483471156266 
v -0.3268398522777719 -0.47353765456753627 0.817886178309501 
v -0.3524694156470092 -0.5207031614637546 0.7775818469300239 
v -0.3398975136329447 -0.4974053100226595 0.7981589050981042 
v -0.31260187357621577 -0.5174523729723272 0.7965695891395473 
v -0.2976221000863698 -0.5599933806025449 0.773193700971181 
v -0.3879609599127695 -0.5872300910033195 0.710385186925935 
v -0.33345886031074234 -0.6260257354420289 0.7049091906370123 
v -0.36088060691524887 -0.60698796495324 0.7080471721251388 
v -0.37665391740560894 -0.5656929019743715 0.7335689246136472 
v -0.3649578332393789 -0.5435603537041445 0.7558755994462601 
v -0.2484470936534686 -0.6787725611178316 0.691044030383509 
v -0.28184803362894995 -0.6012904227288705 0.7476707253022755 
v -0.26547287443638085 -0.6408376945761813 0.7203132666755282 
v -0.27704085399915707 -0.6619661813632011 0.69645469339135 
v -0.3052193227688779 -0.6444055105902933 0.7011295906816164 
v -0.33764106779050373 -0.5634291582114691 0.7540199553184278 
v -0.32186696065592224 -0.6047263068319861 0.7284969138324922 
v -0.3098701119553485 -0.5826895098427756 0.7513011705274828 
v -0.8269039099750497 -0.1072510126998617 0.5520209633182682 
v -0.8384625019725953 -0.18978199198827056 0.5108457969904615 
v -0.8375789992811787 -0.1513626144471135 0.5249293084891276 
v -0.7966926108765988 -0.12609343673585408 0.591084874604967 
v -0.7738683215058865 -0.14986059298440085 0.6153613764610399 
v -0.8366480912625732 -0.3134526571112906 0.44918526593886027 
v -0.8399233426833459 -0.2841092649817958 0.46239669545438844 
v -0.7957951884060676 -0.25505090395731334 0.5492349720295575 
v -0.8188925914709109 -0.2699415134196318 0.5065041983703341 
v -0.7940649247686866 -0.2850134653693189 0.5368689037467825 
v -0.8423214760967718 -0.2543667323402901 0.47517585837737897 
v -0.8437865553935043 -0.22448509375152403 0.4874737855726542 
v -0.706253864968337 -0.20149698449547548 0.6786784536557177 
v -0.6848603614192796 -0.21964268099295037 0.6947829719004941 
v -0.7468981455842411 -0.1646047633734719 0.6442425257599698 
v -0.7269824396956123 -0.18308328761471376 0.6617983395041146 
v -0.7432945248421208 -0.2536356325922767 0.6190171364503906 
v -0.7358002848053532 -0.21858764369668895 0.6409503747588344 
v -0.76342295672649 -0.2350437644876486 0.6016143431787998 
v -0.8149070731986511 -0.20526041623868913 0.5420282497954588 
v -0.7898250052331114 -0.22045185405215065 0.5723438137636195 
v -0.7825346452249278 -0.18525315545257065 0.5944079385553005 
v -0.7980732182913414 -0.49323637441506196 0.34611705707749457 
v -0.8052386542002362 -0.47226521268114896 0.3585474566539574 
v -0.7788453622020631 -0.45592838160833715 0.4307310211957568 
v -0.7926420218634973 -0.46446137536015547 0.39496108159500953 
v -0.7725127249136923 -0.47743912073845873 0.41865973753742947 
v -0.8118942365614021 -0.45094366682016435 0.37077966232408516 
v -0.8179916893176764 -0.4293884392437203 0.3827729933668988 
v -0.7119790328470139 -0.4145055522135449 0.5668077310432303 
v -0.7303740965417378 -0.4258802449185351 0.534022186888306 
v -0.7072902978253166 -0.4371294439690819 0.5555702330196032 
v -0.7740755198885926 -0.40199619081483384 0.4890870598161118 
v -0.7526647806281365 -0.4141421022968995 0.5118418184430652 
v -0.757130708931821 -0.3914820549942906 0.5229673892412848 
v -0.7421894337004015 -0.45869829611788454 0.4886212414969561 
v -0.7476700580933748 -0.4365876154346441 0.5003805934283831 
v -0.7638180594400921 -0.44657361572373777 0.46599783026597824 
v -0.833134230582134 -0.3628286656418942 0.41742390111353006 
v -0.8370463551881764 -0.34027222615085434 0.4284486099598539 
v -0.8236458960816834 -0.4072963953556048 0.3946100406707002 
v -0.8286548027479609 -0.38521070470985247 0.4061328980268366 
v -0.7988823147869807 -0.3667005172347112 0.47677854165261135 
v -0.8143900478671685 -0.3762543559512352 0.44181614905142647 
v -0.7947534275387124 -0.3892444687362051 0.46567771363222676 
v -0.7846460722816629 -0.4340046660962238 0.44268554421808803 
v -0.7899632374059123 -0.4117362782733268 0.45434713678067756 
v -0.8046154632854697 -0.42088360100948563 0.41886865559886066 
v -0.5467523362525074 -0.3125118825626441 0.7767871047201912 
v -0.5266327684262657 -0.3254769504768871 0.7853169308807453 
v -0.585977376365981 -0.28599570796312074 0.7581800375991936 
v -0.5665649097163024 -0.299321804392764 0.7677308515965853 
v -0.577422402897563 -0.35686667085633156 0.7343225094356859 
v -0.5723247798417693 -0.3282978314830938 0.7514418674937992 
v -0.5970017791180295 -0.3435428666263414 0.7249601192617863 
v -0.6599954836735207 -0.23084876981700897 0.714922937808355 
v -0.6421499214204662 -0.24479387126206814 0.7264430046550239 
v -0.6538347421935599 -0.3021519315429511 0.6936889361706333 
v -0.6483628067089479 -0.2736438778570816 0.7104538683038008 
v -0.6718464084721448 -0.2881880093404971 0.6823269558616613 
v -0.6238591636819416 -0.2586400390192995 0.7374992027834089 
v -0.605207669181885 -0.27229414668927066 0.7480505162368328 
v -0.6680304820662478 -0.4128655434379191 0.6190939493098347 
v -0.6656158395883888 -0.3858574410691671 0.638803247691023 
v -0.6864573434838259 -0.3987322807367784 0.6081026918831848 
v -0.6209103572489701 -0.35825179851547856 0.6972273496653594 
v -0.6437384400827294 -0.3723543429982958 0.6685454838753768 
v -0.6246520362425633 -0.3860561895397366 0.6788007455329423 
v -0.6806802518799423 -0.3442330740807666 0.6466668272066874 
v -0.6624441721703725 -0.3583826997843063 0.6578218294134223 
v -0.6584938484286271 -0.330562789376053 0.6761021327148581 
v -0.6111194070675414 -0.3012964615777481 0.7319518512485267 
v -0.6353226665169701 -0.31616314942427487 0.7045608365186716 
v -0.6163483471156266 -0.3299909517143271 0.714996983766021 
v -0.817886178309501 -0.3268398522777719 0.47353765456753627 
v -0.7775818469300239 -0.3524694156470092 0.5207031614637546 
v -0.798158905098104 -0.3398975136329446 0.4974053100226594 
v -0.7965695891395473 -0.31260187357621577 0.5174523729723272 
v -0.773193700971181 -0.2976221000863698 0.5599933806025449 
v -0.710385186925935 -0.3879609599127695 0.5872300910033195 
v -0.7049091906370123 -0.33345886031074234 0.6260257354420289 
v -0.7080471721251387 -0.3608806069152488 0.6069879649532399 
v -0.7335689246136472 -0.37665391740560894 0.5656929019743715 
v -0.7558755994462601 -0.3649578332393789 0.5435603537041445 
v -0.691044030383509 -0.24844709365346856 0.6787725611178316 
v -0.7476707253022755 -0.28184803362894995 0.6012904227288705 
v -0.7203132666755282 -0.26547287443638085 0.6408376945761813 
v -0.69645469339135 -0.27704085399915707 0.6619661813632011 
v -0.7011295906816164 -0.3052193227688779 0.6444055105902933 
v -0.7540199553184278 -0.33764106779050373 0.5634291582114691 
v -0.7284969138324922 -0.32186696065592224 0.6047263068319861 
v -0.7513011705274828 -0.3098701119553485 0.5826895098427756 
v -0.5520209633182682 -0.8269039099750497 0.10725101269986169 
v -0.5108457969904615 -0.8384625019725953 0.18978199198827056 
v -0.5249293084891276 -0.8375789992811787 0.1513626144471135 
v -0.591084874604967 -0.7966926108765988 0.12609343673585408 
v -0.6153613764610399 -0.7738683215058865 0.14986059298440085 
v -0.44918526593886027 -0.8366480912625733 0.31345265711129056 
v -0.46239669545438844 -0.8399233426833458 0.2841092649817958 
v -0.5492349720295575 -0.7957951884060676 0.25505090395731334 
v -0.5065041983703342 -0.8188925914709108 0.2699415134196318 
v -0.5368689037467825 -0.7940649247686866 0.2850134653693189 
v -0.47517585837737897 -0.8423214760967718 0.2543667323402901 
v -0.4874737855726542 -0.8437865553935043 0.22448509375152403 
v -0.6786784536557177 -0.7062538649683371 0.20149698449547548 
v -0.6947829719004941 -0.6848603614192796 0.21964268099295037 
v -0.6442425257599697 -0.7468981455842411 0.16460476337347188 
v -0.6617983395041146 -0.7269824396956123 0.18308328761471374 
v -0.6190171364503906 -0.7432945248421208 0.2536356325922767 
v -0.6409503747588344 -0.7358002848053533 0.21858764369668898 
v -0.6016143431787998 -0.76342295672649 0.2350437644876486 
v -0.5420282497954588 -0.8149070731986511 0.20526041623868913 
v -0.5723438137636195 -0.7898250052331114 0.22045185405215065 
v -0.5944079385553005 -0.7825346452249278 0.18525315545257065 
v -0.34611705707749457 -0.7980732182913414 0.49323637441506196 
v -0.35854745665395743 -0.8052386542002363 0.472265212681149 
v -0.4307310211957568 -0.7788453622020631 0.45592838160833715 
v -0.39496108159500953 -0.7926420218634973 0.46446137536015547 
v -0.41865973753742947 -0.7725127249136923 0.47743912073845873 
v -0.37077966232408516 -0.8118942365614021 0.45094366682016435 
v -0.3827729933668988 -0.8179916893176764 0.4293884392437203 
v -0.5668077310432303 -0.7119790328470139 0.4145055522135449 
v -0.534022186888306 -0.7303740965417378 0.42588024491853516 
v -0.5555702330196032 -0.7072902978253166 0.4371294439690819 
v -0.4890870598161118 -0.7740755198885926 0.40199619081483384 
v -0.5118418184430652 -0.7526647806281365 0.4141421022968995 
v -0.5229673892412847 -0.7571307089318209 0.39148205499429056 
v -0.48862124149695607 -0.7421894337004015 0.45869829611788454 
v -0.5003805934283831 -0.7476700580933748 0.4365876154346441 
v -0.46599783026597824 -0.7638180594400921 0.44657361572373777 
v -0.41742390111353006 -0.833134230582134 0.3628286656418942 
v -0.4284486099598539 -0.8370463551881764 0.34027222615085434 
v -0.3946100406707002 -0.8236458960816834 0.4072963953556048 
v -0.4061328980268366 -0.8286548027479609 0.38521070470985247 
v -0.4767785416526113 -0.7988823147869806 0.36670051723471114 
v -0.44181614905142647 -0.8143900478671685 0.3762543559512352 
v -0.46567771363222676 -0.7947534275387124 0.3892444687362051 
v -0.44268554421808803 -0.7846460722816629 0.4340046660962238 
v -0.45434713678067756 -0.7899632374059123 0.4117362782733268 
v -0.41886865559886066 -0.8046154632854697 0.42088360100948563 
v -0.7767871047201912 -0.5467523362525074 0.3125118825626441 
v -0.7853169308807453 -0.5266327684262657 0.3254769504768871 
v -0.7581800375991936 -0.585977376365981 0.28599570796312074 
v -0.7677308515965854 -0.5665649097163024 0.29932180439276396 
v -0.7343225094356859 -0.577422402897563 0.35686667085633156 
v -0.7514418674937992 -0.5723247798417693 0.3282978314830938 
v -0.7249601192617863 -0.5970017791180295 0.34354286662634137 
v -0.714922937808355 -0.6599954836735207 0.23084876981700897 
v -0.7264430046550238 -0.6421499214204663 0.24479387126206817 
v -0.6936889361706333 -0.6538347421935599 0.3021519315429511 
v -0.7104538683038008 -0.6483628067089479 0.27364387785708166 
v -0.6823269558616613 -0.6718464084721448 0.2881880093404971 
v -0.7374992027834087 -0.6238591636819416 0.2586400390192995 
v -0.7480505162368329 -0.605207669181885 0.2722941466892707 
v -0.6190939493098347 -0.6680304820662478 0.41286554343791904 
v -0.638803247691023 -0.6656158395883888 0.3858574410691671 
v -0.6081026918831848 -0.6864573434838258 0.39873228073677836 
v -0.6972273496653594 -0.62091035724897 0.35825179851547856 
v -0.6685454838753768 -0.6437384400827294 0.37235434299829584 
v -0.6788007455329425 -0.6246520362425633 0.38605618953973664 
v -0.6466668272066874 -0.6806802518799423 0.3442330740807666 
v -0.6578218294134224 -0.6624441721703724 0.3583826997843063 
v -0.6761021327148581 -0.6584938484286271 0.330562789376053 
v -0.7319518512485267 -0.6111194070675414 0.3012964615777481 
v -0.7045608365186716 -0.6353226665169701 0.3161631494242749 
v -0.714996983766021 -0.6163483471156266 0.3299909517143271 
v -0.47353765456753627 -0.817886178309501 0.3268398522777719 
v -0.5207031614637546 -0.7775818469300239 0.3524694156470092 
v -0.4974053100226595 -0.7981589050981042 0.3398975136329447 
v -0.5174523729723273 -0.7965695891395473 0.31260187357621577 
v -0.5599933806025449 -0.773193700971181 0.2976221000863698 
v -0.5872300910033195 -0.710385186925935 0.3879609599127695 
v -0.6260257354420289 -0.7049091906370123 0.33345886031074234 
v -0.6069879649532399 -0.7080471721251387 0.3608806069152488 
v -0.5656929019743715 -0.7335689246136472 0.37665391740560894 
v -0.5435603537041445 -0.7558755994462601 0.3649578332393789 
v -0.6787725611178316 -0.691044030383509 0.2484470936534686 
v -0.6012904227288705 -0.7476707253022755 0.28184803362894995 
v -0.6408376945761813 -0.7203132666755282 0.26547287443638085 
v -0.6619661813632011 -0.69645469339135 0.27704085399915707 
v -0.6444055105902933 -0.7011295906816164 0.3052193227688779 
v -0.5634291582114691 -0.7540199553184278 0.33764106779050373 
v -0.6047263068319861 -0.7284969138324922 0.32186696065592224 
v -0.5826895098427756 -0.7513011705274828 0.3098701119553485 
v -0.5195250164375765 -0.3623676412703274 0.7738109910409099 
v -0.569625023717642 -0.39334362490352315 0.7216703715010284 
v -0.5450409543911104 -0.37814683814927935 0.7482882645305419 
v -0.5116444331599944 -0.39878702337611666 0.7610446005348206 
v -0.5030330501765232 -0.43449972792986863 0.7471062420158018 
v -0.6588000342511608 -0.4484943856796275 0.604015977342092 
v -0.638080486612809 -0.4356872634004532 0.6348463602436302 
v -0.5749369814794247 -0.4790430352649697 0.6632987544775375 
v -0.6069845418891281 -0.45779189344138665 0.6496124600151965 
v -0.5967800573900961 -0.49255606494872295 0.6334367261090115 
v -0.61629295299356 -0.42221612919168716 0.6647680319787241 
v -0.5935750065603574 -0.4081736134098222 0.693587062237208 
v -0.4727238663031005 -0.537883275016665 0.6980069689371268 
v -0.46126716208920987 -0.5705764145711023 0.6794668206125684 
v -0.49358815655920696 -0.46996888513857116 0.7317786405096095 
v -0.4835190438161132 -0.5042749178825418 0.7154831524653166 
v -0.530789410642876 -0.533340527578093 0.6586429102268616 
v -0.5075991129221311 -0.5192154665294798 0.6875743158941005 
v -0.5415380358333086 -0.49968471886268 0.6760560165259433 
v -0.561193183790102 -0.42945434560339696 0.7075529489090459 
v -0.5518127107393089 -0.46497860525331064 0.6923132447983512 
v -0.5277941074373165 -0.4500961099822715 0.7203102608829569 
v -0.7738109910409099 -0.5195250164375765 0.3623676412703274 
v -0.7216703715010284 -0.569625023717642 0.39334362490352315 
v -0.7482882645305419 -0.5450409543911104 0.37814683814927935 
v -0.7610446005348206 -0.5116444331599944 0.39878702337611666 
v -0.7471062420158018 -0.5030330501765232 0.43449972792986863 
v -0.6040159773420921 -0.658800034251161 0.44849438567962757 
v -0.6348463602436301 -0.638080486612809 0.43568726340045316 
v -0.6632987544775375 -0.5749369814794247 0.4790430352649697 
v -0.6496124600151965 -0.6069845418891281 0.45779189344138665 
v -0.6334367261090115 -0.5967800573900961 0.49255606494872295 
v -0.6647680319787241 -0.61629295299356 0.42221612919168716 
v -0.693587062237208 -0.5935750065603574 0.4081736134098222 
v -0.6980069689371268 -0.4727238663031005 0.537883275016665 
v -0.6794668206125684 -0.46126716208920987 0.5705764145711023 
v -0.7317786405096095 -0.49358815655920696 0.46996888513857116 
v -0.7154831524653166 -0.4835190438161132 0.5042749178825418 
v -0.6586429102268616 -0.530789410642876 0.533340527578093 
v -0.6875743158941005 -0.5075991129221311 0.5192154665294798 
v -0.6760560165259434 -0.5415380358333086 0.49968471886268007 
v -0.7075529489090459 -0.561193183790102 0.42945434560339696 
v -0.6923132447983512 -0.5518127107393089 0.46497860525331064 
v -0.7203102608829569 -0.5277941074373165 0.4500961099822715 
v -0.3623676412703274 -0.7738109910409099 0.5195250164375765 
v -0.39334362490352315 -0.7216703715010284 0.569625023717642 
v -0.37814683814927935 -0.7482882645305419 0.5450409543911104 
v -0.39878702337611666 -0.7610446005348206 0.5116444331599944 
v -0.43449972792986863 -0.7471062420158018 0.5030330501765232 
v -0.4484943856796275 -0.604015977342092 0.6588000342511608 
v -0.4356872634004531 -0.6348463602436301 0.638080486612809 
v -0.4790430352649697 -0.6632987544775375 0.5749369814794247 
v -0.45779189344138665 -0.6496124600151965 0.6069845418891282 
v -0.49255606494872295 -0.6334367261090116 0.5967800573900961 
v -0.42221612919168716 -0.6647680319787241 0.61629295299356 
v -0.40817361340982217 -0.6935870622372079 0.5935750065603573 
v -0.537883275016665 -0.6980069689371268 0.4727238663031004 
v -0.5705764145711023 -0.6794668206125684 0.46126716208920987 
v -0.46996888513857116 -0.7317786405096095 0.49358815655920696 
v -0.5042749178825418 -0.7154831524653166 0.4835190438161132 
v -0.533340527578093 -0.6586429102268616 0.530789410642876 
v -0.5192154665294798 -0.6875743158941005 0.5075991129221311 
v -0.49968471886268 -0.6760560165259433 0.5415380358333086 
v -0.42945434560339696 -0.7075529489090459 0.561193183790102 
v -0.46497860525331064 -0.6923132447983512 0.5518127107393089 
v -0.4500961099822715 -0.7203102608829569 0.5277941074373165 
v -0.6495165647343653 -0.48409220801740427 0.5863300830355741 
v -0.6275606580111176 -0.5529214969364329 0.5481290347557107 
v -0.6390794354878201 -0.5189796630836403 0.5676597435455154 
v -0.6184125616669264 -0.5062068326211229 0.6010994478289268 
v -0.5863638941246713 -0.5274604966281053 0.6147867989504848 
v -0.5863300830355741 -0.6495165647343653 0.48409220801740427 
v -0.5481290347557108 -0.6275606580111177 0.552921496936433 
v -0.5676597435455154 -0.6390794354878202 0.5189796630836403 
v -0.6010994478289268 -0.6184125616669264 0.5062068326211229 
v -0.6147867989504848 -0.5863638941246713 0.5274604966281053 
v -0.48409220801740427 -0.5863300830355741 0.6495165647343653 
v -0.5529214969364329 -0.5481290347557107 0.6275606580111176 
v -0.5189796630836403 -0.5676597435455154 0.6390794354878201 
v -0.5062068326211229 -0.6010994478289268 0.6184125616669264 
v -0.5274604966281053 -0.6147867989504848 0.5863638941246713 
v -0.5952228762781369 -0.5745542482911571 0.5617803336943767 
v -0.5617803336943767 -0.5952228762781369 0.5745542482911571 
v -0.5745542482911571 -0.5617803336943767 0.5952228762781369 
v 0.1072510126998617 -0.5520209633182681 0.8269039099750497 
v 0.14986059298440085 -0.61536137646104 0.7738683215058865 
v 0.12609343673585408 -0.591084874604967 0.7966926108765988 
v 0.1513626144471135 -0.5249293084891277 0.8375789992811787 
v 0.18978199198827053 -0.5108457969904615 0.8384625019725951 
v 0.21964268099295037 -0.6947829719004941 0.6848603614192796 
v 0.2014969844954755 -0.6786784536557177 0.7062538649683371 
v 0.2350437644876486 -0.6016143431787998 0.76342295672649 
v 0.21858764369668898 -0.6409503747588344 0.7358002848053533 
v 0.2536356325922767 -0.6190171364503906 0.7432945248421208 
v 0.18308328761471376 -0.6617983395041146 0.7269824396956123 
v 0.16460476337347194 -0.6442425257599698 0.7468981455842411 
v 0.2841092649817959 -0.46239669545438844 0.8399233426833458 
v 0.3134526571112906 -0.44918526593886027 0.8366480912625732 
v 0.22448509375152406 -0.48747378557265425 0.8437865553935044 
v 0.2543667323402901 -0.4751758583773789 0.8423214760967717 
v 0.2850134653693189 -0.5368689037467825 0.7940649247686866 
v 0.2699415134196318 -0.5065041983703341 0.8188925914709109 
v 0.25505090395731334 -0.5492349720295575 0.7957951884060676 
v 0.18525315545257068 -0.5944079385553007 0.7825346452249278 
v 0.22045185405215068 -0.5723438137636195 0.7898250052331114 
v 0.20526041623868913 -0.5420282497954588 0.814907073198651 
v 0.3254769504768871 -0.7853169308807453 0.5266327684262657 
v 0.3125118825626441 -0.7767871047201912 0.5467523362525074 
v 0.3435428666263414 -0.7249601192617863 0.5970017791180295 
v 0.3282978314830938 -0.7514418674937992 0.5723247798417693 
v 0.35686667085633156 -0.7343225094356859 0.577422402897563 
v 0.299321804392764 -0.7677308515965853 0.5665649097163024 
v 0.28599570796312074 -0.7581800375991936 0.585977376365981 
v 0.3987322807367784 -0.6081026918831848 0.6864573434838259 
v 0.3858574410691671 -0.638803247691023 0.6656158395883888 
v 0.4128655434379191 -0.6190939493098347 0.6680304820662478 
v 0.330562789376053 -0.6761021327148581 0.6584938484286271 
v 0.35838269978430626 -0.6578218294134223 0.6624441721703724 
v 0.3442330740807666 -0.6466668272066874 0.6806802518799423 
v 0.3860561895397366 -0.6788007455329423 0.6246520362425633 
v 0.3723543429982958 -0.6685454838753768 0.6437384400827294 
v 0.35825179851547856 -0.6972273496653594 0.6209103572489701 
v 0.24479387126206814 -0.7264430046550239 0.6421499214204662 
v 0.23084876981700897 -0.714922937808355 0.6599954836735207 
v 0.27229414668927066 -0.7480505162368328 0.605207669181885 
v 0.2586400390192995 -0.7374992027834089 0.6238591636819416 
v 0.2881880093404971 -0.6823269558616613 0.6718464084721448 
v 0.2736438778570816 -0.7104538683038008 0.6483628067089479 
v 0.3021519315429511 -0.6936889361706333 0.6538347421935599 
v 0.3299909517143271 -0.714996983766021 0.6163483471156266 
v 0.31616314942427487 -0.7045608365186716 0.6353226665169701 
v 0.3012964615777481 -0.7319518512485267 0.6111194070675414 
v 0.472265212681149 -0.35854745665395743 0.8052386542002363 
v 0.49323637441506196 -0.34611705707749457 0.7980732182913414 
v 0.4293884392437203 -0.3827729933668988 0.8179916893176764 
v 0.45094366682016435 -0.37077966232408516 0.8118942365614021 
v 0.47743912073845873 -0.41865973753742947 0.7725127249136923 
v 0.46446137536015547 -0.39496108159500953 0.7926420218634973 
v 0.45592838160833715 -0.4307310211957568 0.7788453622020631 
v 0.34027222615085434 -0.4284486099598539 0.8370463551881764 
v 0.3628286656418942 -0.41742390111353006 0.833134230582134 
v 0.3892444687362051 -0.46567771363222676 0.7947534275387124 
v 0.3762543559512352 -0.44181614905142647 0.8143900478671685 
v 0.3667005172347112 -0.47677854165261135 0.7988823147869807 
v 0.38521070470985247 -0.4061328980268366 0.8286548027479609 
v 0.4072963953556048 -0.3946100406707002 0.8236458960816834 
v 0.4371294439690819 -0.5555702330196032 0.7072902978253166 
v 0.4258802449185351 -0.534022186888306 0.7303740965417378 
v 0.4145055522135449 -0.5668077310432303 0.7119790328470139 
v 0.44657361572373777 -0.46599783026597824 0.7638180594400921 
v 0.4365876154346441 -0.5003805934283831 0.7476700580933748 
v 0.45869829611788454 -0.4886212414969561 0.7421894337004015 
v 0.39148205499429056 -0.5229673892412847 0.7571307089318209 
v 0.4141421022968995 -0.5118418184430652 0.7526647806281365 
v 0.40199619081483384 -0.4890870598161118 0.7740755198885926 
v 0.42088360100948563 -0.41886865559886066 0.8046154632854697 
v 0.4117362782733268 -0.45434713678067756 0.7899632374059123 
v 0.4340046660962238 -0.44268554421808803 0.7846460722816629 
v 0.2484470936534686 -0.6787725611178316 0.691044030383509 
v 0.3052193227688779 -0.6444055105902933 0.7011295906816164 
v 0.27704085399915707 -0.6619661813632011 0.69645469339135 
v 0.26547287443638085 -0.6408376945761813 0.7203132666755282 
v 0.28184803362894995 -0.6012904227288705 0.7476707253022755 
v 0.3879609599127695 -0.5872300910033195 0.710385186925935 
v 0.3649578332393789 -0.5435603537041445 0.7558755994462601 
v 0.37665391740560894 -0.5656929019743715 0.7335689246136472 
v 0.36088060691524887 -0.60698796495324 0.7080471721251388 
v 0.33345886031074234 -0.6260257354420289 0.7049091906370123 
v 0.3268398522777719 -0.47353765456753627 0.817886178309501 
v 0.2976221000863698 -0.5599933806025449 0.773193700971181 
v 0.31260187357621577 -0.5174523729723272 0.7965695891395473 
v 0.3398975136329447 -0.4974053100226595 0.7981589050981042 
v 0.3524694156470092 -0.5207031614637546 0.7775818469300239 
v 0.32186696065592224 -0.6047263068319861 0.7284969138324922 
v 0.33764106779050373 -0.5634291582114691 0.7540199553184278 
v 0.3098701119553485 -0.5826895098427756 0.7513011705274828 
v 0.5520209633182682 -0.8269039099750497 0.10725101269986169 
v 0.6153613764610399 -0.7738683215058865 0.14986059298440085 
v 0.591084874604967 -0.7966926108765988 0.12609343673585408 
v 0.5249293084891276 -0.8375789992811787 0.1513626144471135 
v 0.5108457969904615 -0.8384625019725953 0.18978199198827056 
v 0.6947829719004941 -0.6848603614192796 0.21964268099295037 
v 0.6786784536557177 -0.7062538649683371 0.20149698449547548 
v 0.6016143431787998 -0.76342295672649 0.2350437644876486 
v 0.6409503747588344 -0.7358002848053533 0.21858764369668898 
v 0.6190171364503906 -0.7432945248421208 0.2536356325922767 
v 0.6617983395041146 -0.7269824396956123 0.18308328761471374 
v 0.6442425257599697 -0.7468981455842411 0.16460476337347188 
v 0.46239669545438844 -0.8399233426833458 0.2841092649817958 
v 0.44918526593886027 -0.8366480912625733 0.31345265711129056 
v 0.4874737855726542 -0.8437865553935043 0.22448509375152403 
v 0.47517585837737897 -0.8423214760967718 0.2543667323402901 
v 0.5368689037467825 -0.7940649247686866 0.2850134653693189 
v 0.5065041983703342 -0.8188925914709108 0.2699415134196318 
v 0.5492349720295575 -0.7957951884060676 0.25505090395731334 
v 0.5944079385553005 -0.7825346452249278 0.18525315545257065 
v 0.5723438137636195 -0.7898250052331114 0.22045185405215065 
v 0.5420282497954588 -0.8149070731986511 0.20526041623868913 
v 0.7853169308807453 -0.5266327684262657 0.3254769504768871 
v 0.7767871047201912 -0.5467523362525074 0.3125118825626441 
v 0.7249601192617863 -0.5970017791180295 0.34354286662634137 
v 0.7514418674937992 -0.5723247798417693 0.3282978314830938 
v 0.7343225094356859 -0.577422402897563 0.35686667085633156 
v 0.7677308515965854 -0.5665649097163024 0.29932180439276396 
v 0.7581800375991936 -0.585977376365981 0.28599570796312074 
v 0.6081026918831848 -0.6864573434838258 0.39873228073677836 
v 0.638803247691023 -0.6656158395883888 0.3858574410691671 
v 0.6190939493098347 -0.6680304820662478 0.41286554343791904 
v 0.6761021327148581 -0.6584938484286271 0.330562789376053 
v 0.6578218294134224 -0.6624441721703724 0.3583826997843063 
v 0.6466668272066874 -0.6806802518799423 0.3442330740807666 
v 0.6788007455329425 -0.6246520362425633 0.38605618953973664 
v 0.6685454838753768 -0.6437384400827294 0.37235434299829584 
v 0.6972273496653594 -0.62091035724897 0.35825179851547856 
v 0.7264430046550238 -0.6421499214204663 0.24479387126206817 
v 0.714922937808355 -0.6599954836735207 0.23084876981700897 
v 0.7480505162368329 -0.605207669181885 0.2722941466892707 
v 0.7374992027834087 -0.6238591636819416 0.2586400390192995 
v 0.6823269558616613 -0.6718464084721448 0.2881880093404971 
v 0.7104538683038008 -0.6483628067089479 0.27364387785708166 
v 0.6936889361706333 -0.6538347421935599 0.3021519315429511 
v 0.714996983766021 -0.6163483471156266 0.3299909517143271 
v 0.7045608365186716 -0.6353226665169701 0.3161631494242749 
v 0.7319518512485267 -0.6111194070675414 0.3012964615777481 
v 0.35854745665395743 -0.8052386542002363 0.472265212681149 
v 0.34611705707749457 -0.7980732182913414 0.49323637441506196 
v 0.3827729933668988 -0.8179916893176764 0.4293884392437203 
v 0.37077966232408516 -0.8118942365614021 0.45094366682016435 
v 0.41865973753742947 -0.7725127249136923 0.47743912073845873 
v 0.39496108159500953 -0.7926420218634973 0.46446137536015547 
v 0.4307310211957568 -0.7788453622020631 0.45592838160833715 
v 0.4284486099598539 -0.8370463551881764 0.34027222615085434 
v 0.41742390111353006 -0.833134230582134 0.3628286656418942 
v 0.46567771363222676 -0.7947534275387124 0.3892444687362051 
v 0.44181614905142647 -0.8143900478671685 0.3762543559512352 
v 0.4767785416526113 -0.7988823147869806 0.36670051723471114 
v 0.4061328980268366 -0.8286548027479609 0.38521070470985247 
v 0.3946100406707002 -0.8236458960816834 0.4072963953556048 
v 0.5555702330196032 -0.7072902978253166 0.4371294439690819 
v 0.534022186888306 -0.7303740965417378 0.42588024491853516 
v 0.5668077310432303 -0.7119790328470139 0.4145055522135449 
v 0.46599783026597824 -0.7638180594400921 0.44657361572373777 
v 0.5003805934283831 -0.7476700580933748 0.4365876154346441 
v 0.48862124149695607 -0.7421894337004015 0.45869829611788454 
v 0.5229673892412847 -0.7571307089318209 0.39148205499429056 
v 0.5118418184430652 -0.7526647806281365 0.4141421022968995 
v 0.4890870598161118 -0.7740755198885926 0.40199619081483384 
v 0.41886865559886066 -0.8046154632854697 0.42088360100948563 
v 0.45434713678067756 -0.7899632374059123 0.4117362782733268 
v 0.44268554421808803 -0.7846460722816629 0.4340046660962238 
v 0.6787725611178316 -0.691044030383509 0.2484470936534686 
v 0.6444055105902933 -0.7011295906816164 0.3052193227688779 
v 0.6619661813632011 -0.69645469339135 0.27704085399915707 
v 0.6408376945761813 -0.7203132666755282 0.26547287443638085 
v 0.6012904227288705 -0.7476707253022755 0.28184803362894995 
v 0.5872300910033195 -0.710385186925935 0.3879609599127695 
v 0.5435603537041445 -0.7558755994462601 0.3649578332393789 
v 0.5656929019743715 -0.7335689246136472 0.37665391740560894 
v 0.6069879649532399 -0.7080471721251387 0.3608806069152488 
v 0.6260257354420289 -0.7049091906370123 0.33345886031074234 
v 0.47353765456753627 -0.817886178309501 0.3268398522777719 
v 0.5599933806025449 -0.773193700971181 0.2976221000863698 
v 0.5174523729723273 -0.7965695891395473 0.31260187357621577 
v 0.4974053100226595 -0.7981589050981042 0.3398975136329447 
v 0.5207031614637546 -0.7775818469300239 0.3524694156470092 
v 0.6047263068319861 -0.7284969138324922 0.32186696065592224 
v 0.5634291582114691 -0.7540199553184278 0.33764106779050373 
v 0.5826895098427756 -0.7513011705274828 0.3098701119553485 
v 0.8269039099750497 -0.1072510126998617 0.5520209633182682 
v 0.7738683215058865 -0.14986059298440085 0.6153613764610399 
v 0.7966926108765988 -0.12609343673585408 0.591084874604967 
v 0.8375789992811787 -0.1513626144471135 0.5249293084891276 
v 0.8384625019725953 -0.18978199198827056 0.5108457969904615 
v 0.6848603614192796 -0.21964268099295037 0.6947829719004941 
v 0.706253864968337 -0.20149698449547548 0.6786784536557177 
v 0.76342295672649 -0.2350437644876486 0.6016143431787998 
v 0.7358002848053532 -0.21858764369668895 0.6409503747588344 
v 0.7432945248421208 -0.2536356325922767 0.6190171364503906 
v 0.7269824396956123 -0.18308328761471376 0.6617983395041146 
v 0.7468981455842411 -0.1646047633734719 0.6442425257599698 
v 0.8399233426833459 -0.2841092649817958 0.46239669545438844 
v 0.8366480912625732 -0.3134526571112906 0.44918526593886027 
v 0.8437865553935043 -0.22448509375152403 0.4874737855726542 
v 0.8423214760967718 -0.2543667323402901 0.47517585837737897 
v 0.7940649247686866 -0.2850134653693189 0.5368689037467825 
v 0.8188925914709109 -0.2699415134196318 0.5065041983703341 
v 0.7957951884060676 -0.25505090395731334 0.5492349720295575 
v 0.7825346452249278 -0.18525315545257065 0.5944079385553005 
v 0.7898250052331114 -0.22045185405215065 0.5723438137636195 
v 0.8149070731986511 -0.20526041623868913 0.5420282497954588 
v 0.5266327684262657 -0.3254769504768871 0.7853169308807453 
v 0.5467523362525074 -0.3125118825626441 0.7767871047201912 
v 0.5970017791180295 -0.3435428666263414 0.7249601192617863 
v 0.5723247798417693 -0.3282978314830938 0.7514418674937992 
v 0.577422402897563 -0.35686667085633156 0.7343225094356859 
v 0.5665649097163024 -0.299321804392764 0.7677308515965853 
v 0.585977376365981 -0.28599570796312074 0.7581800375991936 
v 0.6864573434838259 -0.3987322807367784 0.6081026918831848 
v 0.6656158395883888 -0.3858574410691671 0.638803247691023 
v 0.6680304820662478 -0.4128655434379191 0.6190939493098347 
v 0.6584938484286271 -0.330562789376053 0.6761021327148581 
v 0.6624441721703725 -0.3583826997843063 0.6578218294134223 
v 0.6806802518799423 -0.3442330740807666 0.6466668272066874 
v 0.6246520362425633 -0.3860561895397366 0.6788007455329423 
v 0.6437384400827294 -0.3723543429982958 0.6685454838753768 
v 0.6209103572489701 -0.35825179851547856 0.6972273496653594 
v 0.6421499214204662 -0.24479387126206814 0.7264430046550239 
v 0.6599954836735207 -0.23084876981700897 0.714922937808355 
v 0.605207669181885 -0.27229414668927066 0.7480505162368328 
v 0.6238591636819416 -0.2586400390192995 0.7374992027834089 
v 0.6718464084721448 -0.2881880093404971 0.6823269558616613 
v 0.6483628067089479 -0.2736438778570816 0.7104538683038008 
v 0.6538347421935599 -0.3021519315429511 0.6936889361706333 
v 0.6163483471156266 -0.3299909517143271 0.714996983766021 
v 0.6353226665169701 -0.31616314942427487 0.7045608365186716 
v 0.6111194070675414 -0.3012964615777481 0.7319518512485267 
v 0.8052386542002362 -0.47226521268114896 0.3585474566539574 
v 0.7980732182913414 -0.49323637441506196 0.34611705707749457 
v 0.8179916893176764 -0.4293884392437203 0.3827729933668988 
v 0.8118942365614021 -0.45094366682016435 0.37077966232408516 
v 0.7725127249136923 -0.47743912073845873 0.41865973753742947 
v 0.7926420218634973 -0.46446137536015547 0.39496108159500953 
v 0.7788453622020631 -0.45592838160833715 0.4307310211957568 
v 0.8370463551881764 -0.34027222615085434 0.4284486099598539 
v 0.833134230582134 -0.3628286656418942 0.41742390111353006 
v 0.7947534275387124 -0.3892444687362051 0.46567771363222676 
v 0.8143900478671685 -0.3762543559512352 0.44181614905142647 
v 0.7988823147869807 -0.3667005172347112 0.47677854165261135 
v 0.8286548027479609 -0.38521070470985247 0.4061328980268366 
v 0.8236458960816834 -0.4072963953556048 0.3946100406707002 
v 0.7072902978253166 -0.4371294439690819 0.5555702330196032 
v 0.7303740965417378 -0.4258802449185351 0.534022186888306 
v 0.7119790328470139 -0.4145055522135449 0.5668077310432303 
v 0.7638180594400921 -0.44657361572373777 0.46599783026597824 
v 0.7476700580933748 -0.4365876154346441 0.5003805934283831 
v 0.7421894337004015 -0.45869829611788454 0.4886212414969561 
v 0.757130708931821 -0.3914820549942906 0.5229673892412848 
v 0.7526647806281365 -0.4141421022968995 0.5118418184430652 
v 0.7740755198885926 -0.40199619081483384 0.4890870598161118 
v 0.8046154632854697 -0.42088360100948563 0.41886865559886066 
v 0.7899632374059123 -0.4117362782733268 0.45434713678067756 
v 0.7846460722816629 -0.4340046660962238 0.44268554421808803 
v 0.691044030383509 -0.24844709365346856 0.6787725611178316 
v 0.7011295906816164 -0.3052193227688779 0.6444055105902933 
v 0.69645469339135 -0.27704085399915707 0.6619661813632011 
v 0.7203132666755282 -0.26547287443638085 0.6408376945761813 
v 0.7476707253022755 -0.28184803362894995 0.6012904227288705 
v 0.710385186925935 -0.3879609599127695 0.5872300910033195 
v 0.7558755994462601 -0.3649578332393789 0.5435603537041445 
v 0.7335689246136472 -0.37665391740560894 0.5656929019743715 
v 0.7080471721251387 -0.3608806069152488 0.6069879649532399 
v 0.7049091906370123 -0.33345886031074234 0.6260257354420289 
v 0.817886178309501 -0.3268398522777719 0.47353765456753627 
v 0.773193700971181 -0.2976221000863698 0.5599933806025449 
v 0.7965695891395473 -0.31260187357621577 0.5174523729723272 
v 0.798158905098104 -0.3398975136329446 0.4974053100226594 
v 0.7775818469300239 -0.3524694156470092 0.5207031614637546 
v 0.7284969138324922 -0.32186696065592224 0.6047263068319861 
v 0.7540199553184278 -0.33764106779050373 0.5634291582114691 
v 0.7513011705274828 -0.3098701119553485 0.5826895098427756 
v 0.3623676412703274 -0.7738109910409099 0.5195250164375765 
v 0.43449972792986863 -0.7471062420158018 0.5030330501765232 
v 0.39878702337611666 -0.7610446005348206 0.5116444331599944 
v 0.37814683814927935 -0.7482882645305419 0.5450409543911104 
v 0.39334362490352315 -0.7216703715010284 0.569625023717642 
v 0.5705764145711023 -0.6794668206125684 0.46126716208920987 
v 0.537883275016665 -0.6980069689371268 0.4727238663031004 
v 0.49968471886268 -0.6760560165259433 0.5415380358333086 
v 0.5192154665294798 -0.6875743158941005 0.5075991129221311 
v 0.533340527578093 -0.6586429102268616 0.530789410642876 
v 0.5042749178825418 -0.7154831524653166 0.4835190438161132 
v 0.46996888513857116 -0.7317786405096095 0.49358815655920696 
v 0.4356872634004531 -0.6348463602436301 0.638080486612809 
v 0.4484943856796275 -0.604015977342092 0.6588000342511608 
v 0.40817361340982217 -0.6935870622372079 0.5935750065603573 
v 0.42221612919168716 -0.6647680319787241 0.61629295299356 
v 0.49255606494872295 -0.6334367261090116 0.5967800573900961 
v 0.45779189344138665 -0.6496124600151965 0.6069845418891282 
v 0.4790430352649697 -0.6632987544775375 0.5749369814794247 
v 0.4500961099822715 -0.7203102608829569 0.5277941074373165 
v 0.46497860525331064 -0.6923132447983512 0.5518127107393089 
v 0.42945434560339696 -0.7075529489090459 0.561193183790102 
v 0.7738109910409099 -0.5195250164375765 0.3623676412703274 
v 0.7471062420158018 -0.5030330501765232 0.43449972792986863 
v 0.7610446005348206 -0.5116444331599944 0.39878702337611666 
v 0.7482882645305419 -0.5450409543911104 0.37814683814927935 
v 0.7216703715010284 -0.569625023717642 0.39334362490352315 
v 0.6794668206125684 -0.46126716208920987 0.5705764145711023 
v 0.6980069689371268 -0.4727238663031005 0.537883275016665 
v 0.6760560165259434 -0.5415380358333086 0.49968471886268007 
v 0.6875743158941005 -0.5075991129221311 0.5192154665294798 
v 0.6586429102268616 -0.530789410642876 0.533340527578093 
v 0.7154831524653166 -0.4835190438161132 0.5042749178825418 
v 0.7317786405096095 -0.49358815655920696 0.46996888513857116 
v 0.6348463602436301 -0.638080486612809 0.43568726340045316 
v 0.6040159773420921 -0.658800034251161 0.44849438567962757 
v 0.693587062237208 -0.5935750065603574 0.4081736134098222 
v 0.6647680319787241 -0.61629295299356 0.42221612919168716 
v 0.6334367261090115 -0.5967800573900961 0.49255606494872295 
v 0.6496124600151965 -0.6069845418891281 0.45779189344138665 
v 0.6632987544775375 -0.5749369814794247 0.4790430352649697 
v 0.7203102608829569 -0.5277941074373165 0.4500961099822715 
v 0.6923132447983512 -0.5518127107393089 0.46497860525331064 
v 0.7075529489090459 -0.561193183790102 0.42945434560339696 
v 0.5195250164375765 -0.3623676412703274 0.7738109910409099 
v 0.5030330501765232 -0.43449972792986863 0.7471062420158018 
v 0.5116444331599944 -0.39878702337611666 0.7610446005348206 
v 0.5450409543911104 -0.37814683814927935 0.7482882645305419 
v 0.569625023717642 -0.39334362490352315 0.7216703715010284 
v 0.46126716208920987 -0.5705764145711023 0.6794668206125684 
v 0.4727238663031005 -0.537883275016665 0.6980069689371268 
v 0.5415380358333086 -0.49968471886268 0.6760560165259433 
v 0.5075991129221311 -0.5192154665294798 0.6875743158941005 
v 0.530789410642876 -0.533340527578093 0.6586429102268616 
v 0.4835190438161132 -0.5042749178825418 0.7154831524653166 
v 0.49358815655920696 -0.46996888513857116 0.7317786405096095 
v 0.638080486612809 -0.4356872634004532 0.6348463602436302 
v 0.6588000342511608 -0.4484943856796275 0.604015977342092 
v 0.5935750065603574 -0.4081736134098222 0.693587062237208 
v 0.61629295299356 -0.42221612919168716 0.6647680319787241 
v 0.5967800573900961 -0.49255606494872295 0.6334367261090115 
v 0.6069845418891281 -0.45779189344138665 0.6496124600151965 
v 0.5749369814794247 -0.4790430352649697 0.6632987544775375 
v 0.5277941074373165 -0.4500961099822715 0.7203102608829569 
v 0.5518127107393089 -0.46497860525331064 0.6923132447983512 
v 0.561193183790102 -0.42945434560339696 0.7075529489090459 
v 0.5863300830355741 -0.6495165647343653 0.48409220801740427 
v 0.6147867989504848 -0.5863638941246713 0.5274604966281053 
v 0.6010994478289268 -0.6184125616669264 0.5062068326211229 
v 0.5676597435455154 -0.6390794354878202 0.5189796630836403 
v 0.5481290347557108 -0.6275606580111177 0.552921496936433 
v 0.6495165647343653 -0.48409220801740427 0.5863300830355741 
v 0.5863638941246713 -0.5274604966281053 0.6147867989504848 
v 0.6184125616669264 -0.5062068326211229 0.6010994478289268 
v 0.6390794354878201 -0.5189796630836403 0.5676597435455154 
v 0.6275606580111176 -0.5529214969364329 0.5481290347557107 
v 0.48409220801740427 -0.5863300830355741 0.6495165647343653 
v 0.5274604966281053 -0.6147867989504848 0.5863638941246713 
v 0.5062068326211229 -0.6010994478289268 0.6184125616669264 
v 0.5189796630836403 -0.5676597435455154 0.6390794354878201 
v 0.5529214969364329 -0.5481290347557107 0.6275606580111176 
v 0.5952228762781369 -0.5745542482911571 0.5617803336943767 
v 0.5745542482911571 -0.5617803336943767 0.5952228762781369 
v 0.5617803336943767 -0.5952228762781369 0.5745542482911571 
f 1 2563 2565 
f 643 2564 2563 
f 645 2565 2564 
f 2563 2564 2565 
f 163 2566 2568 
f 644 2567 2566 
f 643 2568 2567 
f 2566 2567 2568 
f 165 2569 2571 
f 645 2570 2569 
f 644 2571 2570 
f 2569 2570 2571 
f 643 2567 2564 
f 644 2570 2567 
f 645 2564 2570 
f 2567 2570 2564 
f 43 2572 2574 
f 646 2573 2572 
f 648 2574 2573 
f 2572 2573 2574 
f 164 2575 2577 
f 647 2576 2575 
f 646 2577 2576 
f 2575 2576 2577 
f 163 2578 2580 
f 648 2579 2578 
f 647 2580 2579 
f 2578 2579 2580 
f 646 2576 2573 
f 647 2579 2576 
f 648 2573 2579 
f 2576 2579 2573 
f 45 2581 2583 
f 649 2582 2581 
f 651 2583 2582 
f 2581 2582 2583 
f 165 2584 2586 
f 650 2585 2584 
f 649 2586 2585 
f 2584 2585 2586 
f 164 2587 2589 
f 651 2588 2587 
f 650 2589 2588 
f 2587 2588 2589 
f 649 2585 2582 
f 650 2588 2585 
f 651 2582 2588 
f 2585 2588 2582 
f 163 2580 2566 
f 647 2590 2580 
f 644 2566 2590 
f 2580 2590 2566 
f 164 2589 2575 
f 650 2591 2589 
f 647 2575 2591 
f 2589 2591 2575 
f 165 2571 2584 
f 644 2592 2571 
f 650 2584 2592 
f 2571 2592 2584 
f 647 2591 2590 
f 650 2592 2591 
f 644 2590 2592 
f 2591 2592 2590 
f 13 2593 2595 
f 652 2594 2593 
f 654 2595 2594 
f 2593 2594 2595 
f 166 2596 2598 
f 653 2597 2596 
f 652 2598 2597 
f 2596 2597 2598 
f 168 2599 2601 
f 654 2600 2599 
f 653 2601 2600 
f 2599 2600 2601 
f 652 2597 2594 
f 653 2600 2597 
f 654 2594 2600 
f 2597 2600 2594 
f 44 2602 2604 
f 655 2603 2602 
f 657 2604 2603 
f 2602 2603 2604 
f 167 2605 2607 
f 656 2606 2605 
f 655 2607 2606 
f 2605 2606 2607 
f 166 2608 2610 
f 657 2609 2608 
f 656 2610 2609 
f 2608 2609 2610 
f 655 2606 2603 
f 656 2609 2606 
f 657 2603 2609 
f 2606 2609 2603 
f 43 2611 2613 
f 658 2612 2611 
f 660 2613 2612 
f 2611 2612 2613 
f 168 2614 2616 
f 659 2615 2614 
f 658 2616 2615 
f 2614 2615 2616 
f 167 2617 2619 
f 660 2618 2617 
f 659 2619 2618 
f 2617 2618 2619 
f 658 2615 2612 
f 659 2618 2615 
f 660 2612 2618 
f 2615 2618 2612 
f 166 2610 2596 
f 656 2620 2610 
f 653 2596 2620 
f 2610 2620 2596 
f 167 2619 2605 
f 659 2621 2619 
f 656 2605 2621 
f 2619 2621 2605 
f 168 2601 2614 
f 653 2622 2601 
f 659 2614 2622 
f 2601 2622 2614 
f 656 2621 2620 
f 659 2622 2621 
f 653 2620 2622 
f 2621 2622 2620 
f 15 2623 2625 
f 661 2624 2623 
f 663 2625 2624 
f 2623 2624 2625 
f 169 2626 2628 
f 662 2627 2626 
f 661 2628 2627 
f 2626 2627 2628 
f 171 2629 2631 
f 663 2630 2629 
f 662 2631 2630 
f 2629 2630 2631 
f 661 2627 2624 
f 662 2630 2627 
f 663 2624 2630 
f 2627 2630 2624 
f 45 2632 2634 
f 664 2633 2632 
f 666 2634 2633 
f 2632 2633 2634 
f 170 2635 2637 
f 665 2636 2635 
f 664 2637 2636 
f 2635 2636 2637 
f 169 2638 2640 
f 666 2639 2638 
f 665 2640 2639 
f 2638 2639 2640 
f 664 2636 2633 
f 665 2639 2636 
f 666 2633 2639 
f 2636 2639 2633 
f 44 2641 2643 
f 667 2642 2641 
f 669 2643 2642 
f 2641 2642 2643 
f 171 2644 2646 
f 668 2645 2644 
f 667 2646 2645 
f 2644 2645 2646 
f 170 2647 2649 
f 669 2648 2647 
f 668 2649 2648 
f 2647 2648 2649 
f 667 2645 2642 
f 668 2648 2645 
f 669 2642 2648 
f 2645 2648 2642 
f 169 2640 2626 
f 665 2650 2640 
f 662 2626 2650 
f 2640 2650 2626 
f 170 2649 2635 
f 668 2651 2649 
f 665 2635 2651 
f 2649 2651 2635 
f 171 2631 2644 
f 662 2652 2631 
f 668 2644 2652 
f 2631 2652 2644 
f 665 2651 2650 
f 668 2652 2651 
f 662 2650 2652 
f 2651 2652 2650 
f 43 2613 2572 
f 660 2653 2613 
f 646 2572 2653 
f 2613 2653 2572 
f 167 2654 2617 
f 670 2655 2654 
f 660 2617 2655 
f 2654 2655 2617 
f 164 2577 2657 
f 646 2656 2577 
f 670 2657 2656 
f 2577 2656 2657 
f 660 2655 2653 
f 670 2656 2655 
f 646 2653 2656 
f 2655 2656 2653 
f 44 2643 2602 
f 669 2658 2643 
f 655 2602 2658 
f 2643 2658 2602 
f 170 2659 2647 
f 671 2660 2659 
f 669 2647 2660 
f 2659 2660 2647 
f 167 2607 2662 
f 655 2661 2607 
f 671 2662 2661 
f 2607 2661 2662 
f 669 2660 2658 
f 671 2661 2660 
f 655 2658 2661 
f 2660 2661 2658 
f 45 2583 2632 
f 651 2663 2583 
f 664 2632 2663 
f 2583 2663 2632 
f 164 2664 2587 
f 672 2665 2664 
f 651 2587 2665 
f 2664 2665 2587 
f 170 2637 2667 
f 664 2666 2637 
f 672 2667 2666 
f 2637 2666 2667 
f 651 2665 2663 
f 672 2666 2665 
f 664 2663 2666 
f 2665 2666 2663 
f 167 2662 2654 
f 671 2668 2662 
f 670 2654 2668 
f 2662 2668 2654 
f 170 2667 2659 
f 672 2669 2667 
f 671 2659 2669 
f 2667 2669 2659 
f 164 2657 2664 
f 670 2670 2657 
f 672 2664 2670 
f 2657 2670 2664 
f 671 2669 2668 
f 672 2670 2669 
f 670 2668 2670 
f 2669 2670 2668 
f 3 2671 2673 
f 673 2672 2671 
f 675 2673 2672 
f 2671 2672 2673 
f 172 2674 2676 
f 674 2675 2674 
f 673 2676 2675 
f 2674 2675 2676 
f 174 2677 2679 
f 675 2678 2677 
f 674 2679 2678 
f 2677 2678 2679 
f 673 2675 2672 
f 674 2678 2675 
f 675 2672 2678 
f 2675 2678 2672 
f 46 2680 2682 
f 676 2681 2680 
f 678 2682 2681 
f 2680 2681 2682 
f 173 2683 2685 
f 677 2684 2683 
f 676 2685 2684 
f 2683 2684 2685 
f 172 2686 2688 
f 678 2687 2686 
f 677 2688 2687 
f 2686 2687 2688 
f 676 2684 2681 
f 677 2687 2684 
f 678 2681 2687 
f 2684 2687 2681 
f 48 2689 2691 
f 679 2690 2689 
f 681 2691 2690 
f 2689 2690 2691 
f 174 2692 2694 
f 680 2693 2692 
f 679 2694 2693 
f 2692 2693 2694 
f 173 2695 2697 
f 681 2696 2695 
f 680 2697 2696 
f 2695 2696 2697 
f 679 2693 2690 
f 680 2696 2693 
f 681 2690 2696 
f 2693 2696 2690 
f 172 2688 2674 
f 677 2698 2688 
f 674 2674 2698 
f 2688 2698 2674 
f 173 2697 2683 
f 680 2699 2697 
f 677 2683 2699 
f 2697 2699 2683 
f 174 2679 2692 
f 674 2700 2679 
f 680 2692 2700 
f 2679 2700 2692 
f 677 2699 2698 
f 680 2700 2699 
f 674 2698 2700 
f 2699 2700 2698 
f 14 2701 2703 
f 682 2702 2701 
f 684 2703 2702 
f 2701 2702 2703 
f 175 2704 2706 
f 683 2705 2704 
f 682 2706 2705 
f 2704 2705 2706 
f 177 2707 2709 
f 684 2708 2707 
f 683 2709 2708 
f 2707 2708 2709 
f 682 2705 2702 
f 683 2708 2705 
f 684 2702 2708 
f 2705 2708 2702 
f 47 2710 2712 
f 685 2711 2710 
f 687 2712 2711 
f 2710 2711 2712 
f 176 2713 2715 
f 686 2714 2713 
f 685 2715 2714 
f 2713 2714 2715 
f 175 2716 2718 
f 687 2717 2716 
f 686 2718 2717 
f 2716 2717 2718 
f 685 2714 2711 
f 686 2717 2714 
f 687 2711 2717 
f 2714 2717 2711 
f 46 2719 2721 
f 688 2720 2719 
f 690 2721 2720 
f 2719 2720 2721 
f 177 2722 2724 
f 689 2723 2722 
f 688 2724 2723 
f 2722 2723 2724 
f 176 2725 2727 
f 690 2726 2725 
f 689 2727 2726 
f 2725 2726 2727 
f 688 2723 2720 
f 689 2726 2723 
f 690 2720 2726 
f 2723 2726 2720 
f 175 2718 2704 
f 686 2728 2718 
f 683 2704 2728 
f 2718 2728 2704 
f 176 2727 2713 
f 689 2729 2727 
f 686 2713 2729 
f 2727 2729 2713 
f 177 2709 2722 
f 683 2730 2709 
f 689 2722 2730 
f 2709 2730 2722 
f 686 2729 2728 
f 689 2730 2729 
f 683 2728 2730 
f 2729 2730 2728 
f 13 2731 2733 
f 691 2732 2731 
f 693 2733 2732 
f 2731 2732 2733 
f 178 2734 2736 
f 692 2735 2734 
f 691 2736 2735 
f 2734 2735 2736 
f 180 2737 2739 
f 693 2738 2737 
f 692 2739 2738 
f 2737 2738 2739 
f 691 2735 2732 
f 692 2738 2735 
f 693 2732 2738 
f 2735 2738 2732 
f 48 2740 2742 
f 694 2741 2740 
f 696 2742 2741 
f 2740 2741 2742 
f 179 2743 2745 
f 695 2744 2743 
f 694 2745 2744 
f 2743 2744 2745 
f 178 2746 2748 
f 696 2747 2746 
f 695 2748 2747 
f 2746 2747 2748 
f 694 2744 2741 
f 695 2747 2744 
f 696 2741 2747 
f 2744 2747 2741 
f 47 2749 2751 
f 697 2750 2749 
f 699 2751 2750 
f 2749 2750 2751 
f 180 2752 2754 
f 698 2753 2752 
f 697 2754 2753 
f 2752 2753 2754 
f 179 2755 2757 
f 699 2756 2755 
f 698 2757 2756 
f 2755 2756 2757 
f 697 2753 2750 
f 698 2756 2753 
f 699 2750 2756 
f 2753 2756 2750 
f 178 2748 2734 
f 695 2758 2748 
f 692 2734 2758 
f 2748 2758 2734 
f 179 2757 2743 
f 698 2759 2757 
f 695 2743 2759 
f 2757 2759 2743 
f 180 2739 2752 
f 692 2760 2739 
f 698 2752 2760 
f 2739 2760 2752 
f 695 2759 2758 
f 698 2760 2759 
f 692 2758 2760 
f 2759 2760 2758 
f 46 2721 2680 
f 690 2761 2721 
f 676 2680 2761 
f 2721 2761 2680 
f 176 2762 2725 
f 700 2763 2762 
f 690 2725 2763 
f 2762 2763 2725 
f 173 2685 2765 
f 676 2764 2685 
f 700 2765 2764 
f 2685 2764 2765 
f 690 2763 2761 
f 700 2764 2763 
f 676 2761 2764 
f 2763 2764 2761 
f 47 2751 2710 
f 699 2766 2751 
f 685 2710 2766 
f 2751 2766 2710 
f 179 2767 2755 
f 701 2768 2767 
f 699 2755 2768 
f 2767 2768 2755 
f 176 2715 2770 
f 685 2769 2715 
f 701 2770 2769 
f 2715 2769 2770 
f 699 2768 2766 
f 701 2769 2768 
f 685 2766 2769 
f 2768 2769 2766 
f 48 2691 2740 
f 681 2771 2691 
f 694 2740 2771 
f 2691 2771 2740 
f 173 2772 2695 
f 702 2773 2772 
f 681 2695 2773 
f 2772 2773 2695 
f 179 2745 2775 
f 694 2774 2745 
f 702 2775 2774 
f 2745 2774 2775 
f 681 2773 2771 
f 702 2774 2773 
f 694 2771 2774 
f 2773 2774 2771 
f 176 2770 2762 
f 701 2776 2770 
f 700 2762 2776 
f 2770 2776 2762 
f 179 2775 2767 
f 702 2777 2775 
f 701 2767 2777 
f 2775 2777 2767 
f 173 2765 2772 
f 700 2778 2765 
f 702 2772 2778 
f 2765 2778 2772 
f 701 2777 2776 
f 702 2778 2777 
f 700 2776 2778 
f 2777 2778 2776 
f 2 2779 2781 
f 703 2780 2779 
f 705 2781 2780 
f 2779 2780 2781 
f 181 2782 2784 
f 704 2783 2782 
f 703 2784 2783 
f 2782 2783 2784 
f 183 2785 2787 
f 705 2786 2785 
f 704 2787 2786 
f 2785 2786 2787 
f 703 2783 2780 
f 704 2786 2783 
f 705 2780 2786 
f 2783 2786 2780 
f 49 2788 2790 
f 706 2789 2788 
f 708 2790 2789 
f 2788 2789 2790 
f 182 2791 2793 
f 707 2792 2791 
f 706 2793 2792 
f 2791 2792 2793 
f 181 2794 2796 
f 708 2795 2794 
f 707 2796 2795 
f 2794 2795 2796 
f 706 2792 2789 
f 707 2795 2792 
f 708 2789 2795 
f 2792 2795 2789 
f 51 2797 2799 
f 709 2798 2797 
f 711 2799 2798 
f 2797 2798 2799 
f 183 2800 2802 
f 710 2801 2800 
f 709 2802 2801 
f 2800 2801 2802 
f 182 2803 2805 
f 711 2804 2803 
f 710 2805 2804 
f 2803 2804 2805 
f 709 2801 2798 
f 710 2804 2801 
f 711 2798 2804 
f 2801 2804 2798 
f 181 2796 2782 
f 707 2806 2796 
f 704 2782 2806 
f 2796 2806 2782 
f 182 2805 2791 
f 710 2807 2805 
f 707 2791 2807 
f 2805 2807 2791 
f 183 2787 2800 
f 704 2808 2787 
f 710 2800 2808 
f 2787 2808 2800 
f 707 2807 2806 
f 710 2808 2807 
f 704 2806 2808 
f 2807 2808 2806 
f 15 2809 2811 
f 712 2810 2809 
f 714 2811 2810 
f 2809 2810 2811 
f 184 2812 2814 
f 713 2813 2812 
f 712 2814 2813 
f 2812 2813 2814 
f 186 2815 2817 
f 714 2816 2815 
f 713 2817 2816 
f 2815 2816 2817 
f 712 2813 2810 
f 713 2816 2813 
f 714 2810 2816 
f 2813 2816 2810 
f 50 2818 2820 
f 715 2819 2818 
f 717 2820 2819 
f 2818 2819 2820 
f 185 2821 2823 
f 716 2822 2821 
f 715 2823 2822 
f 2821 2822 2823 
f 184 2824 2826 
f 717 2825 2824 
f 716 2826 2825 
f 2824 2825 2826 
f 715 2822 2819 
f 716 2825 2822 
f 717 2819 2825 
f 2822 2825 2819 
f 49 2827 2829 
f 718 2828 2827 
f 720 2829 2828 
f 2827 2828 2829 
f 186 2830 2832 
f 719 2831 2830 
f 718 2832 2831 
f 2830 2831 2832 
f 185 2833 2835 
f 720 2834 2833 
f 719 2835 2834 
f 2833 2834 2835 
f 718 2831 2828 
f 719 2834 2831 
f 720 2828 2834 
f 2831 2834 2828 
f 184 2826 2812 
f 716 2836 2826 
f 713 2812 2836 
f 2826 2836 2812 
f 185 2835 2821 
f 719 2837 2835 
f 716 2821 2837 
f 2835 2837 2821 
f 186 2817 2830 
f 713 2838 2817 
f 719 2830 2838 
f 2817 2838 2830 
f 716 2837 2836 
f 719 2838 2837 
f 713 2836 2838 
f 2837 2838 2836 
f 14 2839 2841 
f 721 2840 2839 
f 723 2841 2840 
f 2839 2840 2841 
f 187 2842 2844 
f 722 2843 2842 
f 721 2844 2843 
f 2842 2843 2844 
f 189 2845 2847 
f 723 2846 2845 
f 722 2847 2846 
f 2845 2846 2847 
f 721 2843 2840 
f 722 2846 2843 
f 723 2840 2846 
f 2843 2846 2840 
f 51 2848 2850 
f 724 2849 2848 
f 726 2850 2849 
f 2848 2849 2850 
f 188 2851 2853 
f 725 2852 2851 
f 724 2853 2852 
f 2851 2852 2853 
f 187 2854 2856 
f 726 2855 2854 
f 725 2856 2855 
f 2854 2855 2856 
f 724 2852 2849 
f 725 2855 2852 
f 726 2849 2855 
f 2852 2855 2849 
f 50 2857 2859 
f 727 2858 2857 
f 729 2859 2858 
f 2857 2858 2859 
f 189 2860 2862 
f 728 2861 2860 
f 727 2862 2861 
f 2860 2861 2862 
f 188 2863 2865 
f 729 2864 2863 
f 728 2865 2864 
f 2863 2864 2865 
f 727 2861 2858 
f 728 2864 2861 
f 729 2858 2864 
f 2861 2864 2858 
f 187 2856 2842 
f 725 2866 2856 
f 722 2842 2866 
f 2856 2866 2842 
f 188 2865 2851 
f 728 2867 2865 
f 725 2851 2867 
f 2865 2867 2851 
f 189 2847 2860 
f 722 2868 2847 
f 728 2860 2868 
f 2847 2868 2860 
f 725 2867 2866 
f 728 2868 2867 
f 722 2866 2868 
f 2867 2868 2866 
f 49 2829 2788 
f 720 2869 2829 
f 706 2788 2869 
f 2829 2869 2788 
f 185 2870 2833 
f 730 2871 2870 
f 720 2833 2871 
f 2870 2871 2833 
f 182 2793 2873 
f 706 2872 2793 
f 730 2873 2872 
f 2793 2872 2873 
f 720 2871 2869 
f 730 2872 2871 
f 706 2869 2872 
f 2871 2872 2869 
f 50 2859 2818 
f 729 2874 2859 
f 715 2818 2874 
f 2859 2874 2818 
f 188 2875 2863 
f 731 2876 2875 
f 729 2863 2876 
f 2875 2876 2863 
f 185 2823 2878 
f 715 2877 2823 
f 731 2878 2877 
f 2823 2877 2878 
f 729 2876 2874 
f 731 2877 2876 
f 715 2874 2877 
f 2876 2877 2874 
f 51 2799 2848 
f 711 2879 2799 
f 724 2848 2879 
f 2799 2879 2848 
f 182 2880 2803 
f 732 2881 2880 
f 711 2803 2881 
f 2880 2881 2803 
f 188 2853 2883 
f 724 2882 2853 
f 732 2883 2882 
f 2853 2882 2883 
f 711 2881 2879 
f 732 2882 2881 
f 724 2879 2882 
f 2881 2882 2879 
f 185 2878 2870 
f 731 2884 2878 
f 730 2870 2884 
f 2878 2884 2870 
f 188 2883 2875 
f 732 2885 2883 
f 731 2875 2885 
f 2883 2885 2875 
f 182 2873 2880 
f 730 2886 2873 
f 732 2880 2886 
f 2873 2886 2880 
f 731 2885 2884 
f 732 2886 2885 
f 730 2884 2886 
f 2885 2886 2884 
f 13 2733 2593 
f 693 2887 2733 
f 652 2593 2887 
f 2733 2887 2593 
f 180 2888 2737 
f 733 2889 2888 
f 693 2737 2889 
f 2888 2889 2737 
f 166 2598 2891 
f 652 2890 2598 
f 733 2891 2890 
f 2598 2890 2891 
f 693 2889 2887 
f 733 2890 2889 
f 652 2887 2890 
f 2889 2890 2887 
f 47 2892 2749 
f 734 2893 2892 
f 697 2749 2893 
f 2892 2893 2749 
f 190 2894 2896 
f 735 2895 2894 
f 734 2896 2895 
f 2894 2895 2896 
f 180 2754 2898 
f 697 2897 2754 
f 735 2898 2897 
f 2754 2897 2898 
f 734 2895 2893 
f 735 2897 2895 
f 697 2893 2897 
f 2895 2897 2893 
f 44 2604 2900 
f 657 2899 2604 
f 737 2900 2899 
f 2604 2899 2900 
f 166 2901 2608 
f 736 2902 2901 
f 657 2608 2902 
f 2901 2902 2608 
f 190 2903 2905 
f 737 2904 2903 
f 736 2905 2904 
f 2903 2904 2905 
f 657 2902 2899 
f 736 2904 2902 
f 737 2899 2904 
f 2902 2904 2899 
f 180 2898 2888 
f 735 2906 2898 
f 733 2888 2906 
f 2898 2906 2888 
f 190 2905 2894 
f 736 2907 2905 
f 735 2894 2907 
f 2905 2907 2894 
f 166 2891 2901 
f 733 2908 2891 
f 736 2901 2908 
f 2891 2908 2901 
f 735 2907 2906 
f 736 2908 2907 
f 733 2906 2908 
f 2907 2908 2906 
f 14 2841 2701 
f 723 2909 2841 
f 682 2701 2909 
f 2841 2909 2701 
f 189 2910 2845 
f 738 2911 2910 
f 723 2845 2911 
f 2910 2911 2845 
f 175 2706 2913 
f 682 2912 2706 
f 738 2913 2912 
f 2706 2912 2913 
f 723 2911 2909 
f 738 2912 2911 
f 682 2909 2912 
f 2911 2912 2909 
f 50 2914 2857 
f 739 2915 2914 
f 727 2857 2915 
f 2914 2915 2857 
f 191 2916 2918 
f 740 2917 2916 
f 739 2918 2917 
f 2916 2917 2918 
f 189 2862 2920 
f 727 2919 2862 
f 740 2920 2919 
f 2862 2919 2920 
f 739 2917 2915 
f 740 2919 2917 
f 727 2915 2919 
f 2917 2919 2915 
f 47 2712 2922 
f 687 2921 2712 
f 742 2922 2921 
f 2712 2921 2922 
f 175 2923 2716 
f 741 2924 2923 
f 687 2716 2924 
f 2923 2924 2716 
f 191 2925 2927 
f 742 2926 2925 
f 741 2927 2926 
f 2925 2926 2927 
f 687 2924 2921 
f 741 2926 2924 
f 742 2921 2926 
f 2924 2926 2921 
f 189 2920 2910 
f 740 2928 2920 
f 738 2910 2928 
f 2920 2928 2910 
f 191 2927 2916 
f 741 2929 2927 
f 740 2916 2929 
f 2927 2929 2916 
f 175 2913 2923 
f 738 2930 2913 
f 741 2923 2930 
f 2913 2930 2923 
f 740 2929 2928 
f 741 2930 2929 
f 738 2928 2930 
f 2929 2930 2928 
f 15 2625 2809 
f 663 2931 2625 
f 712 2809 2931 
f 2625 2931 2809 
f 171 2932 2629 
f 743 2933 2932 
f 663 2629 2933 
f 2932 2933 2629 
f 184 2814 2935 
f 712 2934 2814 
f 743 2935 2934 
f 2814 2934 2935 
f 663 2933 2931 
f 743 2934 2933 
f 712 2931 2934 
f 2933 2934 2931 
f 44 2936 2641 
f 744 2937 2936 
f 667 2641 2937 
f 2936 2937 2641 
f 192 2938 2940 
f 745 2939 2938 
f 744 2940 2939 
f 2938 2939 2940 
f 171 2646 2942 
f 667 2941 2646 
f 745 2942 2941 
f 2646 2941 2942 
f 744 2939 2937 
f 745 2941 2939 
f 667 2937 2941 
f 2939 2941 2937 
f 50 2820 2944 
f 717 2943 2820 
f 747 2944 2943 
f 2820 2943 2944 
f 184 2945 2824 
f 746 2946 2945 
f 717 2824 2946 
f 2945 2946 2824 
f 192 2947 2949 
f 747 2948 2947 
f 746 2949 2948 
f 2947 2948 2949 
f 717 2946 2943 
f 746 2948 2946 
f 747 2943 2948 
f 2946 2948 2943 
f 171 2942 2932 
f 745 2950 2942 
f 743 2932 2950 
f 2942 2950 2932 
f 192 2949 2938 
f 746 2951 2949 
f 745 2938 2951 
f 2949 2951 2938 
f 184 2935 2945 
f 743 2952 2935 
f 746 2945 2952 
f 2935 2952 2945 
f 745 2951 2950 
f 746 2952 2951 
f 743 2950 2952 
f 2951 2952 2950 
f 47 2922 2892 
f 742 2953 2922 
f 734 2892 2953 
f 2922 2953 2892 
f 191 2954 2925 
f 748 2955 2954 
f 742 2925 2955 
f 2954 2955 2925 
f 190 2896 2957 
f 734 2956 2896 
f 748 2957 2956 
f 2896 2956 2957 
f 742 2955 2953 
f 748 2956 2955 
f 734 2953 2956 
f 2955 2956 2953 
f 50 2944 2914 
f 747 2958 2944 
f 739 2914 2958 
f 2944 2958 2914 
f 192 2959 2947 
f 749 2960 2959 
f 747 2947 2960 
f 2959 2960 2947 
f 191 2918 2962 
f 739 2961 2918 
f 749 2962 2961 
f 2918 2961 2962 
f 747 2960 2958 
f 749 2961 2960 
f 739 2958 2961 
f 2960 2961 2958 
f 44 2900 2936 
f 737 2963 2900 
f 744 2936 2963 
f 2900 2963 2936 
f 190 2964 2903 
f 750 2965 2964 
f 737 2903 2965 
f 2964 2965 2903 
f 192 2940 2967 
f 744 2966 2940 
f 750 2967 2966 
f 2940 2966 2967 
f 737 2965 2963 
f 750 2966 2965 
f 744 2963 2966 
f 2965 2966 2963 
f 191 2962 2954 
f 749 2968 2962 
f 748 2954 2968 
f 2962 2968 2954 
f 192 2967 2959 
f 750 2969 2967 
f 749 2959 2969 
f 2967 2969 2959 
f 190 2957 2964 
f 748 2970 2957 
f 750 2964 2970 
f 2957 2970 2964 
f 749 2969 2968 
f 750 2970 2969 
f 748 2968 2970 
f 2969 2970 2968 
f 4 2971 2973 
f 751 2972 2971 
f 753 2973 2972 
f 2971 2972 2973 
f 193 2974 2976 
f 752 2975 2974 
f 751 2976 2975 
f 2974 2975 2976 
f 195 2977 2979 
f 753 2978 2977 
f 752 2979 2978 
f 2977 2978 2979 
f 751 2975 2972 
f 752 2978 2975 
f 753 2972 2978 
f 2975 2978 2972 
f 52 2980 2982 
f 754 2981 2980 
f 756 2982 2981 
f 2980 2981 2982 
f 194 2983 2985 
f 755 2984 2983 
f 754 2985 2984 
f 2983 2984 2985 
f 193 2986 2988 
f 756 2987 2986 
f 755 2988 2987 
f 2986 2987 2988 
f 754 2984 2981 
f 755 2987 2984 
f 756 2981 2987 
f 2984 2987 2981 
f 54 2989 2991 
f 757 2990 2989 
f 759 2991 2990 
f 2989 2990 2991 
f 195 2992 2994 
f 758 2993 2992 
f 757 2994 2993 
f 2992 2993 2994 
f 194 2995 2997 
f 759 2996 2995 
f 758 2997 2996 
f 2995 2996 2997 
f 757 2993 2990 
f 758 2996 2993 
f 759 2990 2996 
f 2993 2996 2990 
f 193 2988 2974 
f 755 2998 2988 
f 752 2974 2998 
f 2988 2998 2974 
f 194 2997 2983 
f 758 2999 2997 
f 755 2983 2999 
f 2997 2999 2983 
f 195 2979 2992 
f 752 3000 2979 
f 758 2992 3000 
f 2979 3000 2992 
f 755 2999 2998 
f 758 3000 2999 
f 752 2998 3000 
f 2999 3000 2998 
f 16 3001 3003 
f 760 3002 3001 
f 762 3003 3002 
f 3001 3002 3003 
f 196 3004 3006 
f 761 3005 3004 
f 760 3006 3005 
f 3004 3005 3006 
f 198 3007 3009 
f 762 3008 3007 
f 761 3009 3008 
f 3007 3008 3009 
f 760 3005 3002 
f 761 3008 3005 
f 762 3002 3008 
f 3005 3008 3002 
f 53 3010 3012 
f 763 3011 3010 
f 765 3012 3011 
f 3010 3011 3012 
f 197 3013 3015 
f 764 3014 3013 
f 763 3015 3014 
f 3013 3014 3015 
f 196 3016 3018 
f 765 3017 3016 
f 764 3018 3017 
f 3016 3017 3018 
f 763 3014 3011 
f 764 3017 3014 
f 765 3011 3017 
f 3014 3017 3011 
f 52 3019 3021 
f 766 3020 3019 
f 768 3021 3020 
f 3019 3020 3021 
f 198 3022 3024 
f 767 3023 3022 
f 766 3024 3023 
f 3022 3023 3024 
f 197 3025 3027 
f 768 3026 3025 
f 767 3027 3026 
f 3025 3026 3027 
f 766 3023 3020 
f 767 3026 3023 
f 768 3020 3026 
f 3023 3026 3020 
f 196 3018 3004 
f 764 3028 3018 
f 761 3004 3028 
f 3018 3028 3004 
f 197 3027 3013 
f 767 3029 3027 
f 764 3013 3029 
f 3027 3029 3013 
f 198 3009 3022 
f 761 3030 3009 
f 767 3022 3030 
f 3009 3030 3022 
f 764 3029 3028 
f 767 3030 3029 
f 761 3028 3030 
f 3029 3030 3028 
f 17 3031 3033 
f 769 3032 3031 
f 771 3033 3032 
f 3031 3032 3033 
f 199 3034 3036 
f 770 3035 3034 
f 769 3036 3035 
f 3034 3035 3036 
f 201 3037 3039 
f 771 3038 3037 
f 770 3039 3038 
f 3037 3038 3039 
f 769 3035 3032 
f 770 3038 3035 
f 771 3032 3038 
f 3035 3038 3032 
f 54 3040 3042 
f 772 3041 3040 
f 774 3042 3041 
f 3040 3041 3042 
f 200 3043 3045 
f 773 3044 3043 
f 772 3045 3044 
f 3043 3044 3045 
f 199 3046 3048 
f 774 3047 3046 
f 773 3048 3047 
f 3046 3047 3048 
f 772 3044 3041 
f 773 3047 3044 
f 774 3041 3047 
f 3044 3047 3041 
f 53 3049 3051 
f 775 3050 3049 
f 777 3051 3050 
f 3049 3050 3051 
f 201 3052 3054 
f 776 3053 3052 
f 775 3054 3053 
f 3052 3053 3054 
f 200 3055 3057 
f 777 3056 3055 
f 776 3057 3056 
f 3055 3056 3057 
f 775 3053 3050 
f 776 3056 3053 
f 777 3050 3056 
f 3053 3056 3050 
f 199 3048 3034 
f 773 3058 3048 
f 770 3034 3058 
f 3048 3058 3034 
f 200 3057 3043 
f 776 3059 3057 
f 773 3043 3059 
f 3057 3059 3043 
f 201 3039 3052 
f 770 3060 3039 
f 776 3052 3060 
f 3039 3060 3052 
f 773 3059 3058 
f 776 3060 3059 
f 770 3058 3060 
f 3059 3060 3058 
f 52 3021 2980 
f 768 3061 3021 
f 754 2980 3061 
f 3021 3061 2980 
f 197 3062 3025 
f 778 3063 3062 
f 768 3025 3063 
f 3062 3063 3025 
f 194 2985 3065 
f 754 3064 2985 
f 778 3065 3064 
f 2985 3064 3065 
f 768 3063 3061 
f 778 3064 3063 
f 754 3061 3064 
f 3063 3064 3061 
f 53 3051 3010 
f 777 3066 3051 
f 763 3010 3066 
f 3051 3066 3010 
f 200 3067 3055 
f 779 3068 3067 
f 777 3055 3068 
f 3067 3068 3055 
f 197 3015 3070 
f 763 3069 3015 
f 779 3070 3069 
f 3015 3069 3070 
f 777 3068 3066 
f 779 3069 3068 
f 763 3066 3069 
f 3068 3069 3066 
f 54 2991 3040 
f 759 3071 2991 
f 772 3040 3071 
f 2991 3071 3040 
f 194 3072 2995 
f 780 3073 3072 
f 759 2995 3073 
f 3072 3073 2995 
f 200 3045 3075 
f 772 3074 3045 
f 780 3075 3074 
f 3045 3074 3075 
f 759 3073 3071 
f 780 3074 3073 
f 772 3071 3074 
f 3073 3074 3071 
f 197 3070 3062 
f 779 3076 3070 
f 778 3062 3076 
f 3070 3076 3062 
f 200 3075 3067 
f 780 3077 3075 
f 779 3067 3077 
f 3075 3077 3067 
f 194 3065 3072 
f 778 3078 3065 
f 780 3072 3078 
f 3065 3078 3072 
f 779 3077 3076 
f 780 3078 3077 
f 778 3076 3078 
f 3077 3078 3076 
f 2 2781 3080 
f 705 3079 2781 
f 782 3080 3079 
f 2781 3079 3080 
f 183 3081 2785 
f 781 3082 3081 
f 705 2785 3082 
f 3081 3082 2785 
f 203 3083 3085 
f 782 3084 3083 
f 781 3085 3084 
f 3083 3084 3085 
f 705 3082 3079 
f 781 3084 3082 
f 782 3079 3084 
f 3082 3084 3079 
f 51 3086 2797 
f 783 3087 3086 
f 709 2797 3087 
f 3086 3087 2797 
f 202 3088 3090 
f 784 3089 3088 
f 783 3090 3089 
f 3088 3089 3090 
f 183 2802 3092 
f 709 3091 2802 
f 784 3092 3091 
f 2802 3091 3092 
f 783 3089 3087 
f 784 3091 3089 
f 709 3087 3091 
f 3089 3091 3087 
f 56 3093 3095 
f 785 3094 3093 
f 787 3095 3094 
f 3093 3094 3095 
f 203 3096 3098 
f 786 3097 3096 
f 785 3098 3097 
f 3096 3097 3098 
f 202 3099 3101 
f 787 3100 3099 
f 786 3101 3100 
f 3099 3100 3101 
f 785 3097 3094 
f 786 3100 3097 
f 787 3094 3100 
f 3097 3100 3094 
f 183 3092 3081 
f 784 3102 3092 
f 781 3081 3102 
f 3092 3102 3081 
f 202 3101 3088 
f 786 3103 3101 
f 784 3088 3103 
f 3101 3103 3088 
f 203 3085 3096 
f 781 3104 3085 
f 786 3096 3104 
f 3085 3104 3096 
f 784 3103 3102 
f 786 3104 3103 
f 781 3102 3104 
f 3103 3104 3102 
f 14 3105 2839 
f 788 3106 3105 
f 721 2839 3106 
f 3105 3106 2839 
f 204 3107 3109 
f 789 3108 3107 
f 788 3109 3108 
f 3107 3108 3109 
f 187 2844 3111 
f 721 3110 2844 
f 789 3111 3110 
f 2844 3110 3111 
f 788 3108 3106 
f 789 3110 3108 
f 721 3106 3110 
f 3108 3110 3106 
f 55 3112 3114 
f 790 3113 3112 
f 792 3114 3113 
f 3112 3113 3114 
f 205 3115 3117 
f 791 3116 3115 
f 790 3117 3116 
f 3115 3116 3117 
f 204 3118 3120 
f 792 3119 3118 
f 791 3120 3119 
f 3118 3119 3120 
f 790 3116 3113 
f 791 3119 3116 
f 792 3113 3119 
f 3116 3119 3113 
f 51 2850 3122 
f 726 3121 2850 
f 794 3122 3121 
f 2850 3121 3122 
f 187 3123 2854 
f 793 3124 3123 
f 726 2854 3124 
f 3123 3124 2854 
f 205 3125 3127 
f 794 3126 3125 
f 793 3127 3126 
f 3125 3126 3127 
f 726 3124 3121 
f 793 3126 3124 
f 794 3121 3126 
f 3124 3126 3121 
f 204 3120 3107 
f 791 3128 3120 
f 789 3107 3128 
f 3120 3128 3107 
f 205 3127 3115 
f 793 3129 3127 
f 791 3115 3129 
f 3127 3129 3115 
f 187 3111 3123 
f 789 3130 3111 
f 793 3123 3130 
f 3111 3130 3123 
f 791 3129 3128 
f 793 3130 3129 
f 789 3128 3130 
f 3129 3130 3128 
f 16 3131 3133 
f 795 3132 3131 
f 797 3133 3132 
f 3131 3132 3133 
f 206 3134 3136 
f 796 3135 3134 
f 795 3136 3135 
f 3134 3135 3136 
f 208 3137 3139 
f 797 3138 3137 
f 796 3139 3138 
f 3137 3138 3139 
f 795 3135 3132 
f 796 3138 3135 
f 797 3132 3138 
f 3135 3138 3132 
f 56 3140 3142 
f 798 3141 3140 
f 800 3142 3141 
f 3140 3141 3142 
f 207 3143 3145 
f 799 3144 3143 
f 798 3145 3144 
f 3143 3144 3145 
f 206 3146 3148 
f 800 3147 3146 
f 799 3148 3147 
f 3146 3147 3148 
f 798 3144 3141 
f 799 3147 3144 
f 800 3141 3147 
f 3144 3147 3141 
f 55 3149 3151 
f 801 3150 3149 
f 803 3151 3150 
f 3149 3150 3151 
f 208 3152 3154 
f 802 3153 3152 
f 801 3154 3153 
f 3152 3153 3154 
f 207 3155 3157 
f 803 3156 3155 
f 802 3157 3156 
f 3155 3156 3157 
f 801 3153 3150 
f 802 3156 3153 
f 803 3150 3156 
f 3153 3156 3150 
f 206 3148 3134 
f 799 3158 3148 
f 796 3134 3158 
f 3148 3158 3134 
f 207 3157 3143 
f 802 3159 3157 
f 799 3143 3159 
f 3157 3159 3143 
f 208 3139 3152 
f 796 3160 3139 
f 802 3152 3160 
f 3139 3160 3152 
f 799 3159 3158 
f 802 3160 3159 
f 796 3158 3160 
f 3159 3160 3158 
f 51 3122 3086 
f 794 3161 3122 
f 783 3086 3161 
f 3122 3161 3086 
f 205 3162 3125 
f 804 3163 3162 
f 794 3125 3163 
f 3162 3163 3125 
f 202 3090 3165 
f 783 3164 3090 
f 804 3165 3164 
f 3090 3164 3165 
f 794 3163 3161 
f 804 3164 3163 
f 783 3161 3164 
f 3163 3164 3161 
f 55 3151 3112 
f 803 3166 3151 
f 790 3112 3166 
f 3151 3166 3112 
f 207 3167 3155 
f 805 3168 3167 
f 803 3155 3168 
f 3167 3168 3155 
f 205 3117 3170 
f 790 3169 3117 
f 805 3170 3169 
f 3117 3169 3170 
f 803 3168 3166 
f 805 3169 3168 
f 790 3166 3169 
f 3168 3169 3166 
f 56 3095 3140 
f 787 3171 3095 
f 798 3140 3171 
f 3095 3171 3140 
f 202 3172 3099 
f 806 3173 3172 
f 787 3099 3173 
f 3172 3173 3099 
f 207 3145 3175 
f 798 3174 3145 
f 806 3175 3174 
f 3145 3174 3175 
f 787 3173 3171 
f 806 3174 3173 
f 798 3171 3174 
f 3173 3174 3171 
f 205 3170 3162 
f 805 3176 3170 
f 804 3162 3176 
f 3170 3176 3162 
f 207 3175 3167 
f 806 3177 3175 
f 805 3167 3177 
f 3175 3177 3167 
f 202 3165 3172 
f 804 3178 3165 
f 806 3172 3178 
f 3165 3178 3172 
f 805 3177 3176 
f 806 3178 3177 
f 804 3176 3178 
f 3177 3178 3176 
f 3 3179 2671 
f 807 3180 3179 
f 673 2671 3180 
f 3179 3180 2671 
f 209 3181 3183 
f 808 3182 3181 
f 807 3183 3182 
f 3181 3182 3183 
f 172 2676 3185 
f 673 3184 2676 
f 808 3185 3184 
f 2676 3184 3185 
f 807 3182 3180 
f 808 3184 3182 
f 673 3180 3184 
f 3182 3184 3180 
f 57 3186 3188 
f 809 3187 3186 
f 811 3188 3187 
f 3186 3187 3188 
f 210 3189 3191 
f 810 3190 3189 
f 809 3191 3190 
f 3189 3190 3191 
f 209 3192 3194 
f 811 3193 3192 
f 810 3194 3193 
f 3192 3193 3194 
f 809 3190 3187 
f 810 3193 3190 
f 811 3187 3193 
f 3190 3193 3187 
f 46 2682 3196 
f 678 3195 2682 
f 813 3196 3195 
f 2682 3195 3196 
f 172 3197 2686 
f 812 3198 3197 
f 678 2686 3198 
f 3197 3198 2686 
f 210 3199 3201 
f 813 3200 3199 
f 812 3201 3200 
f 3199 3200 3201 
f 678 3198 3195 
f 812 3200 3198 
f 813 3195 3200 
f 3198 3200 3195 
f 209 3194 3181 
f 810 3202 3194 
f 808 3181 3202 
f 3194 3202 3181 
f 210 3201 3189 
f 812 3203 3201 
f 810 3189 3203 
f 3201 3203 3189 
f 172 3185 3197 
f 808 3204 3185 
f 812 3197 3204 
f 3185 3204 3197 
f 810 3203 3202 
f 812 3204 3203 
f 808 3202 3204 
f 3203 3204 3202 
f 17 3205 3207 
f 814 3206 3205 
f 816 3207 3206 
f 3205 3206 3207 
f 211 3208 3210 
f 815 3209 3208 
f 814 3210 3209 
f 3208 3209 3210 
f 213 3211 3213 
f 816 3212 3211 
f 815 3213 3212 
f 3211 3212 3213 
f 814 3209 3206 
f 815 3212 3209 
f 816 3206 3212 
f 3209 3212 3206 
f 58 3214 3216 
f 817 3215 3214 
f 819 3216 3215 
f 3214 3215 3216 
f 212 3217 3219 
f 818 3218 3217 
f 817 3219 3218 
f 3217 3218 3219 
f 211 3220 3222 
f 819 3221 3220 
f 818 3222 3221 
f 3220 3221 3222 
f 817 3218 3215 
f 818 3221 3218 
f 819 3215 3221 
f 3218 3221 3215 
f 57 3223 3225 
f 820 3224 3223 
f 822 3225 3224 
f 3223 3224 3225 
f 213 3226 3228 
f 821 3227 3226 
f 820 3228 3227 
f 3226 3227 3228 
f 212 3229 3231 
f 822 3230 3229 
f 821 3231 3230 
f 3229 3230 3231 
f 820 3227 3224 
f 821 3230 3227 
f 822 3224 3230 
f 3227 3230 3224 
f 211 3222 3208 
f 818 3232 3222 
f 815 3208 3232 
f 3222 3232 3208 
f 212 3231 3217 
f 821 3233 3231 
f 818 3217 3233 
f 3231 3233 3217 
f 213 3213 3226 
f 815 3234 3213 
f 821 3226 3234 
f 3213 3234 3226 
f 818 3233 3232 
f 821 3234 3233 
f 815 3232 3234 
f 3233 3234 3232 
f 14 2703 3236 
f 684 3235 2703 
f 824 3236 3235 
f 2703 3235 3236 
f 177 3237 2707 
f 823 3238 3237 
f 684 2707 3238 
f 3237 3238 2707 
f 215 3239 3241 
f 824 3240 3239 
f 823 3241 3240 
f 3239 3240 3241 
f 684 3238 3235 
f 823 3240 3238 
f 824 3235 3240 
f 3238 3240 3235 
f 46 3242 2719 
f 825 3243 3242 
f 688 2719 3243 
f 3242 3243 2719 
f 214 3244 3246 
f 826 3245 3244 
f 825 3246 3245 
f 3244 3245 3246 
f 177 2724 3248 
f 688 3247 2724 
f 826 3248 3247 
f 2724 3247 3248 
f 825 3245 3243 
f 826 3247 3245 
f 688 3243 3247 
f 3245 3247 3243 
f 58 3249 3251 
f 827 3250 3249 
f 829 3251 3250 
f 3249 3250 3251 
f 215 3252 3254 
f 828 3253 3252 
f 827 3254 3253 
f 3252 3253 3254 
f 214 3255 3257 
f 829 3256 3255 
f 828 3257 3256 
f 3255 3256 3257 
f 827 3253 3250 
f 828 3256 3253 
f 829 3250 3256 
f 3253 3256 3250 
f 177 3248 3237 
f 826 3258 3248 
f 823 3237 3258 
f 3248 3258 3237 
f 214 3257 3244 
f 828 3259 3257 
f 826 3244 3259 
f 3257 3259 3244 
f 215 3241 3252 
f 823 3260 3241 
f 828 3252 3260 
f 3241 3260 3252 
f 826 3259 3258 
f 828 3260 3259 
f 823 3258 3260 
f 3259 3260 3258 
f 57 3225 3186 
f 822 3261 3225 
f 809 3186 3261 
f 3225 3261 3186 
f 212 3262 3229 
f 830 3263 3262 
f 822 3229 3263 
f 3262 3263 3229 
f 210 3191 3265 
f 809 3264 3191 
f 830 3265 3264 
f 3191 3264 3265 
f 822 3263 3261 
f 830 3264 3263 
f 809 3261 3264 
f 3263 3264 3261 
f 58 3251 3214 
f 829 3266 3251 
f 817 3214 3266 
f 3251 3266 3214 
f 214 3267 3255 
f 831 3268 3267 
f 829 3255 3268 
f 3267 3268 3255 
f 212 3219 3270 
f 817 3269 3219 
f 831 3270 3269 
f 3219 3269 3270 
f 829 3268 3266 
f 831 3269 3268 
f 817 3266 3269 
f 3268 3269 3266 
f 46 3196 3242 
f 813 3271 3196 
f 825 3242 3271 
f 3196 3271 3242 
f 210 3272 3199 
f 832 3273 3272 
f 813 3199 3273 
f 3272 3273 3199 
f 214 3246 3275 
f 825 3274 3246 
f 832 3275 3274 
f 3246 3274 3275 
f 813 3273 3271 
f 832 3274 3273 
f 825 3271 3274 
f 3273 3274 3271 
f 212 3270 3262 
f 831 3276 3270 
f 830 3262 3276 
f 3270 3276 3262 
f 214 3275 3267 
f 832 3277 3275 
f 831 3267 3277 
f 3275 3277 3267 
f 210 3265 3272 
f 830 3278 3265 
f 832 3272 3278 
f 3265 3278 3272 
f 831 3277 3276 
f 832 3278 3277 
f 830 3276 3278 
f 3277 3278 3276 
f 16 3133 3001 
f 797 3279 3133 
f 760 3001 3279 
f 3133 3279 3001 
f 208 3280 3137 
f 833 3281 3280 
f 797 3137 3281 
f 3280 3281 3137 
f 196 3006 3283 
f 760 3282 3006 
f 833 3283 3282 
f 3006 3282 3283 
f 797 3281 3279 
f 833 3282 3281 
f 760 3279 3282 
f 3281 3282 3279 
f 55 3284 3149 
f 834 3285 3284 
f 801 3149 3285 
f 3284 3285 3149 
f 216 3286 3288 
f 835 3287 3286 
f 834 3288 3287 
f 3286 3287 3288 
f 208 3154 3290 
f 801 3289 3154 
f 835 3290 3289 
f 3154 3289 3290 
f 834 3287 3285 
f 835 3289 3287 
f 801 3285 3289 
f 3287 3289 3285 
f 53 3012 3292 
f 765 3291 3012 
f 837 3292 3291 
f 3012 3291 3292 
f 196 3293 3016 
f 836 3294 3293 
f 765 3016 3294 
f 3293 3294 3016 
f 216 3295 3297 
f 837 3296 3295 
f 836 3297 3296 
f 3295 3296 3297 
f 765 3294 3291 
f 836 3296 3294 
f 837 3291 3296 
f 3294 3296 3291 
f 208 3290 3280 
f 835 3298 3290 
f 833 3280 3298 
f 3290 3298 3280 
f 216 3297 3286 
f 836 3299 3297 
f 835 3286 3299 
f 3297 3299 3286 
f 196 3283 3293 
f 833 3300 3283 
f 836 3293 3300 
f 3283 3300 3293 
f 835 3299 3298 
f 836 3300 3299 
f 833 3298 3300 
f 3299 3300 3298 
f 14 3236 3105 
f 824 3301 3236 
f 788 3105 3301 
f 3236 3301 3105 
f 215 3302 3239 
f 838 3303 3302 
f 824 3239 3303 
f 3302 3303 3239 
f 204 3109 3305 
f 788 3304 3109 
f 838 3305 3304 
f 3109 3304 3305 
f 824 3303 3301 
f 838 3304 3303 
f 788 3301 3304 
f 3303 3304 3301 
f 58 3306 3249 
f 839 3307 3306 
f 827 3249 3307 
f 3306 3307 3249 
f 217 3308 3310 
f 840 3309 3308 
f 839 3310 3309 
f 3308 3309 3310 
f 215 3254 3312 
f 827 3311 3254 
f 840 3312 3311 
f 3254 3311 3312 
f 839 3309 3307 
f 840 3311 3309 
f 827 3307 3311 
f 3309 3311 3307 
f 55 3114 3314 
f 792 3313 3114 
f 842 3314 3313 
f 3114 3313 3314 
f 204 3315 3118 
f 841 3316 3315 
f 792 3118 3316 
f 3315 3316 3118 
f 217 3317 3319 
f 842 3318 3317 
f 841 3319 3318 
f 3317 3318 3319 
f 792 3316 3313 
f 841 3318 3316 
f 842 3313 3318 
f 3316 3318 3313 
f 215 3312 3302 
f 840 3320 3312 
f 838 3302 3320 
f 3312 3320 3302 
f 217 3319 3308 
f 841 3321 3319 
f 840 3308 3321 
f 3319 3321 3308 
f 204 3305 3315 
f 838 3322 3305 
f 841 3315 3322 
f 3305 3322 3315 
f 840 3321 3320 
f 841 3322 3321 
f 838 3320 3322 
f 3321 3322 3320 
f 17 3033 3205 
f 771 3323 3033 
f 814 3205 3323 
f 3033 3323 3205 
f 201 3324 3037 
f 843 3325 3324 
f 771 3037 3325 
f 3324 3325 3037 
f 211 3210 3327 
f 814 3326 3210 
f 843 3327 3326 
f 3210 3326 3327 
f 771 3325 3323 
f 843 3326 3325 
f 814 3323 3326 
f 3325 3326 3323 
f 53 3328 3049 
f 844 3329 3328 
f 775 3049 3329 
f 3328 3329 3049 
f 218 3330 3332 
f 845 3331 3330 
f 844 3332 3331 
f 3330 3331 3332 
f 201 3054 3334 
f 775 3333 3054 
f 845 3334 3333 
f 3054 3333 3334 
f 844 3331 3329 
f 845 3333 3331 
f 775 3329 3333 
f 3331 3333 3329 
f 58 3216 3336 
f 819 3335 3216 
f 847 3336 3335 
f 3216 3335 3336 
f 211 3337 3220 
f 846 3338 3337 
f 819 3220 3338 
f 3337 3338 3220 
f 218 3339 3341 
f 847 3340 3339 
f 846 3341 3340 
f 3339 3340 3341 
f 819 3338 3335 
f 846 3340 3338 
f 847 3335 3340 
f 3338 3340 3335 
f 201 3334 3324 
f 845 3342 3334 
f 843 3324 3342 
f 3334 3342 3324 
f 218 3341 3330 
f 846 3343 3341 
f 845 3330 3343 
f 3341 3343 3330 
f 211 3327 3337 
f 843 3344 3327 
f 846 3337 3344 
f 3327 3344 3337 
f 845 3343 3342 
f 846 3344 3343 
f 843 3342 3344 
f 3343 3344 3342 
f 55 3314 3284 
f 842 3345 3314 
f 834 3284 3345 
f 3314 3345 3284 
f 217 3346 3317 
f 848 3347 3346 
f 842 3317 3347 
f 3346 3347 3317 
f 216 3288 3349 
f 834 3348 3288 
f 848 3349 3348 
f 3288 3348 3349 
f 842 3347 3345 
f 848 3348 3347 
f 834 3345 3348 
f 3347 3348 3345 
f 58 3336 3306 
f 847 3350 3336 
f 839 3306 3350 
f 3336 3350 3306 
f 218 3351 3339 
f 849 3352 3351 
f 847 3339 3352 
f 3351 3352 3339 
f 217 3310 3354 
f 839 3353 3310 
f 849 3354 3353 
f 3310 3353 3354 
f 847 3352 3350 
f 849 3353 3352 
f 839 3350 3353 
f 3352 3353 3350 
f 53 3292 3328 
f 837 3355 3292 
f 844 3328 3355 
f 3292 3355 3328 
f 216 3356 3295 
f 850 3357 3356 
f 837 3295 3357 
f 3356 3357 3295 
f 218 3332 3359 
f 844 3358 3332 
f 850 3359 3358 
f 3332 3358 3359 
f 837 3357 3355 
f 850 3358 3357 
f 844 3355 3358 
f 3357 3358 3355 
f 217 3354 3346 
f 849 3360 3354 
f 848 3346 3360 
f 3354 3360 3346 
f 218 3359 3351 
f 850 3361 3359 
f 849 3351 3361 
f 3359 3361 3351 
f 216 3349 3356 
f 848 3362 3349 
f 850 3356 3362 
f 3349 3362 3356 
f 849 3361 3360 
f 850 3362 3361 
f 848 3360 3362 
f 3361 3362 3360 
f 4 3363 3365 
f 851 3364 3363 
f 853 3365 3364 
f 3363 3364 3365 
f 219 3366 3368 
f 852 3367 3366 
f 851 3368 3367 
f 3366 3367 3368 
f 221 3369 3371 
f 853 3370 3369 
f 852 3371 3370 
f 3369 3370 3371 
f 851 3367 3364 
f 852 3370 3367 
f 853 3364 3370 
f 3367 3370 3364 
f 59 3372 3374 
f 854 3373 3372 
f 856 3374 3373 
f 3372 3373 3374 
f 220 3375 3377 
f 855 3376 3375 
f 854 3377 3376 
f 3375 3376 3377 
f 219 3378 3380 
f 856 3379 3378 
f 855 3380 3379 
f 3378 3379 3380 
f 854 3376 3373 
f 855 3379 3376 
f 856 3373 3379 
f 3376 3379 3373 
f 61 3381 3383 
f 857 3382 3381 
f 859 3383 3382 
f 3381 3382 3383 
f 221 3384 3386 
f 858 3385 3384 
f 857 3386 3385 
f 3384 3385 3386 
f 220 3387 3389 
f 859 3388 3387 
f 858 3389 3388 
f 3387 3388 3389 
f 857 3385 3382 
f 858 3388 3385 
f 859 3382 3388 
f 3385 3388 3382 
f 219 3380 3366 
f 855 3390 3380 
f 852 3366 3390 
f 3380 3390 3366 
f 220 3389 3375 
f 858 3391 3389 
f 855 3375 3391 
f 3389 3391 3375 
f 221 3371 3384 
f 852 3392 3371 
f 858 3384 3392 
f 3371 3392 3384 
f 855 3391 3390 
f 858 3392 3391 
f 852 3390 3392 
f 3391 3392 3390 
f 18 3393 3395 
f 860 3394 3393 
f 862 3395 3394 
f 3393 3394 3395 
f 222 3396 3398 
f 861 3397 3396 
f 860 3398 3397 
f 3396 3397 3398 
f 224 3399 3401 
f 862 3400 3399 
f 861 3401 3400 
f 3399 3400 3401 
f 860 3397 3394 
f 861 3400 3397 
f 862 3394 3400 
f 3397 3400 3394 
f 60 3402 3404 
f 863 3403 3402 
f 865 3404 3403 
f 3402 3403 3404 
f 223 3405 3407 
f 864 3406 3405 
f 863 3407 3406 
f 3405 3406 3407 
f 222 3408 3410 
f 865 3409 3408 
f 864 3410 3409 
f 3408 3409 3410 
f 863 3406 3403 
f 864 3409 3406 
f 865 3403 3409 
f 3406 3409 3403 
f 59 3411 3413 
f 866 3412 3411 
f 868 3413 3412 
f 3411 3412 3413 
f 224 3414 3416 
f 867 3415 3414 
f 866 3416 3415 
f 3414 3415 3416 
f 223 3417 3419 
f 868 3418 3417 
f 867 3419 3418 
f 3417 3418 3419 
f 866 3415 3412 
f 867 3418 3415 
f 868 3412 3418 
f 3415 3418 3412 
f 222 3410 3396 
f 864 3420 3410 
f 861 3396 3420 
f 3410 3420 3396 
f 223 3419 3405 
f 867 3421 3419 
f 864 3405 3421 
f 3419 3421 3405 
f 224 3401 3414 
f 861 3422 3401 
f 867 3414 3422 
f 3401 3422 3414 
f 864 3421 3420 
f 867 3422 3421 
f 861 3420 3422 
f 3421 3422 3420 
f 20 3423 3425 
f 869 3424 3423 
f 871 3425 3424 
f 3423 3424 3425 
f 225 3426 3428 
f 870 3427 3426 
f 869 3428 3427 
f 3426 3427 3428 
f 227 3429 3431 
f 871 3430 3429 
f 870 3431 3430 
f 3429 3430 3431 
f 869 3427 3424 
f 870 3430 3427 
f 871 3424 3430 
f 3427 3430 3424 
f 61 3432 3434 
f 872 3433 3432 
f 874 3434 3433 
f 3432 3433 3434 
f 226 3435 3437 
f 873 3436 3435 
f 872 3437 3436 
f 3435 3436 3437 
f 225 3438 3440 
f 874 3439 3438 
f 873 3440 3439 
f 3438 3439 3440 
f 872 3436 3433 
f 873 3439 3436 
f 874 3433 3439 
f 3436 3439 3433 
f 60 3441 3443 
f 875 3442 3441 
f 877 3443 3442 
f 3441 3442 3443 
f 227 3444 3446 
f 876 3445 3444 
f 875 3446 3445 
f 3444 3445 3446 
f 226 3447 3449 
f 877 3448 3447 
f 876 3449 3448 
f 3447 3448 3449 
f 875 3445 3442 
f 876 3448 3445 
f 877 3442 3448 
f 3445 3448 3442 
f 225 3440 3426 
f 873 3450 3440 
f 870 3426 3450 
f 3440 3450 3426 
f 226 3449 3435 
f 876 3451 3449 
f 873 3435 3451 
f 3449 3451 3435 
f 227 3431 3444 
f 870 3452 3431 
f 876 3444 3452 
f 3431 3452 3444 
f 873 3451 3450 
f 876 3452 3451 
f 870 3450 3452 
f 3451 3452 3450 
f 59 3413 3372 
f 868 3453 3413 
f 854 3372 3453 
f 3413 3453 3372 
f 223 3454 3417 
f 878 3455 3454 
f 868 3417 3455 
f 3454 3455 3417 
f 220 3377 3457 
f 854 3456 3377 
f 878 3457 3456 
f 3377 3456 3457 
f 868 3455 3453 
f 878 3456 3455 
f 854 3453 3456 
f 3455 3456 3453 
f 60 3443 3402 
f 877 3458 3443 
f 863 3402 3458 
f 3443 3458 3402 
f 226 3459 3447 
f 879 3460 3459 
f 877 3447 3460 
f 3459 3460 3447 
f 223 3407 3462 
f 863 3461 3407 
f 879 3462 3461 
f 3407 3461 3462 
f 877 3460 3458 
f 879 3461 3460 
f 863 3458 3461 
f 3460 3461 3458 
f 61 3383 3432 
f 859 3463 3383 
f 872 3432 3463 
f 3383 3463 3432 
f 220 3464 3387 
f 880 3465 3464 
f 859 3387 3465 
f 3464 3465 3387 
f 226 3437 3467 
f 872 3466 3437 
f 880 3467 3466 
f 3437 3466 3467 
f 859 3465 3463 
f 880 3466 3465 
f 872 3463 3466 
f 3465 3466 3463 
f 223 3462 3454 
f 879 3468 3462 
f 878 3454 3468 
f 3462 3468 3454 
f 226 3467 3459 
f 880 3469 3467 
f 879 3459 3469 
f 3467 3469 3459 
f 220 3457 3464 
f 878 3470 3457 
f 880 3464 3470 
f 3457 3470 3464 
f 879 3469 3468 
f 880 3470 3469 
f 878 3468 3470 
f 3469 3470 3468 
f 6 3471 3473 
f 881 3472 3471 
f 883 3473 3472 
f 3471 3472 3473 
f 228 3474 3476 
f 882 3475 3474 
f 881 3476 3475 
f 3474 3475 3476 
f 230 3477 3479 
f 883 3478 3477 
f 882 3479 3478 
f 3477 3478 3479 
f 881 3475 3472 
f 882 3478 3475 
f 883 3472 3478 
f 3475 3478 3472 
f 62 3480 3482 
f 884 3481 3480 
f 886 3482 3481 
f 3480 3481 3482 
f 229 3483 3485 
f 885 3484 3483 
f 884 3485 3484 
f 3483 3484 3485 
f 228 3486 3488 
f 886 3487 3486 
f 885 3488 3487 
f 3486 3487 3488 
f 884 3484 3481 
f 885 3487 3484 
f 886 3481 3487 
f 3484 3487 3481 
f 64 3489 3491 
f 887 3490 3489 
f 889 3491 3490 
f 3489 3490 3491 
f 230 3492 3494 
f 888 3493 3492 
f 887 3494 3493 
f 3492 3493 3494 
f 229 3495 3497 
f 889 3496 3495 
f 888 3497 3496 
f 3495 3496 3497 
f 887 3493 3490 
f 888 3496 3493 
f 889 3490 3496 
f 3493 3496 3490 
f 228 3488 3474 
f 885 3498 3488 
f 882 3474 3498 
f 3488 3498 3474 
f 229 3497 3483 
f 888 3499 3497 
f 885 3483 3499 
f 3497 3499 3483 
f 230 3479 3492 
f 882 3500 3479 
f 888 3492 3500 
f 3479 3500 3492 
f 885 3499 3498 
f 888 3500 3499 
f 882 3498 3500 
f 3499 3500 3498 
f 19 3501 3503 
f 890 3502 3501 
f 892 3503 3502 
f 3501 3502 3503 
f 231 3504 3506 
f 891 3505 3504 
f 890 3506 3505 
f 3504 3505 3506 
f 233 3507 3509 
f 892 3508 3507 
f 891 3509 3508 
f 3507 3508 3509 
f 890 3505 3502 
f 891 3508 3505 
f 892 3502 3508 
f 3505 3508 3502 
f 63 3510 3512 
f 893 3511 3510 
f 895 3512 3511 
f 3510 3511 3512 
f 232 3513 3515 
f 894 3514 3513 
f 893 3515 3514 
f 3513 3514 3515 
f 231 3516 3518 
f 895 3517 3516 
f 894 3518 3517 
f 3516 3517 3518 
f 893 3514 3511 
f 894 3517 3514 
f 895 3511 3517 
f 3514 3517 3511 
f 62 3519 3521 
f 896 3520 3519 
f 898 3521 3520 
f 3519 3520 3521 
f 233 3522 3524 
f 897 3523 3522 
f 896 3524 3523 
f 3522 3523 3524 
f 232 3525 3527 
f 898 3526 3525 
f 897 3527 3526 
f 3525 3526 3527 
f 896 3523 3520 
f 897 3526 3523 
f 898 3520 3526 
f 3523 3526 3520 
f 231 3518 3504 
f 894 3528 3518 
f 891 3504 3528 
f 3518 3528 3504 
f 232 3527 3513 
f 897 3529 3527 
f 894 3513 3529 
f 3527 3529 3513 
f 233 3509 3522 
f 891 3530 3509 
f 897 3522 3530 
f 3509 3530 3522 
f 894 3529 3528 
f 897 3530 3529 
f 891 3528 3530 
f 3529 3530 3528 
f 18 3531 3533 
f 899 3532 3531 
f 901 3533 3532 
f 3531 3532 3533 
f 234 3534 3536 
f 900 3535 3534 
f 899 3536 3535 
f 3534 3535 3536 
f 236 3537 3539 
f 901 3538 3537 
f 900 3539 3538 
f 3537 3538 3539 
f 899 3535 3532 
f 900 3538 3535 
f 901 3532 3538 
f 3535 3538 3532 
f 64 3540 3542 
f 902 3541 3540 
f 904 3542 3541 
f 3540 3541 3542 
f 235 3543 3545 
f 903 3544 3543 
f 902 3545 3544 
f 3543 3544 3545 
f 234 3546 3548 
f 904 3547 3546 
f 903 3548 3547 
f 3546 3547 3548 
f 902 3544 3541 
f 903 3547 3544 
f 904 3541 3547 
f 3544 3547 3541 
f 63 3549 3551 
f 905 3550 3549 
f 907 3551 3550 
f 3549 3550 3551 
f 236 3552 3554 
f 906 3553 3552 
f 905 3554 3553 
f 3552 3553 3554 
f 235 3555 3557 
f 907 3556 3555 
f 906 3557 3556 
f 3555 3556 3557 
f 905 3553 3550 
f 906 3556 3553 
f 907 3550 3556 
f 3553 3556 3550 
f 234 3548 3534 
f 903 3558 3548 
f 900 3534 3558 
f 3548 3558 3534 
f 235 3557 3543 
f 906 3559 3557 
f 903 3543 3559 
f 3557 3559 3543 
f 236 3539 3552 
f 900 3560 3539 
f 906 3552 3560 
f 3539 3560 3552 
f 903 3559 3558 
f 906 3560 3559 
f 900 3558 3560 
f 3559 3560 3558 
f 62 3521 3480 
f 898 3561 3521 
f 884 3480 3561 
f 3521 3561 3480 
f 232 3562 3525 
f 908 3563 3562 
f 898 3525 3563 
f 3562 3563 3525 
f 229 3485 3565 
f 884 3564 3485 
f 908 3565 3564 
f 3485 3564 3565 
f 898 3563 3561 
f 908 3564 3563 
f 884 3561 3564 
f 3563 3564 3561 
f 63 3551 3510 
f 907 3566 3551 
f 893 3510 3566 
f 3551 3566 3510 
f 235 3567 3555 
f 909 3568 3567 
f 907 3555 3568 
f 3567 3568 3555 
f 232 3515 3570 
f 893 3569 3515 
f 909 3570 3569 
f 3515 3569 3570 
f 907 3568 3566 
f 909 3569 3568 
f 893 3566 3569 
f 3568 3569 3566 
f 64 3491 3540 
f 889 3571 3491 
f 902 3540 3571 
f 3491 3571 3540 
f 229 3572 3495 
f 910 3573 3572 
f 889 3495 3573 
f 3572 3573 3495 
f 235 3545 3575 
f 902 3574 3545 
f 910 3575 3574 
f 3545 3574 3575 
f 889 3573 3571 
f 910 3574 3573 
f 902 3571 3574 
f 3573 3574 3571 
f 232 3570 3562 
f 909 3576 3570 
f 908 3562 3576 
f 3570 3576 3562 
f 235 3575 3567 
f 910 3577 3575 
f 909 3567 3577 
f 3575 3577 3567 
f 229 3565 3572 
f 908 3578 3565 
f 910 3572 3578 
f 3565 3578 3572 
f 909 3577 3576 
f 910 3578 3577 
f 908 3576 3578 
f 3577 3578 3576 
f 5 3579 3581 
f 911 3580 3579 
f 913 3581 3580 
f 3579 3580 3581 
f 237 3582 3584 
f 912 3583 3582 
f 911 3584 3583 
f 3582 3583 3584 
f 239 3585 3587 
f 913 3586 3585 
f 912 3587 3586 
f 3585 3586 3587 
f 911 3583 3580 
f 912 3586 3583 
f 913 3580 3586 
f 3583 3586 3580 
f 65 3588 3590 
f 914 3589 3588 
f 916 3590 3589 
f 3588 3589 3590 
f 238 3591 3593 
f 915 3592 3591 
f 914 3593 3592 
f 3591 3592 3593 
f 237 3594 3596 
f 916 3595 3594 
f 915 3596 3595 
f 3594 3595 3596 
f 914 3592 3589 
f 915 3595 3592 
f 916 3589 3595 
f 3592 3595 3589 
f 67 3597 3599 
f 917 3598 3597 
f 919 3599 3598 
f 3597 3598 3599 
f 239 3600 3602 
f 918 3601 3600 
f 917 3602 3601 
f 3600 3601 3602 
f 238 3603 3605 
f 919 3604 3603 
f 918 3605 3604 
f 3603 3604 3605 
f 917 3601 3598 
f 918 3604 3601 
f 919 3598 3604 
f 3601 3604 3598 
f 237 3596 3582 
f 915 3606 3596 
f 912 3582 3606 
f 3596 3606 3582 
f 238 3605 3591 
f 918 3607 3605 
f 915 3591 3607 
f 3605 3607 3591 
f 239 3587 3600 
f 912 3608 3587 
f 918 3600 3608 
f 3587 3608 3600 
f 915 3607 3606 
f 918 3608 3607 
f 912 3606 3608 
f 3607 3608 3606 
f 20 3609 3611 
f 920 3610 3609 
f 922 3611 3610 
f 3609 3610 3611 
f 240 3612 3614 
f 921 3613 3612 
f 920 3614 3613 
f 3612 3613 3614 
f 242 3615 3617 
f 922 3616 3615 
f 921 3617 3616 
f 3615 3616 3617 
f 920 3613 3610 
f 921 3616 3613 
f 922 3610 3616 
f 3613 3616 3610 
f 66 3618 3620 
f 923 3619 3618 
f 925 3620 3619 
f 3618 3619 3620 
f 241 3621 3623 
f 924 3622 3621 
f 923 3623 3622 
f 3621 3622 3623 
f 240 3624 3626 
f 925 3625 3624 
f 924 3626 3625 
f 3624 3625 3626 
f 923 3622 3619 
f 924 3625 3622 
f 925 3619 3625 
f 3622 3625 3619 
f 65 3627 3629 
f 926 3628 3627 
f 928 3629 3628 
f 3627 3628 3629 
f 242 3630 3632 
f 927 3631 3630 
f 926 3632 3631 
f 3630 3631 3632 
f 241 3633 3635 
f 928 3634 3633 
f 927 3635 3634 
f 3633 3634 3635 
f 926 3631 3628 
f 927 3634 3631 
f 928 3628 3634 
f 3631 3634 3628 
f 240 3626 3612 
f 924 3636 3626 
f 921 3612 3636 
f 3626 3636 3612 
f 241 3635 3621 
f 927 3637 3635 
f 924 3621 3637 
f 3635 3637 3621 
f 242 3617 3630 
f 921 3638 3617 
f 927 3630 3638 
f 3617 3638 3630 
f 924 3637 3636 
f 927 3638 3637 
f 921 3636 3638 
f 3637 3638 3636 
f 19 3639 3641 
f 929 3640 3639 
f 931 3641 3640 
f 3639 3640 3641 
f 243 3642 3644 
f 930 3643 3642 
f 929 3644 3643 
f 3642 3643 3644 
f 245 3645 3647 
f 931 3646 3645 
f 930 3647 3646 
f 3645 3646 3647 
f 929 3643 3640 
f 930 3646 3643 
f 931 3640 3646 
f 3643 3646 3640 
f 67 3648 3650 
f 932 3649 3648 
f 934 3650 3649 
f 3648 3649 3650 
f 244 3651 3653 
f 933 3652 3651 
f 932 3653 3652 
f 3651 3652 3653 
f 243 3654 3656 
f 934 3655 3654 
f 933 3656 3655 
f 3654 3655 3656 
f 932 3652 3649 
f 933 3655 3652 
f 934 3649 3655 
f 3652 3655 3649 
f 66 3657 3659 
f 935 3658 3657 
f 937 3659 3658 
f 3657 3658 3659 
f 245 3660 3662 
f 936 3661 3660 
f 935 3662 3661 
f 3660 3661 3662 
f 244 3663 3665 
f 937 3664 3663 
f 936 3665 3664 
f 3663 3664 3665 
f 935 3661 3658 
f 936 3664 3661 
f 937 3658 3664 
f 3661 3664 3658 
f 243 3656 3642 
f 933 3666 3656 
f 930 3642 3666 
f 3656 3666 3642 
f 244 3665 3651 
f 936 3667 3665 
f 933 3651 3667 
f 3665 3667 3651 
f 245 3647 3660 
f 930 3668 3647 
f 936 3660 3668 
f 3647 3668 3660 
f 933 3667 3666 
f 936 3668 3667 
f 930 3666 3668 
f 3667 3668 3666 
f 65 3629 3588 
f 928 3669 3629 
f 914 3588 3669 
f 3629 3669 3588 
f 241 3670 3633 
f 938 3671 3670 
f 928 3633 3671 
f 3670 3671 3633 
f 238 3593 3673 
f 914 3672 3593 
f 938 3673 3672 
f 3593 3672 3673 
f 928 3671 3669 
f 938 3672 3671 
f 914 3669 3672 
f 3671 3672 3669 
f 66 3659 3618 
f 937 3674 3659 
f 923 3618 3674 
f 3659 3674 3618 
f 244 3675 3663 
f 939 3676 3675 
f 937 3663 3676 
f 3675 3676 3663 
f 241 3623 3678 
f 923 3677 3623 
f 939 3678 3677 
f 3623 3677 3678 
f 937 3676 3674 
f 939 3677 3676 
f 923 3674 3677 
f 3676 3677 3674 
f 67 3599 3648 
f 919 3679 3599 
f 932 3648 3679 
f 3599 3679 3648 
f 238 3680 3603 
f 940 3681 3680 
f 919 3603 3681 
f 3680 3681 3603 
f 244 3653 3683 
f 932 3682 3653 
f 940 3683 3682 
f 3653 3682 3683 
f 919 3681 3679 
f 940 3682 3681 
f 932 3679 3682 
f 3681 3682 3679 
f 241 3678 3670 
f 939 3684 3678 
f 938 3670 3684 
f 3678 3684 3670 
f 244 3683 3675 
f 940 3685 3683 
f 939 3675 3685 
f 3683 3685 3675 
f 238 3673 3680 
f 938 3686 3673 
f 940 3680 3686 
f 3673 3686 3680 
f 939 3685 3684 
f 940 3686 3685 
f 938 3684 3686 
f 3685 3686 3684 
f 18 3533 3393 
f 901 3687 3533 
f 860 3393 3687 
f 3533 3687 3393 
f 236 3688 3537 
f 941 3689 3688 
f 901 3537 3689 
f 3688 3689 3537 
f 222 3398 3691 
f 860 3690 3398 
f 941 3691 3690 
f 3398 3690 3691 
f 901 3689 3687 
f 941 3690 3689 
f 860 3687 3690 
f 3689 3690 3687 
f 63 3692 3549 
f 942 3693 3692 
f 905 3549 3693 
f 3692 3693 3549 
f 246 3694 3696 
f 943 3695 3694 
f 942 3696 3695 
f 3694 3695 3696 
f 236 3554 3698 
f 905 3697 3554 
f 943 3698 3697 
f 3554 3697 3698 
f 942 3695 3693 
f 943 3697 3695 
f 905 3693 3697 
f 3695 3697 3693 
f 60 3404 3700 
f 865 3699 3404 
f 945 3700 3699 
f 3404 3699 3700 
f 222 3701 3408 
f 944 3702 3701 
f 865 3408 3702 
f 3701 3702 3408 
f 246 3703 3705 
f 945 3704 3703 
f 944 3705 3704 
f 3703 3704 3705 
f 865 3702 3699 
f 944 3704 3702 
f 945 3699 3704 
f 3702 3704 3699 
f 236 3698 3688 
f 943 3706 3698 
f 941 3688 3706 
f 3698 3706 3688 
f 246 3705 3694 
f 944 3707 3705 
f 943 3694 3707 
f 3705 3707 3694 
f 222 3691 3701 
f 941 3708 3691 
f 944 3701 3708 
f 3691 3708 3701 
f 943 3707 3706 
f 944 3708 3707 
f 941 3706 3708 
f 3707 3708 3706 
f 19 3641 3501 
f 931 3709 3641 
f 890 3501 3709 
f 3641 3709 3501 
f 245 3710 3645 
f 946 3711 3710 
f 931 3645 3711 
f 3710 3711 3645 
f 231 3506 3713 
f 890 3712 3506 
f 946 3713 3712 
f 3506 3712 3713 
f 931 3711 3709 
f 946 3712 3711 
f 890 3709 3712 
f 3711 3712 3709 
f 66 3714 3657 
f 947 3715 3714 
f 935 3657 3715 
f 3714 3715 3657 
f 247 3716 3718 
f 948 3717 3716 
f 947 3718 3717 
f 3716 3717 3718 
f 245 3662 3720 
f 935 3719 3662 
f 948 3720 3719 
f 3662 3719 3720 
f 947 3717 3715 
f 948 3719 3717 
f 935 3715 3719 
f 3717 3719 3715 
f 63 3512 3722 
f 895 3721 3512 
f 950 3722 3721 
f 3512 3721 3722 
f 231 3723 3516 
f 949 3724 3723 
f 895 3516 3724 
f 3723 3724 3516 
f 247 3725 3727 
f 950 3726 3725 
f 949 3727 3726 
f 3725 3726 3727 
f 895 3724 3721 
f 949 3726 3724 
f 950 3721 3726 
f 3724 3726 3721 
f 245 3720 3710 
f 948 3728 3720 
f 946 3710 3728 
f 3720 3728 3710 
f 247 3727 3716 
f 949 3729 3727 
f 948 3716 3729 
f 3727 3729 3716 
f 231 3713 3723 
f 946 3730 3713 
f 949 3723 3730 
f 3713 3730 3723 
f 948 3729 3728 
f 949 3730 3729 
f 946 3728 3730 
f 3729 3730 3728 
f 20 3425 3609 
f 871 3731 3425 
f 920 3609 3731 
f 3425 3731 3609 
f 227 3732 3429 
f 951 3733 3732 
f 871 3429 3733 
f 3732 3733 3429 
f 240 3614 3735 
f 920 3734 3614 
f 951 3735 3734 
f 3614 3734 3735 
f 871 3733 3731 
f 951 3734 3733 
f 920 3731 3734 
f 3733 3734 3731 
f 60 3736 3441 
f 952 3737 3736 
f 875 3441 3737 
f 3736 3737 3441 
f 248 3738 3740 
f 953 3739 3738 
f 952 3740 3739 
f 3738 3739 3740 
f 227 3446 3742 
f 875 3741 3446 
f 953 3742 3741 
f 3446 3741 3742 
f 952 3739 3737 
f 953 3741 3739 
f 875 3737 3741 
f 3739 3741 3737 
f 66 3620 3744 
f 925 3743 3620 
f 955 3744 3743 
f 3620 3743 3744 
f 240 3745 3624 
f 954 3746 3745 
f 925 3624 3746 
f 3745 3746 3624 
f 248 3747 3749 
f 955 3748 3747 
f 954 3749 3748 
f 3747 3748 3749 
f 925 3746 3743 
f 954 3748 3746 
f 955 3743 3748 
f 3746 3748 3743 
f 227 3742 3732 
f 953 3750 3742 
f 951 3732 3750 
f 3742 3750 3732 
f 248 3749 3738 
f 954 3751 3749 
f 953 3738 3751 
f 3749 3751 3738 
f 240 3735 3745 
f 951 3752 3735 
f 954 3745 3752 
f 3735 3752 3745 
f 953 3751 3750 
f 954 3752 3751 
f 951 3750 3752 
f 3751 3752 3750 
f 63 3722 3692 
f 950 3753 3722 
f 942 3692 3753 
f 3722 3753 3692 
f 247 3754 3725 
f 956 3755 3754 
f 950 3725 3755 
f 3754 3755 3725 
f 246 3696 3757 
f 942 3756 3696 
f 956 3757 3756 
f 3696 3756 3757 
f 950 3755 3753 
f 956 3756 3755 
f 942 3753 3756 
f 3755 3756 3753 
f 66 3744 3714 
f 955 3758 3744 
f 947 3714 3758 
f 3744 3758 3714 
f 248 3759 3747 
f 957 3760 3759 
f 955 3747 3760 
f 3759 3760 3747 
f 247 3718 3762 
f 947 3761 3718 
f 957 3762 3761 
f 3718 3761 3762 
f 955 3760 3758 
f 957 3761 3760 
f 947 3758 3761 
f 3760 3761 3758 
f 60 3700 3736 
f 945 3763 3700 
f 952 3736 3763 
f 3700 3763 3736 
f 246 3764 3703 
f 958 3765 3764 
f 945 3703 3765 
f 3764 3765 3703 
f 248 3740 3767 
f 952 3766 3740 
f 958 3767 3766 
f 3740 3766 3767 
f 945 3765 3763 
f 958 3766 3765 
f 952 3763 3766 
f 3765 3766 3763 
f 247 3762 3754 
f 957 3768 3762 
f 956 3754 3768 
f 3762 3768 3754 
f 248 3767 3759 
f 958 3769 3767 
f 957 3759 3769 
f 3767 3769 3759 
f 246 3757 3764 
f 956 3770 3757 
f 958 3764 3770 
f 3757 3770 3764 
f 957 3769 3768 
f 958 3770 3769 
f 956 3768 3770 
f 3769 3770 3768 
f 4 3365 3772 
f 853 3771 3365 
f 960 3772 3771 
f 3365 3771 3772 
f 221 3773 3369 
f 959 3774 3773 
f 853 3369 3774 
f 3773 3774 3369 
f 250 3775 3777 
f 960 3776 3775 
f 959 3777 3776 
f 3775 3776 3777 
f 853 3774 3771 
f 959 3776 3774 
f 960 3771 3776 
f 3774 3776 3771 
f 61 3778 3381 
f 961 3779 3778 
f 857 3381 3779 
f 3778 3779 3381 
f 249 3780 3782 
f 962 3781 3780 
f 961 3782 3781 
f 3780 3781 3782 
f 221 3386 3784 
f 857 3783 3386 
f 962 3784 3783 
f 3386 3783 3784 
f 961 3781 3779 
f 962 3783 3781 
f 857 3779 3783 
f 3781 3783 3779 
f 69 3785 3787 
f 963 3786 3785 
f 965 3787 3786 
f 3785 3786 3787 
f 250 3788 3790 
f 964 3789 3788 
f 963 3790 3789 
f 3788 3789 3790 
f 249 3791 3793 
f 965 3792 3791 
f 964 3793 3792 
f 3791 3792 3793 
f 963 3789 3786 
f 964 3792 3789 
f 965 3786 3792 
f 3789 3792 3786 
f 221 3784 3773 
f 962 3794 3784 
f 959 3773 3794 
f 3784 3794 3773 
f 249 3793 3780 
f 964 3795 3793 
f 962 3780 3795 
f 3793 3795 3780 
f 250 3777 3788 
f 959 3796 3777 
f 964 3788 3796 
f 3777 3796 3788 
f 962 3795 3794 
f 964 3796 3795 
f 959 3794 3796 
f 3795 3796 3794 
f 20 3797 3423 
f 966 3798 3797 
f 869 3423 3798 
f 3797 3798 3423 
f 251 3799 3801 
f 967 3800 3799 
f 966 3801 3800 
f 3799 3800 3801 
f 225 3428 3803 
f 869 3802 3428 
f 967 3803 3802 
f 3428 3802 3803 
f 966 3800 3798 
f 967 3802 3800 
f 869 3798 3802 
f 3800 3802 3798 
f 68 3804 3806 
f 968 3805 3804 
f 970 3806 3805 
f 3804 3805 3806 
f 252 3807 3809 
f 969 3808 3807 
f 968 3809 3808 
f 3807 3808 3809 
f 251 3810 3812 
f 970 3811 3810 
f 969 3812 3811 
f 3810 3811 3812 
f 968 3808 3805 
f 969 3811 3808 
f 970 3805 3811 
f 3808 3811 3805 
f 61 3434 3814 
f 874 3813 3434 
f 972 3814 3813 
f 3434 3813 3814 
f 225 3815 3438 
f 971 3816 3815 
f 874 3438 3816 
f 3815 3816 3438 
f 252 3817 3819 
f 972 3818 3817 
f 971 3819 3818 
f 3817 3818 3819 
f 874 3816 3813 
f 971 3818 3816 
f 972 3813 3818 
f 3816 3818 3813 
f 251 3812 3799 
f 969 3820 3812 
f 967 3799 3820 
f 3812 3820 3799 
f 252 3819 3807 
f 971 3821 3819 
f 969 3807 3821 
f 3819 3821 3807 
f 225 3803 3815 
f 967 3822 3803 
f 971 3815 3822 
f 3803 3822 3815 
f 969 3821 3820 
f 971 3822 3821 
f 967 3820 3822 
f 3821 3822 3820 
f 22 3823 3825 
f 973 3824 3823 
f 975 3825 3824 
f 3823 3824 3825 
f 253 3826 3828 
f 974 3827 3826 
f 973 3828 3827 
f 3826 3827 3828 
f 255 3829 3831 
f 975 3830 3829 
f 974 3831 3830 
f 3829 3830 3831 
f 973 3827 3824 
f 974 3830 3827 
f 975 3824 3830 
f 3827 3830 3824 
f 69 3832 3834 
f 976 3833 3832 
f 978 3834 3833 
f 3832 3833 3834 
f 254 3835 3837 
f 977 3836 3835 
f 976 3837 3836 
f 3835 3836 3837 
f 253 3838 3840 
f 978 3839 3838 
f 977 3840 3839 
f 3838 3839 3840 
f 976 3836 3833 
f 977 3839 3836 
f 978 3833 3839 
f 3836 3839 3833 
f 68 3841 3843 
f 979 3842 3841 
f 981 3843 3842 
f 3841 3842 3843 
f 255 3844 3846 
f 980 3845 3844 
f 979 3846 3845 
f 3844 3845 3846 
f 254 3847 3849 
f 981 3848 3847 
f 980 3849 3848 
f 3847 3848 3849 
f 979 3845 3842 
f 980 3848 3845 
f 981 3842 3848 
f 3845 3848 3842 
f 253 3840 3826 
f 977 3850 3840 
f 974 3826 3850 
f 3840 3850 3826 
f 254 3849 3835 
f 980 3851 3849 
f 977 3835 3851 
f 3849 3851 3835 
f 255 3831 3844 
f 974 3852 3831 
f 980 3844 3852 
f 3831 3852 3844 
f 977 3851 3850 
f 980 3852 3851 
f 974 3850 3852 
f 3851 3852 3850 
f 61 3814 3778 
f 972 3853 3814 
f 961 3778 3853 
f 3814 3853 3778 
f 252 3854 3817 
f 982 3855 3854 
f 972 3817 3855 
f 3854 3855 3817 
f 249 3782 3857 
f 961 3856 3782 
f 982 3857 3856 
f 3782 3856 3857 
f 972 3855 3853 
f 982 3856 3855 
f 961 3853 3856 
f 3855 3856 3853 
f 68 3843 3804 
f 981 3858 3843 
f 968 3804 3858 
f 3843 3858 3804 
f 254 3859 3847 
f 983 3860 3859 
f 981 3847 3860 
f 3859 3860 3847 
f 252 3809 3862 
f 968 3861 3809 
f 983 3862 3861 
f 3809 3861 3862 
f 981 3860 3858 
f 983 3861 3860 
f 968 3858 3861 
f 3860 3861 3858 
f 69 3787 3832 
f 965 3863 3787 
f 976 3832 3863 
f 3787 3863 3832 
f 249 3864 3791 
f 984 3865 3864 
f 965 3791 3865 
f 3864 3865 3791 
f 254 3837 3867 
f 976 3866 3837 
f 984 3867 3866 
f 3837 3866 3867 
f 965 3865 3863 
f 984 3866 3865 
f 976 3863 3866 
f 3865 3866 3863 
f 252 3862 3854 
f 983 3868 3862 
f 982 3854 3868 
f 3862 3868 3854 
f 254 3867 3859 
f 984 3869 3867 
f 983 3859 3869 
f 3867 3869 3859 
f 249 3857 3864 
f 982 3870 3857 
f 984 3864 3870 
f 3857 3870 3864 
f 983 3869 3868 
f 984 3870 3869 
f 982 3868 3870 
f 3869 3870 3868 
f 5 3871 3579 
f 985 3872 3871 
f 911 3579 3872 
f 3871 3872 3579 
f 256 3873 3875 
f 986 3874 3873 
f 985 3875 3874 
f 3873 3874 3875 
f 237 3584 3877 
f 911 3876 3584 
f 986 3877 3876 
f 3584 3876 3877 
f 985 3874 3872 
f 986 3876 3874 
f 911 3872 3876 
f 3874 3876 3872 
f 70 3878 3880 
f 987 3879 3878 
f 989 3880 3879 
f 3878 3879 3880 
f 257 3881 3883 
f 988 3882 3881 
f 987 3883 3882 
f 3881 3882 3883 
f 256 3884 3886 
f 989 3885 3884 
f 988 3886 3885 
f 3884 3885 3886 
f 987 3882 3879 
f 988 3885 3882 
f 989 3879 3885 
f 3882 3885 3879 
f 65 3590 3888 
f 916 3887 3590 
f 991 3888 3887 
f 3590 3887 3888 
f 237 3889 3594 
f 990 3890 3889 
f 916 3594 3890 
f 3889 3890 3594 
f 257 3891 3893 
f 991 3892 3891 
f 990 3893 3892 
f 3891 3892 3893 
f 916 3890 3887 
f 990 3892 3890 
f 991 3887 3892 
f 3890 3892 3887 
f 256 3886 3873 
f 988 3894 3886 
f 986 3873 3894 
f 3886 3894 3873 
f 257 3893 3881 
f 990 3895 3893 
f 988 3881 3895 
f 3893 3895 3881 
f 237 3877 3889 
f 986 3896 3877 
f 990 3889 3896 
f 3877 3896 3889 
f 988 3895 3894 
f 990 3896 3895 
f 986 3894 3896 
f 3895 3896 3894 
f 21 3897 3899 
f 992 3898 3897 
f 994 3899 3898 
f 3897 3898 3899 
f 258 3900 3902 
f 993 3901 3900 
f 992 3902 3901 
f 3900 3901 3902 
f 260 3903 3905 
f 994 3904 3903 
f 993 3905 3904 
f 3903 3904 3905 
f 992 3901 3898 
f 993 3904 3901 
f 994 3898 3904 
f 3901 3904 3898 
f 71 3906 3908 
f 995 3907 3906 
f 997 3908 3907 
f 3906 3907 3908 
f 259 3909 3911 
f 996 3910 3909 
f 995 3911 3910 
f 3909 3910 3911 
f 258 3912 3914 
f 997 3913 3912 
f 996 3914 3913 
f 3912 3913 3914 
f 995 3910 3907 
f 996 3913 3910 
f 997 3907 3913 
f 3910 3913 3907 
f 70 3915 3917 
f 998 3916 3915 
f 1000 3917 3916 
f 3915 3916 3917 
f 260 3918 3920 
f 999 3919 3918 
f 998 3920 3919 
f 3918 3919 3920 
f 259 3921 3923 
f 1000 3922 3921 
f 999 3923 3922 
f 3921 3922 3923 
f 998 3919 3916 
f 999 3922 3919 
f 1000 3916 3922 
f 3919 3922 3916 
f 258 3914 3900 
f 996 3924 3914 
f 993 3900 3924 
f 3914 3924 3900 
f 259 3923 3909 
f 999 3925 3923 
f 996 3909 3925 
f 3923 3925 3909 
f 260 3905 3918 
f 993 3926 3905 
f 999 3918 3926 
f 3905 3926 3918 
f 996 3925 3924 
f 999 3926 3925 
f 993 3924 3926 
f 3925 3926 3924 
f 20 3611 3928 
f 922 3927 3611 
f 1002 3928 3927 
f 3611 3927 3928 
f 242 3929 3615 
f 1001 3930 3929 
f 922 3615 3930 
f 3929 3930 3615 
f 262 3931 3933 
f 1002 3932 3931 
f 1001 3933 3932 
f 3931 3932 3933 
f 922 3930 3927 
f 1001 3932 3930 
f 1002 3927 3932 
f 3930 3932 3927 
f 65 3934 3627 
f 1003 3935 3934 
f 926 3627 3935 
f 3934 3935 3627 
f 261 3936 3938 
f 1004 3937 3936 
f 1003 3938 3937 
f 3936 3937 3938 
f 242 3632 3940 
f 926 3939 3632 
f 1004 3940 3939 
f 3632 3939 3940 
f 1003 3937 3935 
f 1004 3939 3937 
f 926 3935 3939 
f 3937 3939 3935 
f 71 3941 3943 
f 1005 3942 3941 
f 1007 3943 3942 
f 3941 3942 3943 
f 262 3944 3946 
f 1006 3945 3944 
f 1005 3946 3945 
f 3944 3945 3946 
f 261 3947 3949 
f 1007 3948 3947 
f 1006 3949 3948 
f 3947 3948 3949 
f 1005 3945 3942 
f 1006 3948 3945 
f 1007 3942 3948 
f 3945 3948 3942 
f 242 3940 3929 
f 1004 3950 3940 
f 1001 3929 3950 
f 3940 3950 3929 
f 261 3949 3936 
f 1006 3951 3949 
f 1004 3936 3951 
f 3949 3951 3936 
f 262 3933 3944 
f 1001 3952 3933 
f 1006 3944 3952 
f 3933 3952 3944 
f 1004 3951 3950 
f 1006 3952 3951 
f 1001 3950 3952 
f 3951 3952 3950 
f 70 3917 3878 
f 1000 3953 3917 
f 987 3878 3953 
f 3917 3953 3878 
f 259 3954 3921 
f 1008 3955 3954 
f 1000 3921 3955 
f 3954 3955 3921 
f 257 3883 3957 
f 987 3956 3883 
f 1008 3957 3956 
f 3883 3956 3957 
f 1000 3955 3953 
f 1008 3956 3955 
f 987 3953 3956 
f 3955 3956 3953 
f 71 3943 3906 
f 1007 3958 3943 
f 995 3906 3958 
f 3943 3958 3906 
f 261 3959 3947 
f 1009 3960 3959 
f 1007 3947 3960 
f 3959 3960 3947 
f 259 3911 3962 
f 995 3961 3911 
f 1009 3962 3961 
f 3911 3961 3962 
f 1007 3960 3958 
f 1009 3961 3960 
f 995 3958 3961 
f 3960 3961 3958 
f 65 3888 3934 
f 991 3963 3888 
f 1003 3934 3963 
f 3888 3963 3934 
f 257 3964 3891 
f 1010 3965 3964 
f 991 3891 3965 
f 3964 3965 3891 
f 261 3938 3967 
f 1003 3966 3938 
f 1010 3967 3966 
f 3938 3966 3967 
f 991 3965 3963 
f 1010 3966 3965 
f 1003 3963 3966 
f 3965 3966 3963 
f 259 3962 3954 
f 1009 3968 3962 
f 1008 3954 3968 
f 3962 3968 3954 
f 261 3967 3959 
f 1010 3969 3967 
f 1009 3959 3969 
f 3967 3969 3959 
f 257 3957 3964 
f 1008 3970 3957 
f 1010 3964 3970 
f 3957 3970 3964 
f 1009 3969 3968 
f 1010 3970 3969 
f 1008 3968 3970 
f 3969 3970 3968 
f 7 3971 3973 
f 1011 3972 3971 
f 1013 3973 3972 
f 3971 3972 3973 
f 263 3974 3976 
f 1012 3975 3974 
f 1011 3976 3975 
f 3974 3975 3976 
f 265 3977 3979 
f 1013 3978 3977 
f 1012 3979 3978 
f 3977 3978 3979 
f 1011 3975 3972 
f 1012 3978 3975 
f 1013 3972 3978 
f 3975 3978 3972 
f 72 3980 3982 
f 1014 3981 3980 
f 1016 3982 3981 
f 3980 3981 3982 
f 264 3983 3985 
f 1015 3984 3983 
f 1014 3985 3984 
f 3983 3984 3985 
f 263 3986 3988 
f 1016 3987 3986 
f 1015 3988 3987 
f 3986 3987 3988 
f 1014 3984 3981 
f 1015 3987 3984 
f 1016 3981 3987 
f 3984 3987 3981 
f 74 3989 3991 
f 1017 3990 3989 
f 1019 3991 3990 
f 3989 3990 3991 
f 265 3992 3994 
f 1018 3993 3992 
f 1017 3994 3993 
f 3992 3993 3994 
f 264 3995 3997 
f 1019 3996 3995 
f 1018 3997 3996 
f 3995 3996 3997 
f 1017 3993 3990 
f 1018 3996 3993 
f 1019 3990 3996 
f 3993 3996 3990 
f 263 3988 3974 
f 1015 3998 3988 
f 1012 3974 3998 
f 3988 3998 3974 
f 264 3997 3983 
f 1018 3999 3997 
f 1015 3983 3999 
f 3997 3999 3983 
f 265 3979 3992 
f 1012 4000 3979 
f 1018 3992 4000 
f 3979 4000 3992 
f 1015 3999 3998 
f 1018 4000 3999 
f 1012 3998 4000 
f 3999 4000 3998 
f 22 4001 4003 
f 1020 4002 4001 
f 1022 4003 4002 
f 4001 4002 4003 
f 266 4004 4006 
f 1021 4005 4004 
f 1020 4006 4005 
f 4004 4005 4006 
f 268 4007 4009 
f 1022 4008 4007 
f 1021 4009 4008 
f 4007 4008 4009 
f 1020 4005 4002 
f 1021 4008 4005 
f 1022 4002 4008 
f 4005 4008 4002 
f 73 4010 4012 
f 1023 4011 4010 
f 1025 4012 4011 
f 4010 4011 4012 
f 267 4013 4015 
f 1024 4014 4013 
f 1023 4015 4014 
f 4013 4014 4015 
f 266 4016 4018 
f 1025 4017 4016 
f 1024 4018 4017 
f 4016 4017 4018 
f 1023 4014 4011 
f 1024 4017 4014 
f 1025 4011 4017 
f 4014 4017 4011 
f 72 4019 4021 
f 1026 4020 4019 
f 1028 4021 4020 
f 4019 4020 4021 
f 268 4022 4024 
f 1027 4023 4022 
f 1026 4024 4023 
f 4022 4023 4024 
f 267 4025 4027 
f 1028 4026 4025 
f 1027 4027 4026 
f 4025 4026 4027 
f 1026 4023 4020 
f 1027 4026 4023 
f 1028 4020 4026 
f 4023 4026 4020 
f 266 4018 4004 
f 1024 4028 4018 
f 1021 4004 4028 
f 4018 4028 4004 
f 267 4027 4013 
f 1027 4029 4027 
f 1024 4013 4029 
f 4027 4029 4013 
f 268 4009 4022 
f 1021 4030 4009 
f 1027 4022 4030 
f 4009 4030 4022 
f 1024 4029 4028 
f 1027 4030 4029 
f 1021 4028 4030 
f 4029 4030 4028 
f 21 4031 4033 
f 1029 4032 4031 
f 1031 4033 4032 
f 4031 4032 4033 
f 269 4034 4036 
f 1030 4035 4034 
f 1029 4036 4035 
f 4034 4035 4036 
f 271 4037 4039 
f 1031 4038 4037 
f 1030 4039 4038 
f 4037 4038 4039 
f 1029 4035 4032 
f 1030 4038 4035 
f 1031 4032 4038 
f 4035 4038 4032 
f 74 4040 4042 
f 1032 4041 4040 
f 1034 4042 4041 
f 4040 4041 4042 
f 270 4043 4045 
f 1033 4044 4043 
f 1032 4045 4044 
f 4043 4044 4045 
f 269 4046 4048 
f 1034 4047 4046 
f 1033 4048 4047 
f 4046 4047 4048 
f 1032 4044 4041 
f 1033 4047 4044 
f 1034 4041 4047 
f 4044 4047 4041 
f 73 4049 4051 
f 1035 4050 4049 
f 1037 4051 4050 
f 4049 4050 4051 
f 271 4052 4054 
f 1036 4053 4052 
f 1035 4054 4053 
f 4052 4053 4054 
f 270 4055 4057 
f 1037 4056 4055 
f 1036 4057 4056 
f 4055 4056 4057 
f 1035 4053 4050 
f 1036 4056 4053 
f 1037 4050 4056 
f 4053 4056 4050 
f 269 4048 4034 
f 1033 4058 4048 
f 1030 4034 4058 
f 4048 4058 4034 
f 270 4057 4043 
f 1036 4059 4057 
f 1033 4043 4059 
f 4057 4059 4043 
f 271 4039 4052 
f 1030 4060 4039 
f 1036 4052 4060 
f 4039 4060 4052 
f 1033 4059 4058 
f 1036 4060 4059 
f 1030 4058 4060 
f 4059 4060 4058 
f 72 4021 3980 
f 1028 4061 4021 
f 1014 3980 4061 
f 4021 4061 3980 
f 267 4062 4025 
f 1038 4063 4062 
f 1028 4025 4063 
f 4062 4063 4025 
f 264 3985 4065 
f 1014 4064 3985 
f 1038 4065 4064 
f 3985 4064 4065 
f 1028 4063 4061 
f 1038 4064 4063 
f 1014 4061 4064 
f 4063 4064 4061 
f 73 4051 4010 
f 1037 4066 4051 
f 1023 4010 4066 
f 4051 4066 4010 
f 270 4067 4055 
f 1039 4068 4067 
f 1037 4055 4068 
f 4067 4068 4055 
f 267 4015 4070 
f 1023 4069 4015 
f 1039 4070 4069 
f 4015 4069 4070 
f 1037 4068 4066 
f 1039 4069 4068 
f 1023 4066 4069 
f 4068 4069 4066 
f 74 3991 4040 
f 1019 4071 3991 
f 1032 4040 4071 
f 3991 4071 4040 
f 264 4072 3995 
f 1040 4073 4072 
f 1019 3995 4073 
f 4072 4073 3995 
f 270 4045 4075 
f 1032 4074 4045 
f 1040 4075 4074 
f 4045 4074 4075 
f 1019 4073 4071 
f 1040 4074 4073 
f 1032 4071 4074 
f 4073 4074 4071 
f 267 4070 4062 
f 1039 4076 4070 
f 1038 4062 4076 
f 4070 4076 4062 
f 270 4075 4067 
f 1040 4077 4075 
f 1039 4067 4077 
f 4075 4077 4067 
f 264 4065 4072 
f 1038 4078 4065 
f 1040 4072 4078 
f 4065 4078 4072 
f 1039 4077 4076 
f 1040 4078 4077 
f 1038 4076 4078 
f 4077 4078 4076 
f 20 3928 3797 
f 1002 4079 3928 
f 966 3797 4079 
f 3928 4079 3797 
f 262 4080 3931 
f 1041 4081 4080 
f 1002 3931 4081 
f 4080 4081 3931 
f 251 3801 4083 
f 966 4082 3801 
f 1041 4083 4082 
f 3801 4082 4083 
f 1002 4081 4079 
f 1041 4082 4081 
f 966 4079 4082 
f 4081 4082 4079 
f 71 4084 3941 
f 1042 4085 4084 
f 1005 3941 4085 
f 4084 4085 3941 
f 272 4086 4088 
f 1043 4087 4086 
f 1042 4088 4087 
f 4086 4087 4088 
f 262 3946 4090 
f 1005 4089 3946 
f 1043 4090 4089 
f 3946 4089 4090 
f 1042 4087 4085 
f 1043 4089 4087 
f 1005 4085 4089 
f 4087 4089 4085 
f 68 3806 4092 
f 970 4091 3806 
f 1045 4092 4091 
f 3806 4091 4092 
f 251 4093 3810 
f 1044 4094 4093 
f 970 3810 4094 
f 4093 4094 3810 
f 272 4095 4097 
f 1045 4096 4095 
f 1044 4097 4096 
f 4095 4096 4097 
f 970 4094 4091 
f 1044 4096 4094 
f 1045 4091 4096 
f 4094 4096 4091 
f 262 4090 4080 
f 1043 4098 4090 
f 1041 4080 4098 
f 4090 4098 4080 
f 272 4097 4086 
f 1044 4099 4097 
f 1043 4086 4099 
f 4097 4099 4086 
f 251 4083 4093 
f 1041 4100 4083 
f 1044 4093 4100 
f 4083 4100 4093 
f 1043 4099 4098 
f 1044 4100 4099 
f 1041 4098 4100 
f 4099 4100 4098 
f 21 4033 3897 
f 1031 4101 4033 
f 992 3897 4101 
f 4033 4101 3897 
f 271 4102 4037 
f 1046 4103 4102 
f 1031 4037 4103 
f 4102 4103 4037 
f 258 3902 4105 
f 992 4104 3902 
f 1046 4105 4104 
f 3902 4104 4105 
f 1031 4103 4101 
f 1046 4104 4103 
f 992 4101 4104 
f 4103 4104 4101 
f 73 4106 4049 
f 1047 4107 4106 
f 1035 4049 4107 
f 4106 4107 4049 
f 273 4108 4110 
f 1048 4109 4108 
f 1047 4110 4109 
f 4108 4109 4110 
f 271 4054 4112 
f 1035 4111 4054 
f 1048 4112 4111 
f 4054 4111 4112 
f 1047 4109 4107 
f 1048 4111 4109 
f 1035 4107 4111 
f 4109 4111 4107 
f 71 3908 4114 
f 997 4113 3908 
f 1050 4114 4113 
f 3908 4113 4114 
f 258 4115 3912 
f 1049 4116 4115 
f 997 3912 4116 
f 4115 4116 3912 
f 273 4117 4119 
f 1050 4118 4117 
f 1049 4119 4118 
f 4117 4118 4119 
f 997 4116 4113 
f 1049 4118 4116 
f 1050 4113 4118 
f 4116 4118 4113 
f 271 4112 4102 
f 1048 4120 4112 
f 1046 4102 4120 
f 4112 4120 4102 
f 273 4119 4108 
f 1049 4121 4119 
f 1048 4108 4121 
f 4119 4121 4108 
f 258 4105 4115 
f 1046 4122 4105 
f 1049 4115 4122 
f 4105 4122 4115 
f 1048 4121 4120 
f 1049 4122 4121 
f 1046 4120 4122 
f 4121 4122 4120 
f 22 3825 4001 
f 975 4123 3825 
f 1020 4001 4123 
f 3825 4123 4001 
f 255 4124 3829 
f 1051 4125 4124 
f 975 3829 4125 
f 4124 4125 3829 
f 266 4006 4127 
f 1020 4126 4006 
f 1051 4127 4126 
f 4006 4126 4127 
f 975 4125 4123 
f 1051 4126 4125 
f 1020 4123 4126 
f 4125 4126 4123 
f 68 4128 3841 
f 1052 4129 4128 
f 979 3841 4129 
f 4128 4129 3841 
f 274 4130 4132 
f 1053 4131 4130 
f 1052 4132 4131 
f 4130 4131 4132 
f 255 3846 4134 
f 979 4133 3846 
f 1053 4134 4133 
f 3846 4133 4134 
f 1052 4131 4129 
f 1053 4133 4131 
f 979 4129 4133 
f 4131 4133 4129 
f 73 4012 4136 
f 1025 4135 4012 
f 1055 4136 4135 
f 4012 4135 4136 
f 266 4137 4016 
f 1054 4138 4137 
f 1025 4016 4138 
f 4137 4138 4016 
f 274 4139 4141 
f 1055 4140 4139 
f 1054 4141 4140 
f 4139 4140 4141 
f 1025 4138 4135 
f 1054 4140 4138 
f 1055 4135 4140 
f 4138 4140 4135 
f 255 4134 4124 
f 1053 4142 4134 
f 1051 4124 4142 
f 4134 4142 4124 
f 274 4141 4130 
f 1054 4143 4141 
f 1053 4130 4143 
f 4141 4143 4130 
f 266 4127 4137 
f 1051 4144 4127 
f 1054 4137 4144 
f 4127 4144 4137 
f 1053 4143 4142 
f 1054 4144 4143 
f 1051 4142 4144 
f 4143 4144 4142 
f 71 4114 4084 
f 1050 4145 4114 
f 1042 4084 4145 
f 4114 4145 4084 
f 273 4146 4117 
f 1056 4147 4146 
f 1050 4117 4147 
f 4146 4147 4117 
f 272 4088 4149 
f 1042 4148 4088 
f 1056 4149 4148 
f 4088 4148 4149 
f 1050 4147 4145 
f 1056 4148 4147 
f 1042 4145 4148 
f 4147 4148 4145 
f 73 4136 4106 
f 1055 4150 4136 
f 1047 4106 4150 
f 4136 4150 4106 
f 274 4151 4139 
f 1057 4152 4151 
f 1055 4139 4152 
f 4151 4152 4139 
f 273 4110 4154 
f 1047 4153 4110 
f 1057 4154 4153 
f 4110 4153 4154 
f 1055 4152 4150 
f 1057 4153 4152 
f 1047 4150 4153 
f 4152 4153 4150 
f 68 4092 4128 
f 1045 4155 4092 
f 1052 4128 4155 
f 4092 4155 4128 
f 272 4156 4095 
f 1058 4157 4156 
f 1045 4095 4157 
f 4156 4157 4095 
f 274 4132 4159 
f 1052 4158 4132 
f 1058 4159 4158 
f 4132 4158 4159 
f 1045 4157 4155 
f 1058 4158 4157 
f 1052 4155 4158 
f 4157 4158 4155 
f 273 4154 4146 
f 1057 4160 4154 
f 1056 4146 4160 
f 4154 4160 4146 
f 274 4159 4151 
f 1058 4161 4159 
f 1057 4151 4161 
f 4159 4161 4151 
f 272 4149 4156 
f 1056 4162 4149 
f 1058 4156 4162 
f 4149 4162 4156 
f 1057 4161 4160 
f 1058 4162 4161 
f 1056 4160 4162 
f 4161 4162 4160 
f 1 4163 4165 
f 1059 4164 4163 
f 1061 4165 4164 
f 4163 4164 4165 
f 275 4166 4168 
f 1060 4167 4166 
f 1059 4168 4167 
f 4166 4167 4168 
f 277 4169 4171 
f 1061 4170 4169 
f 1060 4171 4170 
f 4169 4170 4171 
f 1059 4167 4164 
f 1060 4170 4167 
f 1061 4164 4170 
f 4167 4170 4164 
f 75 4172 4174 
f 1062 4173 4172 
f 1064 4174 4173 
f 4172 4173 4174 
f 276 4175 4177 
f 1063 4176 4175 
f 1062 4177 4176 
f 4175 4176 4177 
f 275 4178 4180 
f 1064 4179 4178 
f 1063 4180 4179 
f 4178 4179 4180 
f 1062 4176 4173 
f 1063 4179 4176 
f 1064 4173 4179 
f 4176 4179 4173 
f 77 4181 4183 
f 1065 4182 4181 
f 1067 4183 4182 
f 4181 4182 4183 
f 277 4184 4186 
f 1066 4185 4184 
f 1065 4186 4185 
f 4184 4185 4186 
f 276 4187 4189 
f 1067 4188 4187 
f 1066 4189 4188 
f 4187 4188 4189 
f 1065 4185 4182 
f 1066 4188 4185 
f 1067 4182 4188 
f 4185 4188 4182 
f 275 4180 4166 
f 1063 4190 4180 
f 1060 4166 4190 
f 4180 4190 4166 
f 276 4189 4175 
f 1066 4191 4189 
f 1063 4175 4191 
f 4189 4191 4175 
f 277 4171 4184 
f 1060 4192 4171 
f 1066 4184 4192 
f 4171 4192 4184 
f 1063 4191 4190 
f 1066 4192 4191 
f 1060 4190 4192 
f 4191 4192 4190 
f 23 4193 4195 
f 1068 4194 4193 
f 1070 4195 4194 
f 4193 4194 4195 
f 278 4196 4198 
f 1069 4197 4196 
f 1068 4198 4197 
f 4196 4197 4198 
f 280 4199 4201 
f 1070 4200 4199 
f 1069 4201 4200 
f 4199 4200 4201 
f 1068 4197 4194 
f 1069 4200 4197 
f 1070 4194 4200 
f 4197 4200 4194 
f 76 4202 4204 
f 1071 4203 4202 
f 1073 4204 4203 
f 4202 4203 4204 
f 279 4205 4207 
f 1072 4206 4205 
f 1071 4207 4206 
f 4205 4206 4207 
f 278 4208 4210 
f 1073 4209 4208 
f 1072 4210 4209 
f 4208 4209 4210 
f 1071 4206 4203 
f 1072 4209 4206 
f 1073 4203 4209 
f 4206 4209 4203 
f 75 4211 4213 
f 1074 4212 4211 
f 1076 4213 4212 
f 4211 4212 4213 
f 280 4214 4216 
f 1075 4215 4214 
f 1074 4216 4215 
f 4214 4215 4216 
f 279 4217 4219 
f 1076 4218 4217 
f 1075 4219 4218 
f 4217 4218 4219 
f 1074 4215 4212 
f 1075 4218 4215 
f 1076 4212 4218 
f 4215 4218 4212 
f 278 4210 4196 
f 1072 4220 4210 
f 1069 4196 4220 
f 4210 4220 4196 
f 279 4219 4205 
f 1075 4221 4219 
f 1072 4205 4221 
f 4219 4221 4205 
f 280 4201 4214 
f 1069 4222 4201 
f 1075 4214 4222 
f 4201 4222 4214 
f 1072 4221 4220 
f 1075 4222 4221 
f 1069 4220 4222 
f 4221 4222 4220 
f 25 4223 4225 
f 1077 4224 4223 
f 1079 4225 4224 
f 4223 4224 4225 
f 281 4226 4228 
f 1078 4227 4226 
f 1077 4228 4227 
f 4226 4227 4228 
f 283 4229 4231 
f 1079 4230 4229 
f 1078 4231 4230 
f 4229 4230 4231 
f 1077 4227 4224 
f 1078 4230 4227 
f 1079 4224 4230 
f 4227 4230 4224 
f 77 4232 4234 
f 1080 4233 4232 
f 1082 4234 4233 
f 4232 4233 4234 
f 282 4235 4237 
f 1081 4236 4235 
f 1080 4237 4236 
f 4235 4236 4237 
f 281 4238 4240 
f 1082 4239 4238 
f 1081 4240 4239 
f 4238 4239 4240 
f 1080 4236 4233 
f 1081 4239 4236 
f 1082 4233 4239 
f 4236 4239 4233 
f 76 4241 4243 
f 1083 4242 4241 
f 1085 4243 4242 
f 4241 4242 4243 
f 283 4244 4246 
f 1084 4245 4244 
f 1083 4246 4245 
f 4244 4245 4246 
f 282 4247 4249 
f 1085 4248 4247 
f 1084 4249 4248 
f 4247 4248 4249 
f 1083 4245 4242 
f 1084 4248 4245 
f 1085 4242 4248 
f 4245 4248 4242 
f 281 4240 4226 
f 1081 4250 4240 
f 1078 4226 4250 
f 4240 4250 4226 
f 282 4249 4235 
f 1084 4251 4249 
f 1081 4235 4251 
f 4249 4251 4235 
f 283 4231 4244 
f 1078 4252 4231 
f 1084 4244 4252 
f 4231 4252 4244 
f 1081 4251 4250 
f 1084 4252 4251 
f 1078 4250 4252 
f 4251 4252 4250 
f 75 4213 4172 
f 1076 4253 4213 
f 1062 4172 4253 
f 4213 4253 4172 
f 279 4254 4217 
f 1086 4255 4254 
f 1076 4217 4255 
f 4254 4255 4217 
f 276 4177 4257 
f 1062 4256 4177 
f 1086 4257 4256 
f 4177 4256 4257 
f 1076 4255 4253 
f 1086 4256 4255 
f 1062 4253 4256 
f 4255 4256 4253 
f 76 4243 4202 
f 1085 4258 4243 
f 1071 4202 4258 
f 4243 4258 4202 
f 282 4259 4247 
f 1087 4260 4259 
f 1085 4247 4260 
f 4259 4260 4247 
f 279 4207 4262 
f 1071 4261 4207 
f 1087 4262 4261 
f 4207 4261 4262 
f 1085 4260 4258 
f 1087 4261 4260 
f 1071 4258 4261 
f 4260 4261 4258 
f 77 4183 4232 
f 1067 4263 4183 
f 1080 4232 4263 
f 4183 4263 4232 
f 276 4264 4187 
f 1088 4265 4264 
f 1067 4187 4265 
f 4264 4265 4187 
f 282 4237 4267 
f 1080 4266 4237 
f 1088 4267 4266 
f 4237 4266 4267 
f 1067 4265 4263 
f 1088 4266 4265 
f 1080 4263 4266 
f 4265 4266 4263 
f 279 4262 4254 
f 1087 4268 4262 
f 1086 4254 4268 
f 4262 4268 4254 
f 282 4267 4259 
f 1088 4269 4267 
f 1087 4259 4269 
f 4267 4269 4259 
f 276 4257 4264 
f 1086 4270 4257 
f 1088 4264 4270 
f 4257 4270 4264 
f 1087 4269 4268 
f 1088 4270 4269 
f 1086 4268 4270 
f 4269 4270 4268 
f 9 4271 4273 
f 1089 4272 4271 
f 1091 4273 4272 
f 4271 4272 4273 
f 284 4274 4276 
f 1090 4275 4274 
f 1089 4276 4275 
f 4274 4275 4276 
f 286 4277 4279 
f 1091 4278 4277 
f 1090 4279 4278 
f 4277 4278 4279 
f 1089 4275 4272 
f 1090 4278 4275 
f 1091 4272 4278 
f 4275 4278 4272 
f 78 4280 4282 
f 1092 4281 4280 
f 1094 4282 4281 
f 4280 4281 4282 
f 285 4283 4285 
f 1093 4284 4283 
f 1092 4285 4284 
f 4283 4284 4285 
f 284 4286 4288 
f 1094 4287 4286 
f 1093 4288 4287 
f 4286 4287 4288 
f 1092 4284 4281 
f 1093 4287 4284 
f 1094 4281 4287 
f 4284 4287 4281 
f 80 4289 4291 
f 1095 4290 4289 
f 1097 4291 4290 
f 4289 4290 4291 
f 286 4292 4294 
f 1096 4293 4292 
f 1095 4294 4293 
f 4292 4293 4294 
f 285 4295 4297 
f 1097 4296 4295 
f 1096 4297 4296 
f 4295 4296 4297 
f 1095 4293 4290 
f 1096 4296 4293 
f 1097 4290 4296 
f 4293 4296 4290 
f 284 4288 4274 
f 1093 4298 4288 
f 1090 4274 4298 
f 4288 4298 4274 
f 285 4297 4283 
f 1096 4299 4297 
f 1093 4283 4299 
f 4297 4299 4283 
f 286 4279 4292 
f 1090 4300 4279 
f 1096 4292 4300 
f 4279 4300 4292 
f 1093 4299 4298 
f 1096 4300 4299 
f 1090 4298 4300 
f 4299 4300 4298 
f 24 4301 4303 
f 1098 4302 4301 
f 1100 4303 4302 
f 4301 4302 4303 
f 287 4304 4306 
f 1099 4305 4304 
f 1098 4306 4305 
f 4304 4305 4306 
f 289 4307 4309 
f 1100 4308 4307 
f 1099 4309 4308 
f 4307 4308 4309 
f 1098 4305 4302 
f 1099 4308 4305 
f 1100 4302 4308 
f 4305 4308 4302 
f 79 4310 4312 
f 1101 4311 4310 
f 1103 4312 4311 
f 4310 4311 4312 
f 288 4313 4315 
f 1102 4314 4313 
f 1101 4315 4314 
f 4313 4314 4315 
f 287 4316 4318 
f 1103 4317 4316 
f 1102 4318 4317 
f 4316 4317 4318 
f 1101 4314 4311 
f 1102 4317 4314 
f 1103 4311 4317 
f 4314 4317 4311 
f 78 4319 4321 
f 1104 4320 4319 
f 1106 4321 4320 
f 4319 4320 4321 
f 289 4322 4324 
f 1105 4323 4322 
f 1104 4324 4323 
f 4322 4323 4324 
f 288 4325 4327 
f 1106 4326 4325 
f 1105 4327 4326 
f 4325 4326 4327 
f 1104 4323 4320 
f 1105 4326 4323 
f 1106 4320 4326 
f 4323 4326 4320 
f 287 4318 4304 
f 1102 4328 4318 
f 1099 4304 4328 
f 4318 4328 4304 
f 288 4327 4313 
f 1105 4329 4327 
f 1102 4313 4329 
f 4327 4329 4313 
f 289 4309 4322 
f 1099 4330 4309 
f 1105 4322 4330 
f 4309 4330 4322 
f 1102 4329 4328 
f 1105 4330 4329 
f 1099 4328 4330 
f 4329 4330 4328 
f 23 4331 4333 
f 1107 4332 4331 
f 1109 4333 4332 
f 4331 4332 4333 
f 290 4334 4336 
f 1108 4335 4334 
f 1107 4336 4335 
f 4334 4335 4336 
f 292 4337 4339 
f 1109 4338 4337 
f 1108 4339 4338 
f 4337 4338 4339 
f 1107 4335 4332 
f 1108 4338 4335 
f 1109 4332 4338 
f 4335 4338 4332 
f 80 4340 4342 
f 1110 4341 4340 
f 1112 4342 4341 
f 4340 4341 4342 
f 291 4343 4345 
f 1111 4344 4343 
f 1110 4345 4344 
f 4343 4344 4345 
f 290 4346 4348 
f 1112 4347 4346 
f 1111 4348 4347 
f 4346 4347 4348 
f 1110 4344 4341 
f 1111 4347 4344 
f 1112 4341 4347 
f 4344 4347 4341 
f 79 4349 4351 
f 1113 4350 4349 
f 1115 4351 4350 
f 4349 4350 4351 
f 292 4352 4354 
f 1114 4353 4352 
f 1113 4354 4353 
f 4352 4353 4354 
f 291 4355 4357 
f 1115 4356 4355 
f 1114 4357 4356 
f 4355 4356 4357 
f 1113 4353 4350 
f 1114 4356 4353 
f 1115 4350 4356 
f 4353 4356 4350 
f 290 4348 4334 
f 1111 4358 4348 
f 1108 4334 4358 
f 4348 4358 4334 
f 291 4357 4343 
f 1114 4359 4357 
f 1111 4343 4359 
f 4357 4359 4343 
f 292 4339 4352 
f 1108 4360 4339 
f 1114 4352 4360 
f 4339 4360 4352 
f 1111 4359 4358 
f 1114 4360 4359 
f 1108 4358 4360 
f 4359 4360 4358 
f 78 4321 4280 
f 1106 4361 4321 
f 1092 4280 4361 
f 4321 4361 4280 
f 288 4362 4325 
f 1116 4363 4362 
f 1106 4325 4363 
f 4362 4363 4325 
f 285 4285 4365 
f 1092 4364 4285 
f 1116 4365 4364 
f 4285 4364 4365 
f 1106 4363 4361 
f 1116 4364 4363 
f 1092 4361 4364 
f 4363 4364 4361 
f 79 4351 4310 
f 1115 4366 4351 
f 1101 4310 4366 
f 4351 4366 4310 
f 291 4367 4355 
f 1117 4368 4367 
f 1115 4355 4368 
f 4367 4368 4355 
f 288 4315 4370 
f 1101 4369 4315 
f 1117 4370 4369 
f 4315 4369 4370 
f 1115 4368 4366 
f 1117 4369 4368 
f 1101 4366 4369 
f 4368 4369 4366 
f 80 4291 4340 
f 1097 4371 4291 
f 1110 4340 4371 
f 4291 4371 4340 
f 285 4372 4295 
f 1118 4373 4372 
f 1097 4295 4373 
f 4372 4373 4295 
f 291 4345 4375 
f 1110 4374 4345 
f 1118 4375 4374 
f 4345 4374 4375 
f 1097 4373 4371 
f 1118 4374 4373 
f 1110 4371 4374 
f 4373 4374 4371 
f 288 4370 4362 
f 1117 4376 4370 
f 1116 4362 4376 
f 4370 4376 4362 
f 291 4375 4367 
f 1118 4377 4375 
f 1117 4367 4377 
f 4375 4377 4367 
f 285 4365 4372 
f 1116 4378 4365 
f 1118 4372 4378 
f 4365 4378 4372 
f 1117 4377 4376 
f 1118 4378 4377 
f 1116 4376 4378 
f 4377 4378 4376 
f 8 4379 4381 
f 1119 4380 4379 
f 1121 4381 4380 
f 4379 4380 4381 
f 293 4382 4384 
f 1120 4383 4382 
f 1119 4384 4383 
f 4382 4383 4384 
f 295 4385 4387 
f 1121 4386 4385 
f 1120 4387 4386 
f 4385 4386 4387 
f 1119 4383 4380 
f 1120 4386 4383 
f 1121 4380 4386 
f 4383 4386 4380 
f 81 4388 4390 
f 1122 4389 4388 
f 1124 4390 4389 
f 4388 4389 4390 
f 294 4391 4393 
f 1123 4392 4391 
f 1122 4393 4392 
f 4391 4392 4393 
f 293 4394 4396 
f 1124 4395 4394 
f 1123 4396 4395 
f 4394 4395 4396 
f 1122 4392 4389 
f 1123 4395 4392 
f 1124 4389 4395 
f 4392 4395 4389 
f 83 4397 4399 
f 1125 4398 4397 
f 1127 4399 4398 
f 4397 4398 4399 
f 295 4400 4402 
f 1126 4401 4400 
f 1125 4402 4401 
f 4400 4401 4402 
f 294 4403 4405 
f 1127 4404 4403 
f 1126 4405 4404 
f 4403 4404 4405 
f 1125 4401 4398 
f 1126 4404 4401 
f 1127 4398 4404 
f 4401 4404 4398 
f 293 4396 4382 
f 1123 4406 4396 
f 1120 4382 4406 
f 4396 4406 4382 
f 294 4405 4391 
f 1126 4407 4405 
f 1123 4391 4407 
f 4405 4407 4391 
f 295 4387 4400 
f 1120 4408 4387 
f 1126 4400 4408 
f 4387 4408 4400 
f 1123 4407 4406 
f 1126 4408 4407 
f 1120 4406 4408 
f 4407 4408 4406 
f 25 4409 4411 
f 1128 4410 4409 
f 1130 4411 4410 
f 4409 4410 4411 
f 296 4412 4414 
f 1129 4413 4412 
f 1128 4414 4413 
f 4412 4413 4414 
f 298 4415 4417 
f 1130 4416 4415 
f 1129 4417 4416 
f 4415 4416 4417 
f 1128 4413 4410 
f 1129 4416 4413 
f 1130 4410 4416 
f 4413 4416 4410 
f 82 4418 4420 
f 1131 4419 4418 
f 1133 4420 4419 
f 4418 4419 4420 
f 297 4421 4423 
f 1132 4422 4421 
f 1131 4423 4422 
f 4421 4422 4423 
f 296 4424 4426 
f 1133 4425 4424 
f 1132 4426 4425 
f 4424 4425 4426 
f 1131 4422 4419 
f 1132 4425 4422 
f 1133 4419 4425 
f 4422 4425 4419 
f 81 4427 4429 
f 1134 4428 4427 
f 1136 4429 4428 
f 4427 4428 4429 
f 298 4430 4432 
f 1135 4431 4430 
f 1134 4432 4431 
f 4430 4431 4432 
f 297 4433 4435 
f 1136 4434 4433 
f 1135 4435 4434 
f 4433 4434 4435 
f 1134 4431 4428 
f 1135 4434 4431 
f 1136 4428 4434 
f 4431 4434 4428 
f 296 4426 4412 
f 1132 4436 4426 
f 1129 4412 4436 
f 4426 4436 4412 
f 297 4435 4421 
f 1135 4437 4435 
f 1132 4421 4437 
f 4435 4437 4421 
f 298 4417 4430 
f 1129 4438 4417 
f 1135 4430 4438 
f 4417 4438 4430 
f 1132 4437 4436 
f 1135 4438 4437 
f 1129 4436 4438 
f 4437 4438 4436 
f 24 4439 4441 
f 1137 4440 4439 
f 1139 4441 4440 
f 4439 4440 4441 
f 299 4442 4444 
f 1138 4443 4442 
f 1137 4444 4443 
f 4442 4443 4444 
f 301 4445 4447 
f 1139 4446 4445 
f 1138 4447 4446 
f 4445 4446 4447 
f 1137 4443 4440 
f 1138 4446 4443 
f 1139 4440 4446 
f 4443 4446 4440 
f 83 4448 4450 
f 1140 4449 4448 
f 1142 4450 4449 
f 4448 4449 4450 
f 300 4451 4453 
f 1141 4452 4451 
f 1140 4453 4452 
f 4451 4452 4453 
f 299 4454 4456 
f 1142 4455 4454 
f 1141 4456 4455 
f 4454 4455 4456 
f 1140 4452 4449 
f 1141 4455 4452 
f 1142 4449 4455 
f 4452 4455 4449 
f 82 4457 4459 
f 1143 4458 4457 
f 1145 4459 4458 
f 4457 4458 4459 
f 301 4460 4462 
f 1144 4461 4460 
f 1143 4462 4461 
f 4460 4461 4462 
f 300 4463 4465 
f 1145 4464 4463 
f 1144 4465 4464 
f 4463 4464 4465 
f 1143 4461 4458 
f 1144 4464 4461 
f 1145 4458 4464 
f 4461 4464 4458 
f 299 4456 4442 
f 1141 4466 4456 
f 1138 4442 4466 
f 4456 4466 4442 
f 300 4465 4451 
f 1144 4467 4465 
f 1141 4451 4467 
f 4465 4467 4451 
f 301 4447 4460 
f 1138 4468 4447 
f 1144 4460 4468 
f 4447 4468 4460 
f 1141 4467 4466 
f 1144 4468 4467 
f 1138 4466 4468 
f 4467 4468 4466 
f 81 4429 4388 
f 1136 4469 4429 
f 1122 4388 4469 
f 4429 4469 4388 
f 297 4470 4433 
f 1146 4471 4470 
f 1136 4433 4471 
f 4470 4471 4433 
f 294 4393 4473 
f 1122 4472 4393 
f 1146 4473 4472 
f 4393 4472 4473 
f 1136 4471 4469 
f 1146 4472 4471 
f 1122 4469 4472 
f 4471 4472 4469 
f 82 4459 4418 
f 1145 4474 4459 
f 1131 4418 4474 
f 4459 4474 4418 
f 300 4475 4463 
f 1147 4476 4475 
f 1145 4463 4476 
f 4475 4476 4463 
f 297 4423 4478 
f 1131 4477 4423 
f 1147 4478 4477 
f 4423 4477 4478 
f 1145 4476 4474 
f 1147 4477 4476 
f 1131 4474 4477 
f 4476 4477 4474 
f 83 4399 4448 
f 1127 4479 4399 
f 1140 4448 4479 
f 4399 4479 4448 
f 294 4480 4403 
f 1148 4481 4480 
f 1127 4403 4481 
f 4480 4481 4403 
f 300 4453 4483 
f 1140 4482 4453 
f 1148 4483 4482 
f 4453 4482 4483 
f 1127 4481 4479 
f 1148 4482 4481 
f 1140 4479 4482 
f 4481 4482 4479 
f 297 4478 4470 
f 1147 4484 4478 
f 1146 4470 4484 
f 4478 4484 4470 
f 300 4483 4475 
f 1148 4485 4483 
f 1147 4475 4485 
f 4483 4485 4475 
f 294 4473 4480 
f 1146 4486 4473 
f 1148 4480 4486 
f 4473 4486 4480 
f 1147 4485 4484 
f 1148 4486 4485 
f 1146 4484 4486 
f 4485 4486 4484 
f 23 4333 4193 
f 1109 4487 4333 
f 1068 4193 4487 
f 4333 4487 4193 
f 292 4488 4337 
f 1149 4489 4488 
f 1109 4337 4489 
f 4488 4489 4337 
f 278 4198 4491 
f 1068 4490 4198 
f 1149 4491 4490 
f 4198 4490 4491 
f 1109 4489 4487 
f 1149 4490 4489 
f 1068 4487 4490 
f 4489 4490 4487 
f 79 4492 4349 
f 1150 4493 4492 
f 1113 4349 4493 
f 4492 4493 4349 
f 302 4494 4496 
f 1151 4495 4494 
f 1150 4496 4495 
f 4494 4495 4496 
f 292 4354 4498 
f 1113 4497 4354 
f 1151 4498 4497 
f 4354 4497 4498 
f 1150 4495 4493 
f 1151 4497 4495 
f 1113 4493 4497 
f 4495 4497 4493 
f 76 4204 4500 
f 1073 4499 4204 
f 1153 4500 4499 
f 4204 4499 4500 
f 278 4501 4208 
f 1152 4502 4501 
f 1073 4208 4502 
f 4501 4502 4208 
f 302 4503 4505 
f 1153 4504 4503 
f 1152 4505 4504 
f 4503 4504 4505 
f 1073 4502 4499 
f 1152 4504 4502 
f 1153 4499 4504 
f 4502 4504 4499 
f 292 4498 4488 
f 1151 4506 4498 
f 1149 4488 4506 
f 4498 4506 4488 
f 302 4505 4494 
f 1152 4507 4505 
f 1151 4494 4507 
f 4505 4507 4494 
f 278 4491 4501 
f 1149 4508 4491 
f 1152 4501 4508 
f 4491 4508 4501 
f 1151 4507 4506 
f 1152 4508 4507 
f 1149 4506 4508 
f 4507 4508 4506 
f 24 4441 4301 
f 1139 4509 4441 
f 1098 4301 4509 
f 4441 4509 4301 
f 301 4510 4445 
f 1154 4511 4510 
f 1139 4445 4511 
f 4510 4511 4445 
f 287 4306 4513 
f 1098 4512 4306 
f 1154 4513 4512 
f 4306 4512 4513 
f 1139 4511 4509 
f 1154 4512 4511 
f 1098 4509 4512 
f 4511 4512 4509 
f 82 4514 4457 
f 1155 4515 4514 
f 1143 4457 4515 
f 4514 4515 4457 
f 303 4516 4518 
f 1156 4517 4516 
f 1155 4518 4517 
f 4516 4517 4518 
f 301 4462 4520 
f 1143 4519 4462 
f 1156 4520 4519 
f 4462 4519 4520 
f 1155 4517 4515 
f 1156 4519 4517 
f 1143 4515 4519 
f 4517 4519 4515 
f 79 4312 4522 
f 1103 4521 4312 
f 1158 4522 4521 
f 4312 4521 4522 
f 287 4523 4316 
f 1157 4524 4523 
f 1103 4316 4524 
f 4523 4524 4316 
f 303 4525 4527 
f 1158 4526 4525 
f 1157 4527 4526 
f 4525 4526 4527 
f 1103 4524 4521 
f 1157 4526 4524 
f 1158 4521 4526 
f 4524 4526 4521 
f 301 4520 4510 
f 1156 4528 4520 
f 1154 4510 4528 
f 4520 4528 4510 
f 303 4527 4516 
f 1157 4529 4527 
f 1156 4516 4529 
f 4527 4529 4516 
f 287 4513 4523 
f 1154 4530 4513 
f 1157 4523 4530 
f 4513 4530 4523 
f 1156 4529 4528 
f 1157 4530 4529 
f 1154 4528 4530 
f 4529 4530 4528 
f 25 4225 4409 
f 1079 4531 4225 
f 1128 4409 4531 
f 4225 4531 4409 
f 283 4532 4229 
f 1159 4533 4532 
f 1079 4229 4533 
f 4532 4533 4229 
f 296 4414 4535 
f 1128 4534 4414 
f 1159 4535 4534 
f 4414 4534 4535 
f 1079 4533 4531 
f 1159 4534 4533 
f 1128 4531 4534 
f 4533 4534 4531 
f 76 4536 4241 
f 1160 4537 4536 
f 1083 4241 4537 
f 4536 4537 4241 
f 304 4538 4540 
f 1161 4539 4538 
f 1160 4540 4539 
f 4538 4539 4540 
f 283 4246 4542 
f 1083 4541 4246 
f 1161 4542 4541 
f 4246 4541 4542 
f 1160 4539 4537 
f 1161 4541 4539 
f 1083 4537 4541 
f 4539 4541 4537 
f 82 4420 4544 
f 1133 4543 4420 
f 1163 4544 4543 
f 4420 4543 4544 
f 296 4545 4424 
f 1162 4546 4545 
f 1133 4424 4546 
f 4545 4546 4424 
f 304 4547 4549 
f 1163 4548 4547 
f 1162 4549 4548 
f 4547 4548 4549 
f 1133 4546 4543 
f 1162 4548 4546 
f 1163 4543 4548 
f 4546 4548 4543 
f 283 4542 4532 
f 1161 4550 4542 
f 1159 4532 4550 
f 4542 4550 4532 
f 304 4549 4538 
f 1162 4551 4549 
f 1161 4538 4551 
f 4549 4551 4538 
f 296 4535 4545 
f 1159 4552 4535 
f 1162 4545 4552 
f 4535 4552 4545 
f 1161 4551 4550 
f 1162 4552 4551 
f 1159 4550 4552 
f 4551 4552 4550 
f 79 4522 4492 
f 1158 4553 4522 
f 1150 4492 4553 
f 4522 4553 4492 
f 303 4554 4525 
f 1164 4555 4554 
f 1158 4525 4555 
f 4554 4555 4525 
f 302 4496 4557 
f 1150 4556 4496 
f 1164 4557 4556 
f 4496 4556 4557 
f 1158 4555 4553 
f 1164 4556 4555 
f 1150 4553 4556 
f 4555 4556 4553 
f 82 4544 4514 
f 1163 4558 4544 
f 1155 4514 4558 
f 4544 4558 4514 
f 304 4559 4547 
f 1165 4560 4559 
f 1163 4547 4560 
f 4559 4560 4547 
f 303 4518 4562 
f 1155 4561 4518 
f 1165 4562 4561 
f 4518 4561 4562 
f 1163 4560 4558 
f 1165 4561 4560 
f 1155 4558 4561 
f 4560 4561 4558 
f 76 4500 4536 
f 1153 4563 4500 
f 1160 4536 4563 
f 4500 4563 4536 
f 302 4564 4503 
f 1166 4565 4564 
f 1153 4503 4565 
f 4564 4565 4503 
f 304 4540 4567 
f 1160 4566 4540 
f 1166 4567 4566 
f 4540 4566 4567 
f 1153 4565 4563 
f 1166 4566 4565 
f 1160 4563 4566 
f 4565 4566 4563 
f 303 4562 4554 
f 1165 4568 4562 
f 1164 4554 4568 
f 4562 4568 4554 
f 304 4567 4559 
f 1166 4569 4567 
f 1165 4559 4569 
f 4567 4569 4559 
f 302 4557 4564 
f 1164 4570 4557 
f 1166 4564 4570 
f 4557 4570 4564 
f 1165 4569 4568 
f 1166 4570 4569 
f 1164 4568 4570 
f 4569 4570 4568 
f 1 4165 4572 
f 1061 4571 4165 
f 1168 4572 4571 
f 4165 4571 4572 
f 277 4573 4169 
f 1167 4574 4573 
f 1061 4169 4574 
f 4573 4574 4169 
f 306 4575 4577 
f 1168 4576 4575 
f 1167 4577 4576 
f 4575 4576 4577 
f 1061 4574 4571 
f 1167 4576 4574 
f 1168 4571 4576 
f 4574 4576 4571 
f 77 4578 4181 
f 1169 4579 4578 
f 1065 4181 4579 
f 4578 4579 4181 
f 305 4580 4582 
f 1170 4581 4580 
f 1169 4582 4581 
f 4580 4581 4582 
f 277 4186 4584 
f 1065 4583 4186 
f 1170 4584 4583 
f 4186 4583 4584 
f 1169 4581 4579 
f 1170 4583 4581 
f 1065 4579 4583 
f 4581 4583 4579 
f 85 4585 4587 
f 1171 4586 4585 
f 1173 4587 4586 
f 4585 4586 4587 
f 306 4588 4590 
f 1172 4589 4588 
f 1171 4590 4589 
f 4588 4589 4590 
f 305 4591 4593 
f 1173 4592 4591 
f 1172 4593 4592 
f 4591 4592 4593 
f 1171 4589 4586 
f 1172 4592 4589 
f 1173 4586 4592 
f 4589 4592 4586 
f 277 4584 4573 
f 1170 4594 4584 
f 1167 4573 4594 
f 4584 4594 4573 
f 305 4593 4580 
f 1172 4595 4593 
f 1170 4580 4595 
f 4593 4595 4580 
f 306 4577 4588 
f 1167 4596 4577 
f 1172 4588 4596 
f 4577 4596 4588 
f 1170 4595 4594 
f 1172 4596 4595 
f 1167 4594 4596 
f 4595 4596 4594 
f 25 4597 4223 
f 1174 4598 4597 
f 1077 4223 4598 
f 4597 4598 4223 
f 307 4599 4601 
f 1175 4600 4599 
f 1174 4601 4600 
f 4599 4600 4601 
f 281 4228 4603 
f 1077 4602 4228 
f 1175 4603 4602 
f 4228 4602 4603 
f 1174 4600 4598 
f 1175 4602 4600 
f 1077 4598 4602 
f 4600 4602 4598 
f 84 4604 4606 
f 1176 4605 4604 
f 1178 4606 4605 
f 4604 4605 4606 
f 308 4607 4609 
f 1177 4608 4607 
f 1176 4609 4608 
f 4607 4608 4609 
f 307 4610 4612 
f 1178 4611 4610 
f 1177 4612 4611 
f 4610 4611 4612 
f 1176 4608 4605 
f 1177 4611 4608 
f 1178 4605 4611 
f 4608 4611 4605 
f 77 4234 4614 
f 1082 4613 4234 
f 1180 4614 4613 
f 4234 4613 4614 
f 281 4615 4238 
f 1179 4616 4615 
f 1082 4238 4616 
f 4615 4616 4238 
f 308 4617 4619 
f 1180 4618 4617 
f 1179 4619 4618 
f 4617 4618 4619 
f 1082 4616 4613 
f 1179 4618 4616 
f 1180 4613 4618 
f 4616 4618 4613 
f 307 4612 4599 
f 1177 4620 4612 
f 1175 4599 4620 
f 4612 4620 4599 
f 308 4619 4607 
f 1179 4621 4619 
f 1177 4607 4621 
f 4619 4621 4607 
f 281 4603 4615 
f 1175 4622 4603 
f 1179 4615 4622 
f 4603 4622 4615 
f 1177 4621 4620 
f 1179 4622 4621 
f 1175 4620 4622 
f 4621 4622 4620 
f 27 4623 4625 
f 1181 4624 4623 
f 1183 4625 4624 
f 4623 4624 4625 
f 309 4626 4628 
f 1182 4627 4626 
f 1181 4628 4627 
f 4626 4627 4628 
f 311 4629 4631 
f 1183 4630 4629 
f 1182 4631 4630 
f 4629 4630 4631 
f 1181 4627 4624 
f 1182 4630 4627 
f 1183 4624 4630 
f 4627 4630 4624 
f 85 4632 4634 
f 1184 4633 4632 
f 1186 4634 4633 
f 4632 4633 4634 
f 310 4635 4637 
f 1185 4636 4635 
f 1184 4637 4636 
f 4635 4636 4637 
f 309 4638 4640 
f 1186 4639 4638 
f 1185 4640 4639 
f 4638 4639 4640 
f 1184 4636 4633 
f 1185 4639 4636 
f 1186 4633 4639 
f 4636 4639 4633 
f 84 4641 4643 
f 1187 4642 4641 
f 1189 4643 4642 
f 4641 4642 4643 
f 311 4644 4646 
f 1188 4645 4644 
f 1187 4646 4645 
f 4644 4645 4646 
f 310 4647 4649 
f 1189 4648 4647 
f 1188 4649 4648 
f 4647 4648 4649 
f 1187 4645 4642 
f 1188 4648 4645 
f 1189 4642 4648 
f 4645 4648 4642 
f 309 4640 4626 
f 1185 4650 4640 
f 1182 4626 4650 
f 4640 4650 4626 
f 310 4649 4635 
f 1188 4651 4649 
f 1185 4635 4651 
f 4649 4651 4635 
f 311 4631 4644 
f 1182 4652 4631 
f 1188 4644 4652 
f 4631 4652 4644 
f 1185 4651 4650 
f 1188 4652 4651 
f 1182 4650 4652 
f 4651 4652 4650 
f 77 4614 4578 
f 1180 4653 4614 
f 1169 4578 4653 
f 4614 4653 4578 
f 308 4654 4617 
f 1190 4655 4654 
f 1180 4617 4655 
f 4654 4655 4617 
f 305 4582 4657 
f 1169 4656 4582 
f 1190 4657 4656 
f 4582 4656 4657 
f 1180 4655 4653 
f 1190 4656 4655 
f 1169 4653 4656 
f 4655 4656 4653 
f 84 4643 4604 
f 1189 4658 4643 
f 1176 4604 4658 
f 4643 4658 4604 
f 310 4659 4647 
f 1191 4660 4659 
f 1189 4647 4660 
f 4659 4660 4647 
f 308 4609 4662 
f 1176 4661 4609 
f 1191 4662 4661 
f 4609 4661 4662 
f 1189 4660 4658 
f 1191 4661 4660 
f 1176 4658 4661 
f 4660 4661 4658 
f 85 4587 4632 
f 1173 4663 4587 
f 1184 4632 4663 
f 4587 4663 4632 
f 305 4664 4591 
f 1192 4665 4664 
f 1173 4591 4665 
f 4664 4665 4591 
f 310 4637 4667 
f 1184 4666 4637 
f 1192 4667 4666 
f 4637 4666 4667 
f 1173 4665 4663 
f 1192 4666 4665 
f 1184 4663 4666 
f 4665 4666 4663 
f 308 4662 4654 
f 1191 4668 4662 
f 1190 4654 4668 
f 4662 4668 4654 
f 310 4667 4659 
f 1192 4669 4667 
f 1191 4659 4669 
f 4667 4669 4659 
f 305 4657 4664 
f 1190 4670 4657 
f 1192 4664 4670 
f 4657 4670 4664 
f 1191 4669 4668 
f 1192 4670 4669 
f 1190 4668 4670 
f 4669 4670 4668 
f 8 4671 4379 
f 1193 4672 4671 
f 1119 4379 4672 
f 4671 4672 4379 
f 312 4673 4675 
f 1194 4674 4673 
f 1193 4675 4674 
f 4673 4674 4675 
f 293 4384 4677 
f 1119 4676 4384 
f 1194 4677 4676 
f 4384 4676 4677 
f 1193 4674 4672 
f 1194 4676 4674 
f 1119 4672 4676 
f 4674 4676 4672 
f 86 4678 4680 
f 1195 4679 4678 
f 1197 4680 4679 
f 4678 4679 4680 
f 313 4681 4683 
f 1196 4682 4681 
f 1195 4683 4682 
f 4681 4682 4683 
f 312 4684 4686 
f 1197 4685 4684 
f 1196 4686 4685 
f 4684 4685 4686 
f 1195 4682 4679 
f 1196 4685 4682 
f 1197 4679 4685 
f 4682 4685 4679 
f 81 4390 4688 
f 1124 4687 4390 
f 1199 4688 4687 
f 4390 4687 4688 
f 293 4689 4394 
f 1198 4690 4689 
f 1124 4394 4690 
f 4689 4690 4394 
f 313 4691 4693 
f 1199 4692 4691 
f 1198 4693 4692 
f 4691 4692 4693 
f 1124 4690 4687 
f 1198 4692 4690 
f 1199 4687 4692 
f 4690 4692 4687 
f 312 4686 4673 
f 1196 4694 4686 
f 1194 4673 4694 
f 4686 4694 4673 
f 313 4693 4681 
f 1198 4695 4693 
f 1196 4681 4695 
f 4693 4695 4681 
f 293 4677 4689 
f 1194 4696 4677 
f 1198 4689 4696 
f 4677 4696 4689 
f 1196 4695 4694 
f 1198 4696 4695 
f 1194 4694 4696 
f 4695 4696 4694 
f 26 4697 4699 
f 1200 4698 4697 
f 1202 4699 4698 
f 4697 4698 4699 
f 314 4700 4702 
f 1201 4701 4700 
f 1200 4702 4701 
f 4700 4701 4702 
f 316 4703 4705 
f 1202 4704 4703 
f 1201 4705 4704 
f 4703 4704 4705 
f 1200 4701 4698 
f 1201 4704 4701 
f 1202 4698 4704 
f 4701 4704 4698 
f 87 4706 4708 
f 1203 4707 4706 
f 1205 4708 4707 
f 4706 4707 4708 
f 315 4709 4711 
f 1204 4710 4709 
f 1203 4711 4710 
f 4709 4710 4711 
f 314 4712 4714 
f 1205 4713 4712 
f 1204 4714 4713 
f 4712 4713 4714 
f 1203 4710 4707 
f 1204 4713 4710 
f 1205 4707 4713 
f 4710 4713 4707 
f 86 4715 4717 
f 1206 4716 4715 
f 1208 4717 4716 
f 4715 4716 4717 
f 316 4718 4720 
f 1207 4719 4718 
f 1206 4720 4719 
f 4718 4719 4720 
f 315 4721 4723 
f 1208 4722 4721 
f 1207 4723 4722 
f 4721 4722 4723 
f 1206 4719 4716 
f 1207 4722 4719 
f 1208 4716 4722 
f 4719 4722 4716 
f 314 4714 4700 
f 1204 4724 4714 
f 1201 4700 4724 
f 4714 4724 4700 
f 315 4723 4709 
f 1207 4725 4723 
f 1204 4709 4725 
f 4723 4725 4709 
f 316 4705 4718 
f 1201 4726 4705 
f 1207 4718 4726 
f 4705 4726 4718 
f 1204 4725 4724 
f 1207 4726 4725 
f 1201 4724 4726 
f 4725 4726 4724 
f 25 4411 4728 
f 1130 4727 4411 
f 1210 4728 4727 
f 4411 4727 4728 
f 298 4729 4415 
f 1209 4730 4729 
f 1130 4415 4730 
f 4729 4730 4415 
f 318 4731 4733 
f 1210 4732 4731 
f 1209 4733 4732 
f 4731 4732 4733 
f 1130 4730 4727 
f 1209 4732 4730 
f 1210 4727 4732 
f 4730 4732 4727 
f 81 4734 4427 
f 1211 4735 4734 
f 1134 4427 4735 
f 4734 4735 4427 
f 317 4736 4738 
f 1212 4737 4736 
f 1211 4738 4737 
f 4736 4737 4738 
f 298 4432 4740 
f 1134 4739 4432 
f 1212 4740 4739 
f 4432 4739 4740 
f 1211 4737 4735 
f 1212 4739 4737 
f 1134 4735 4739 
f 4737 4739 4735 
f 87 4741 4743 
f 1213 4742 4741 
f 1215 4743 4742 
f 4741 4742 4743 
f 318 4744 4746 
f 1214 4745 4744 
f 1213 4746 4745 
f 4744 4745 4746 
f 317 4747 4749 
f 1215 4748 4747 
f 1214 4749 4748 
f 4747 4748 4749 
f 1213 4745 4742 
f 1214 4748 4745 
f 1215 4742 4748 
f 4745 4748 4742 
f 298 4740 4729 
f 1212 4750 4740 
f 1209 4729 4750 
f 4740 4750 4729 
f 317 4749 4736 
f 1214 4751 4749 
f 1212 4736 4751 
f 4749 4751 4736 
f 318 4733 4744 
f 1209 4752 4733 
f 1214 4744 4752 
f 4733 4752 4744 
f 1212 4751 4750 
f 1214 4752 4751 
f 1209 4750 4752 
f 4751 4752 4750 
f 86 4717 4678 
f 1208 4753 4717 
f 1195 4678 4753 
f 4717 4753 4678 
f 315 4754 4721 
f 1216 4755 4754 
f 1208 4721 4755 
f 4754 4755 4721 
f 313 4683 4757 
f 1195 4756 4683 
f 1216 4757 4756 
f 4683 4756 4757 
f 1208 4755 4753 
f 1216 4756 4755 
f 1195 4753 4756 
f 4755 4756 4753 
f 87 4743 4706 
f 1215 4758 4743 
f 1203 4706 4758 
f 4743 4758 4706 
f 317 4759 4747 
f 1217 4760 4759 
f 1215 4747 4760 
f 4759 4760 4747 
f 315 4711 4762 
f 1203 4761 4711 
f 1217 4762 4761 
f 4711 4761 4762 
f 1215 4760 4758 
f 1217 4761 4760 
f 1203 4758 4761 
f 4760 4761 4758 
f 81 4688 4734 
f 1199 4763 4688 
f 1211 4734 4763 
f 4688 4763 4734 
f 313 4764 4691 
f 1218 4765 4764 
f 1199 4691 4765 
f 4764 4765 4691 
f 317 4738 4767 
f 1211 4766 4738 
f 1218 4767 4766 
f 4738 4766 4767 
f 1199 4765 4763 
f 1218 4766 4765 
f 1211 4763 4766 
f 4765 4766 4763 
f 315 4762 4754 
f 1217 4768 4762 
f 1216 4754 4768 
f 4762 4768 4754 
f 317 4767 4759 
f 1218 4769 4767 
f 1217 4759 4769 
f 4767 4769 4759 
f 313 4757 4764 
f 1216 4770 4757 
f 1218 4764 4770 
f 4757 4770 4764 
f 1217 4769 4768 
f 1218 4770 4769 
f 1216 4768 4770 
f 4769 4770 4768 
f 10 4771 4773 
f 1219 4772 4771 
f 1221 4773 4772 
f 4771 4772 4773 
f 319 4774 4776 
f 1220 4775 4774 
f 1219 4776 4775 
f 4774 4775 4776 
f 321 4777 4779 
f 1221 4778 4777 
f 1220 4779 4778 
f 4777 4778 4779 
f 1219 4775 4772 
f 1220 4778 4775 
f 1221 4772 4778 
f 4775 4778 4772 
f 88 4780 4782 
f 1222 4781 4780 
f 1224 4782 4781 
f 4780 4781 4782 
f 320 4783 4785 
f 1223 4784 4783 
f 1222 4785 4784 
f 4783 4784 4785 
f 319 4786 4788 
f 1224 4787 4786 
f 1223 4788 4787 
f 4786 4787 4788 
f 1222 4784 4781 
f 1223 4787 4784 
f 1224 4781 4787 
f 4784 4787 4781 
f 90 4789 4791 
f 1225 4790 4789 
f 1227 4791 4790 
f 4789 4790 4791 
f 321 4792 4794 
f 1226 4793 4792 
f 1225 4794 4793 
f 4792 4793 4794 
f 320 4795 4797 
f 1227 4796 4795 
f 1226 4797 4796 
f 4795 4796 4797 
f 1225 4793 4790 
f 1226 4796 4793 
f 1227 4790 4796 
f 4793 4796 4790 
f 319 4788 4774 
f 1223 4798 4788 
f 1220 4774 4798 
f 4788 4798 4774 
f 320 4797 4783 
f 1226 4799 4797 
f 1223 4783 4799 
f 4797 4799 4783 
f 321 4779 4792 
f 1220 4800 4779 
f 1226 4792 4800 
f 4779 4800 4792 
f 1223 4799 4798 
f 1226 4800 4799 
f 1220 4798 4800 
f 4799 4800 4798 
f 27 4801 4803 
f 1228 4802 4801 
f 1230 4803 4802 
f 4801 4802 4803 
f 322 4804 4806 
f 1229 4805 4804 
f 1228 4806 4805 
f 4804 4805 4806 
f 324 4807 4809 
f 1230 4808 4807 
f 1229 4809 4808 
f 4807 4808 4809 
f 1228 4805 4802 
f 1229 4808 4805 
f 1230 4802 4808 
f 4805 4808 4802 
f 89 4810 4812 
f 1231 4811 4810 
f 1233 4812 4811 
f 4810 4811 4812 
f 323 4813 4815 
f 1232 4814 4813 
f 1231 4815 4814 
f 4813 4814 4815 
f 322 4816 4818 
f 1233 4817 4816 
f 1232 4818 4817 
f 4816 4817 4818 
f 1231 4814 4811 
f 1232 4817 4814 
f 1233 4811 4817 
f 4814 4817 4811 
f 88 4819 4821 
f 1234 4820 4819 
f 1236 4821 4820 
f 4819 4820 4821 
f 324 4822 4824 
f 1235 4823 4822 
f 1234 4824 4823 
f 4822 4823 4824 
f 323 4825 4827 
f 1236 4826 4825 
f 1235 4827 4826 
f 4825 4826 4827 
f 1234 4823 4820 
f 1235 4826 4823 
f 1236 4820 4826 
f 4823 4826 4820 
f 322 4818 4804 
f 1232 4828 4818 
f 1229 4804 4828 
f 4818 4828 4804 
f 323 4827 4813 
f 1235 4829 4827 
f 1232 4813 4829 
f 4827 4829 4813 
f 324 4809 4822 
f 1229 4830 4809 
f 1235 4822 4830 
f 4809 4830 4822 
f 1232 4829 4828 
f 1235 4830 4829 
f 1229 4828 4830 
f 4829 4830 4828 
f 26 4831 4833 
f 1237 4832 4831 
f 1239 4833 4832 
f 4831 4832 4833 
f 325 4834 4836 
f 1238 4835 4834 
f 1237 4836 4835 
f 4834 4835 4836 
f 327 4837 4839 
f 1239 4838 4837 
f 1238 4839 4838 
f 4837 4838 4839 
f 1237 4835 4832 
f 1238 4838 4835 
f 1239 4832 4838 
f 4835 4838 4832 
f 90 4840 4842 
f 1240 4841 4840 
f 1242 4842 4841 
f 4840 4841 4842 
f 326 4843 4845 
f 1241 4844 4843 
f 1240 4845 4844 
f 4843 4844 4845 
f 325 4846 4848 
f 1242 4847 4846 
f 1241 4848 4847 
f 4846 4847 4848 
f 1240 4844 4841 
f 1241 4847 4844 
f 1242 4841 4847 
f 4844 4847 4841 
f 89 4849 4851 
f 1243 4850 4849 
f 1245 4851 4850 
f 4849 4850 4851 
f 327 4852 4854 
f 1244 4853 4852 
f 1243 4854 4853 
f 4852 4853 4854 
f 326 4855 4857 
f 1245 4856 4855 
f 1244 4857 4856 
f 4855 4856 4857 
f 1243 4853 4850 
f 1244 4856 4853 
f 1245 4850 4856 
f 4853 4856 4850 
f 325 4848 4834 
f 1241 4858 4848 
f 1238 4834 4858 
f 4848 4858 4834 
f 326 4857 4843 
f 1244 4859 4857 
f 1241 4843 4859 
f 4857 4859 4843 
f 327 4839 4852 
f 1238 4860 4839 
f 1244 4852 4860 
f 4839 4860 4852 
f 1241 4859 4858 
f 1244 4860 4859 
f 1238 4858 4860 
f 4859 4860 4858 
f 88 4821 4780 
f 1236 4861 4821 
f 1222 4780 4861 
f 4821 4861 4780 
f 323 4862 4825 
f 1246 4863 4862 
f 1236 4825 4863 
f 4862 4863 4825 
f 320 4785 4865 
f 1222 4864 4785 
f 1246 4865 4864 
f 4785 4864 4865 
f 1236 4863 4861 
f 1246 4864 4863 
f 1222 4861 4864 
f 4863 4864 4861 
f 89 4851 4810 
f 1245 4866 4851 
f 1231 4810 4866 
f 4851 4866 4810 
f 326 4867 4855 
f 1247 4868 4867 
f 1245 4855 4868 
f 4867 4868 4855 
f 323 4815 4870 
f 1231 4869 4815 
f 1247 4870 4869 
f 4815 4869 4870 
f 1245 4868 4866 
f 1247 4869 4868 
f 1231 4866 4869 
f 4868 4869 4866 
f 90 4791 4840 
f 1227 4871 4791 
f 1240 4840 4871 
f 4791 4871 4840 
f 320 4872 4795 
f 1248 4873 4872 
f 1227 4795 4873 
f 4872 4873 4795 
f 326 4845 4875 
f 1240 4874 4845 
f 1248 4875 4874 
f 4845 4874 4875 
f 1227 4873 4871 
f 1248 4874 4873 
f 1240 4871 4874 
f 4873 4874 4871 
f 323 4870 4862 
f 1247 4876 4870 
f 1246 4862 4876 
f 4870 4876 4862 
f 326 4875 4867 
f 1248 4877 4875 
f 1247 4867 4877 
f 4875 4877 4867 
f 320 4865 4872 
f 1246 4878 4865 
f 1248 4872 4878 
f 4865 4878 4872 
f 1247 4877 4876 
f 1248 4878 4877 
f 1246 4876 4878 
f 4877 4878 4876 
f 25 4728 4597 
f 1210 4879 4728 
f 1174 4597 4879 
f 4728 4879 4597 
f 318 4880 4731 
f 1249 4881 4880 
f 1210 4731 4881 
f 4880 4881 4731 
f 307 4601 4883 
f 1174 4882 4601 
f 1249 4883 4882 
f 4601 4882 4883 
f 1210 4881 4879 
f 1249 4882 4881 
f 1174 4879 4882 
f 4881 4882 4879 
f 87 4884 4741 
f 1250 4885 4884 
f 1213 4741 4885 
f 4884 4885 4741 
f 328 4886 4888 
f 1251 4887 4886 
f 1250 4888 4887 
f 4886 4887 4888 
f 318 4746 4890 
f 1213 4889 4746 
f 1251 4890 4889 
f 4746 4889 4890 
f 1250 4887 4885 
f 1251 4889 4887 
f 1213 4885 4889 
f 4887 4889 4885 
f 84 4606 4892 
f 1178 4891 4606 
f 1253 4892 4891 
f 4606 4891 4892 
f 307 4893 4610 
f 1252 4894 4893 
f 1178 4610 4894 
f 4893 4894 4610 
f 328 4895 4897 
f 1253 4896 4895 
f 1252 4897 4896 
f 4895 4896 4897 
f 1178 4894 4891 
f 1252 4896 4894 
f 1253 4891 4896 
f 4894 4896 4891 
f 318 4890 4880 
f 1251 4898 4890 
f 1249 4880 4898 
f 4890 4898 4880 
f 328 4897 4886 
f 1252 4899 4897 
f 1251 4886 4899 
f 4897 4899 4886 
f 307 4883 4893 
f 1249 4900 4883 
f 1252 4893 4900 
f 4883 4900 4893 
f 1251 4899 4898 
f 1252 4900 4899 
f 1249 4898 4900 
f 4899 4900 4898 
f 26 4833 4697 
f 1239 4901 4833 
f 1200 4697 4901 
f 4833 4901 4697 
f 327 4902 4837 
f 1254 4903 4902 
f 1239 4837 4903 
f 4902 4903 4837 
f 314 4702 4905 
f 1200 4904 4702 
f 1254 4905 4904 
f 4702 4904 4905 
f 1239 4903 4901 
f 1254 4904 4903 
f 1200 4901 4904 
f 4903 4904 4901 
f 89 4906 4849 
f 1255 4907 4906 
f 1243 4849 4907 
f 4906 4907 4849 
f 329 4908 4910 
f 1256 4909 4908 
f 1255 4910 4909 
f 4908 4909 4910 
f 327 4854 4912 
f 1243 4911 4854 
f 1256 4912 4911 
f 4854 4911 4912 
f 1255 4909 4907 
f 1256 4911 4909 
f 1243 4907 4911 
f 4909 4911 4907 
f 87 4708 4914 
f 1205 4913 4708 
f 1258 4914 4913 
f 4708 4913 4914 
f 314 4915 4712 
f 1257 4916 4915 
f 1205 4712 4916 
f 4915 4916 4712 
f 329 4917 4919 
f 1258 4918 4917 
f 1257 4919 4918 
f 4917 4918 4919 
f 1205 4916 4913 
f 1257 4918 4916 
f 1258 4913 4918 
f 4916 4918 4913 
f 327 4912 4902 
f 1256 4920 4912 
f 1254 4902 4920 
f 4912 4920 4902 
f 329 4919 4908 
f 1257 4921 4919 
f 1256 4908 4921 
f 4919 4921 4908 
f 314 4905 4915 
f 1254 4922 4905 
f 1257 4915 4922 
f 4905 4922 4915 
f 1256 4921 4920 
f 1257 4922 4921 
f 1254 4920 4922 
f 4921 4922 4920 
f 27 4625 4801 
f 1183 4923 4625 
f 1228 4801 4923 
f 4625 4923 4801 
f 311 4924 4629 
f 1259 4925 4924 
f 1183 4629 4925 
f 4924 4925 4629 
f 322 4806 4927 
f 1228 4926 4806 
f 1259 4927 4926 
f 4806 4926 4927 
f 1183 4925 4923 
f 1259 4926 4925 
f 1228 4923 4926 
f 4925 4926 4923 
f 84 4928 4641 
f 1260 4929 4928 
f 1187 4641 4929 
f 4928 4929 4641 
f 330 4930 4932 
f 1261 4931 4930 
f 1260 4932 4931 
f 4930 4931 4932 
f 311 4646 4934 
f 1187 4933 4646 
f 1261 4934 4933 
f 4646 4933 4934 
f 1260 4931 4929 
f 1261 4933 4931 
f 1187 4929 4933 
f 4931 4933 4929 
f 89 4812 4936 
f 1233 4935 4812 
f 1263 4936 4935 
f 4812 4935 4936 
f 322 4937 4816 
f 1262 4938 4937 
f 1233 4816 4938 
f 4937 4938 4816 
f 330 4939 4941 
f 1263 4940 4939 
f 1262 4941 4940 
f 4939 4940 4941 
f 1233 4938 4935 
f 1262 4940 4938 
f 1263 4935 4940 
f 4938 4940 4935 
f 311 4934 4924 
f 1261 4942 4934 
f 1259 4924 4942 
f 4934 4942 4924 
f 330 4941 4930 
f 1262 4943 4941 
f 1261 4930 4943 
f 4941 4943 4930 
f 322 4927 4937 
f 1259 4944 4927 
f 1262 4937 4944 
f 4927 4944 4937 
f 1261 4943 4942 
f 1262 4944 4943 
f 1259 4942 4944 
f 4943 4944 4942 
f 87 4914 4884 
f 1258 4945 4914 
f 1250 4884 4945 
f 4914 4945 4884 
f 329 4946 4917 
f 1264 4947 4946 
f 1258 4917 4947 
f 4946 4947 4917 
f 328 4888 4949 
f 1250 4948 4888 
f 1264 4949 4948 
f 4888 4948 4949 
f 1258 4947 4945 
f 1264 4948 4947 
f 1250 4945 4948 
f 4947 4948 4945 
f 89 4936 4906 
f 1263 4950 4936 
f 1255 4906 4950 
f 4936 4950 4906 
f 330 4951 4939 
f 1265 4952 4951 
f 1263 4939 4952 
f 4951 4952 4939 
f 329 4910 4954 
f 1255 4953 4910 
f 1265 4954 4953 
f 4910 4953 4954 
f 1263 4952 4950 
f 1265 4953 4952 
f 1255 4950 4953 
f 4952 4953 4950 
f 84 4892 4928 
f 1253 4955 4892 
f 1260 4928 4955 
f 4892 4955 4928 
f 328 4956 4895 
f 1266 4957 4956 
f 1253 4895 4957 
f 4956 4957 4895 
f 330 4932 4959 
f 1260 4958 4932 
f 1266 4959 4958 
f 4932 4958 4959 
f 1253 4957 4955 
f 1266 4958 4957 
f 1260 4955 4958 
f 4957 4958 4955 
f 329 4954 4946 
f 1265 4960 4954 
f 1264 4946 4960 
f 4954 4960 4946 
f 330 4959 4951 
f 1266 4961 4959 
f 1265 4951 4961 
f 4959 4961 4951 
f 328 4949 4956 
f 1264 4962 4949 
f 1266 4956 4962 
f 4949 4962 4956 
f 1265 4961 4960 
f 1266 4962 4961 
f 1264 4960 4962 
f 4961 4962 4960 
f 5 4963 4965 
f 1267 4964 4963 
f 1269 4965 4964 
f 4963 4964 4965 
f 331 4966 4968 
f 1268 4967 4966 
f 1267 4968 4967 
f 4966 4967 4968 
f 333 4969 4971 
f 1269 4970 4969 
f 1268 4971 4970 
f 4969 4970 4971 
f 1267 4967 4964 
f 1268 4970 4967 
f 1269 4964 4970 
f 4967 4970 4964 
f 91 4972 4974 
f 1270 4973 4972 
f 1272 4974 4973 
f 4972 4973 4974 
f 332 4975 4977 
f 1271 4976 4975 
f 1270 4977 4976 
f 4975 4976 4977 
f 331 4978 4980 
f 1272 4979 4978 
f 1271 4980 4979 
f 4978 4979 4980 
f 1270 4976 4973 
f 1271 4979 4976 
f 1272 4973 4979 
f 4976 4979 4973 
f 93 4981 4983 
f 1273 4982 4981 
f 1275 4983 4982 
f 4981 4982 4983 
f 333 4984 4986 
f 1274 4985 4984 
f 1273 4986 4985 
f 4984 4985 4986 
f 332 4987 4989 
f 1275 4988 4987 
f 1274 4989 4988 
f 4987 4988 4989 
f 1273 4985 4982 
f 1274 4988 4985 
f 1275 4982 4988 
f 4985 4988 4982 
f 331 4980 4966 
f 1271 4990 4980 
f 1268 4966 4990 
f 4980 4990 4966 
f 332 4989 4975 
f 1274 4991 4989 
f 1271 4975 4991 
f 4989 4991 4975 
f 333 4971 4984 
f 1268 4992 4971 
f 1274 4984 4992 
f 4971 4992 4984 
f 1271 4991 4990 
f 1274 4992 4991 
f 1268 4990 4992 
f 4991 4992 4990 
f 28 4993 4995 
f 1276 4994 4993 
f 1278 4995 4994 
f 4993 4994 4995 
f 334 4996 4998 
f 1277 4997 4996 
f 1276 4998 4997 
f 4996 4997 4998 
f 336 4999 5001 
f 1278 5000 4999 
f 1277 5001 5000 
f 4999 5000 5001 
f 1276 4997 4994 
f 1277 5000 4997 
f 1278 4994 5000 
f 4997 5000 4994 
f 92 5002 5004 
f 1279 5003 5002 
f 1281 5004 5003 
f 5002 5003 5004 
f 335 5005 5007 
f 1280 5006 5005 
f 1279 5007 5006 
f 5005 5006 5007 
f 334 5008 5010 
f 1281 5009 5008 
f 1280 5010 5009 
f 5008 5009 5010 
f 1279 5006 5003 
f 1280 5009 5006 
f 1281 5003 5009 
f 5006 5009 5003 
f 91 5011 5013 
f 1282 5012 5011 
f 1284 5013 5012 
f 5011 5012 5013 
f 336 5014 5016 
f 1283 5015 5014 
f 1282 5016 5015 
f 5014 5015 5016 
f 335 5017 5019 
f 1284 5018 5017 
f 1283 5019 5018 
f 5017 5018 5019 
f 1282 5015 5012 
f 1283 5018 5015 
f 1284 5012 5018 
f 5015 5018 5012 
f 334 5010 4996 
f 1280 5020 5010 
f 1277 4996 5020 
f 5010 5020 4996 
f 335 5019 5005 
f 1283 5021 5019 
f 1280 5005 5021 
f 5019 5021 5005 
f 336 5001 5014 
f 1277 5022 5001 
f 1283 5014 5022 
f 5001 5022 5014 
f 1280 5021 5020 
f 1283 5022 5021 
f 1277 5020 5022 
f 5021 5022 5020 
f 30 5023 5025 
f 1285 5024 5023 
f 1287 5025 5024 
f 5023 5024 5025 
f 337 5026 5028 
f 1286 5027 5026 
f 1285 5028 5027 
f 5026 5027 5028 
f 339 5029 5031 
f 1287 5030 5029 
f 1286 5031 5030 
f 5029 5030 5031 
f 1285 5027 5024 
f 1286 5030 5027 
f 1287 5024 5030 
f 5027 5030 5024 
f 93 5032 5034 
f 1288 5033 5032 
f 1290 5034 5033 
f 5032 5033 5034 
f 338 5035 5037 
f 1289 5036 5035 
f 1288 5037 5036 
f 5035 5036 5037 
f 337 5038 5040 
f 1290 5039 5038 
f 1289 5040 5039 
f 5038 5039 5040 
f 1288 5036 5033 
f 1289 5039 5036 
f 1290 5033 5039 
f 5036 5039 5033 
f 92 5041 5043 
f 1291 5042 5041 
f 1293 5043 5042 
f 5041 5042 5043 
f 339 5044 5046 
f 1292 5045 5044 
f 1291 5046 5045 
f 5044 5045 5046 
f 338 5047 5049 
f 1293 5048 5047 
f 1292 5049 5048 
f 5047 5048 5049 
f 1291 5045 5042 
f 1292 5048 5045 
f 1293 5042 5048 
f 5045 5048 5042 
f 337 5040 5026 
f 1289 5050 5040 
f 1286 5026 5050 
f 5040 5050 5026 
f 338 5049 5035 
f 1292 5051 5049 
f 1289 5035 5051 
f 5049 5051 5035 
f 339 5031 5044 
f 1286 5052 5031 
f 1292 5044 5052 
f 5031 5052 5044 
f 1289 5051 5050 
f 1292 5052 5051 
f 1286 5050 5052 
f 5051 5052 5050 
f 91 5013 4972 
f 1284 5053 5013 
f 1270 4972 5053 
f 5013 5053 4972 
f 335 5054 5017 
f 1294 5055 5054 
f 1284 5017 5055 
f 5054 5055 5017 
f 332 4977 5057 
f 1270 5056 4977 
f 1294 5057 5056 
f 4977 5056 5057 
f 1284 5055 5053 
f 1294 5056 5055 
f 1270 5053 5056 
f 5055 5056 5053 
f 92 5043 5002 
f 1293 5058 5043 
f 1279 5002 5058 
f 5043 5058 5002 
f 338 5059 5047 
f 1295 5060 5059 
f 1293 5047 5060 
f 5059 5060 5047 
f 335 5007 5062 
f 1279 5061 5007 
f 1295 5062 5061 
f 5007 5061 5062 
f 1293 5060 5058 
f 1295 5061 5060 
f 1279 5058 5061 
f 5060 5061 5058 
f 93 4983 5032 
f 1275 5063 4983 
f 1288 5032 5063 
f 4983 5063 5032 
f 332 5064 4987 
f 1296 5065 5064 
f 1275 4987 5065 
f 5064 5065 4987 
f 338 5037 5067 
f 1288 5066 5037 
f 1296 5067 5066 
f 5037 5066 5067 
f 1275 5065 5063 
f 1296 5066 5065 
f 1288 5063 5066 
f 5065 5066 5063 
f 335 5062 5054 
f 1295 5068 5062 
f 1294 5054 5068 
f 5062 5068 5054 
f 338 5067 5059 
f 1296 5069 5067 
f 1295 5059 5069 
f 5067 5069 5059 
f 332 5057 5064 
f 1294 5070 5057 
f 1296 5064 5070 
f 5057 5070 5064 
f 1295 5069 5068 
f 1296 5070 5069 
f 1294 5068 5070 
f 5069 5070 5068 
f 12 5071 5073 
f 1297 5072 5071 
f 1299 5073 5072 
f 5071 5072 5073 
f 340 5074 5076 
f 1298 5075 5074 
f 1297 5076 5075 
f 5074 5075 5076 
f 342 5077 5079 
f 1299 5078 5077 
f 1298 5079 5078 
f 5077 5078 5079 
f 1297 5075 5072 
f 1298 5078 5075 
f 1299 5072 5078 
f 5075 5078 5072 
f 94 5080 5082 
f 1300 5081 5080 
f 1302 5082 5081 
f 5080 5081 5082 
f 341 5083 5085 
f 1301 5084 5083 
f 1300 5085 5084 
f 5083 5084 5085 
f 340 5086 5088 
f 1302 5087 5086 
f 1301 5088 5087 
f 5086 5087 5088 
f 1300 5084 5081 
f 1301 5087 5084 
f 1302 5081 5087 
f 5084 5087 5081 
f 96 5089 5091 
f 1303 5090 5089 
f 1305 5091 5090 
f 5089 5090 5091 
f 342 5092 5094 
f 1304 5093 5092 
f 1303 5094 5093 
f 5092 5093 5094 
f 341 5095 5097 
f 1305 5096 5095 
f 1304 5097 5096 
f 5095 5096 5097 
f 1303 5093 5090 
f 1304 5096 5093 
f 1305 5090 5096 
f 5093 5096 5090 
f 340 5088 5074 
f 1301 5098 5088 
f 1298 5074 5098 
f 5088 5098 5074 
f 341 5097 5083 
f 1304 5099 5097 
f 1301 5083 5099 
f 5097 5099 5083 
f 342 5079 5092 
f 1298 5100 5079 
f 1304 5092 5100 
f 5079 5100 5092 
f 1301 5099 5098 
f 1304 5100 5099 
f 1298 5098 5100 
f 5099 5100 5098 
f 29 5101 5103 
f 1306 5102 5101 
f 1308 5103 5102 
f 5101 5102 5103 
f 343 5104 5106 
f 1307 5105 5104 
f 1306 5106 5105 
f 5104 5105 5106 
f 345 5107 5109 
f 1308 5108 5107 
f 1307 5109 5108 
f 5107 5108 5109 
f 1306 5105 5102 
f 1307 5108 5105 
f 1308 5102 5108 
f 5105 5108 5102 
f 95 5110 5112 
f 1309 5111 5110 
f 1311 5112 5111 
f 5110 5111 5112 
f 344 5113 5115 
f 1310 5114 5113 
f 1309 5115 5114 
f 5113 5114 5115 
f 343 5116 5118 
f 1311 5117 5116 
f 1310 5118 5117 
f 5116 5117 5118 
f 1309 5114 5111 
f 1310 5117 5114 
f 1311 5111 5117 
f 5114 5117 5111 
f 94 5119 5121 
f 1312 5120 5119 
f 1314 5121 5120 
f 5119 5120 5121 
f 345 5122 5124 
f 1313 5123 5122 
f 1312 5124 5123 
f 5122 5123 5124 
f 344 5125 5127 
f 1314 5126 5125 
f 1313 5127 5126 
f 5125 5126 5127 
f 1312 5123 5120 
f 1313 5126 5123 
f 1314 5120 5126 
f 5123 5126 5120 
f 343 5118 5104 
f 1310 5128 5118 
f 1307 5104 5128 
f 5118 5128 5104 
f 344 5127 5113 
f 1313 5129 5127 
f 1310 5113 5129 
f 5127 5129 5113 
f 345 5109 5122 
f 1307 5130 5109 
f 1313 5122 5130 
f 5109 5130 5122 
f 1310 5129 5128 
f 1313 5130 5129 
f 1307 5128 5130 
f 5129 5130 5128 
f 28 5131 5133 
f 1315 5132 5131 
f 1317 5133 5132 
f 5131 5132 5133 
f 346 5134 5136 
f 1316 5135 5134 
f 1315 5136 5135 
f 5134 5135 5136 
f 348 5137 5139 
f 1317 5138 5137 
f 1316 5139 5138 
f 5137 5138 5139 
f 1315 5135 5132 
f 1316 5138 5135 
f 1317 5132 5138 
f 5135 5138 5132 
f 96 5140 5142 
f 1318 5141 5140 
f 1320 5142 5141 
f 5140 5141 5142 
f 347 5143 5145 
f 1319 5144 5143 
f 1318 5145 5144 
f 5143 5144 5145 
f 346 5146 5148 
f 1320 5147 5146 
f 1319 5148 5147 
f 5146 5147 5148 
f 1318 5144 5141 
f 1319 5147 5144 
f 1320 5141 5147 
f 5144 5147 5141 
f 95 5149 5151 
f 1321 5150 5149 
f 1323 5151 5150 
f 5149 5150 5151 
f 348 5152 5154 
f 1322 5153 5152 
f 1321 5154 5153 
f 5152 5153 5154 
f 347 5155 5157 
f 1323 5156 5155 
f 1322 5157 5156 
f 5155 5156 5157 
f 1321 5153 5150 
f 1322 5156 5153 
f 1323 5150 5156 
f 5153 5156 5150 
f 346 5148 5134 
f 1319 5158 5148 
f 1316 5134 5158 
f 5148 5158 5134 
f 347 5157 5143 
f 1322 5159 5157 
f 1319 5143 5159 
f 5157 5159 5143 
f 348 5139 5152 
f 1316 5160 5139 
f 1322 5152 5160 
f 5139 5160 5152 
f 1319 5159 5158 
f 1322 5160 5159 
f 1316 5158 5160 
f 5159 5160 5158 
f 94 5121 5080 
f 1314 5161 5121 
f 1300 5080 5161 
f 5121 5161 5080 
f 344 5162 5125 
f 1324 5163 5162 
f 1314 5125 5163 
f 5162 5163 5125 
f 341 5085 5165 
f 1300 5164 5085 
f 1324 5165 5164 
f 5085 5164 5165 
f 1314 5163 5161 
f 1324 5164 5163 
f 1300 5161 5164 
f 5163 5164 5161 
f 95 5151 5110 
f 1323 5166 5151 
f 1309 5110 5166 
f 5151 5166 5110 
f 347 5167 5155 
f 1325 5168 5167 
f 1323 5155 5168 
f 5167 5168 5155 
f 344 5115 5170 
f 1309 5169 5115 
f 1325 5170 5169 
f 5115 5169 5170 
f 1323 5168 5166 
f 1325 5169 5168 
f 1309 5166 5169 
f 5168 5169 5166 
f 96 5091 5140 
f 1305 5171 5091 
f 1318 5140 5171 
f 5091 5171 5140 
f 341 5172 5095 
f 1326 5173 5172 
f 1305 5095 5173 
f 5172 5173 5095 
f 347 5145 5175 
f 1318 5174 5145 
f 1326 5175 5174 
f 5145 5174 5175 
f 1305 5173 5171 
f 1326 5174 5173 
f 1318 5171 5174 
f 5173 5174 5171 
f 344 5170 5162 
f 1325 5176 5170 
f 1324 5162 5176 
f 5170 5176 5162 
f 347 5175 5167 
f 1326 5177 5175 
f 1325 5167 5177 
f 5175 5177 5167 
f 341 5165 5172 
f 1324 5178 5165 
f 1326 5172 5178 
f 5165 5178 5172 
f 1325 5177 5176 
f 1326 5178 5177 
f 1324 5176 5178 
f 5177 5178 5176 
f 11 5179 5181 
f 1327 5180 5179 
f 1329 5181 5180 
f 5179 5180 5181 
f 349 5182 5184 
f 1328 5183 5182 
f 1327 5184 5183 
f 5182 5183 5184 
f 351 5185 5187 
f 1329 5186 5185 
f 1328 5187 5186 
f 5185 5186 5187 
f 1327 5183 5180 
f 1328 5186 5183 
f 1329 5180 5186 
f 5183 5186 5180 
f 97 5188 5190 
f 1330 5189 5188 
f 1332 5190 5189 
f 5188 5189 5190 
f 350 5191 5193 
f 1331 5192 5191 
f 1330 5193 5192 
f 5191 5192 5193 
f 349 5194 5196 
f 1332 5195 5194 
f 1331 5196 5195 
f 5194 5195 5196 
f 1330 5192 5189 
f 1331 5195 5192 
f 1332 5189 5195 
f 5192 5195 5189 
f 99 5197 5199 
f 1333 5198 5197 
f 1335 5199 5198 
f 5197 5198 5199 
f 351 5200 5202 
f 1334 5201 5200 
f 1333 5202 5201 
f 5200 5201 5202 
f 350 5203 5205 
f 1335 5204 5203 
f 1334 5205 5204 
f 5203 5204 5205 
f 1333 5201 5198 
f 1334 5204 5201 
f 1335 5198 5204 
f 5201 5204 5198 
f 349 5196 5182 
f 1331 5206 5196 
f 1328 5182 5206 
f 5196 5206 5182 
f 350 5205 5191 
f 1334 5207 5205 
f 1331 5191 5207 
f 5205 5207 5191 
f 351 5187 5200 
f 1328 5208 5187 
f 1334 5200 5208 
f 5187 5208 5200 
f 1331 5207 5206 
f 1334 5208 5207 
f 1328 5206 5208 
f 5207 5208 5206 
f 30 5209 5211 
f 1336 5210 5209 
f 1338 5211 5210 
f 5209 5210 5211 
f 352 5212 5214 
f 1337 5213 5212 
f 1336 5214 5213 
f 5212 5213 5214 
f 354 5215 5217 
f 1338 5216 5215 
f 1337 5217 5216 
f 5215 5216 5217 
f 1336 5213 5210 
f 1337 5216 5213 
f 1338 5210 5216 
f 5213 5216 5210 
f 98 5218 5220 
f 1339 5219 5218 
f 1341 5220 5219 
f 5218 5219 5220 
f 353 5221 5223 
f 1340 5222 5221 
f 1339 5223 5222 
f 5221 5222 5223 
f 352 5224 5226 
f 1341 5225 5224 
f 1340 5226 5225 
f 5224 5225 5226 
f 1339 5222 5219 
f 1340 5225 5222 
f 1341 5219 5225 
f 5222 5225 5219 
f 97 5227 5229 
f 1342 5228 5227 
f 1344 5229 5228 
f 5227 5228 5229 
f 354 5230 5232 
f 1343 5231 5230 
f 1342 5232 5231 
f 5230 5231 5232 
f 353 5233 5235 
f 1344 5234 5233 
f 1343 5235 5234 
f 5233 5234 5235 
f 1342 5231 5228 
f 1343 5234 5231 
f 1344 5228 5234 
f 5231 5234 5228 
f 352 5226 5212 
f 1340 5236 5226 
f 1337 5212 5236 
f 5226 5236 5212 
f 353 5235 5221 
f 1343 5237 5235 
f 1340 5221 5237 
f 5235 5237 5221 
f 354 5217 5230 
f 1337 5238 5217 
f 1343 5230 5238 
f 5217 5238 5230 
f 1340 5237 5236 
f 1343 5238 5237 
f 1337 5236 5238 
f 5237 5238 5236 
f 29 5239 5241 
f 1345 5240 5239 
f 1347 5241 5240 
f 5239 5240 5241 
f 355 5242 5244 
f 1346 5243 5242 
f 1345 5244 5243 
f 5242 5243 5244 
f 357 5245 5247 
f 1347 5246 5245 
f 1346 5247 5246 
f 5245 5246 5247 
f 1345 5243 5240 
f 1346 5246 5243 
f 1347 5240 5246 
f 5243 5246 5240 
f 99 5248 5250 
f 1348 5249 5248 
f 1350 5250 5249 
f 5248 5249 5250 
f 356 5251 5253 
f 1349 5252 5251 
f 1348 5253 5252 
f 5251 5252 5253 
f 355 5254 5256 
f 1350 5255 5254 
f 1349 5256 5255 
f 5254 5255 5256 
f 1348 5252 5249 
f 1349 5255 5252 
f 1350 5249 5255 
f 5252 5255 5249 
f 98 5257 5259 
f 1351 5258 5257 
f 1353 5259 5258 
f 5257 5258 5259 
f 357 5260 5262 
f 1352 5261 5260 
f 1351 5262 5261 
f 5260 5261 5262 
f 356 5263 5265 
f 1353 5264 5263 
f 1352 5265 5264 
f 5263 5264 5265 
f 1351 5261 5258 
f 1352 5264 5261 
f 1353 5258 5264 
f 5261 5264 5258 
f 355 5256 5242 
f 1349 5266 5256 
f 1346 5242 5266 
f 5256 5266 5242 
f 356 5265 5251 
f 1352 5267 5265 
f 1349 5251 5267 
f 5265 5267 5251 
f 357 5247 5260 
f 1346 5268 5247 
f 1352 5260 5268 
f 5247 5268 5260 
f 1349 5267 5266 
f 1352 5268 5267 
f 1346 5266 5268 
f 5267 5268 5266 
f 97 5229 5188 
f 1344 5269 5229 
f 1330 5188 5269 
f 5229 5269 5188 
f 353 5270 5233 
f 1354 5271 5270 
f 1344 5233 5271 
f 5270 5271 5233 
f 350 5193 5273 
f 1330 5272 5193 
f 1354 5273 5272 
f 5193 5272 5273 
f 1344 5271 5269 
f 1354 5272 5271 
f 1330 5269 5272 
f 5271 5272 5269 
f 98 5259 5218 
f 1353 5274 5259 
f 1339 5218 5274 
f 5259 5274 5218 
f 356 5275 5263 
f 1355 5276 5275 
f 1353 5263 5276 
f 5275 5276 5263 
f 353 5223 5278 
f 1339 5277 5223 
f 1355 5278 5277 
f 5223 5277 5278 
f 1353 5276 5274 
f 1355 5277 5276 
f 1339 5274 5277 
f 5276 5277 5274 
f 99 5199 5248 
f 1335 5279 5199 
f 1348 5248 5279 
f 5199 5279 5248 
f 350 5280 5203 
f 1356 5281 5280 
f 1335 5203 5281 
f 5280 5281 5203 
f 356 5253 5283 
f 1348 5282 5253 
f 1356 5283 5282 
f 5253 5282 5283 
f 1335 5281 5279 
f 1356 5282 5281 
f 1348 5279 5282 
f 5281 5282 5279 
f 353 5278 5270 
f 1355 5284 5278 
f 1354 5270 5284 
f 5278 5284 5270 
f 356 5283 5275 
f 1356 5285 5283 
f 1355 5275 5285 
f 5283 5285 5275 
f 350 5273 5280 
f 1354 5286 5273 
f 1356 5280 5286 
f 5273 5286 5280 
f 1355 5285 5284 
f 1356 5286 5285 
f 1354 5284 5286 
f 5285 5286 5284 
f 28 5133 4993 
f 1317 5287 5133 
f 1276 4993 5287 
f 5133 5287 4993 
f 348 5288 5137 
f 1357 5289 5288 
f 1317 5137 5289 
f 5288 5289 5137 
f 334 4998 5291 
f 1276 5290 4998 
f 1357 5291 5290 
f 4998 5290 5291 
f 1317 5289 5287 
f 1357 5290 5289 
f 1276 5287 5290 
f 5289 5290 5287 
f 95 5292 5149 
f 1358 5293 5292 
f 1321 5149 5293 
f 5292 5293 5149 
f 358 5294 5296 
f 1359 5295 5294 
f 1358 5296 5295 
f 5294 5295 5296 
f 348 5154 5298 
f 1321 5297 5154 
f 1359 5298 5297 
f 5154 5297 5298 
f 1358 5295 5293 
f 1359 5297 5295 
f 1321 5293 5297 
f 5295 5297 5293 
f 92 5004 5300 
f 1281 5299 5004 
f 1361 5300 5299 
f 5004 5299 5300 
f 334 5301 5008 
f 1360 5302 5301 
f 1281 5008 5302 
f 5301 5302 5008 
f 358 5303 5305 
f 1361 5304 5303 
f 1360 5305 5304 
f 5303 5304 5305 
f 1281 5302 5299 
f 1360 5304 5302 
f 1361 5299 5304 
f 5302 5304 5299 
f 348 5298 5288 
f 1359 5306 5298 
f 1357 5288 5306 
f 5298 5306 5288 
f 358 5305 5294 
f 1360 5307 5305 
f 1359 5294 5307 
f 5305 5307 5294 
f 334 5291 5301 
f 1357 5308 5291 
f 1360 5301 5308 
f 5291 5308 5301 
f 1359 5307 5306 
f 1360 5308 5307 
f 1357 5306 5308 
f 5307 5308 5306 
f 29 5241 5101 
f 1347 5309 5241 
f 1306 5101 5309 
f 5241 5309 5101 
f 357 5310 5245 
f 1362 5311 5310 
f 1347 5245 5311 
f 5310 5311 5245 
f 343 5106 5313 
f 1306 5312 5106 
f 1362 5313 5312 
f 5106 5312 5313 
f 1347 5311 5309 
f 1362 5312 5311 
f 1306 5309 5312 
f 5311 5312 5309 
f 98 5314 5257 
f 1363 5315 5314 
f 1351 5257 5315 
f 5314 5315 5257 
f 359 5316 5318 
f 1364 5317 5316 
f 1363 5318 5317 
f 5316 5317 5318 
f 357 5262 5320 
f 1351 5319 5262 
f 1364 5320 5319 
f 5262 5319 5320 
f 1363 5317 5315 
f 1364 5319 5317 
f 1351 5315 5319 
f 5317 5319 5315 
f 95 5112 5322 
f 1311 5321 5112 
f 1366 5322 5321 
f 5112 5321 5322 
f 343 5323 5116 
f 1365 5324 5323 
f 1311 5116 5324 
f 5323 5324 5116 
f 359 5325 5327 
f 1366 5326 5325 
f 1365 5327 5326 
f 5325 5326 5327 
f 1311 5324 5321 
f 1365 5326 5324 
f 1366 5321 5326 
f 5324 5326 5321 
f 357 5320 5310 
f 1364 5328 5320 
f 1362 5310 5328 
f 5320 5328 5310 
f 359 5327 5316 
f 1365 5329 5327 
f 1364 5316 5329 
f 5327 5329 5316 
f 343 5313 5323 
f 1362 5330 5313 
f 1365 5323 5330 
f 5313 5330 5323 
f 1364 5329 5328 
f 1365 5330 5329 
f 1362 5328 5330 
f 5329 5330 5328 
f 30 5025 5209 
f 1287 5331 5025 
f 1336 5209 5331 
f 5025 5331 5209 
f 339 5332 5029 
f 1367 5333 5332 
f 1287 5029 5333 
f 5332 5333 5029 
f 352 5214 5335 
f 1336 5334 5214 
f 1367 5335 5334 
f 5214 5334 5335 
f 1287 5333 5331 
f 1367 5334 5333 
f 1336 5331 5334 
f 5333 5334 5331 
f 92 5336 5041 
f 1368 5337 5336 
f 1291 5041 5337 
f 5336 5337 5041 
f 360 5338 5340 
f 1369 5339 5338 
f 1368 5340 5339 
f 5338 5339 5340 
f 339 5046 5342 
f 1291 5341 5046 
f 1369 5342 5341 
f 5046 5341 5342 
f 1368 5339 5337 
f 1369 5341 5339 
f 1291 5337 5341 
f 5339 5341 5337 
f 98 5220 5344 
f 1341 5343 5220 
f 1371 5344 5343 
f 5220 5343 5344 
f 352 5345 5224 
f 1370 5346 5345 
f 1341 5224 5346 
f 5345 5346 5224 
f 360 5347 5349 
f 1371 5348 5347 
f 1370 5349 5348 
f 5347 5348 5349 
f 1341 5346 5343 
f 1370 5348 5346 
f 1371 5343 5348 
f 5346 5348 5343 
f 339 5342 5332 
f 1369 5350 5342 
f 1367 5332 5350 
f 5342 5350 5332 
f 360 5349 5338 
f 1370 5351 5349 
f 1369 5338 5351 
f 5349 5351 5338 
f 352 5335 5345 
f 1367 5352 5335 
f 1370 5345 5352 
f 5335 5352 5345 
f 1369 5351 5350 
f 1370 5352 5351 
f 1367 5350 5352 
f 5351 5352 5350 
f 95 5322 5292 
f 1366 5353 5322 
f 1358 5292 5353 
f 5322 5353 5292 
f 359 5354 5325 
f 1372 5355 5354 
f 1366 5325 5355 
f 5354 5355 5325 
f 358 5296 5357 
f 1358 5356 5296 
f 1372 5357 5356 
f 5296 5356 5357 
f 1366 5355 5353 
f 1372 5356 5355 
f 1358 5353 5356 
f 5355 5356 5353 
f 98 5344 5314 
f 1371 5358 5344 
f 1363 5314 5358 
f 5344 5358 5314 
f 360 5359 5347 
f 1373 5360 5359 
f 1371 5347 5360 
f 5359 5360 5347 
f 359 5318 5362 
f 1363 5361 5318 
f 1373 5362 5361 
f 5318 5361 5362 
f 1371 5360 5358 
f 1373 5361 5360 
f 1363 5358 5361 
f 5360 5361 5358 
f 92 5300 5336 
f 1361 5363 5300 
f 1368 5336 5363 
f 5300 5363 5336 
f 358 5364 5303 
f 1374 5365 5364 
f 1361 5303 5365 
f 5364 5365 5303 
f 360 5340 5367 
f 1368 5366 5340 
f 1374 5367 5366 
f 5340 5366 5367 
f 1361 5365 5363 
f 1374 5366 5365 
f 1368 5363 5366 
f 5365 5366 5363 
f 359 5362 5354 
f 1373 5368 5362 
f 1372 5354 5368 
f 5362 5368 5354 
f 360 5367 5359 
f 1374 5369 5367 
f 1373 5359 5369 
f 5367 5369 5359 
f 358 5357 5364 
f 1372 5370 5357 
f 1374 5364 5370 
f 5357 5370 5364 
f 1373 5369 5368 
f 1374 5370 5369 
f 1372 5368 5370 
f 5369 5370 5368 
f 8 5371 5373 
f 1375 5372 5371 
f 1377 5373 5372 
f 5371 5372 5373 
f 361 5374 5376 
f 1376 5375 5374 
f 1375 5376 5375 
f 5374 5375 5376 
f 363 5377 5379 
f 1377 5378 5377 
f 1376 5379 5378 
f 5377 5378 5379 
f 1375 5375 5372 
f 1376 5378 5375 
f 1377 5372 5378 
f 5375 5378 5372 
f 100 5380 5382 
f 1378 5381 5380 
f 1380 5382 5381 
f 5380 5381 5382 
f 362 5383 5385 
f 1379 5384 5383 
f 1378 5385 5384 
f 5383 5384 5385 
f 361 5386 5388 
f 1380 5387 5386 
f 1379 5388 5387 
f 5386 5387 5388 
f 1378 5384 5381 
f 1379 5387 5384 
f 1380 5381 5387 
f 5384 5387 5381 
f 102 5389 5391 
f 1381 5390 5389 
f 1383 5391 5390 
f 5389 5390 5391 
f 363 5392 5394 
f 1382 5393 5392 
f 1381 5394 5393 
f 5392 5393 5394 
f 362 5395 5397 
f 1383 5396 5395 
f 1382 5397 5396 
f 5395 5396 5397 
f 1381 5393 5390 
f 1382 5396 5393 
f 1383 5390 5396 
f 5393 5396 5390 
f 361 5388 5374 
f 1379 5398 5388 
f 1376 5374 5398 
f 5388 5398 5374 
f 362 5397 5383 
f 1382 5399 5397 
f 1379 5383 5399 
f 5397 5399 5383 
f 363 5379 5392 
f 1376 5400 5379 
f 1382 5392 5400 
f 5379 5400 5392 
f 1379 5399 5398 
f 1382 5400 5399 
f 1376 5398 5400 
f 5399 5400 5398 
f 31 5401 5403 
f 1384 5402 5401 
f 1386 5403 5402 
f 5401 5402 5403 
f 364 5404 5406 
f 1385 5405 5404 
f 1384 5406 5405 
f 5404 5405 5406 
f 366 5407 5409 
f 1386 5408 5407 
f 1385 5409 5408 
f 5407 5408 5409 
f 1384 5405 5402 
f 1385 5408 5405 
f 1386 5402 5408 
f 5405 5408 5402 
f 101 5410 5412 
f 1387 5411 5410 
f 1389 5412 5411 
f 5410 5411 5412 
f 365 5413 5415 
f 1388 5414 5413 
f 1387 5415 5414 
f 5413 5414 5415 
f 364 5416 5418 
f 1389 5417 5416 
f 1388 5418 5417 
f 5416 5417 5418 
f 1387 5414 5411 
f 1388 5417 5414 
f 1389 5411 5417 
f 5414 5417 5411 
f 100 5419 5421 
f 1390 5420 5419 
f 1392 5421 5420 
f 5419 5420 5421 
f 366 5422 5424 
f 1391 5423 5422 
f 1390 5424 5423 
f 5422 5423 5424 
f 365 5425 5427 
f 1392 5426 5425 
f 1391 5427 5426 
f 5425 5426 5427 
f 1390 5423 5420 
f 1391 5426 5423 
f 1392 5420 5426 
f 5423 5426 5420 
f 364 5418 5404 
f 1388 5428 5418 
f 1385 5404 5428 
f 5418 5428 5404 
f 365 5427 5413 
f 1391 5429 5427 
f 1388 5413 5429 
f 5427 5429 5413 
f 366 5409 5422 
f 1385 5430 5409 
f 1391 5422 5430 
f 5409 5430 5422 
f 1388 5429 5428 
f 1391 5430 5429 
f 1385 5428 5430 
f 5429 5430 5428 
f 32 5431 5433 
f 1393 5432 5431 
f 1395 5433 5432 
f 5431 5432 5433 
f 367 5434 5436 
f 1394 5435 5434 
f 1393 5436 5435 
f 5434 5435 5436 
f 369 5437 5439 
f 1395 5438 5437 
f 1394 5439 5438 
f 5437 5438 5439 
f 1393 5435 5432 
f 1394 5438 5435 
f 1395 5432 5438 
f 5435 5438 5432 
f 102 5440 5442 
f 1396 5441 5440 
f 1398 5442 5441 
f 5440 5441 5442 
f 368 5443 5445 
f 1397 5444 5443 
f 1396 5445 5444 
f 5443 5444 5445 
f 367 5446 5448 
f 1398 5447 5446 
f 1397 5448 5447 
f 5446 5447 5448 
f 1396 5444 5441 
f 1397 5447 5444 
f 1398 5441 5447 
f 5444 5447 5441 
f 101 5449 5451 
f 1399 5450 5449 
f 1401 5451 5450 
f 5449 5450 5451 
f 369 5452 5454 
f 1400 5453 5452 
f 1399 5454 5453 
f 5452 5453 5454 
f 368 5455 5457 
f 1401 5456 5455 
f 1400 5457 5456 
f 5455 5456 5457 
f 1399 5453 5450 
f 1400 5456 5453 
f 1401 5450 5456 
f 5453 5456 5450 
f 367 5448 5434 
f 1397 5458 5448 
f 1394 5434 5458 
f 5448 5458 5434 
f 368 5457 5443 
f 1400 5459 5457 
f 1397 5443 5459 
f 5457 5459 5443 
f 369 5439 5452 
f 1394 5460 5439 
f 1400 5452 5460 
f 5439 5460 5452 
f 1397 5459 5458 
f 1400 5460 5459 
f 1394 5458 5460 
f 5459 5460 5458 
f 100 5421 5380 
f 1392 5461 5421 
f 1378 5380 5461 
f 5421 5461 5380 
f 365 5462 5425 
f 1402 5463 5462 
f 1392 5425 5463 
f 5462 5463 5425 
f 362 5385 5465 
f 1378 5464 5385 
f 1402 5465 5464 
f 5385 5464 5465 
f 1392 5463 5461 
f 1402 5464 5463 
f 1378 5461 5464 
f 5463 5464 5461 
f 101 5451 5410 
f 1401 5466 5451 
f 1387 5410 5466 
f 5451 5466 5410 
f 368 5467 5455 
f 1403 5468 5467 
f 1401 5455 5468 
f 5467 5468 5455 
f 365 5415 5470 
f 1387 5469 5415 
f 1403 5470 5469 
f 5415 5469 5470 
f 1401 5468 5466 
f 1403 5469 5468 
f 1387 5466 5469 
f 5468 5469 5466 
f 102 5391 5440 
f 1383 5471 5391 
f 1396 5440 5471 
f 5391 5471 5440 
f 362 5472 5395 
f 1404 5473 5472 
f 1383 5395 5473 
f 5472 5473 5395 
f 368 5445 5475 
f 1396 5474 5445 
f 1404 5475 5474 
f 5445 5474 5475 
f 1383 5473 5471 
f 1404 5474 5473 
f 1396 5471 5474 
f 5473 5474 5471 
f 365 5470 5462 
f 1403 5476 5470 
f 1402 5462 5476 
f 5470 5476 5462 
f 368 5475 5467 
f 1404 5477 5475 
f 1403 5467 5477 
f 5475 5477 5467 
f 362 5465 5472 
f 1402 5478 5465 
f 1404 5472 5478 
f 5465 5478 5472 
f 1403 5477 5476 
f 1404 5478 5477 
f 1402 5476 5478 
f 5477 5478 5476 
f 11 5181 5480 
f 1329 5479 5181 
f 1406 5480 5479 
f 5181 5479 5480 
f 351 5481 5185 
f 1405 5482 5481 
f 1329 5185 5482 
f 5481 5482 5185 
f 371 5483 5485 
f 1406 5484 5483 
f 1405 5485 5484 
f 5483 5484 5485 
f 1329 5482 5479 
f 1405 5484 5482 
f 1406 5479 5484 
f 5482 5484 5479 
f 99 5486 5197 
f 1407 5487 5486 
f 1333 5197 5487 
f 5486 5487 5197 
f 370 5488 5490 
f 1408 5489 5488 
f 1407 5490 5489 
f 5488 5489 5490 
f 351 5202 5492 
f 1333 5491 5202 
f 1408 5492 5491 
f 5202 5491 5492 
f 1407 5489 5487 
f 1408 5491 5489 
f 1333 5487 5491 
f 5489 5491 5487 
f 104 5493 5495 
f 1409 5494 5493 
f 1411 5495 5494 
f 5493 5494 5495 
f 371 5496 5498 
f 1410 5497 5496 
f 1409 5498 5497 
f 5496 5497 5498 
f 370 5499 5501 
f 1411 5500 5499 
f 1410 5501 5500 
f 5499 5500 5501 
f 1409 5497 5494 
f 1410 5500 5497 
f 1411 5494 5500 
f 5497 5500 5494 
f 351 5492 5481 
f 1408 5502 5492 
f 1405 5481 5502 
f 5492 5502 5481 
f 370 5501 5488 
f 1410 5503 5501 
f 1408 5488 5503 
f 5501 5503 5488 
f 371 5485 5496 
f 1405 5504 5485 
f 1410 5496 5504 
f 5485 5504 5496 
f 1408 5503 5502 
f 1410 5504 5503 
f 1405 5502 5504 
f 5503 5504 5502 
f 29 5505 5239 
f 1412 5506 5505 
f 1345 5239 5506 
f 5505 5506 5239 
f 372 5507 5509 
f 1413 5508 5507 
f 1412 5509 5508 
f 5507 5508 5509 
f 355 5244 5511 
f 1345 5510 5244 
f 1413 5511 5510 
f 5244 5510 5511 
f 1412 5508 5506 
f 1413 5510 5508 
f 1345 5506 5510 
f 5508 5510 5506 
f 103 5512 5514 
f 1414 5513 5512 
f 1416 5514 5513 
f 5512 5513 5514 
f 373 5515 5517 
f 1415 5516 5515 
f 1414 5517 5516 
f 5515 5516 5517 
f 372 5518 5520 
f 1416 5519 5518 
f 1415 5520 5519 
f 5518 5519 5520 
f 1414 5516 5513 
f 1415 5519 5516 
f 1416 5513 5519 
f 5516 5519 5513 
f 99 5250 5522 
f 1350 5521 5250 
f 1418 5522 5521 
f 5250 5521 5522 
f 355 5523 5254 
f 1417 5524 5523 
f 1350 5254 5524 
f 5523 5524 5254 
f 373 5525 5527 
f 1418 5526 5525 
f 1417 5527 5526 
f 5525 5526 5527 
f 1350 5524 5521 
f 1417 5526 5524 
f 1418 5521 5526 
f 5524 5526 5521 
f 372 5520 5507 
f 1415 5528 5520 
f 1413 5507 5528 
f 5520 5528 5507 
f 373 5527 5515 
f 1417 5529 5527 
f 1415 5515 5529 
f 5527 5529 5515 
f 355 5511 5523 
f 1413 5530 5511 
f 1417 5523 5530 
f 5511 5530 5523 
f 1415 5529 5528 
f 1417 5530 5529 
f 1413 5528 5530 
f 5529 5530 5528 
f 31 5531 5533 
f 1419 5532 5531 
f 1421 5533 5532 
f 5531 5532 5533 
f 374 5534 5536 
f 1420 5535 5534 
f 1419 5536 5535 
f 5534 5535 5536 
f 376 5537 5539 
f 1421 5538 5537 
f 1420 5539 5538 
f 5537 5538 5539 
f 1419 5535 5532 
f 1420 5538 5535 
f 1421 5532 5538 
f 5535 5538 5532 
f 104 5540 5542 
f 1422 5541 5540 
f 1424 5542 5541 
f 5540 5541 5542 
f 375 5543 5545 
f 1423 5544 5543 
f 1422 5545 5544 
f 5543 5544 5545 
f 374 5546 5548 
f 1424 5547 5546 
f 1423 5548 5547 
f 5546 5547 5548 
f 1422 5544 5541 
f 1423 5547 5544 
f 1424 5541 5547 
f 5544 5547 5541 
f 103 5549 5551 
f 1425 5550 5549 
f 1427 5551 5550 
f 5549 5550 5551 
f 376 5552 5554 
f 1426 5553 5552 
f 1425 5554 5553 
f 5552 5553 5554 
f 375 5555 5557 
f 1427 5556 5555 
f 1426 5557 5556 
f 5555 5556 5557 
f 1425 5553 5550 
f 1426 5556 5553 
f 1427 5550 5556 
f 5553 5556 5550 
f 374 5548 5534 
f 1423 5558 5548 
f 1420 5534 5558 
f 5548 5558 5534 
f 375 5557 5543 
f 1426 5559 5557 
f 1423 5543 5559 
f 5557 5559 5543 
f 376 5539 5552 
f 1420 5560 5539 
f 1426 5552 5560 
f 5539 5560 5552 
f 1423 5559 5558 
f 1426 5560 5559 
f 1420 5558 5560 
f 5559 5560 5558 
f 99 5522 5486 
f 1418 5561 5522 
f 1407 5486 5561 
f 5522 5561 5486 
f 373 5562 5525 
f 1428 5563 5562 
f 1418 5525 5563 
f 5562 5563 5525 
f 370 5490 5565 
f 1407 5564 5490 
f 1428 5565 5564 
f 5490 5564 5565 
f 1418 5563 5561 
f 1428 5564 5563 
f 1407 5561 5564 
f 5563 5564 5561 
f 103 5551 5512 
f 1427 5566 5551 
f 1414 5512 5566 
f 5551 5566 5512 
f 375 5567 5555 
f 1429 5568 5567 
f 1427 5555 5568 
f 5567 5568 5555 
f 373 5517 5570 
f 1414 5569 5517 
f 1429 5570 5569 
f 5517 5569 5570 
f 1427 5568 5566 
f 1429 5569 5568 
f 1414 5566 5569 
f 5568 5569 5566 
f 104 5495 5540 
f 1411 5571 5495 
f 1422 5540 5571 
f 5495 5571 5540 
f 370 5572 5499 
f 1430 5573 5572 
f 1411 5499 5573 
f 5572 5573 5499 
f 375 5545 5575 
f 1422 5574 5545 
f 1430 5575 5574 
f 5545 5574 5575 
f 1411 5573 5571 
f 1430 5574 5573 
f 1422 5571 5574 
f 5573 5574 5571 
f 373 5570 5562 
f 1429 5576 5570 
f 1428 5562 5576 
f 5570 5576 5562 
f 375 5575 5567 
f 1430 5577 5575 
f 1429 5567 5577 
f 5575 5577 5567 
f 370 5565 5572 
f 1428 5578 5565 
f 1430 5572 5578 
f 5565 5578 5572 
f 1429 5577 5576 
f 1430 5578 5577 
f 1428 5576 5578 
f 5577 5578 5576 
f 12 5579 5071 
f 1431 5580 5579 
f 1297 5071 5580 
f 5579 5580 5071 
f 377 5581 5583 
f 1432 5582 5581 
f 1431 5583 5582 
f 5581 5582 5583 
f 340 5076 5585 
f 1297 5584 5076 
f 1432 5585 5584 
f 5076 5584 5585 
f 1431 5582 5580 
f 1432 5584 5582 
f 1297 5580 5584 
f 5582 5584 5580 
f 105 5586 5588 
f 1433 5587 5586 
f 1435 5588 5587 
f 5586 5587 5588 
f 378 5589 5591 
f 1434 5590 5589 
f 1433 5591 5590 
f 5589 5590 5591 
f 377 5592 5594 
f 1435 5593 5592 
f 1434 5594 5593 
f 5592 5593 5594 
f 1433 5590 5587 
f 1434 5593 5590 
f 1435 5587 5593 
f 5590 5593 5587 
f 94 5082 5596 
f 1302 5595 5082 
f 1437 5596 5595 
f 5082 5595 5596 
f 340 5597 5086 
f 1436 5598 5597 
f 1302 5086 5598 
f 5597 5598 5086 
f 378 5599 5601 
f 1437 5600 5599 
f 1436 5601 5600 
f 5599 5600 5601 
f 1302 5598 5595 
f 1436 5600 5598 
f 1437 5595 5600 
f 5598 5600 5595 
f 377 5594 5581 
f 1434 5602 5594 
f 1432 5581 5602 
f 5594 5602 5581 
f 378 5601 5589 
f 1436 5603 5601 
f 1434 5589 5603 
f 5601 5603 5589 
f 340 5585 5597 
f 1432 5604 5585 
f 1436 5597 5604 
f 5585 5604 5597 
f 1434 5603 5602 
f 1436 5604 5603 
f 1432 5602 5604 
f 5603 5604 5602 
f 32 5605 5607 
f 1438 5606 5605 
f 1440 5607 5606 
f 5605 5606 5607 
f 379 5608 5610 
f 1439 5609 5608 
f 1438 5610 5609 
f 5608 5609 5610 
f 381 5611 5613 
f 1440 5612 5611 
f 1439 5613 5612 
f 5611 5612 5613 
f 1438 5609 5606 
f 1439 5612 5609 
f 1440 5606 5612 
f 5609 5612 5606 
f 106 5614 5616 
f 1441 5615 5614 
f 1443 5616 5615 
f 5614 5615 5616 
f 380 5617 5619 
f 1442 5618 5617 
f 1441 5619 5618 
f 5617 5618 5619 
f 379 5620 5622 
f 1443 5621 5620 
f 1442 5622 5621 
f 5620 5621 5622 
f 1441 5618 5615 
f 1442 5621 5618 
f 1443 5615 5621 
f 5618 5621 5615 
f 105 5623 5625 
f 1444 5624 5623 
f 1446 5625 5624 
f 5623 5624 5625 
f 381 5626 5628 
f 1445 5627 5626 
f 1444 5628 5627 
f 5626 5627 5628 
f 380 5629 5631 
f 1446 5630 5629 
f 1445 5631 5630 
f 5629 5630 5631 
f 1444 5627 5624 
f 1445 5630 5627 
f 1446 5624 5630 
f 5627 5630 5624 
f 379 5622 5608 
f 1442 5632 5622 
f 1439 5608 5632 
f 5622 5632 5608 
f 380 5631 5617 
f 1445 5633 5631 
f 1442 5617 5633 
f 5631 5633 5617 
f 381 5613 5626 
f 1439 5634 5613 
f 1445 5626 5634 
f 5613 5634 5626 
f 1442 5633 5632 
f 1445 5634 5633 
f 1439 5632 5634 
f 5633 5634 5632 
f 29 5103 5636 
f 1308 5635 5103 
f 1448 5636 5635 
f 5103 5635 5636 
f 345 5637 5107 
f 1447 5638 5637 
f 1308 5107 5638 
f 5637 5638 5107 
f 383 5639 5641 
f 1448 5640 5639 
f 1447 5641 5640 
f 5639 5640 5641 
f 1308 5638 5635 
f 1447 5640 5638 
f 1448 5635 5640 
f 5638 5640 5635 
f 94 5642 5119 
f 1449 5643 5642 
f 1312 5119 5643 
f 5642 5643 5119 
f 382 5644 5646 
f 1450 5645 5644 
f 1449 5646 5645 
f 5644 5645 5646 
f 345 5124 5648 
f 1312 5647 5124 
f 1450 5648 5647 
f 5124 5647 5648 
f 1449 5645 5643 
f 1450 5647 5645 
f 1312 5643 5647 
f 5645 5647 5643 
f 106 5649 5651 
f 1451 5650 5649 
f 1453 5651 5650 
f 5649 5650 5651 
f 383 5652 5654 
f 1452 5653 5652 
f 1451 5654 5653 
f 5652 5653 5654 
f 382 5655 5657 
f 1453 5656 5655 
f 1452 5657 5656 
f 5655 5656 5657 
f 1451 5653 5650 
f 1452 5656 5653 
f 1453 5650 5656 
f 5653 5656 5650 
f 345 5648 5637 
f 1450 5658 5648 
f 1447 5637 5658 
f 5648 5658 5637 
f 382 5657 5644 
f 1452 5659 5657 
f 1450 5644 5659 
f 5657 5659 5644 
f 383 5641 5652 
f 1447 5660 5641 
f 1452 5652 5660 
f 5641 5660 5652 
f 1450 5659 5658 
f 1452 5660 5659 
f 1447 5658 5660 
f 5659 5660 5658 
f 105 5625 5586 
f 1446 5661 5625 
f 1433 5586 5661 
f 5625 5661 5586 
f 380 5662 5629 
f 1454 5663 5662 
f 1446 5629 5663 
f 5662 5663 5629 
f 378 5591 5665 
f 1433 5664 5591 
f 1454 5665 5664 
f 5591 5664 5665 
f 1446 5663 5661 
f 1454 5664 5663 
f 1433 5661 5664 
f 5663 5664 5661 
f 106 5651 5614 
f 1453 5666 5651 
f 1441 5614 5666 
f 5651 5666 5614 
f 382 5667 5655 
f 1455 5668 5667 
f 1453 5655 5668 
f 5667 5668 5655 
f 380 5619 5670 
f 1441 5669 5619 
f 1455 5670 5669 
f 5619 5669 5670 
f 1453 5668 5666 
f 1455 5669 5668 
f 1441 5666 5669 
f 5668 5669 5666 
f 94 5596 5642 
f 1437 5671 5596 
f 1449 5642 5671 
f 5596 5671 5642 
f 378 5672 5599 
f 1456 5673 5672 
f 1437 5599 5673 
f 5672 5673 5599 
f 382 5646 5675 
f 1449 5674 5646 
f 1456 5675 5674 
f 5646 5674 5675 
f 1437 5673 5671 
f 1456 5674 5673 
f 1449 5671 5674 
f 5673 5674 5671 
f 380 5670 5662 
f 1455 5676 5670 
f 1454 5662 5676 
f 5670 5676 5662 
f 382 5675 5667 
f 1456 5677 5675 
f 1455 5667 5677 
f 5675 5677 5667 
f 378 5665 5672 
f 1454 5678 5665 
f 1456 5672 5678 
f 5665 5678 5672 
f 1455 5677 5676 
f 1456 5678 5677 
f 1454 5676 5678 
f 5677 5678 5676 
f 31 5533 5401 
f 1421 5679 5533 
f 1384 5401 5679 
f 5533 5679 5401 
f 376 5680 5537 
f 1457 5681 5680 
f 1421 5537 5681 
f 5680 5681 5537 
f 364 5406 5683 
f 1384 5682 5406 
f 1457 5683 5682 
f 5406 5682 5683 
f 1421 5681 5679 
f 1457 5682 5681 
f 1384 5679 5682 
f 5681 5682 5679 
f 103 5684 5549 
f 1458 5685 5684 
f 1425 5549 5685 
f 5684 5685 5549 
f 384 5686 5688 
f 1459 5687 5686 
f 1458 5688 5687 
f 5686 5687 5688 
f 376 5554 5690 
f 1425 5689 5554 
f 1459 5690 5689 
f 5554 5689 5690 
f 1458 5687 5685 
f 1459 5689 5687 
f 1425 5685 5689 
f 5687 5689 5685 
f 101 5412 5692 
f 1389 5691 5412 
f 1461 5692 5691 
f 5412 5691 5692 
f 364 5693 5416 
f 1460 5694 5693 
f 1389 5416 5694 
f 5693 5694 5416 
f 384 5695 5697 
f 1461 5696 5695 
f 1460 5697 5696 
f 5695 5696 5697 
f 1389 5694 5691 
f 1460 5696 5694 
f 1461 5691 5696 
f 5694 5696 5691 
f 376 5690 5680 
f 1459 5698 5690 
f 1457 5680 5698 
f 5690 5698 5680 
f 384 5697 5686 
f 1460 5699 5697 
f 1459 5686 5699 
f 5697 5699 5686 
f 364 5683 5693 
f 1457 5700 5683 
f 1460 5693 5700 
f 5683 5700 5693 
f 1459 5699 5698 
f 1460 5700 5699 
f 1457 5698 5700 
f 5699 5700 5698 
f 29 5636 5505 
f 1448 5701 5636 
f 1412 5505 5701 
f 5636 5701 5505 
f 383 5702 5639 
f 1462 5703 5702 
f 1448 5639 5703 
f 5702 5703 5639 
f 372 5509 5705 
f 1412 5704 5509 
f 1462 5705 5704 
f 5509 5704 5705 
f 1448 5703 5701 
f 1462 5704 5703 
f 1412 5701 5704 
f 5703 5704 5701 
f 106 5706 5649 
f 1463 5707 5706 
f 1451 5649 5707 
f 5706 5707 5649 
f 385 5708 5710 
f 1464 5709 5708 
f 1463 5710 5709 
f 5708 5709 5710 
f 383 5654 5712 
f 1451 5711 5654 
f 1464 5712 5711 
f 5654 5711 5712 
f 1463 5709 5707 
f 1464 5711 5709 
f 1451 5707 5711 
f 5709 5711 5707 
f 103 5514 5714 
f 1416 5713 5514 
f 1466 5714 5713 
f 5514 5713 5714 
f 372 5715 5518 
f 1465 5716 5715 
f 1416 5518 5716 
f 5715 5716 5518 
f 385 5717 5719 
f 1466 5718 5717 
f 1465 5719 5718 
f 5717 5718 5719 
f 1416 5716 5713 
f 1465 5718 5716 
f 1466 5713 5718 
f 5716 5718 5713 
f 383 5712 5702 
f 1464 5720 5712 
f 1462 5702 5720 
f 5712 5720 5702 
f 385 5719 5708 
f 1465 5721 5719 
f 1464 5708 5721 
f 5719 5721 5708 
f 372 5705 5715 
f 1462 5722 5705 
f 1465 5715 5722 
f 5705 5722 5715 
f 1464 5721 5720 
f 1465 5722 5721 
f 1462 5720 5722 
f 5721 5722 5720 
f 32 5433 5605 
f 1395 5723 5433 
f 1438 5605 5723 
f 5433 5723 5605 
f 369 5724 5437 
f 1467 5725 5724 
f 1395 5437 5725 
f 5724 5725 5437 
f 379 5610 5727 
f 1438 5726 5610 
f 1467 5727 5726 
f 5610 5726 5727 
f 1395 5725 5723 
f 1467 5726 5725 
f 1438 5723 5726 
f 5725 5726 5723 
f 101 5728 5449 
f 1468 5729 5728 
f 1399 5449 5729 
f 5728 5729 5449 
f 386 5730 5732 
f 1469 5731 5730 
f 1468 5732 5731 
f 5730 5731 5732 
f 369 5454 5734 
f 1399 5733 5454 
f 1469 5734 5733 
f 5454 5733 5734 
f 1468 5731 5729 
f 1469 5733 5731 
f 1399 5729 5733 
f 5731 5733 5729 
f 106 5616 5736 
f 1443 5735 5616 
f 1471 5736 5735 
f 5616 5735 5736 
f 379 5737 5620 
f 1470 5738 5737 
f 1443 5620 5738 
f 5737 5738 5620 
f 386 5739 5741 
f 1471 5740 5739 
f 1470 5741 5740 
f 5739 5740 5741 
f 1443 5738 5735 
f 1470 5740 5738 
f 1471 5735 5740 
f 5738 5740 5735 
f 369 5734 5724 
f 1469 5742 5734 
f 1467 5724 5742 
f 5734 5742 5724 
f 386 5741 5730 
f 1470 5743 5741 
f 1469 5730 5743 
f 5741 5743 5730 
f 379 5727 5737 
f 1467 5744 5727 
f 1470 5737 5744 
f 5727 5744 5737 
f 1469 5743 5742 
f 1470 5744 5743 
f 1467 5742 5744 
f 5743 5744 5742 
f 103 5714 5684 
f 1466 5745 5714 
f 1458 5684 5745 
f 5714 5745 5684 
f 385 5746 5717 
f 1472 5747 5746 
f 1466 5717 5747 
f 5746 5747 5717 
f 384 5688 5749 
f 1458 5748 5688 
f 1472 5749 5748 
f 5688 5748 5749 
f 1466 5747 5745 
f 1472 5748 5747 
f 1458 5745 5748 
f 5747 5748 5745 
f 106 5736 5706 
f 1471 5750 5736 
f 1463 5706 5750 
f 5736 5750 5706 
f 386 5751 5739 
f 1473 5752 5751 
f 1471 5739 5752 
f 5751 5752 5739 
f 385 5710 5754 
f 1463 5753 5710 
f 1473 5754 5753 
f 5710 5753 5754 
f 1471 5752 5750 
f 1473 5753 5752 
f 1463 5750 5753 
f 5752 5753 5750 
f 101 5692 5728 
f 1461 5755 5692 
f 1468 5728 5755 
f 5692 5755 5728 
f 384 5756 5695 
f 1474 5757 5756 
f 1461 5695 5757 
f 5756 5757 5695 
f 386 5732 5759 
f 1468 5758 5732 
f 1474 5759 5758 
f 5732 5758 5759 
f 1461 5757 5755 
f 1474 5758 5757 
f 1468 5755 5758 
f 5757 5758 5755 
f 385 5754 5746 
f 1473 5760 5754 
f 1472 5746 5760 
f 5754 5760 5746 
f 386 5759 5751 
f 1474 5761 5759 
f 1473 5751 5761 
f 5759 5761 5751 
f 384 5749 5756 
f 1472 5762 5749 
f 1474 5756 5762 
f 5749 5762 5756 
f 1473 5761 5760 
f 1474 5762 5761 
f 1472 5760 5762 
f 5761 5762 5760 
f 3 5763 5765 
f 1475 5764 5763 
f 1477 5765 5764 
f 5763 5764 5765 
f 387 5766 5768 
f 1476 5767 5766 
f 1475 5768 5767 
f 5766 5767 5768 
f 389 5769 5771 
f 1477 5770 5769 
f 1476 5771 5770 
f 5769 5770 5771 
f 1475 5767 5764 
f 1476 5770 5767 
f 1477 5764 5770 
f 5767 5770 5764 
f 107 5772 5774 
f 1478 5773 5772 
f 1480 5774 5773 
f 5772 5773 5774 
f 388 5775 5777 
f 1479 5776 5775 
f 1478 5777 5776 
f 5775 5776 5777 
f 387 5778 5780 
f 1480 5779 5778 
f 1479 5780 5779 
f 5778 5779 5780 
f 1478 5776 5773 
f 1479 5779 5776 
f 1480 5773 5779 
f 5776 5779 5773 
f 109 5781 5783 
f 1481 5782 5781 
f 1483 5783 5782 
f 5781 5782 5783 
f 389 5784 5786 
f 1482 5785 5784 
f 1481 5786 5785 
f 5784 5785 5786 
f 388 5787 5789 
f 1483 5788 5787 
f 1482 5789 5788 
f 5787 5788 5789 
f 1481 5785 5782 
f 1482 5788 5785 
f 1483 5782 5788 
f 5785 5788 5782 
f 387 5780 5766 
f 1479 5790 5780 
f 1476 5766 5790 
f 5780 5790 5766 
f 388 5789 5775 
f 1482 5791 5789 
f 1479 5775 5791 
f 5789 5791 5775 
f 389 5771 5784 
f 1476 5792 5771 
f 1482 5784 5792 
f 5771 5792 5784 
f 1479 5791 5790 
f 1482 5792 5791 
f 1476 5790 5792 
f 5791 5792 5790 
f 33 5793 5795 
f 1484 5794 5793 
f 1486 5795 5794 
f 5793 5794 5795 
f 390 5796 5798 
f 1485 5797 5796 
f 1484 5798 5797 
f 5796 5797 5798 
f 392 5799 5801 
f 1486 5800 5799 
f 1485 5801 5800 
f 5799 5800 5801 
f 1484 5797 5794 
f 1485 5800 5797 
f 1486 5794 5800 
f 5797 5800 5794 
f 108 5802 5804 
f 1487 5803 5802 
f 1489 5804 5803 
f 5802 5803 5804 
f 391 5805 5807 
f 1488 5806 5805 
f 1487 5807 5806 
f 5805 5806 5807 
f 390 5808 5810 
f 1489 5809 5808 
f 1488 5810 5809 
f 5808 5809 5810 
f 1487 5806 5803 
f 1488 5809 5806 
f 1489 5803 5809 
f 5806 5809 5803 
f 107 5811 5813 
f 1490 5812 5811 
f 1492 5813 5812 
f 5811 5812 5813 
f 392 5814 5816 
f 1491 5815 5814 
f 1490 5816 5815 
f 5814 5815 5816 
f 391 5817 5819 
f 1492 5818 5817 
f 1491 5819 5818 
f 5817 5818 5819 
f 1490 5815 5812 
f 1491 5818 5815 
f 1492 5812 5818 
f 5815 5818 5812 
f 390 5810 5796 
f 1488 5820 5810 
f 1485 5796 5820 
f 5810 5820 5796 
f 391 5819 5805 
f 1491 5821 5819 
f 1488 5805 5821 
f 5819 5821 5805 
f 392 5801 5814 
f 1485 5822 5801 
f 1491 5814 5822 
f 5801 5822 5814 
f 1488 5821 5820 
f 1491 5822 5821 
f 1485 5820 5822 
f 5821 5822 5820 
f 35 5823 5825 
f 1493 5824 5823 
f 1495 5825 5824 
f 5823 5824 5825 
f 393 5826 5828 
f 1494 5827 5826 
f 1493 5828 5827 
f 5826 5827 5828 
f 395 5829 5831 
f 1495 5830 5829 
f 1494 5831 5830 
f 5829 5830 5831 
f 1493 5827 5824 
f 1494 5830 5827 
f 1495 5824 5830 
f 5827 5830 5824 
f 109 5832 5834 
f 1496 5833 5832 
f 1498 5834 5833 
f 5832 5833 5834 
f 394 5835 5837 
f 1497 5836 5835 
f 1496 5837 5836 
f 5835 5836 5837 
f 393 5838 5840 
f 1498 5839 5838 
f 1497 5840 5839 
f 5838 5839 5840 
f 1496 5836 5833 
f 1497 5839 5836 
f 1498 5833 5839 
f 5836 5839 5833 
f 108 5841 5843 
f 1499 5842 5841 
f 1501 5843 5842 
f 5841 5842 5843 
f 395 5844 5846 
f 1500 5845 5844 
f 1499 5846 5845 
f 5844 5845 5846 
f 394 5847 5849 
f 1501 5848 5847 
f 1500 5849 5848 
f 5847 5848 5849 
f 1499 5845 5842 
f 1500 5848 5845 
f 1501 5842 5848 
f 5845 5848 5842 
f 393 5840 5826 
f 1497 5850 5840 
f 1494 5826 5850 
f 5840 5850 5826 
f 394 5849 5835 
f 1500 5851 5849 
f 1497 5835 5851 
f 5849 5851 5835 
f 395 5831 5844 
f 1494 5852 5831 
f 1500 5844 5852 
f 5831 5852 5844 
f 1497 5851 5850 
f 1500 5852 5851 
f 1494 5850 5852 
f 5851 5852 5850 
f 107 5813 5772 
f 1492 5853 5813 
f 1478 5772 5853 
f 5813 5853 5772 
f 391 5854 5817 
f 1502 5855 5854 
f 1492 5817 5855 
f 5854 5855 5817 
f 388 5777 5857 
f 1478 5856 5777 
f 1502 5857 5856 
f 5777 5856 5857 
f 1492 5855 5853 
f 1502 5856 5855 
f 1478 5853 5856 
f 5855 5856 5853 
f 108 5843 5802 
f 1501 5858 5843 
f 1487 5802 5858 
f 5843 5858 5802 
f 394 5859 5847 
f 1503 5860 5859 
f 1501 5847 5860 
f 5859 5860 5847 
f 391 5807 5862 
f 1487 5861 5807 
f 1503 5862 5861 
f 5807 5861 5862 
f 1501 5860 5858 
f 1503 5861 5860 
f 1487 5858 5861 
f 5860 5861 5858 
f 109 5783 5832 
f 1483 5863 5783 
f 1496 5832 5863 
f 5783 5863 5832 
f 388 5864 5787 
f 1504 5865 5864 
f 1483 5787 5865 
f 5864 5865 5787 
f 394 5837 5867 
f 1496 5866 5837 
f 1504 5867 5866 
f 5837 5866 5867 
f 1483 5865 5863 
f 1504 5866 5865 
f 1496 5863 5866 
f 5865 5866 5863 
f 391 5862 5854 
f 1503 5868 5862 
f 1502 5854 5868 
f 5862 5868 5854 
f 394 5867 5859 
f 1504 5869 5867 
f 1503 5859 5869 
f 5867 5869 5859 
f 388 5857 5864 
f 1502 5870 5857 
f 1504 5864 5870 
f 5857 5870 5864 
f 1503 5869 5868 
f 1504 5870 5869 
f 1502 5868 5870 
f 5869 5870 5868 
f 10 5871 5873 
f 1505 5872 5871 
f 1507 5873 5872 
f 5871 5872 5873 
f 396 5874 5876 
f 1506 5875 5874 
f 1505 5876 5875 
f 5874 5875 5876 
f 398 5877 5879 
f 1507 5878 5877 
f 1506 5879 5878 
f 5877 5878 5879 
f 1505 5875 5872 
f 1506 5878 5875 
f 1507 5872 5878 
f 5875 5878 5872 
f 110 5880 5882 
f 1508 5881 5880 
f 1510 5882 5881 
f 5880 5881 5882 
f 397 5883 5885 
f 1509 5884 5883 
f 1508 5885 5884 
f 5883 5884 5885 
f 396 5886 5888 
f 1510 5887 5886 
f 1509 5888 5887 
f 5886 5887 5888 
f 1508 5884 5881 
f 1509 5887 5884 
f 1510 5881 5887 
f 5884 5887 5881 
f 112 5889 5891 
f 1511 5890 5889 
f 1513 5891 5890 
f 5889 5890 5891 
f 398 5892 5894 
f 1512 5893 5892 
f 1511 5894 5893 
f 5892 5893 5894 
f 397 5895 5897 
f 1513 5896 5895 
f 1512 5897 5896 
f 5895 5896 5897 
f 1511 5893 5890 
f 1512 5896 5893 
f 1513 5890 5896 
f 5893 5896 5890 
f 396 5888 5874 
f 1509 5898 5888 
f 1506 5874 5898 
f 5888 5898 5874 
f 397 5897 5883 
f 1512 5899 5897 
f 1509 5883 5899 
f 5897 5899 5883 
f 398 5879 5892 
f 1506 5900 5879 
f 1512 5892 5900 
f 5879 5900 5892 
f 1509 5899 5898 
f 1512 5900 5899 
f 1506 5898 5900 
f 5899 5900 5898 
f 34 5901 5903 
f 1514 5902 5901 
f 1516 5903 5902 
f 5901 5902 5903 
f 399 5904 5906 
f 1515 5905 5904 
f 1514 5906 5905 
f 5904 5905 5906 
f 401 5907 5909 
f 1516 5908 5907 
f 1515 5909 5908 
f 5907 5908 5909 
f 1514 5905 5902 
f 1515 5908 5905 
f 1516 5902 5908 
f 5905 5908 5902 
f 111 5910 5912 
f 1517 5911 5910 
f 1519 5912 5911 
f 5910 5911 5912 
f 400 5913 5915 
f 1518 5914 5913 
f 1517 5915 5914 
f 5913 5914 5915 
f 399 5916 5918 
f 1519 5917 5916 
f 1518 5918 5917 
f 5916 5917 5918 
f 1517 5914 5911 
f 1518 5917 5914 
f 1519 5911 5917 
f 5914 5917 5911 
f 110 5919 5921 
f 1520 5920 5919 
f 1522 5921 5920 
f 5919 5920 5921 
f 401 5922 5924 
f 1521 5923 5922 
f 1520 5924 5923 
f 5922 5923 5924 
f 400 5925 5927 
f 1522 5926 5925 
f 1521 5927 5926 
f 5925 5926 5927 
f 1520 5923 5920 
f 1521 5926 5923 
f 1522 5920 5926 
f 5923 5926 5920 
f 399 5918 5904 
f 1518 5928 5918 
f 1515 5904 5928 
f 5918 5928 5904 
f 400 5927 5913 
f 1521 5929 5927 
f 1518 5913 5929 
f 5927 5929 5913 
f 401 5909 5922 
f 1515 5930 5909 
f 1521 5922 5930 
f 5909 5930 5922 
f 1518 5929 5928 
f 1521 5930 5929 
f 1515 5928 5930 
f 5929 5930 5928 
f 33 5931 5933 
f 1523 5932 5931 
f 1525 5933 5932 
f 5931 5932 5933 
f 402 5934 5936 
f 1524 5935 5934 
f 1523 5936 5935 
f 5934 5935 5936 
f 404 5937 5939 
f 1525 5938 5937 
f 1524 5939 5938 
f 5937 5938 5939 
f 1523 5935 5932 
f 1524 5938 5935 
f 1525 5932 5938 
f 5935 5938 5932 
f 112 5940 5942 
f 1526 5941 5940 
f 1528 5942 5941 
f 5940 5941 5942 
f 403 5943 5945 
f 1527 5944 5943 
f 1526 5945 5944 
f 5943 5944 5945 
f 402 5946 5948 
f 1528 5947 5946 
f 1527 5948 5947 
f 5946 5947 5948 
f 1526 5944 5941 
f 1527 5947 5944 
f 1528 5941 5947 
f 5944 5947 5941 
f 111 5949 5951 
f 1529 5950 5949 
f 1531 5951 5950 
f 5949 5950 5951 
f 404 5952 5954 
f 1530 5953 5952 
f 1529 5954 5953 
f 5952 5953 5954 
f 403 5955 5957 
f 1531 5956 5955 
f 1530 5957 5956 
f 5955 5956 5957 
f 1529 5953 5950 
f 1530 5956 5953 
f 1531 5950 5956 
f 5953 5956 5950 
f 402 5948 5934 
f 1527 5958 5948 
f 1524 5934 5958 
f 5948 5958 5934 
f 403 5957 5943 
f 1530 5959 5957 
f 1527 5943 5959 
f 5957 5959 5943 
f 404 5939 5952 
f 1524 5960 5939 
f 1530 5952 5960 
f 5939 5960 5952 
f 1527 5959 5958 
f 1530 5960 5959 
f 1524 5958 5960 
f 5959 5960 5958 
f 110 5921 5880 
f 1522 5961 5921 
f 1508 5880 5961 
f 5921 5961 5880 
f 400 5962 5925 
f 1532 5963 5962 
f 1522 5925 5963 
f 5962 5963 5925 
f 397 5885 5965 
f 1508 5964 5885 
f 1532 5965 5964 
f 5885 5964 5965 
f 1522 5963 5961 
f 1532 5964 5963 
f 1508 5961 5964 
f 5963 5964 5961 
f 111 5951 5910 
f 1531 5966 5951 
f 1517 5910 5966 
f 5951 5966 5910 
f 403 5967 5955 
f 1533 5968 5967 
f 1531 5955 5968 
f 5967 5968 5955 
f 400 5915 5970 
f 1517 5969 5915 
f 1533 5970 5969 
f 5915 5969 5970 
f 1531 5968 5966 
f 1533 5969 5968 
f 1517 5966 5969 
f 5968 5969 5966 
f 112 5891 5940 
f 1513 5971 5891 
f 1526 5940 5971 
f 5891 5971 5940 
f 397 5972 5895 
f 1534 5973 5972 
f 1513 5895 5973 
f 5972 5973 5895 
f 403 5945 5975 
f 1526 5974 5945 
f 1534 5975 5974 
f 5945 5974 5975 
f 1513 5973 5971 
f 1534 5974 5973 
f 1526 5971 5974 
f 5973 5974 5971 
f 400 5970 5962 
f 1533 5976 5970 
f 1532 5962 5976 
f 5970 5976 5962 
f 403 5975 5967 
f 1534 5977 5975 
f 1533 5967 5977 
f 5975 5977 5967 
f 397 5965 5972 
f 1532 5978 5965 
f 1534 5972 5978 
f 5965 5978 5972 
f 1533 5977 5976 
f 1534 5978 5977 
f 1532 5976 5978 
f 5977 5978 5976 
f 6 5979 5981 
f 1535 5980 5979 
f 1537 5981 5980 
f 5979 5980 5981 
f 405 5982 5984 
f 1536 5983 5982 
f 1535 5984 5983 
f 5982 5983 5984 
f 407 5985 5987 
f 1537 5986 5985 
f 1536 5987 5986 
f 5985 5986 5987 
f 1535 5983 5980 
f 1536 5986 5983 
f 1537 5980 5986 
f 5983 5986 5980 
f 113 5988 5990 
f 1538 5989 5988 
f 1540 5990 5989 
f 5988 5989 5990 
f 406 5991 5993 
f 1539 5992 5991 
f 1538 5993 5992 
f 5991 5992 5993 
f 405 5994 5996 
f 1540 5995 5994 
f 1539 5996 5995 
f 5994 5995 5996 
f 1538 5992 5989 
f 1539 5995 5992 
f 1540 5989 5995 
f 5992 5995 5989 
f 115 5997 5999 
f 1541 5998 5997 
f 1543 5999 5998 
f 5997 5998 5999 
f 407 6000 6002 
f 1542 6001 6000 
f 1541 6002 6001 
f 6000 6001 6002 
f 406 6003 6005 
f 1543 6004 6003 
f 1542 6005 6004 
f 6003 6004 6005 
f 1541 6001 5998 
f 1542 6004 6001 
f 1543 5998 6004 
f 6001 6004 5998 
f 405 5996 5982 
f 1539 6006 5996 
f 1536 5982 6006 
f 5996 6006 5982 
f 406 6005 5991 
f 1542 6007 6005 
f 1539 5991 6007 
f 6005 6007 5991 
f 407 5987 6000 
f 1536 6008 5987 
f 1542 6000 6008 
f 5987 6008 6000 
f 1539 6007 6006 
f 1542 6008 6007 
f 1536 6006 6008 
f 6007 6008 6006 
f 35 6009 6011 
f 1544 6010 6009 
f 1546 6011 6010 
f 6009 6010 6011 
f 408 6012 6014 
f 1545 6013 6012 
f 1544 6014 6013 
f 6012 6013 6014 
f 410 6015 6017 
f 1546 6016 6015 
f 1545 6017 6016 
f 6015 6016 6017 
f 1544 6013 6010 
f 1545 6016 6013 
f 1546 6010 6016 
f 6013 6016 6010 
f 114 6018 6020 
f 1547 6019 6018 
f 1549 6020 6019 
f 6018 6019 6020 
f 409 6021 6023 
f 1548 6022 6021 
f 1547 6023 6022 
f 6021 6022 6023 
f 408 6024 6026 
f 1549 6025 6024 
f 1548 6026 6025 
f 6024 6025 6026 
f 1547 6022 6019 
f 1548 6025 6022 
f 1549 6019 6025 
f 6022 6025 6019 
f 113 6027 6029 
f 1550 6028 6027 
f 1552 6029 6028 
f 6027 6028 6029 
f 410 6030 6032 
f 1551 6031 6030 
f 1550 6032 6031 
f 6030 6031 6032 
f 409 6033 6035 
f 1552 6034 6033 
f 1551 6035 6034 
f 6033 6034 6035 
f 1550 6031 6028 
f 1551 6034 6031 
f 1552 6028 6034 
f 6031 6034 6028 
f 408 6026 6012 
f 1548 6036 6026 
f 1545 6012 6036 
f 6026 6036 6012 
f 409 6035 6021 
f 1551 6037 6035 
f 1548 6021 6037 
f 6035 6037 6021 
f 410 6017 6030 
f 1545 6038 6017 
f 1551 6030 6038 
f 6017 6038 6030 
f 1548 6037 6036 
f 1551 6038 6037 
f 1545 6036 6038 
f 6037 6038 6036 
f 34 6039 6041 
f 1553 6040 6039 
f 1555 6041 6040 
f 6039 6040 6041 
f 411 6042 6044 
f 1554 6043 6042 
f 1553 6044 6043 
f 6042 6043 6044 
f 413 6045 6047 
f 1555 6046 6045 
f 1554 6047 6046 
f 6045 6046 6047 
f 1553 6043 6040 
f 1554 6046 6043 
f 1555 6040 6046 
f 6043 6046 6040 
f 115 6048 6050 
f 1556 6049 6048 
f 1558 6050 6049 
f 6048 6049 6050 
f 412 6051 6053 
f 1557 6052 6051 
f 1556 6053 6052 
f 6051 6052 6053 
f 411 6054 6056 
f 1558 6055 6054 
f 1557 6056 6055 
f 6054 6055 6056 
f 1556 6052 6049 
f 1557 6055 6052 
f 1558 6049 6055 
f 6052 6055 6049 
f 114 6057 6059 
f 1559 6058 6057 
f 1561 6059 6058 
f 6057 6058 6059 
f 413 6060 6062 
f 1560 6061 6060 
f 1559 6062 6061 
f 6060 6061 6062 
f 412 6063 6065 
f 1561 6064 6063 
f 1560 6065 6064 
f 6063 6064 6065 
f 1559 6061 6058 
f 1560 6064 6061 
f 1561 6058 6064 
f 6061 6064 6058 
f 411 6056 6042 
f 1557 6066 6056 
f 1554 6042 6066 
f 6056 6066 6042 
f 412 6065 6051 
f 1560 6067 6065 
f 1557 6051 6067 
f 6065 6067 6051 
f 413 6047 6060 
f 1554 6068 6047 
f 1560 6060 6068 
f 6047 6068 6060 
f 1557 6067 6066 
f 1560 6068 6067 
f 1554 6066 6068 
f 6067 6068 6066 
f 113 6029 5988 
f 1552 6069 6029 
f 1538 5988 6069 
f 6029 6069 5988 
f 409 6070 6033 
f 1562 6071 6070 
f 1552 6033 6071 
f 6070 6071 6033 
f 406 5993 6073 
f 1538 6072 5993 
f 1562 6073 6072 
f 5993 6072 6073 
f 1552 6071 6069 
f 1562 6072 6071 
f 1538 6069 6072 
f 6071 6072 6069 
f 114 6059 6018 
f 1561 6074 6059 
f 1547 6018 6074 
f 6059 6074 6018 
f 412 6075 6063 
f 1563 6076 6075 
f 1561 6063 6076 
f 6075 6076 6063 
f 409 6023 6078 
f 1547 6077 6023 
f 1563 6078 6077 
f 6023 6077 6078 
f 1561 6076 6074 
f 1563 6077 6076 
f 1547 6074 6077 
f 6076 6077 6074 
f 115 5999 6048 
f 1543 6079 5999 
f 1556 6048 6079 
f 5999 6079 6048 
f 406 6080 6003 
f 1564 6081 6080 
f 1543 6003 6081 
f 6080 6081 6003 
f 412 6053 6083 
f 1556 6082 6053 
f 1564 6083 6082 
f 6053 6082 6083 
f 1543 6081 6079 
f 1564 6082 6081 
f 1556 6079 6082 
f 6081 6082 6079 
f 409 6078 6070 
f 1563 6084 6078 
f 1562 6070 6084 
f 6078 6084 6070 
f 412 6083 6075 
f 1564 6085 6083 
f 1563 6075 6085 
f 6083 6085 6075 
f 406 6073 6080 
f 1562 6086 6073 
f 1564 6080 6086 
f 6073 6086 6080 
f 1563 6085 6084 
f 1564 6086 6085 
f 1562 6084 6086 
f 6085 6086 6084 
f 33 5933 5793 
f 1525 6087 5933 
f 1484 5793 6087 
f 5933 6087 5793 
f 404 6088 5937 
f 1565 6089 6088 
f 1525 5937 6089 
f 6088 6089 5937 
f 390 5798 6091 
f 1484 6090 5798 
f 1565 6091 6090 
f 5798 6090 6091 
f 1525 6089 6087 
f 1565 6090 6089 
f 1484 6087 6090 
f 6089 6090 6087 
f 111 6092 5949 
f 1566 6093 6092 
f 1529 5949 6093 
f 6092 6093 5949 
f 414 6094 6096 
f 1567 6095 6094 
f 1566 6096 6095 
f 6094 6095 6096 
f 404 5954 6098 
f 1529 6097 5954 
f 1567 6098 6097 
f 5954 6097 6098 
f 1566 6095 6093 
f 1567 6097 6095 
f 1529 6093 6097 
f 6095 6097 6093 
f 108 5804 6100 
f 1489 6099 5804 
f 1569 6100 6099 
f 5804 6099 6100 
f 390 6101 5808 
f 1568 6102 6101 
f 1489 5808 6102 
f 6101 6102 5808 
f 414 6103 6105 
f 1569 6104 6103 
f 1568 6105 6104 
f 6103 6104 6105 
f 1489 6102 6099 
f 1568 6104 6102 
f 1569 6099 6104 
f 6102 6104 6099 
f 404 6098 6088 
f 1567 6106 6098 
f 1565 6088 6106 
f 6098 6106 6088 
f 414 6105 6094 
f 1568 6107 6105 
f 1567 6094 6107 
f 6105 6107 6094 
f 390 6091 6101 
f 1565 6108 6091 
f 1568 6101 6108 
f 6091 6108 6101 
f 1567 6107 6106 
f 1568 6108 6107 
f 1565 6106 6108 
f 6107 6108 6106 
f 34 6041 5901 
f 1555 6109 6041 
f 1514 5901 6109 
f 6041 6109 5901 
f 413 6110 6045 
f 1570 6111 6110 
f 1555 6045 6111 
f 6110 6111 6045 
f 399 5906 6113 
f 1514 6112 5906 
f 1570 6113 6112 
f 5906 6112 6113 
f 1555 6111 6109 
f 1570 6112 6111 
f 1514 6109 6112 
f 6111 6112 6109 
f 114 6114 6057 
f 1571 6115 6114 
f 1559 6057 6115 
f 6114 6115 6057 
f 415 6116 6118 
f 1572 6117 6116 
f 1571 6118 6117 
f 6116 6117 6118 
f 413 6062 6120 
f 1559 6119 6062 
f 1572 6120 6119 
f 6062 6119 6120 
f 1571 6117 6115 
f 1572 6119 6117 
f 1559 6115 6119 
f 6117 6119 6115 
f 111 5912 6122 
f 1519 6121 5912 
f 1574 6122 6121 
f 5912 6121 6122 
f 399 6123 5916 
f 1573 6124 6123 
f 1519 5916 6124 
f 6123 6124 5916 
f 415 6125 6127 
f 1574 6126 6125 
f 1573 6127 6126 
f 6125 6126 6127 
f 1519 6124 6121 
f 1573 6126 6124 
f 1574 6121 6126 
f 6124 6126 6121 
f 413 6120 6110 
f 1572 6128 6120 
f 1570 6110 6128 
f 6120 6128 6110 
f 415 6127 6116 
f 1573 6129 6127 
f 1572 6116 6129 
f 6127 6129 6116 
f 399 6113 6123 
f 1570 6130 6113 
f 1573 6123 6130 
f 6113 6130 6123 
f 1572 6129 6128 
f 1573 6130 6129 
f 1570 6128 6130 
f 6129 6130 6128 
f 35 5825 6009 
f 1495 6131 5825 
f 1544 6009 6131 
f 5825 6131 6009 
f 395 6132 5829 
f 1575 6133 6132 
f 1495 5829 6133 
f 6132 6133 5829 
f 408 6014 6135 
f 1544 6134 6014 
f 1575 6135 6134 
f 6014 6134 6135 
f 1495 6133 6131 
f 1575 6134 6133 
f 1544 6131 6134 
f 6133 6134 6131 
f 108 6136 5841 
f 1576 6137 6136 
f 1499 5841 6137 
f 6136 6137 5841 
f 416 6138 6140 
f 1577 6139 6138 
f 1576 6140 6139 
f 6138 6139 6140 
f 395 5846 6142 
f 1499 6141 5846 
f 1577 6142 6141 
f 5846 6141 6142 
f 1576 6139 6137 
f 1577 6141 6139 
f 1499 6137 6141 
f 6139 6141 6137 
f 114 6020 6144 
f 1549 6143 6020 
f 1579 6144 6143 
f 6020 6143 6144 
f 408 6145 6024 
f 1578 6146 6145 
f 1549 6024 6146 
f 6145 6146 6024 
f 416 6147 6149 
f 1579 6148 6147 
f 1578 6149 6148 
f 6147 6148 6149 
f 1549 6146 6143 
f 1578 6148 6146 
f 1579 6143 6148 
f 6146 6148 6143 
f 395 6142 6132 
f 1577 6150 6142 
f 1575 6132 6150 
f 6142 6150 6132 
f 416 6149 6138 
f 1578 6151 6149 
f 1577 6138 6151 
f 6149 6151 6138 
f 408 6135 6145 
f 1575 6152 6135 
f 1578 6145 6152 
f 6135 6152 6145 
f 1577 6151 6150 
f 1578 6152 6151 
f 1575 6150 6152 
f 6151 6152 6150 
f 111 6122 6092 
f 1574 6153 6122 
f 1566 6092 6153 
f 6122 6153 6092 
f 415 6154 6125 
f 1580 6155 6154 
f 1574 6125 6155 
f 6154 6155 6125 
f 414 6096 6157 
f 1566 6156 6096 
f 1580 6157 6156 
f 6096 6156 6157 
f 1574 6155 6153 
f 1580 6156 6155 
f 1566 6153 6156 
f 6155 6156 6153 
f 114 6144 6114 
f 1579 6158 6144 
f 1571 6114 6158 
f 6144 6158 6114 
f 416 6159 6147 
f 1581 6160 6159 
f 1579 6147 6160 
f 6159 6160 6147 
f 415 6118 6162 
f 1571 6161 6118 
f 1581 6162 6161 
f 6118 6161 6162 
f 1579 6160 6158 
f 1581 6161 6160 
f 1571 6158 6161 
f 6160 6161 6158 
f 108 6100 6136 
f 1569 6163 6100 
f 1576 6136 6163 
f 6100 6163 6136 
f 414 6164 6103 
f 1582 6165 6164 
f 1569 6103 6165 
f 6164 6165 6103 
f 416 6140 6167 
f 1576 6166 6140 
f 1582 6167 6166 
f 6140 6166 6167 
f 1569 6165 6163 
f 1582 6166 6165 
f 1576 6163 6166 
f 6165 6166 6163 
f 415 6162 6154 
f 1581 6168 6162 
f 1580 6154 6168 
f 6162 6168 6154 
f 416 6167 6159 
f 1582 6169 6167 
f 1581 6159 6169 
f 6167 6169 6159 
f 414 6157 6164 
f 1580 6170 6157 
f 1582 6164 6170 
f 6157 6170 6164 
f 1581 6169 6168 
f 1582 6170 6169 
f 1580 6168 6170 
f 6169 6170 6168 
f 12 6171 6173 
f 1583 6172 6171 
f 1585 6173 6172 
f 6171 6172 6173 
f 417 6174 6176 
f 1584 6175 6174 
f 1583 6176 6175 
f 6174 6175 6176 
f 419 6177 6179 
f 1585 6178 6177 
f 1584 6179 6178 
f 6177 6178 6179 
f 1583 6175 6172 
f 1584 6178 6175 
f 1585 6172 6178 
f 6175 6178 6172 
f 116 6180 6182 
f 1586 6181 6180 
f 1588 6182 6181 
f 6180 6181 6182 
f 418 6183 6185 
f 1587 6184 6183 
f 1586 6185 6184 
f 6183 6184 6185 
f 417 6186 6188 
f 1588 6187 6186 
f 1587 6188 6187 
f 6186 6187 6188 
f 1586 6184 6181 
f 1587 6187 6184 
f 1588 6181 6187 
f 6184 6187 6181 
f 118 6189 6191 
f 1589 6190 6189 
f 1591 6191 6190 
f 6189 6190 6191 
f 419 6192 6194 
f 1590 6193 6192 
f 1589 6194 6193 
f 6192 6193 6194 
f 418 6195 6197 
f 1591 6196 6195 
f 1590 6197 6196 
f 6195 6196 6197 
f 1589 6193 6190 
f 1590 6196 6193 
f 1591 6190 6196 
f 6193 6196 6190 
f 417 6188 6174 
f 1587 6198 6188 
f 1584 6174 6198 
f 6188 6198 6174 
f 418 6197 6183 
f 1590 6199 6197 
f 1587 6183 6199 
f 6197 6199 6183 
f 419 6179 6192 
f 1584 6200 6179 
f 1590 6192 6200 
f 6179 6200 6192 
f 1587 6199 6198 
f 1590 6200 6199 
f 1584 6198 6200 
f 6199 6200 6198 
f 36 6201 6203 
f 1592 6202 6201 
f 1594 6203 6202 
f 6201 6202 6203 
f 420 6204 6206 
f 1593 6205 6204 
f 1592 6206 6205 
f 6204 6205 6206 
f 422 6207 6209 
f 1594 6208 6207 
f 1593 6209 6208 
f 6207 6208 6209 
f 1592 6205 6202 
f 1593 6208 6205 
f 1594 6202 6208 
f 6205 6208 6202 
f 117 6210 6212 
f 1595 6211 6210 
f 1597 6212 6211 
f 6210 6211 6212 
f 421 6213 6215 
f 1596 6214 6213 
f 1595 6215 6214 
f 6213 6214 6215 
f 420 6216 6218 
f 1597 6217 6216 
f 1596 6218 6217 
f 6216 6217 6218 
f 1595 6214 6211 
f 1596 6217 6214 
f 1597 6211 6217 
f 6214 6217 6211 
f 116 6219 6221 
f 1598 6220 6219 
f 1600 6221 6220 
f 6219 6220 6221 
f 422 6222 6224 
f 1599 6223 6222 
f 1598 6224 6223 
f 6222 6223 6224 
f 421 6225 6227 
f 1600 6226 6225 
f 1599 6227 6226 
f 6225 6226 6227 
f 1598 6223 6220 
f 1599 6226 6223 
f 1600 6220 6226 
f 6223 6226 6220 
f 420 6218 6204 
f 1596 6228 6218 
f 1593 6204 6228 
f 6218 6228 6204 
f 421 6227 6213 
f 1599 6229 6227 
f 1596 6213 6229 
f 6227 6229 6213 
f 422 6209 6222 
f 1593 6230 6209 
f 1599 6222 6230 
f 6209 6230 6222 
f 1596 6229 6228 
f 1599 6230 6229 
f 1593 6228 6230 
f 6229 6230 6228 
f 37 6231 6233 
f 1601 6232 6231 
f 1603 6233 6232 
f 6231 6232 6233 
f 423 6234 6236 
f 1602 6235 6234 
f 1601 6236 6235 
f 6234 6235 6236 
f 425 6237 6239 
f 1603 6238 6237 
f 1602 6239 6238 
f 6237 6238 6239 
f 1601 6235 6232 
f 1602 6238 6235 
f 1603 6232 6238 
f 6235 6238 6232 
f 118 6240 6242 
f 1604 6241 6240 
f 1606 6242 6241 
f 6240 6241 6242 
f 424 6243 6245 
f 1605 6244 6243 
f 1604 6245 6244 
f 6243 6244 6245 
f 423 6246 6248 
f 1606 6247 6246 
f 1605 6248 6247 
f 6246 6247 6248 
f 1604 6244 6241 
f 1605 6247 6244 
f 1606 6241 6247 
f 6244 6247 6241 
f 117 6249 6251 
f 1607 6250 6249 
f 1609 6251 6250 
f 6249 6250 6251 
f 425 6252 6254 
f 1608 6253 6252 
f 1607 6254 6253 
f 6252 6253 6254 
f 424 6255 6257 
f 1609 6256 6255 
f 1608 6257 6256 
f 6255 6256 6257 
f 1607 6253 6250 
f 1608 6256 6253 
f 1609 6250 6256 
f 6253 6256 6250 
f 423 6248 6234 
f 1605 6258 6248 
f 1602 6234 6258 
f 6248 6258 6234 
f 424 6257 6243 
f 1608 6259 6257 
f 1605 6243 6259 
f 6257 6259 6243 
f 425 6239 6252 
f 1602 6260 6239 
f 1608 6252 6260 
f 6239 6260 6252 
f 1605 6259 6258 
f 1608 6260 6259 
f 1602 6258 6260 
f 6259 6260 6258 
f 116 6221 6180 
f 1600 6261 6221 
f 1586 6180 6261 
f 6221 6261 6180 
f 421 6262 6225 
f 1610 6263 6262 
f 1600 6225 6263 
f 6262 6263 6225 
f 418 6185 6265 
f 1586 6264 6185 
f 1610 6265 6264 
f 6185 6264 6265 
f 1600 6263 6261 
f 1610 6264 6263 
f 1586 6261 6264 
f 6263 6264 6261 
f 117 6251 6210 
f 1609 6266 6251 
f 1595 6210 6266 
f 6251 6266 6210 
f 424 6267 6255 
f 1611 6268 6267 
f 1609 6255 6268 
f 6267 6268 6255 
f 421 6215 6270 
f 1595 6269 6215 
f 1611 6270 6269 
f 6215 6269 6270 
f 1609 6268 6266 
f 1611 6269 6268 
f 1595 6266 6269 
f 6268 6269 6266 
f 118 6191 6240 
f 1591 6271 6191 
f 1604 6240 6271 
f 6191 6271 6240 
f 418 6272 6195 
f 1612 6273 6272 
f 1591 6195 6273 
f 6272 6273 6195 
f 424 6245 6275 
f 1604 6274 6245 
f 1612 6275 6274 
f 6245 6274 6275 
f 1591 6273 6271 
f 1612 6274 6273 
f 1604 6271 6274 
f 6273 6274 6271 
f 421 6270 6262 
f 1611 6276 6270 
f 1610 6262 6276 
f 6270 6276 6262 
f 424 6275 6267 
f 1612 6277 6275 
f 1611 6267 6277 
f 6275 6277 6267 
f 418 6265 6272 
f 1610 6278 6265 
f 1612 6272 6278 
f 6265 6278 6272 
f 1611 6277 6276 
f 1612 6278 6277 
f 1610 6276 6278 
f 6277 6278 6276 
f 6 5981 6280 
f 1537 6279 5981 
f 1614 6280 6279 
f 5981 6279 6280 
f 407 6281 5985 
f 1613 6282 6281 
f 1537 5985 6282 
f 6281 6282 5985 
f 427 6283 6285 
f 1614 6284 6283 
f 1613 6285 6284 
f 6283 6284 6285 
f 1537 6282 6279 
f 1613 6284 6282 
f 1614 6279 6284 
f 6282 6284 6279 
f 115 6286 5997 
f 1615 6287 6286 
f 1541 5997 6287 
f 6286 6287 5997 
f 426 6288 6290 
f 1616 6289 6288 
f 1615 6290 6289 
f 6288 6289 6290 
f 407 6002 6292 
f 1541 6291 6002 
f 1616 6292 6291 
f 6002 6291 6292 
f 1615 6289 6287 
f 1616 6291 6289 
f 1541 6287 6291 
f 6289 6291 6287 
f 120 6293 6295 
f 1617 6294 6293 
f 1619 6295 6294 
f 6293 6294 6295 
f 427 6296 6298 
f 1618 6297 6296 
f 1617 6298 6297 
f 6296 6297 6298 
f 426 6299 6301 
f 1619 6300 6299 
f 1618 6301 6300 
f 6299 6300 6301 
f 1617 6297 6294 
f 1618 6300 6297 
f 1619 6294 6300 
f 6297 6300 6294 
f 407 6292 6281 
f 1616 6302 6292 
f 1613 6281 6302 
f 6292 6302 6281 
f 426 6301 6288 
f 1618 6303 6301 
f 1616 6288 6303 
f 6301 6303 6288 
f 427 6285 6296 
f 1613 6304 6285 
f 1618 6296 6304 
f 6285 6304 6296 
f 1616 6303 6302 
f 1618 6304 6303 
f 1613 6302 6304 
f 6303 6304 6302 
f 34 6305 6039 
f 1620 6306 6305 
f 1553 6039 6306 
f 6305 6306 6039 
f 428 6307 6309 
f 1621 6308 6307 
f 1620 6309 6308 
f 6307 6308 6309 
f 411 6044 6311 
f 1553 6310 6044 
f 1621 6311 6310 
f 6044 6310 6311 
f 1620 6308 6306 
f 1621 6310 6308 
f 1553 6306 6310 
f 6308 6310 6306 
f 119 6312 6314 
f 1622 6313 6312 
f 1624 6314 6313 
f 6312 6313 6314 
f 429 6315 6317 
f 1623 6316 6315 
f 1622 6317 6316 
f 6315 6316 6317 
f 428 6318 6320 
f 1624 6319 6318 
f 1623 6320 6319 
f 6318 6319 6320 
f 1622 6316 6313 
f 1623 6319 6316 
f 1624 6313 6319 
f 6316 6319 6313 
f 115 6050 6322 
f 1558 6321 6050 
f 1626 6322 6321 
f 6050 6321 6322 
f 411 6323 6054 
f 1625 6324 6323 
f 1558 6054 6324 
f 6323 6324 6054 
f 429 6325 6327 
f 1626 6326 6325 
f 1625 6327 6326 
f 6325 6326 6327 
f 1558 6324 6321 
f 1625 6326 6324 
f 1626 6321 6326 
f 6324 6326 6321 
f 428 6320 6307 
f 1623 6328 6320 
f 1621 6307 6328 
f 6320 6328 6307 
f 429 6327 6315 
f 1625 6329 6327 
f 1623 6315 6329 
f 6327 6329 6315 
f 411 6311 6323 
f 1621 6330 6311 
f 1625 6323 6330 
f 6311 6330 6323 
f 1623 6329 6328 
f 1625 6330 6329 
f 1621 6328 6330 
f 6329 6330 6328 
f 36 6331 6333 
f 1627 6332 6331 
f 1629 6333 6332 
f 6331 6332 6333 
f 430 6334 6336 
f 1628 6335 6334 
f 1627 6336 6335 
f 6334 6335 6336 
f 432 6337 6339 
f 1629 6338 6337 
f 1628 6339 6338 
f 6337 6338 6339 
f 1627 6335 6332 
f 1628 6338 6335 
f 1629 6332 6338 
f 6335 6338 6332 
f 120 6340 6342 
f 1630 6341 6340 
f 1632 6342 6341 
f 6340 6341 6342 
f 431 6343 6345 
f 1631 6344 6343 
f 1630 6345 6344 
f 6343 6344 6345 
f 430 6346 6348 
f 1632 6347 6346 
f 1631 6348 6347 
f 6346 6347 6348 
f 1630 6344 6341 
f 1631 6347 6344 
f 1632 6341 6347 
f 6344 6347 6341 
f 119 6349 6351 
f 1633 6350 6349 
f 1635 6351 6350 
f 6349 6350 6351 
f 432 6352 6354 
f 1634 6353 6352 
f 1633 6354 6353 
f 6352 6353 6354 
f 431 6355 6357 
f 1635 6356 6355 
f 1634 6357 6356 
f 6355 6356 6357 
f 1633 6353 6350 
f 1634 6356 6353 
f 1635 6350 6356 
f 6353 6356 6350 
f 430 6348 6334 
f 1631 6358 6348 
f 1628 6334 6358 
f 6348 6358 6334 
f 431 6357 6343 
f 1634 6359 6357 
f 1631 6343 6359 
f 6357 6359 6343 
f 432 6339 6352 
f 1628 6360 6339 
f 1634 6352 6360 
f 6339 6360 6352 
f 1631 6359 6358 
f 1634 6360 6359 
f 1628 6358 6360 
f 6359 6360 6358 
f 115 6322 6286 
f 1626 6361 6322 
f 1615 6286 6361 
f 6322 6361 6286 
f 429 6362 6325 
f 1636 6363 6362 
f 1626 6325 6363 
f 6362 6363 6325 
f 426 6290 6365 
f 1615 6364 6290 
f 1636 6365 6364 
f 6290 6364 6365 
f 1626 6363 6361 
f 1636 6364 6363 
f 1615 6361 6364 
f 6363 6364 6361 
f 119 6351 6312 
f 1635 6366 6351 
f 1622 6312 6366 
f 6351 6366 6312 
f 431 6367 6355 
f 1637 6368 6367 
f 1635 6355 6368 
f 6367 6368 6355 
f 429 6317 6370 
f 1622 6369 6317 
f 1637 6370 6369 
f 6317 6369 6370 
f 1635 6368 6366 
f 1637 6369 6368 
f 1622 6366 6369 
f 6368 6369 6366 
f 120 6295 6340 
f 1619 6371 6295 
f 1630 6340 6371 
f 6295 6371 6340 
f 426 6372 6299 
f 1638 6373 6372 
f 1619 6299 6373 
f 6372 6373 6299 
f 431 6345 6375 
f 1630 6374 6345 
f 1638 6375 6374 
f 6345 6374 6375 
f 1619 6373 6371 
f 1638 6374 6373 
f 1630 6371 6374 
f 6373 6374 6371 
f 429 6370 6362 
f 1637 6376 6370 
f 1636 6362 6376 
f 6370 6376 6362 
f 431 6375 6367 
f 1638 6377 6375 
f 1637 6367 6377 
f 6375 6377 6367 
f 426 6365 6372 
f 1636 6378 6365 
f 1638 6372 6378 
f 6365 6378 6372 
f 1637 6377 6376 
f 1638 6378 6377 
f 1636 6376 6378 
f 6377 6378 6376 
f 10 6379 5871 
f 1639 6380 6379 
f 1505 5871 6380 
f 6379 6380 5871 
f 433 6381 6383 
f 1640 6382 6381 
f 1639 6383 6382 
f 6381 6382 6383 
f 396 5876 6385 
f 1505 6384 5876 
f 1640 6385 6384 
f 5876 6384 6385 
f 1639 6382 6380 
f 1640 6384 6382 
f 1505 6380 6384 
f 6382 6384 6380 
f 121 6386 6388 
f 1641 6387 6386 
f 1643 6388 6387 
f 6386 6387 6388 
f 434 6389 6391 
f 1642 6390 6389 
f 1641 6391 6390 
f 6389 6390 6391 
f 433 6392 6394 
f 1643 6393 6392 
f 1642 6394 6393 
f 6392 6393 6394 
f 1641 6390 6387 
f 1642 6393 6390 
f 1643 6387 6393 
f 6390 6393 6387 
f 110 5882 6396 
f 1510 6395 5882 
f 1645 6396 6395 
f 5882 6395 6396 
f 396 6397 5886 
f 1644 6398 6397 
f 1510 5886 6398 
f 6397 6398 5886 
f 434 6399 6401 
f 1645 6400 6399 
f 1644 6401 6400 
f 6399 6400 6401 
f 1510 6398 6395 
f 1644 6400 6398 
f 1645 6395 6400 
f 6398 6400 6395 
f 433 6394 6381 
f 1642 6402 6394 
f 1640 6381 6402 
f 6394 6402 6381 
f 434 6401 6389 
f 1644 6403 6401 
f 1642 6389 6403 
f 6401 6403 6389 
f 396 6385 6397 
f 1640 6404 6385 
f 1644 6397 6404 
f 6385 6404 6397 
f 1642 6403 6402 
f 1644 6404 6403 
f 1640 6402 6404 
f 6403 6404 6402 
f 37 6405 6407 
f 1646 6406 6405 
f 1648 6407 6406 
f 6405 6406 6407 
f 435 6408 6410 
f 1647 6409 6408 
f 1646 6410 6409 
f 6408 6409 6410 
f 437 6411 6413 
f 1648 6412 6411 
f 1647 6413 6412 
f 6411 6412 6413 
f 1646 6409 6406 
f 1647 6412 6409 
f 1648 6406 6412 
f 6409 6412 6406 
f 122 6414 6416 
f 1649 6415 6414 
f 1651 6416 6415 
f 6414 6415 6416 
f 436 6417 6419 
f 1650 6418 6417 
f 1649 6419 6418 
f 6417 6418 6419 
f 435 6420 6422 
f 1651 6421 6420 
f 1650 6422 6421 
f 6420 6421 6422 
f 1649 6418 6415 
f 1650 6421 6418 
f 1651 6415 6421 
f 6418 6421 6415 
f 121 6423 6425 
f 1652 6424 6423 
f 1654 6425 6424 
f 6423 6424 6425 
f 437 6426 6428 
f 1653 6427 6426 
f 1652 6428 6427 
f 6426 6427 6428 
f 436 6429 6431 
f 1654 6430 6429 
f 1653 6431 6430 
f 6429 6430 6431 
f 1652 6427 6424 
f 1653 6430 6427 
f 1654 6424 6430 
f 6427 6430 6424 
f 435 6422 6408 
f 1650 6432 6422 
f 1647 6408 6432 
f 6422 6432 6408 
f 436 6431 6417 
f 1653 6433 6431 
f 1650 6417 6433 
f 6431 6433 6417 
f 437 6413 6426 
f 1647 6434 6413 
f 1653 6426 6434 
f 6413 6434 6426 
f 1650 6433 6432 
f 1653 6434 6433 
f 1647 6432 6434 
f 6433 6434 6432 
f 34 5903 6436 
f 1516 6435 5903 
f 1656 6436 6435 
f 5903 6435 6436 
f 401 6437 5907 
f 1655 6438 6437 
f 1516 5907 6438 
f 6437 6438 5907 
f 439 6439 6441 
f 1656 6440 6439 
f 1655 6441 6440 
f 6439 6440 6441 
f 1516 6438 6435 
f 1655 6440 6438 
f 1656 6435 6440 
f 6438 6440 6435 
f 110 6442 5919 
f 1657 6443 6442 
f 1520 5919 6443 
f 6442 6443 5919 
f 438 6444 6446 
f 1658 6445 6444 
f 1657 6446 6445 
f 6444 6445 6446 
f 401 5924 6448 
f 1520 6447 5924 
f 1658 6448 6447 
f 5924 6447 6448 
f 1657 6445 6443 
f 1658 6447 6445 
f 1520 6443 6447 
f 6445 6447 6443 
f 122 6449 6451 
f 1659 6450 6449 
f 1661 6451 6450 
f 6449 6450 6451 
f 439 6452 6454 
f 1660 6453 6452 
f 1659 6454 6453 
f 6452 6453 6454 
f 438 6455 6457 
f 1661 6456 6455 
f 1660 6457 6456 
f 6455 6456 6457 
f 1659 6453 6450 
f 1660 6456 6453 
f 1661 6450 6456 
f 6453 6456 6450 
f 401 6448 6437 
f 1658 6458 6448 
f 1655 6437 6458 
f 6448 6458 6437 
f 438 6457 6444 
f 1660 6459 6457 
f 1658 6444 6459 
f 6457 6459 6444 
f 439 6441 6452 
f 1655 6460 6441 
f 1660 6452 6460 
f 6441 6460 6452 
f 1658 6459 6458 
f 1660 6460 6459 
f 1655 6458 6460 
f 6459 6460 6458 
f 121 6425 6386 
f 1654 6461 6425 
f 1641 6386 6461 
f 6425 6461 6386 
f 436 6462 6429 
f 1662 6463 6462 
f 1654 6429 6463 
f 6462 6463 6429 
f 434 6391 6465 
f 1641 6464 6391 
f 1662 6465 6464 
f 6391 6464 6465 
f 1654 6463 6461 
f 1662 6464 6463 
f 1641 6461 6464 
f 6463 6464 6461 
f 122 6451 6414 
f 1661 6466 6451 
f 1649 6414 6466 
f 6451 6466 6414 
f 438 6467 6455 
f 1663 6468 6467 
f 1661 6455 6468 
f 6467 6468 6455 
f 436 6419 6470 
f 1649 6469 6419 
f 1663 6470 6469 
f 6419 6469 6470 
f 1661 6468 6466 
f 1663 6469 6468 
f 1649 6466 6469 
f 6468 6469 6466 
f 110 6396 6442 
f 1645 6471 6396 
f 1657 6442 6471 
f 6396 6471 6442 
f 434 6472 6399 
f 1664 6473 6472 
f 1645 6399 6473 
f 6472 6473 6399 
f 438 6446 6475 
f 1657 6474 6446 
f 1664 6475 6474 
f 6446 6474 6475 
f 1645 6473 6471 
f 1664 6474 6473 
f 1657 6471 6474 
f 6473 6474 6471 
f 436 6470 6462 
f 1663 6476 6470 
f 1662 6462 6476 
f 6470 6476 6462 
f 438 6475 6467 
f 1664 6477 6475 
f 1663 6467 6477 
f 6475 6477 6467 
f 434 6465 6472 
f 1662 6478 6465 
f 1664 6472 6478 
f 6465 6478 6472 
f 1663 6477 6476 
f 1664 6478 6477 
f 1662 6476 6478 
f 6477 6478 6476 
f 36 6333 6201 
f 1629 6479 6333 
f 1592 6201 6479 
f 6333 6479 6201 
f 432 6480 6337 
f 1665 6481 6480 
f 1629 6337 6481 
f 6480 6481 6337 
f 420 6206 6483 
f 1592 6482 6206 
f 1665 6483 6482 
f 6206 6482 6483 
f 1629 6481 6479 
f 1665 6482 6481 
f 1592 6479 6482 
f 6481 6482 6479 
f 119 6484 6349 
f 1666 6485 6484 
f 1633 6349 6485 
f 6484 6485 6349 
f 440 6486 6488 
f 1667 6487 6486 
f 1666 6488 6487 
f 6486 6487 6488 
f 432 6354 6490 
f 1633 6489 6354 
f 1667 6490 6489 
f 6354 6489 6490 
f 1666 6487 6485 
f 1667 6489 6487 
f 1633 6485 6489 
f 6487 6489 6485 
f 117 6212 6492 
f 1597 6491 6212 
f 1669 6492 6491 
f 6212 6491 6492 
f 420 6493 6216 
f 1668 6494 6493 
f 1597 6216 6494 
f 6493 6494 6216 
f 440 6495 6497 
f 1669 6496 6495 
f 1668 6497 6496 
f 6495 6496 6497 
f 1597 6494 6491 
f 1668 6496 6494 
f 1669 6491 6496 
f 6494 6496 6491 
f 432 6490 6480 
f 1667 6498 6490 
f 1665 6480 6498 
f 6490 6498 6480 
f 440 6497 6486 
f 1668 6499 6497 
f 1667 6486 6499 
f 6497 6499 6486 
f 420 6483 6493 
f 1665 6500 6483 
f 1668 6493 6500 
f 6483 6500 6493 
f 1667 6499 6498 
f 1668 6500 6499 
f 1665 6498 6500 
f 6499 6500 6498 
f 34 6436 6305 
f 1656 6501 6436 
f 1620 6305 6501 
f 6436 6501 6305 
f 439 6502 6439 
f 1670 6503 6502 
f 1656 6439 6503 
f 6502 6503 6439 
f 428 6309 6505 
f 1620 6504 6309 
f 1670 6505 6504 
f 6309 6504 6505 
f 1656 6503 6501 
f 1670 6504 6503 
f 1620 6501 6504 
f 6503 6504 6501 
f 122 6506 6449 
f 1671 6507 6506 
f 1659 6449 6507 
f 6506 6507 6449 
f 441 6508 6510 
f 1672 6509 6508 
f 1671 6510 6509 
f 6508 6509 6510 
f 439 6454 6512 
f 1659 6511 6454 
f 1672 6512 6511 
f 6454 6511 6512 
f 1671 6509 6507 
f 1672 6511 6509 
f 1659 6507 6511 
f 6509 6511 6507 
f 119 6314 6514 
f 1624 6513 6314 
f 1674 6514 6513 
f 6314 6513 6514 
f 428 6515 6318 
f 1673 6516 6515 
f 1624 6318 6516 
f 6515 6516 6318 
f 441 6517 6519 
f 1674 6518 6517 
f 1673 6519 6518 
f 6517 6518 6519 
f 1624 6516 6513 
f 1673 6518 6516 
f 1674 6513 6518 
f 6516 6518 6513 
f 439 6512 6502 
f 1672 6520 6512 
f 1670 6502 6520 
f 6512 6520 6502 
f 441 6519 6508 
f 1673 6521 6519 
f 1672 6508 6521 
f 6519 6521 6508 
f 428 6505 6515 
f 1670 6522 6505 
f 1673 6515 6522 
f 6505 6522 6515 
f 1672 6521 6520 
f 1673 6522 6521 
f 1670 6520 6522 
f 6521 6522 6520 
f 37 6233 6405 
f 1603 6523 6233 
f 1646 6405 6523 
f 6233 6523 6405 
f 425 6524 6237 
f 1675 6525 6524 
f 1603 6237 6525 
f 6524 6525 6237 
f 435 6410 6527 
f 1646 6526 6410 
f 1675 6527 6526 
f 6410 6526 6527 
f 1603 6525 6523 
f 1675 6526 6525 
f 1646 6523 6526 
f 6525 6526 6523 
f 117 6528 6249 
f 1676 6529 6528 
f 1607 6249 6529 
f 6528 6529 6249 
f 442 6530 6532 
f 1677 6531 6530 
f 1676 6532 6531 
f 6530 6531 6532 
f 425 6254 6534 
f 1607 6533 6254 
f 1677 6534 6533 
f 6254 6533 6534 
f 1676 6531 6529 
f 1677 6533 6531 
f 1607 6529 6533 
f 6531 6533 6529 
f 122 6416 6536 
f 1651 6535 6416 
f 1679 6536 6535 
f 6416 6535 6536 
f 435 6537 6420 
f 1678 6538 6537 
f 1651 6420 6538 
f 6537 6538 6420 
f 442 6539 6541 
f 1679 6540 6539 
f 1678 6541 6540 
f 6539 6540 6541 
f 1651 6538 6535 
f 1678 6540 6538 
f 1679 6535 6540 
f 6538 6540 6535 
f 425 6534 6524 
f 1677 6542 6534 
f 1675 6524 6542 
f 6534 6542 6524 
f 442 6541 6530 
f 1678 6543 6541 
f 1677 6530 6543 
f 6541 6543 6530 
f 435 6527 6537 
f 1675 6544 6527 
f 1678 6537 6544 
f 6527 6544 6537 
f 1677 6543 6542 
f 1678 6544 6543 
f 1675 6542 6544 
f 6543 6544 6542 
f 119 6514 6484 
f 1674 6545 6514 
f 1666 6484 6545 
f 6514 6545 6484 
f 441 6546 6517 
f 1680 6547 6546 
f 1674 6517 6547 
f 6546 6547 6517 
f 440 6488 6549 
f 1666 6548 6488 
f 1680 6549 6548 
f 6488 6548 6549 
f 1674 6547 6545 
f 1680 6548 6547 
f 1666 6545 6548 
f 6547 6548 6545 
f 122 6536 6506 
f 1679 6550 6536 
f 1671 6506 6550 
f 6536 6550 6506 
f 442 6551 6539 
f 1681 6552 6551 
f 1679 6539 6552 
f 6551 6552 6539 
f 441 6510 6554 
f 1671 6553 6510 
f 1681 6554 6553 
f 6510 6553 6554 
f 1679 6552 6550 
f 1681 6553 6552 
f 1671 6550 6553 
f 6552 6553 6550 
f 117 6492 6528 
f 1669 6555 6492 
f 1676 6528 6555 
f 6492 6555 6528 
f 440 6556 6495 
f 1682 6557 6556 
f 1669 6495 6557 
f 6556 6557 6495 
f 442 6532 6559 
f 1676 6558 6532 
f 1682 6559 6558 
f 6532 6558 6559 
f 1669 6557 6555 
f 1682 6558 6557 
f 1676 6555 6558 
f 6557 6558 6555 
f 441 6554 6546 
f 1681 6560 6554 
f 1680 6546 6560 
f 6554 6560 6546 
f 442 6559 6551 
f 1682 6561 6559 
f 1681 6551 6561 
f 6559 6561 6551 
f 440 6549 6556 
f 1680 6562 6549 
f 1682 6556 6562 
f 6549 6562 6556 
f 1681 6561 6560 
f 1682 6562 6561 
f 1680 6560 6562 
f 6561 6562 6560 
f 2 6563 6565 
f 1683 6564 6563 
f 1685 6565 6564 
f 6563 6564 6565 
f 443 6566 6568 
f 1684 6567 6566 
f 1683 6568 6567 
f 6566 6567 6568 
f 445 6569 6571 
f 1685 6570 6569 
f 1684 6571 6570 
f 6569 6570 6571 
f 1683 6567 6564 
f 1684 6570 6567 
f 1685 6564 6570 
f 6567 6570 6564 
f 123 6572 6574 
f 1686 6573 6572 
f 1688 6574 6573 
f 6572 6573 6574 
f 444 6575 6577 
f 1687 6576 6575 
f 1686 6577 6576 
f 6575 6576 6577 
f 443 6578 6580 
f 1688 6579 6578 
f 1687 6580 6579 
f 6578 6579 6580 
f 1686 6576 6573 
f 1687 6579 6576 
f 1688 6573 6579 
f 6576 6579 6573 
f 125 6581 6583 
f 1689 6582 6581 
f 1691 6583 6582 
f 6581 6582 6583 
f 445 6584 6586 
f 1690 6585 6584 
f 1689 6586 6585 
f 6584 6585 6586 
f 444 6587 6589 
f 1691 6588 6587 
f 1690 6589 6588 
f 6587 6588 6589 
f 1689 6585 6582 
f 1690 6588 6585 
f 1691 6582 6588 
f 6585 6588 6582 
f 443 6580 6566 
f 1687 6590 6580 
f 1684 6566 6590 
f 6580 6590 6566 
f 444 6589 6575 
f 1690 6591 6589 
f 1687 6575 6591 
f 6589 6591 6575 
f 445 6571 6584 
f 1684 6592 6571 
f 1690 6584 6592 
f 6571 6592 6584 
f 1687 6591 6590 
f 1690 6592 6591 
f 1684 6590 6592 
f 6591 6592 6590 
f 38 6593 6595 
f 1692 6594 6593 
f 1694 6595 6594 
f 6593 6594 6595 
f 446 6596 6598 
f 1693 6597 6596 
f 1692 6598 6597 
f 6596 6597 6598 
f 448 6599 6601 
f 1694 6600 6599 
f 1693 6601 6600 
f 6599 6600 6601 
f 1692 6597 6594 
f 1693 6600 6597 
f 1694 6594 6600 
f 6597 6600 6594 
f 124 6602 6604 
f 1695 6603 6602 
f 1697 6604 6603 
f 6602 6603 6604 
f 447 6605 6607 
f 1696 6606 6605 
f 1695 6607 6606 
f 6605 6606 6607 
f 446 6608 6610 
f 1697 6609 6608 
f 1696 6610 6609 
f 6608 6609 6610 
f 1695 6606 6603 
f 1696 6609 6606 
f 1697 6603 6609 
f 6606 6609 6603 
f 123 6611 6613 
f 1698 6612 6611 
f 1700 6613 6612 
f 6611 6612 6613 
f 448 6614 6616 
f 1699 6615 6614 
f 1698 6616 6615 
f 6614 6615 6616 
f 447 6617 6619 
f 1700 6618 6617 
f 1699 6619 6618 
f 6617 6618 6619 
f 1698 6615 6612 
f 1699 6618 6615 
f 1700 6612 6618 
f 6615 6618 6612 
f 446 6610 6596 
f 1696 6620 6610 
f 1693 6596 6620 
f 6610 6620 6596 
f 447 6619 6605 
f 1699 6621 6619 
f 1696 6605 6621 
f 6619 6621 6605 
f 448 6601 6614 
f 1693 6622 6601 
f 1699 6614 6622 
f 6601 6622 6614 
f 1696 6621 6620 
f 1699 6622 6621 
f 1693 6620 6622 
f 6621 6622 6620 
f 40 6623 6625 
f 1701 6624 6623 
f 1703 6625 6624 
f 6623 6624 6625 
f 449 6626 6628 
f 1702 6627 6626 
f 1701 6628 6627 
f 6626 6627 6628 
f 451 6629 6631 
f 1703 6630 6629 
f 1702 6631 6630 
f 6629 6630 6631 
f 1701 6627 6624 
f 1702 6630 6627 
f 1703 6624 6630 
f 6627 6630 6624 
f 125 6632 6634 
f 1704 6633 6632 
f 1706 6634 6633 
f 6632 6633 6634 
f 450 6635 6637 
f 1705 6636 6635 
f 1704 6637 6636 
f 6635 6636 6637 
f 449 6638 6640 
f 1706 6639 6638 
f 1705 6640 6639 
f 6638 6639 6640 
f 1704 6636 6633 
f 1705 6639 6636 
f 1706 6633 6639 
f 6636 6639 6633 
f 124 6641 6643 
f 1707 6642 6641 
f 1709 6643 6642 
f 6641 6642 6643 
f 451 6644 6646 
f 1708 6645 6644 
f 1707 6646 6645 
f 6644 6645 6646 
f 450 6647 6649 
f 1709 6648 6647 
f 1708 6649 6648 
f 6647 6648 6649 
f 1707 6645 6642 
f 1708 6648 6645 
f 1709 6642 6648 
f 6645 6648 6642 
f 449 6640 6626 
f 1705 6650 6640 
f 1702 6626 6650 
f 6640 6650 6626 
f 450 6649 6635 
f 1708 6651 6649 
f 1705 6635 6651 
f 6649 6651 6635 
f 451 6631 6644 
f 1702 6652 6631 
f 1708 6644 6652 
f 6631 6652 6644 
f 1705 6651 6650 
f 1708 6652 6651 
f 1702 6650 6652 
f 6651 6652 6650 
f 123 6613 6572 
f 1700 6653 6613 
f 1686 6572 6653 
f 6613 6653 6572 
f 447 6654 6617 
f 1710 6655 6654 
f 1700 6617 6655 
f 6654 6655 6617 
f 444 6577 6657 
f 1686 6656 6577 
f 1710 6657 6656 
f 6577 6656 6657 
f 1700 6655 6653 
f 1710 6656 6655 
f 1686 6653 6656 
f 6655 6656 6653 
f 124 6643 6602 
f 1709 6658 6643 
f 1695 6602 6658 
f 6643 6658 6602 
f 450 6659 6647 
f 1711 6660 6659 
f 1709 6647 6660 
f 6659 6660 6647 
f 447 6607 6662 
f 1695 6661 6607 
f 1711 6662 6661 
f 6607 6661 6662 
f 1709 6660 6658 
f 1711 6661 6660 
f 1695 6658 6661 
f 6660 6661 6658 
f 125 6583 6632 
f 1691 6663 6583 
f 1704 6632 6663 
f 6583 6663 6632 
f 444 6664 6587 
f 1712 6665 6664 
f 1691 6587 6665 
f 6664 6665 6587 
f 450 6637 6667 
f 1704 6666 6637 
f 1712 6667 6666 
f 6637 6666 6667 
f 1691 6665 6663 
f 1712 6666 6665 
f 1704 6663 6666 
f 6665 6666 6663 
f 447 6662 6654 
f 1711 6668 6662 
f 1710 6654 6668 
f 6662 6668 6654 
f 450 6667 6659 
f 1712 6669 6667 
f 1711 6659 6669 
f 6667 6669 6659 
f 444 6657 6664 
f 1710 6670 6657 
f 1712 6664 6670 
f 6657 6670 6664 
f 1711 6669 6668 
f 1712 6670 6669 
f 1710 6668 6670 
f 6669 6670 6668 
f 7 6671 6673 
f 1713 6672 6671 
f 1715 6673 6672 
f 6671 6672 6673 
f 452 6674 6676 
f 1714 6675 6674 
f 1713 6676 6675 
f 6674 6675 6676 
f 454 6677 6679 
f 1715 6678 6677 
f 1714 6679 6678 
f 6677 6678 6679 
f 1713 6675 6672 
f 1714 6678 6675 
f 1715 6672 6678 
f 6675 6678 6672 
f 126 6680 6682 
f 1716 6681 6680 
f 1718 6682 6681 
f 6680 6681 6682 
f 453 6683 6685 
f 1717 6684 6683 
f 1716 6685 6684 
f 6683 6684 6685 
f 452 6686 6688 
f 1718 6687 6686 
f 1717 6688 6687 
f 6686 6687 6688 
f 1716 6684 6681 
f 1717 6687 6684 
f 1718 6681 6687 
f 6684 6687 6681 
f 128 6689 6691 
f 1719 6690 6689 
f 1721 6691 6690 
f 6689 6690 6691 
f 454 6692 6694 
f 1720 6693 6692 
f 1719 6694 6693 
f 6692 6693 6694 
f 453 6695 6697 
f 1721 6696 6695 
f 1720 6697 6696 
f 6695 6696 6697 
f 1719 6693 6690 
f 1720 6696 6693 
f 1721 6690 6696 
f 6693 6696 6690 
f 452 6688 6674 
f 1717 6698 6688 
f 1714 6674 6698 
f 6688 6698 6674 
f 453 6697 6683 
f 1720 6699 6697 
f 1717 6683 6699 
f 6697 6699 6683 
f 454 6679 6692 
f 1714 6700 6679 
f 1720 6692 6700 
f 6679 6700 6692 
f 1717 6699 6698 
f 1720 6700 6699 
f 1714 6698 6700 
f 6699 6700 6698 
f 39 6701 6703 
f 1722 6702 6701 
f 1724 6703 6702 
f 6701 6702 6703 
f 455 6704 6706 
f 1723 6705 6704 
f 1722 6706 6705 
f 6704 6705 6706 
f 457 6707 6709 
f 1724 6708 6707 
f 1723 6709 6708 
f 6707 6708 6709 
f 1722 6705 6702 
f 1723 6708 6705 
f 1724 6702 6708 
f 6705 6708 6702 
f 127 6710 6712 
f 1725 6711 6710 
f 1727 6712 6711 
f 6710 6711 6712 
f 456 6713 6715 
f 1726 6714 6713 
f 1725 6715 6714 
f 6713 6714 6715 
f 455 6716 6718 
f 1727 6717 6716 
f 1726 6718 6717 
f 6716 6717 6718 
f 1725 6714 6711 
f 1726 6717 6714 
f 1727 6711 6717 
f 6714 6717 6711 
f 126 6719 6721 
f 1728 6720 6719 
f 1730 6721 6720 
f 6719 6720 6721 
f 457 6722 6724 
f 1729 6723 6722 
f 1728 6724 6723 
f 6722 6723 6724 
f 456 6725 6727 
f 1730 6726 6725 
f 1729 6727 6726 
f 6725 6726 6727 
f 1728 6723 6720 
f 1729 6726 6723 
f 1730 6720 6726 
f 6723 6726 6720 
f 455 6718 6704 
f 1726 6728 6718 
f 1723 6704 6728 
f 6718 6728 6704 
f 456 6727 6713 
f 1729 6729 6727 
f 1726 6713 6729 
f 6727 6729 6713 
f 457 6709 6722 
f 1723 6730 6709 
f 1729 6722 6730 
f 6709 6730 6722 
f 1726 6729 6728 
f 1729 6730 6729 
f 1723 6728 6730 
f 6729 6730 6728 
f 38 6731 6733 
f 1731 6732 6731 
f 1733 6733 6732 
f 6731 6732 6733 
f 458 6734 6736 
f 1732 6735 6734 
f 1731 6736 6735 
f 6734 6735 6736 
f 460 6737 6739 
f 1733 6738 6737 
f 1732 6739 6738 
f 6737 6738 6739 
f 1731 6735 6732 
f 1732 6738 6735 
f 1733 6732 6738 
f 6735 6738 6732 
f 128 6740 6742 
f 1734 6741 6740 
f 1736 6742 6741 
f 6740 6741 6742 
f 459 6743 6745 
f 1735 6744 6743 
f 1734 6745 6744 
f 6743 6744 6745 
f 458 6746 6748 
f 1736 6747 6746 
f 1735 6748 6747 
f 6746 6747 6748 
f 1734 6744 6741 
f 1735 6747 6744 
f 1736 6741 6747 
f 6744 6747 6741 
f 127 6749 6751 
f 1737 6750 6749 
f 1739 6751 6750 
f 6749 6750 6751 
f 460 6752 6754 
f 1738 6753 6752 
f 1737 6754 6753 
f 6752 6753 6754 
f 459 6755 6757 
f 1739 6756 6755 
f 1738 6757 6756 
f 6755 6756 6757 
f 1737 6753 6750 
f 1738 6756 6753 
f 1739 6750 6756 
f 6753 6756 6750 
f 458 6748 6734 
f 1735 6758 6748 
f 1732 6734 6758 
f 6748 6758 6734 
f 459 6757 6743 
f 1738 6759 6757 
f 1735 6743 6759 
f 6757 6759 6743 
f 460 6739 6752 
f 1732 6760 6739 
f 1738 6752 6760 
f 6739 6760 6752 
f 1735 6759 6758 
f 1738 6760 6759 
f 1732 6758 6760 
f 6759 6760 6758 
f 126 6721 6680 
f 1730 6761 6721 
f 1716 6680 6761 
f 6721 6761 6680 
f 456 6762 6725 
f 1740 6763 6762 
f 1730 6725 6763 
f 6762 6763 6725 
f 453 6685 6765 
f 1716 6764 6685 
f 1740 6765 6764 
f 6685 6764 6765 
f 1730 6763 6761 
f 1740 6764 6763 
f 1716 6761 6764 
f 6763 6764 6761 
f 127 6751 6710 
f 1739 6766 6751 
f 1725 6710 6766 
f 6751 6766 6710 
f 459 6767 6755 
f 1741 6768 6767 
f 1739 6755 6768 
f 6767 6768 6755 
f 456 6715 6770 
f 1725 6769 6715 
f 1741 6770 6769 
f 6715 6769 6770 
f 1739 6768 6766 
f 1741 6769 6768 
f 1725 6766 6769 
f 6768 6769 6766 
f 128 6691 6740 
f 1721 6771 6691 
f 1734 6740 6771 
f 6691 6771 6740 
f 453 6772 6695 
f 1742 6773 6772 
f 1721 6695 6773 
f 6772 6773 6695 
f 459 6745 6775 
f 1734 6774 6745 
f 1742 6775 6774 
f 6745 6774 6775 
f 1721 6773 6771 
f 1742 6774 6773 
f 1734 6771 6774 
f 6773 6774 6771 
f 456 6770 6762 
f 1741 6776 6770 
f 1740 6762 6776 
f 6770 6776 6762 
f 459 6775 6767 
f 1742 6777 6775 
f 1741 6767 6777 
f 6775 6777 6767 
f 453 6765 6772 
f 1740 6778 6765 
f 1742 6772 6778 
f 6765 6778 6772 
f 1741 6777 6776 
f 1742 6778 6777 
f 1740 6776 6778 
f 6777 6778 6776 
f 9 6779 6781 
f 1743 6780 6779 
f 1745 6781 6780 
f 6779 6780 6781 
f 461 6782 6784 
f 1744 6783 6782 
f 1743 6784 6783 
f 6782 6783 6784 
f 463 6785 6787 
f 1745 6786 6785 
f 1744 6787 6786 
f 6785 6786 6787 
f 1743 6783 6780 
f 1744 6786 6783 
f 1745 6780 6786 
f 6783 6786 6780 
f 129 6788 6790 
f 1746 6789 6788 
f 1748 6790 6789 
f 6788 6789 6790 
f 462 6791 6793 
f 1747 6792 6791 
f 1746 6793 6792 
f 6791 6792 6793 
f 461 6794 6796 
f 1748 6795 6794 
f 1747 6796 6795 
f 6794 6795 6796 
f 1746 6792 6789 
f 1747 6795 6792 
f 1748 6789 6795 
f 6792 6795 6789 
f 131 6797 6799 
f 1749 6798 6797 
f 1751 6799 6798 
f 6797 6798 6799 
f 463 6800 6802 
f 1750 6801 6800 
f 1749 6802 6801 
f 6800 6801 6802 
f 462 6803 6805 
f 1751 6804 6803 
f 1750 6805 6804 
f 6803 6804 6805 
f 1749 6801 6798 
f 1750 6804 6801 
f 1751 6798 6804 
f 6801 6804 6798 
f 461 6796 6782 
f 1747 6806 6796 
f 1744 6782 6806 
f 6796 6806 6782 
f 462 6805 6791 
f 1750 6807 6805 
f 1747 6791 6807 
f 6805 6807 6791 
f 463 6787 6800 
f 1744 6808 6787 
f 1750 6800 6808 
f 6787 6808 6800 
f 1747 6807 6806 
f 1750 6808 6807 
f 1744 6806 6808 
f 6807 6808 6806 
f 40 6809 6811 
f 1752 6810 6809 
f 1754 6811 6810 
f 6809 6810 6811 
f 464 6812 6814 
f 1753 6813 6812 
f 1752 6814 6813 
f 6812 6813 6814 
f 466 6815 6817 
f 1754 6816 6815 
f 1753 6817 6816 
f 6815 6816 6817 
f 1752 6813 6810 
f 1753 6816 6813 
f 1754 6810 6816 
f 6813 6816 6810 
f 130 6818 6820 
f 1755 6819 6818 
f 1757 6820 6819 
f 6818 6819 6820 
f 465 6821 6823 
f 1756 6822 6821 
f 1755 6823 6822 
f 6821 6822 6823 
f 464 6824 6826 
f 1757 6825 6824 
f 1756 6826 6825 
f 6824 6825 6826 
f 1755 6822 6819 
f 1756 6825 6822 
f 1757 6819 6825 
f 6822 6825 6819 
f 129 6827 6829 
f 1758 6828 6827 
f 1760 6829 6828 
f 6827 6828 6829 
f 466 6830 6832 
f 1759 6831 6830 
f 1758 6832 6831 
f 6830 6831 6832 
f 465 6833 6835 
f 1760 6834 6833 
f 1759 6835 6834 
f 6833 6834 6835 
f 1758 6831 6828 
f 1759 6834 6831 
f 1760 6828 6834 
f 6831 6834 6828 
f 464 6826 6812 
f 1756 6836 6826 
f 1753 6812 6836 
f 6826 6836 6812 
f 465 6835 6821 
f 1759 6837 6835 
f 1756 6821 6837 
f 6835 6837 6821 
f 466 6817 6830 
f 1753 6838 6817 
f 1759 6830 6838 
f 6817 6838 6830 
f 1756 6837 6836 
f 1759 6838 6837 
f 1753 6836 6838 
f 6837 6838 6836 
f 39 6839 6841 
f 1761 6840 6839 
f 1763 6841 6840 
f 6839 6840 6841 
f 467 6842 6844 
f 1762 6843 6842 
f 1761 6844 6843 
f 6842 6843 6844 
f 469 6845 6847 
f 1763 6846 6845 
f 1762 6847 6846 
f 6845 6846 6847 
f 1761 6843 6840 
f 1762 6846 6843 
f 1763 6840 6846 
f 6843 6846 6840 
f 131 6848 6850 
f 1764 6849 6848 
f 1766 6850 6849 
f 6848 6849 6850 
f 468 6851 6853 
f 1765 6852 6851 
f 1764 6853 6852 
f 6851 6852 6853 
f 467 6854 6856 
f 1766 6855 6854 
f 1765 6856 6855 
f 6854 6855 6856 
f 1764 6852 6849 
f 1765 6855 6852 
f 1766 6849 6855 
f 6852 6855 6849 
f 130 6857 6859 
f 1767 6858 6857 
f 1769 6859 6858 
f 6857 6858 6859 
f 469 6860 6862 
f 1768 6861 6860 
f 1767 6862 6861 
f 6860 6861 6862 
f 468 6863 6865 
f 1769 6864 6863 
f 1768 6865 6864 
f 6863 6864 6865 
f 1767 6861 6858 
f 1768 6864 6861 
f 1769 6858 6864 
f 6861 6864 6858 
f 467 6856 6842 
f 1765 6866 6856 
f 1762 6842 6866 
f 6856 6866 6842 
f 468 6865 6851 
f 1768 6867 6865 
f 1765 6851 6867 
f 6865 6867 6851 
f 469 6847 6860 
f 1762 6868 6847 
f 1768 6860 6868 
f 6847 6868 6860 
f 1765 6867 6866 
f 1768 6868 6867 
f 1762 6866 6868 
f 6867 6868 6866 
f 129 6829 6788 
f 1760 6869 6829 
f 1746 6788 6869 
f 6829 6869 6788 
f 465 6870 6833 
f 1770 6871 6870 
f 1760 6833 6871 
f 6870 6871 6833 
f 462 6793 6873 
f 1746 6872 6793 
f 1770 6873 6872 
f 6793 6872 6873 
f 1760 6871 6869 
f 1770 6872 6871 
f 1746 6869 6872 
f 6871 6872 6869 
f 130 6859 6818 
f 1769 6874 6859 
f 1755 6818 6874 
f 6859 6874 6818 
f 468 6875 6863 
f 1771 6876 6875 
f 1769 6863 6876 
f 6875 6876 6863 
f 465 6823 6878 
f 1755 6877 6823 
f 1771 6878 6877 
f 6823 6877 6878 
f 1769 6876 6874 
f 1771 6877 6876 
f 1755 6874 6877 
f 6876 6877 6874 
f 131 6799 6848 
f 1751 6879 6799 
f 1764 6848 6879 
f 6799 6879 6848 
f 462 6880 6803 
f 1772 6881 6880 
f 1751 6803 6881 
f 6880 6881 6803 
f 468 6853 6883 
f 1764 6882 6853 
f 1772 6883 6882 
f 6853 6882 6883 
f 1751 6881 6879 
f 1772 6882 6881 
f 1764 6879 6882 
f 6881 6882 6879 
f 465 6878 6870 
f 1771 6884 6878 
f 1770 6870 6884 
f 6878 6884 6870 
f 468 6883 6875 
f 1772 6885 6883 
f 1771 6875 6885 
f 6883 6885 6875 
f 462 6873 6880 
f 1770 6886 6873 
f 1772 6880 6886 
f 6873 6886 6880 
f 1771 6885 6884 
f 1772 6886 6885 
f 1770 6884 6886 
f 6885 6886 6884 
f 38 6733 6593 
f 1733 6887 6733 
f 1692 6593 6887 
f 6733 6887 6593 
f 460 6888 6737 
f 1773 6889 6888 
f 1733 6737 6889 
f 6888 6889 6737 
f 446 6598 6891 
f 1692 6890 6598 
f 1773 6891 6890 
f 6598 6890 6891 
f 1733 6889 6887 
f 1773 6890 6889 
f 1692 6887 6890 
f 6889 6890 6887 
f 127 6892 6749 
f 1774 6893 6892 
f 1737 6749 6893 
f 6892 6893 6749 
f 470 6894 6896 
f 1775 6895 6894 
f 1774 6896 6895 
f 6894 6895 6896 
f 460 6754 6898 
f 1737 6897 6754 
f 1775 6898 6897 
f 6754 6897 6898 
f 1774 6895 6893 
f 1775 6897 6895 
f 1737 6893 6897 
f 6895 6897 6893 
f 124 6604 6900 
f 1697 6899 6604 
f 1777 6900 6899 
f 6604 6899 6900 
f 446 6901 6608 
f 1776 6902 6901 
f 1697 6608 6902 
f 6901 6902 6608 
f 470 6903 6905 
f 1777 6904 6903 
f 1776 6905 6904 
f 6903 6904 6905 
f 1697 6902 6899 
f 1776 6904 6902 
f 1777 6899 6904 
f 6902 6904 6899 
f 460 6898 6888 
f 1775 6906 6898 
f 1773 6888 6906 
f 6898 6906 6888 
f 470 6905 6894 
f 1776 6907 6905 
f 1775 6894 6907 
f 6905 6907 6894 
f 446 6891 6901 
f 1773 6908 6891 
f 1776 6901 6908 
f 6891 6908 6901 
f 1775 6907 6906 
f 1776 6908 6907 
f 1773 6906 6908 
f 6907 6908 6906 
f 39 6841 6701 
f 1763 6909 6841 
f 1722 6701 6909 
f 6841 6909 6701 
f 469 6910 6845 
f 1778 6911 6910 
f 1763 6845 6911 
f 6910 6911 6845 
f 455 6706 6913 
f 1722 6912 6706 
f 1778 6913 6912 
f 6706 6912 6913 
f 1763 6911 6909 
f 1778 6912 6911 
f 1722 6909 6912 
f 6911 6912 6909 
f 130 6914 6857 
f 1779 6915 6914 
f 1767 6857 6915 
f 6914 6915 6857 
f 471 6916 6918 
f 1780 6917 6916 
f 1779 6918 6917 
f 6916 6917 6918 
f 469 6862 6920 
f 1767 6919 6862 
f 1780 6920 6919 
f 6862 6919 6920 
f 1779 6917 6915 
f 1780 6919 6917 
f 1767 6915 6919 
f 6917 6919 6915 
f 127 6712 6922 
f 1727 6921 6712 
f 1782 6922 6921 
f 6712 6921 6922 
f 455 6923 6716 
f 1781 6924 6923 
f 1727 6716 6924 
f 6923 6924 6716 
f 471 6925 6927 
f 1782 6926 6925 
f 1781 6927 6926 
f 6925 6926 6927 
f 1727 6924 6921 
f 1781 6926 6924 
f 1782 6921 6926 
f 6924 6926 6921 
f 469 6920 6910 
f 1780 6928 6920 
f 1778 6910 6928 
f 6920 6928 6910 
f 471 6927 6916 
f 1781 6929 6927 
f 1780 6916 6929 
f 6927 6929 6916 
f 455 6913 6923 
f 1778 6930 6913 
f 1781 6923 6930 
f 6913 6930 6923 
f 1780 6929 6928 
f 1781 6930 6929 
f 1778 6928 6930 
f 6929 6930 6928 
f 40 6625 6809 
f 1703 6931 6625 
f 1752 6809 6931 
f 6625 6931 6809 
f 451 6932 6629 
f 1783 6933 6932 
f 1703 6629 6933 
f 6932 6933 6629 
f 464 6814 6935 
f 1752 6934 6814 
f 1783 6935 6934 
f 6814 6934 6935 
f 1703 6933 6931 
f 1783 6934 6933 
f 1752 6931 6934 
f 6933 6934 6931 
f 124 6936 6641 
f 1784 6937 6936 
f 1707 6641 6937 
f 6936 6937 6641 
f 472 6938 6940 
f 1785 6939 6938 
f 1784 6940 6939 
f 6938 6939 6940 
f 451 6646 6942 
f 1707 6941 6646 
f 1785 6942 6941 
f 6646 6941 6942 
f 1784 6939 6937 
f 1785 6941 6939 
f 1707 6937 6941 
f 6939 6941 6937 
f 130 6820 6944 
f 1757 6943 6820 
f 1787 6944 6943 
f 6820 6943 6944 
f 464 6945 6824 
f 1786 6946 6945 
f 1757 6824 6946 
f 6945 6946 6824 
f 472 6947 6949 
f 1787 6948 6947 
f 1786 6949 6948 
f 6947 6948 6949 
f 1757 6946 6943 
f 1786 6948 6946 
f 1787 6943 6948 
f 6946 6948 6943 
f 451 6942 6932 
f 1785 6950 6942 
f 1783 6932 6950 
f 6942 6950 6932 
f 472 6949 6938 
f 1786 6951 6949 
f 1785 6938 6951 
f 6949 6951 6938 
f 464 6935 6945 
f 1783 6952 6935 
f 1786 6945 6952 
f 6935 6952 6945 
f 1785 6951 6950 
f 1786 6952 6951 
f 1783 6950 6952 
f 6951 6952 6950 
f 127 6922 6892 
f 1782 6953 6922 
f 1774 6892 6953 
f 6922 6953 6892 
f 471 6954 6925 
f 1788 6955 6954 
f 1782 6925 6955 
f 6954 6955 6925 
f 470 6896 6957 
f 1774 6956 6896 
f 1788 6957 6956 
f 6896 6956 6957 
f 1782 6955 6953 
f 1788 6956 6955 
f 1774 6953 6956 
f 6955 6956 6953 
f 130 6944 6914 
f 1787 6958 6944 
f 1779 6914 6958 
f 6944 6958 6914 
f 472 6959 6947 
f 1789 6960 6959 
f 1787 6947 6960 
f 6959 6960 6947 
f 471 6918 6962 
f 1779 6961 6918 
f 1789 6962 6961 
f 6918 6961 6962 
f 1787 6960 6958 
f 1789 6961 6960 
f 1779 6958 6961 
f 6960 6961 6958 
f 124 6900 6936 
f 1777 6963 6900 
f 1784 6936 6963 
f 6900 6963 6936 
f 470 6964 6903 
f 1790 6965 6964 
f 1777 6903 6965 
f 6964 6965 6903 
f 472 6940 6967 
f 1784 6966 6940 
f 1790 6967 6966 
f 6940 6966 6967 
f 1777 6965 6963 
f 1790 6966 6965 
f 1784 6963 6966 
f 6965 6966 6963 
f 471 6962 6954 
f 1789 6968 6962 
f 1788 6954 6968 
f 6962 6968 6954 
f 472 6967 6959 
f 1790 6969 6967 
f 1789 6959 6969 
f 6967 6969 6959 
f 470 6957 6964 
f 1788 6970 6957 
f 1790 6964 6970 
f 6957 6970 6964 
f 1789 6969 6968 
f 1790 6970 6969 
f 1788 6968 6970 
f 6969 6970 6968 
f 11 6971 6973 
f 1791 6972 6971 
f 1793 6973 6972 
f 6971 6972 6973 
f 473 6974 6976 
f 1792 6975 6974 
f 1791 6976 6975 
f 6974 6975 6976 
f 475 6977 6979 
f 1793 6978 6977 
f 1792 6979 6978 
f 6977 6978 6979 
f 1791 6975 6972 
f 1792 6978 6975 
f 1793 6972 6978 
f 6975 6978 6972 
f 132 6980 6982 
f 1794 6981 6980 
f 1796 6982 6981 
f 6980 6981 6982 
f 474 6983 6985 
f 1795 6984 6983 
f 1794 6985 6984 
f 6983 6984 6985 
f 473 6986 6988 
f 1796 6987 6986 
f 1795 6988 6987 
f 6986 6987 6988 
f 1794 6984 6981 
f 1795 6987 6984 
f 1796 6981 6987 
f 6984 6987 6981 
f 134 6989 6991 
f 1797 6990 6989 
f 1799 6991 6990 
f 6989 6990 6991 
f 475 6992 6994 
f 1798 6993 6992 
f 1797 6994 6993 
f 6992 6993 6994 
f 474 6995 6997 
f 1799 6996 6995 
f 1798 6997 6996 
f 6995 6996 6997 
f 1797 6993 6990 
f 1798 6996 6993 
f 1799 6990 6996 
f 6993 6996 6990 
f 473 6988 6974 
f 1795 6998 6988 
f 1792 6974 6998 
f 6988 6998 6974 
f 474 6997 6983 
f 1798 6999 6997 
f 1795 6983 6999 
f 6997 6999 6983 
f 475 6979 6992 
f 1792 7000 6979 
f 1798 6992 7000 
f 6979 7000 6992 
f 1795 6999 6998 
f 1798 7000 6999 
f 1792 6998 7000 
f 6999 7000 6998 
f 41 7001 7003 
f 1800 7002 7001 
f 1802 7003 7002 
f 7001 7002 7003 
f 476 7004 7006 
f 1801 7005 7004 
f 1800 7006 7005 
f 7004 7005 7006 
f 478 7007 7009 
f 1802 7008 7007 
f 1801 7009 7008 
f 7007 7008 7009 
f 1800 7005 7002 
f 1801 7008 7005 
f 1802 7002 7008 
f 7005 7008 7002 
f 133 7010 7012 
f 1803 7011 7010 
f 1805 7012 7011 
f 7010 7011 7012 
f 477 7013 7015 
f 1804 7014 7013 
f 1803 7015 7014 
f 7013 7014 7015 
f 476 7016 7018 
f 1805 7017 7016 
f 1804 7018 7017 
f 7016 7017 7018 
f 1803 7014 7011 
f 1804 7017 7014 
f 1805 7011 7017 
f 7014 7017 7011 
f 132 7019 7021 
f 1806 7020 7019 
f 1808 7021 7020 
f 7019 7020 7021 
f 478 7022 7024 
f 1807 7023 7022 
f 1806 7024 7023 
f 7022 7023 7024 
f 477 7025 7027 
f 1808 7026 7025 
f 1807 7027 7026 
f 7025 7026 7027 
f 1806 7023 7020 
f 1807 7026 7023 
f 1808 7020 7026 
f 7023 7026 7020 
f 476 7018 7004 
f 1804 7028 7018 
f 1801 7004 7028 
f 7018 7028 7004 
f 477 7027 7013 
f 1807 7029 7027 
f 1804 7013 7029 
f 7027 7029 7013 
f 478 7009 7022 
f 1801 7030 7009 
f 1807 7022 7030 
f 7009 7030 7022 
f 1804 7029 7028 
f 1807 7030 7029 
f 1801 7028 7030 
f 7029 7030 7028 
f 42 7031 7033 
f 1809 7032 7031 
f 1811 7033 7032 
f 7031 7032 7033 
f 479 7034 7036 
f 1810 7035 7034 
f 1809 7036 7035 
f 7034 7035 7036 
f 481 7037 7039 
f 1811 7038 7037 
f 1810 7039 7038 
f 7037 7038 7039 
f 1809 7035 7032 
f 1810 7038 7035 
f 1811 7032 7038 
f 7035 7038 7032 
f 134 7040 7042 
f 1812 7041 7040 
f 1814 7042 7041 
f 7040 7041 7042 
f 480 7043 7045 
f 1813 7044 7043 
f 1812 7045 7044 
f 7043 7044 7045 
f 479 7046 7048 
f 1814 7047 7046 
f 1813 7048 7047 
f 7046 7047 7048 
f 1812 7044 7041 
f 1813 7047 7044 
f 1814 7041 7047 
f 7044 7047 7041 
f 133 7049 7051 
f 1815 7050 7049 
f 1817 7051 7050 
f 7049 7050 7051 
f 481 7052 7054 
f 1816 7053 7052 
f 1815 7054 7053 
f 7052 7053 7054 
f 480 7055 7057 
f 1817 7056 7055 
f 1816 7057 7056 
f 7055 7056 7057 
f 1815 7053 7050 
f 1816 7056 7053 
f 1817 7050 7056 
f 7053 7056 7050 
f 479 7048 7034 
f 1813 7058 7048 
f 1810 7034 7058 
f 7048 7058 7034 
f 480 7057 7043 
f 1816 7059 7057 
f 1813 7043 7059 
f 7057 7059 7043 
f 481 7039 7052 
f 1810 7060 7039 
f 1816 7052 7060 
f 7039 7060 7052 
f 1813 7059 7058 
f 1816 7060 7059 
f 1810 7058 7060 
f 7059 7060 7058 
f 132 7021 6980 
f 1808 7061 7021 
f 1794 6980 7061 
f 7021 7061 6980 
f 477 7062 7025 
f 1818 7063 7062 
f 1808 7025 7063 
f 7062 7063 7025 
f 474 6985 7065 
f 1794 7064 6985 
f 1818 7065 7064 
f 6985 7064 7065 
f 1808 7063 7061 
f 1818 7064 7063 
f 1794 7061 7064 
f 7063 7064 7061 
f 133 7051 7010 
f 1817 7066 7051 
f 1803 7010 7066 
f 7051 7066 7010 
f 480 7067 7055 
f 1819 7068 7067 
f 1817 7055 7068 
f 7067 7068 7055 
f 477 7015 7070 
f 1803 7069 7015 
f 1819 7070 7069 
f 7015 7069 7070 
f 1817 7068 7066 
f 1819 7069 7068 
f 1803 7066 7069 
f 7068 7069 7066 
f 134 6991 7040 
f 1799 7071 6991 
f 1812 7040 7071 
f 6991 7071 7040 
f 474 7072 6995 
f 1820 7073 7072 
f 1799 6995 7073 
f 7072 7073 6995 
f 480 7045 7075 
f 1812 7074 7045 
f 1820 7075 7074 
f 7045 7074 7075 
f 1799 7073 7071 
f 1820 7074 7073 
f 1812 7071 7074 
f 7073 7074 7071 
f 477 7070 7062 
f 1819 7076 7070 
f 1818 7062 7076 
f 7070 7076 7062 
f 480 7075 7067 
f 1820 7077 7075 
f 1819 7067 7077 
f 7075 7077 7067 
f 474 7065 7072 
f 1818 7078 7065 
f 1820 7072 7078 
f 7065 7078 7072 
f 1819 7077 7076 
f 1820 7078 7077 
f 1818 7076 7078 
f 7077 7078 7076 
f 9 6781 7080 
f 1745 7079 6781 
f 1822 7080 7079 
f 6781 7079 7080 
f 463 7081 6785 
f 1821 7082 7081 
f 1745 6785 7082 
f 7081 7082 6785 
f 483 7083 7085 
f 1822 7084 7083 
f 1821 7085 7084 
f 7083 7084 7085 
f 1745 7082 7079 
f 1821 7084 7082 
f 1822 7079 7084 
f 7082 7084 7079 
f 131 7086 6797 
f 1823 7087 7086 
f 1749 6797 7087 
f 7086 7087 6797 
f 482 7088 7090 
f 1824 7089 7088 
f 1823 7090 7089 
f 7088 7089 7090 
f 463 6802 7092 
f 1749 7091 6802 
f 1824 7092 7091 
f 6802 7091 7092 
f 1823 7089 7087 
f 1824 7091 7089 
f 1749 7087 7091 
f 7089 7091 7087 
f 136 7093 7095 
f 1825 7094 7093 
f 1827 7095 7094 
f 7093 7094 7095 
f 483 7096 7098 
f 1826 7097 7096 
f 1825 7098 7097 
f 7096 7097 7098 
f 482 7099 7101 
f 1827 7100 7099 
f 1826 7101 7100 
f 7099 7100 7101 
f 1825 7097 7094 
f 1826 7100 7097 
f 1827 7094 7100 
f 7097 7100 7094 
f 463 7092 7081 
f 1824 7102 7092 
f 1821 7081 7102 
f 7092 7102 7081 
f 482 7101 7088 
f 1826 7103 7101 
f 1824 7088 7103 
f 7101 7103 7088 
f 483 7085 7096 
f 1821 7104 7085 
f 1826 7096 7104 
f 7085 7104 7096 
f 1824 7103 7102 
f 1826 7104 7103 
f 1821 7102 7104 
f 7103 7104 7102 
f 39 7105 6839 
f 1828 7106 7105 
f 1761 6839 7106 
f 7105 7106 6839 
f 484 7107 7109 
f 1829 7108 7107 
f 1828 7109 7108 
f 7107 7108 7109 
f 467 6844 7111 
f 1761 7110 6844 
f 1829 7111 7110 
f 6844 7110 7111 
f 1828 7108 7106 
f 1829 7110 7108 
f 1761 7106 7110 
f 7108 7110 7106 
f 135 7112 7114 
f 1830 7113 7112 
f 1832 7114 7113 
f 7112 7113 7114 
f 485 7115 7117 
f 1831 7116 7115 
f 1830 7117 7116 
f 7115 7116 7117 
f 484 7118 7120 
f 1832 7119 7118 
f 1831 7120 7119 
f 7118 7119 7120 
f 1830 7116 7113 
f 1831 7119 7116 
f 1832 7113 7119 
f 7116 7119 7113 
f 131 6850 7122 
f 1766 7121 6850 
f 1834 7122 7121 
f 6850 7121 7122 
f 467 7123 6854 
f 1833 7124 7123 
f 1766 6854 7124 
f 7123 7124 6854 
f 485 7125 7127 
f 1834 7126 7125 
f 1833 7127 7126 
f 7125 7126 7127 
f 1766 7124 7121 
f 1833 7126 7124 
f 1834 7121 7126 
f 7124 7126 7121 
f 484 7120 7107 
f 1831 7128 7120 
f 1829 7107 7128 
f 7120 7128 7107 
f 485 7127 7115 
f 1833 7129 7127 
f 1831 7115 7129 
f 7127 7129 7115 
f 467 7111 7123 
f 1829 7130 7111 
f 1833 7123 7130 
f 7111 7130 7123 
f 1831 7129 7128 
f 1833 7130 7129 
f 1829 7128 7130 
f 7129 7130 7128 
f 41 7131 7133 
f 1835 7132 7131 
f 1837 7133 7132 
f 7131 7132 7133 
f 486 7134 7136 
f 1836 7135 7134 
f 1835 7136 7135 
f 7134 7135 7136 
f 488 7137 7139 
f 1837 7138 7137 
f 1836 7139 7138 
f 7137 7138 7139 
f 1835 7135 7132 
f 1836 7138 7135 
f 1837 7132 7138 
f 7135 7138 7132 
f 136 7140 7142 
f 1838 7141 7140 
f 1840 7142 7141 
f 7140 7141 7142 
f 487 7143 7145 
f 1839 7144 7143 
f 1838 7145 7144 
f 7143 7144 7145 
f 486 7146 7148 
f 1840 7147 7146 
f 1839 7148 7147 
f 7146 7147 7148 
f 1838 7144 7141 
f 1839 7147 7144 
f 1840 7141 7147 
f 7144 7147 7141 
f 135 7149 7151 
f 1841 7150 7149 
f 1843 7151 7150 
f 7149 7150 7151 
f 488 7152 7154 
f 1842 7153 7152 
f 1841 7154 7153 
f 7152 7153 7154 
f 487 7155 7157 
f 1843 7156 7155 
f 1842 7157 7156 
f 7155 7156 7157 
f 1841 7153 7150 
f 1842 7156 7153 
f 1843 7150 7156 
f 7153 7156 7150 
f 486 7148 7134 
f 1839 7158 7148 
f 1836 7134 7158 
f 7148 7158 7134 
f 487 7157 7143 
f 1842 7159 7157 
f 1839 7143 7159 
f 7157 7159 7143 
f 488 7139 7152 
f 1836 7160 7139 
f 1842 7152 7160 
f 7139 7160 7152 
f 1839 7159 7158 
f 1842 7160 7159 
f 1836 7158 7160 
f 7159 7160 7158 
f 131 7122 7086 
f 1834 7161 7122 
f 1823 7086 7161 
f 7122 7161 7086 
f 485 7162 7125 
f 1844 7163 7162 
f 1834 7125 7163 
f 7162 7163 7125 
f 482 7090 7165 
f 1823 7164 7090 
f 1844 7165 7164 
f 7090 7164 7165 
f 1834 7163 7161 
f 1844 7164 7163 
f 1823 7161 7164 
f 7163 7164 7161 
f 135 7151 7112 
f 1843 7166 7151 
f 1830 7112 7166 
f 7151 7166 7112 
f 487 7167 7155 
f 1845 7168 7167 
f 1843 7155 7168 
f 7167 7168 7155 
f 485 7117 7170 
f 1830 7169 7117 
f 1845 7170 7169 
f 7117 7169 7170 
f 1843 7168 7166 
f 1845 7169 7168 
f 1830 7166 7169 
f 7168 7169 7166 
f 136 7095 7140 
f 1827 7171 7095 
f 1838 7140 7171 
f 7095 7171 7140 
f 482 7172 7099 
f 1846 7173 7172 
f 1827 7099 7173 
f 7172 7173 7099 
f 487 7145 7175 
f 1838 7174 7145 
f 1846 7175 7174 
f 7145 7174 7175 
f 1827 7173 7171 
f 1846 7174 7173 
f 1838 7171 7174 
f 7173 7174 7171 
f 485 7170 7162 
f 1845 7176 7170 
f 1844 7162 7176 
f 7170 7176 7162 
f 487 7175 7167 
f 1846 7177 7175 
f 1845 7167 7177 
f 7175 7177 7167 
f 482 7165 7172 
f 1844 7178 7165 
f 1846 7172 7178 
f 7165 7178 7172 
f 1845 7177 7176 
f 1846 7178 7177 
f 1844 7176 7178 
f 7177 7178 7176 
f 7 7179 6671 
f 1847 7180 7179 
f 1713 6671 7180 
f 7179 7180 6671 
f 489 7181 7183 
f 1848 7182 7181 
f 1847 7183 7182 
f 7181 7182 7183 
f 452 6676 7185 
f 1713 7184 6676 
f 1848 7185 7184 
f 6676 7184 7185 
f 1847 7182 7180 
f 1848 7184 7182 
f 1713 7180 7184 
f 7182 7184 7180 
f 137 7186 7188 
f 1849 7187 7186 
f 1851 7188 7187 
f 7186 7187 7188 
f 490 7189 7191 
f 1850 7190 7189 
f 1849 7191 7190 
f 7189 7190 7191 
f 489 7192 7194 
f 1851 7193 7192 
f 1850 7194 7193 
f 7192 7193 7194 
f 1849 7190 7187 
f 1850 7193 7190 
f 1851 7187 7193 
f 7190 7193 7187 
f 126 6682 7196 
f 1718 7195 6682 
f 1853 7196 7195 
f 6682 7195 7196 
f 452 7197 6686 
f 1852 7198 7197 
f 1718 6686 7198 
f 7197 7198 6686 
f 490 7199 7201 
f 1853 7200 7199 
f 1852 7201 7200 
f 7199 7200 7201 
f 1718 7198 7195 
f 1852 7200 7198 
f 1853 7195 7200 
f 7198 7200 7195 
f 489 7194 7181 
f 1850 7202 7194 
f 1848 7181 7202 
f 7194 7202 7181 
f 490 7201 7189 
f 1852 7203 7201 
f 1850 7189 7203 
f 7201 7203 7189 
f 452 7185 7197 
f 1848 7204 7185 
f 1852 7197 7204 
f 7185 7204 7197 
f 1850 7203 7202 
f 1852 7204 7203 
f 1848 7202 7204 
f 7203 7204 7202 
f 42 7205 7207 
f 1854 7206 7205 
f 1856 7207 7206 
f 7205 7206 7207 
f 491 7208 7210 
f 1855 7209 7208 
f 1854 7210 7209 
f 7208 7209 7210 
f 493 7211 7213 
f 1856 7212 7211 
f 1855 7213 7212 
f 7211 7212 7213 
f 1854 7209 7206 
f 1855 7212 7209 
f 1856 7206 7212 
f 7209 7212 7206 
f 138 7214 7216 
f 1857 7215 7214 
f 1859 7216 7215 
f 7214 7215 7216 
f 492 7217 7219 
f 1858 7218 7217 
f 1857 7219 7218 
f 7217 7218 7219 
f 491 7220 7222 
f 1859 7221 7220 
f 1858 7222 7221 
f 7220 7221 7222 
f 1857 7218 7215 
f 1858 7221 7218 
f 1859 7215 7221 
f 7218 7221 7215 
f 137 7223 7225 
f 1860 7224 7223 
f 1862 7225 7224 
f 7223 7224 7225 
f 493 7226 7228 
f 1861 7227 7226 
f 1860 7228 7227 
f 7226 7227 7228 
f 492 7229 7231 
f 1862 7230 7229 
f 1861 7231 7230 
f 7229 7230 7231 
f 1860 7227 7224 
f 1861 7230 7227 
f 1862 7224 7230 
f 7227 7230 7224 
f 491 7222 7208 
f 1858 7232 7222 
f 1855 7208 7232 
f 7222 7232 7208 
f 492 7231 7217 
f 1861 7233 7231 
f 1858 7217 7233 
f 7231 7233 7217 
f 493 7213 7226 
f 1855 7234 7213 
f 1861 7226 7234 
f 7213 7234 7226 
f 1858 7233 7232 
f 1861 7234 7233 
f 1855 7232 7234 
f 7233 7234 7232 
f 39 6703 7236 
f 1724 7235 6703 
f 1864 7236 7235 
f 6703 7235 7236 
f 457 7237 6707 
f 1863 7238 7237 
f 1724 6707 7238 
f 7237 7238 6707 
f 495 7239 7241 
f 1864 7240 7239 
f 1863 7241 7240 
f 7239 7240 7241 
f 1724 7238 7235 
f 1863 7240 7238 
f 1864 7235 7240 
f 7238 7240 7235 
f 126 7242 6719 
f 1865 7243 7242 
f 1728 6719 7243 
f 7242 7243 6719 
f 494 7244 7246 
f 1866 7245 7244 
f 1865 7246 7245 
f 7244 7245 7246 
f 457 6724 7248 
f 1728 7247 6724 
f 1866 7248 7247 
f 6724 7247 7248 
f 1865 7245 7243 
f 1866 7247 7245 
f 1728 7243 7247 
f 7245 7247 7243 
f 138 7249 7251 
f 1867 7250 7249 
f 1869 7251 7250 
f 7249 7250 7251 
f 495 7252 7254 
f 1868 7253 7252 
f 1867 7254 7253 
f 7252 7253 7254 
f 494 7255 7257 
f 1869 7256 7255 
f 1868 7257 7256 
f 7255 7256 7257 
f 1867 7253 7250 
f 1868 7256 7253 
f 1869 7250 7256 
f 7253 7256 7250 
f 457 7248 7237 
f 1866 7258 7248 
f 1863 7237 7258 
f 7248 7258 7237 
f 494 7257 7244 
f 1868 7259 7257 
f 1866 7244 7259 
f 7257 7259 7244 
f 495 7241 7252 
f 1863 7260 7241 
f 1868 7252 7260 
f 7241 7260 7252 
f 1866 7259 7258 
f 1868 7260 7259 
f 1863 7258 7260 
f 7259 7260 7258 
f 137 7225 7186 
f 1862 7261 7225 
f 1849 7186 7261 
f 7225 7261 7186 
f 492 7262 7229 
f 1870 7263 7262 
f 1862 7229 7263 
f 7262 7263 7229 
f 490 7191 7265 
f 1849 7264 7191 
f 1870 7265 7264 
f 7191 7264 7265 
f 1862 7263 7261 
f 1870 7264 7263 
f 1849 7261 7264 
f 7263 7264 7261 
f 138 7251 7214 
f 1869 7266 7251 
f 1857 7214 7266 
f 7251 7266 7214 
f 494 7267 7255 
f 1871 7268 7267 
f 1869 7255 7268 
f 7267 7268 7255 
f 492 7219 7270 
f 1857 7269 7219 
f 1871 7270 7269 
f 7219 7269 7270 
f 1869 7268 7266 
f 1871 7269 7268 
f 1857 7266 7269 
f 7268 7269 7266 
f 126 7196 7242 
f 1853 7271 7196 
f 1865 7242 7271 
f 7196 7271 7242 
f 490 7272 7199 
f 1872 7273 7272 
f 1853 7199 7273 
f 7272 7273 7199 
f 494 7246 7275 
f 1865 7274 7246 
f 1872 7275 7274 
f 7246 7274 7275 
f 1853 7273 7271 
f 1872 7274 7273 
f 1865 7271 7274 
f 7273 7274 7271 
f 492 7270 7262 
f 1871 7276 7270 
f 1870 7262 7276 
f 7270 7276 7262 
f 494 7275 7267 
f 1872 7277 7275 
f 1871 7267 7277 
f 7275 7277 7267 
f 490 7265 7272 
f 1870 7278 7265 
f 1872 7272 7278 
f 7265 7278 7272 
f 1871 7277 7276 
f 1872 7278 7277 
f 1870 7276 7278 
f 7277 7278 7276 
f 41 7133 7001 
f 1837 7279 7133 
f 1800 7001 7279 
f 7133 7279 7001 
f 488 7280 7137 
f 1873 7281 7280 
f 1837 7137 7281 
f 7280 7281 7137 
f 476 7006 7283 
f 1800 7282 7006 
f 1873 7283 7282 
f 7006 7282 7283 
f 1837 7281 7279 
f 1873 7282 7281 
f 1800 7279 7282 
f 7281 7282 7279 
f 135 7284 7149 
f 1874 7285 7284 
f 1841 7149 7285 
f 7284 7285 7149 
f 496 7286 7288 
f 1875 7287 7286 
f 1874 7288 7287 
f 7286 7287 7288 
f 488 7154 7290 
f 1841 7289 7154 
f 1875 7290 7289 
f 7154 7289 7290 
f 1874 7287 7285 
f 1875 7289 7287 
f 1841 7285 7289 
f 7287 7289 7285 
f 133 7012 7292 
f 1805 7291 7012 
f 1877 7292 7291 
f 7012 7291 7292 
f 476 7293 7016 
f 1876 7294 7293 
f 1805 7016 7294 
f 7293 7294 7016 
f 496 7295 7297 
f 1877 7296 7295 
f 1876 7297 7296 
f 7295 7296 7297 
f 1805 7294 7291 
f 1876 7296 7294 
f 1877 7291 7296 
f 7294 7296 7291 
f 488 7290 7280 
f 1875 7298 7290 
f 1873 7280 7298 
f 7290 7298 7280 
f 496 7297 7286 
f 1876 7299 7297 
f 1875 7286 7299 
f 7297 7299 7286 
f 476 7283 7293 
f 1873 7300 7283 
f 1876 7293 7300 
f 7283 7300 7293 
f 1875 7299 7298 
f 1876 7300 7299 
f 1873 7298 7300 
f 7299 7300 7298 
f 39 7236 7105 
f 1864 7301 7236 
f 1828 7105 7301 
f 7236 7301 7105 
f 495 7302 7239 
f 1878 7303 7302 
f 1864 7239 7303 
f 7302 7303 7239 
f 484 7109 7305 
f 1828 7304 7109 
f 1878 7305 7304 
f 7109 7304 7305 
f 1864 7303 7301 
f 1878 7304 7303 
f 1828 7301 7304 
f 7303 7304 7301 
f 138 7306 7249 
f 1879 7307 7306 
f 1867 7249 7307 
f 7306 7307 7249 
f 497 7308 7310 
f 1880 7309 7308 
f 1879 7310 7309 
f 7308 7309 7310 
f 495 7254 7312 
f 1867 7311 7254 
f 1880 7312 7311 
f 7254 7311 7312 
f 1879 7309 7307 
f 1880 7311 7309 
f 1867 7307 7311 
f 7309 7311 7307 
f 135 7114 7314 
f 1832 7313 7114 
f 1882 7314 7313 
f 7114 7313 7314 
f 484 7315 7118 
f 1881 7316 7315 
f 1832 7118 7316 
f 7315 7316 7118 
f 497 7317 7319 
f 1882 7318 7317 
f 1881 7319 7318 
f 7317 7318 7319 
f 1832 7316 7313 
f 1881 7318 7316 
f 1882 7313 7318 
f 7316 7318 7313 
f 495 7312 7302 
f 1880 7320 7312 
f 1878 7302 7320 
f 7312 7320 7302 
f 497 7319 7308 
f 1881 7321 7319 
f 1880 7308 7321 
f 7319 7321 7308 
f 484 7305 7315 
f 1878 7322 7305 
f 1881 7315 7322 
f 7305 7322 7315 
f 1880 7321 7320 
f 1881 7322 7321 
f 1878 7320 7322 
f 7321 7322 7320 
f 42 7033 7205 
f 1811 7323 7033 
f 1854 7205 7323 
f 7033 7323 7205 
f 481 7324 7037 
f 1883 7325 7324 
f 1811 7037 7325 
f 7324 7325 7037 
f 491 7210 7327 
f 1854 7326 7210 
f 1883 7327 7326 
f 7210 7326 7327 
f 1811 7325 7323 
f 1883 7326 7325 
f 1854 7323 7326 
f 7325 7326 7323 
f 133 7328 7049 
f 1884 7329 7328 
f 1815 7049 7329 
f 7328 7329 7049 
f 498 7330 7332 
f 1885 7331 7330 
f 1884 7332 7331 
f 7330 7331 7332 
f 481 7054 7334 
f 1815 7333 7054 
f 1885 7334 7333 
f 7054 7333 7334 
f 1884 7331 7329 
f 1885 7333 7331 
f 1815 7329 7333 
f 7331 7333 7329 
f 138 7216 7336 
f 1859 7335 7216 
f 1887 7336 7335 
f 7216 7335 7336 
f 491 7337 7220 
f 1886 7338 7337 
f 1859 7220 7338 
f 7337 7338 7220 
f 498 7339 7341 
f 1887 7340 7339 
f 1886 7341 7340 
f 7339 7340 7341 
f 1859 7338 7335 
f 1886 7340 7338 
f 1887 7335 7340 
f 7338 7340 7335 
f 481 7334 7324 
f 1885 7342 7334 
f 1883 7324 7342 
f 7334 7342 7324 
f 498 7341 7330 
f 1886 7343 7341 
f 1885 7330 7343 
f 7341 7343 7330 
f 491 7327 7337 
f 1883 7344 7327 
f 1886 7337 7344 
f 7327 7344 7337 
f 1885 7343 7342 
f 1886 7344 7343 
f 1883 7342 7344 
f 7343 7344 7342 
f 135 7314 7284 
f 1882 7345 7314 
f 1874 7284 7345 
f 7314 7345 7284 
f 497 7346 7317 
f 1888 7347 7346 
f 1882 7317 7347 
f 7346 7347 7317 
f 496 7288 7349 
f 1874 7348 7288 
f 1888 7349 7348 
f 7288 7348 7349 
f 1882 7347 7345 
f 1888 7348 7347 
f 1874 7345 7348 
f 7347 7348 7345 
f 138 7336 7306 
f 1887 7350 7336 
f 1879 7306 7350 
f 7336 7350 7306 
f 498 7351 7339 
f 1889 7352 7351 
f 1887 7339 7352 
f 7351 7352 7339 
f 497 7310 7354 
f 1879 7353 7310 
f 1889 7354 7353 
f 7310 7353 7354 
f 1887 7352 7350 
f 1889 7353 7352 
f 1879 7350 7353 
f 7352 7353 7350 
f 133 7292 7328 
f 1877 7355 7292 
f 1884 7328 7355 
f 7292 7355 7328 
f 496 7356 7295 
f 1890 7357 7356 
f 1877 7295 7357 
f 7356 7357 7295 
f 498 7332 7359 
f 1884 7358 7332 
f 1890 7359 7358 
f 7332 7358 7359 
f 1877 7357 7355 
f 1890 7358 7357 
f 1884 7355 7358 
f 7357 7358 7355 
f 497 7354 7346 
f 1889 7360 7354 
f 1888 7346 7360 
f 7354 7360 7346 
f 498 7359 7351 
f 1890 7361 7359 
f 1889 7351 7361 
f 7359 7361 7351 
f 496 7349 7356 
f 1888 7362 7349 
f 1890 7356 7362 
f 7349 7362 7356 
f 1889 7361 7360 
f 1890 7362 7361 
f 1888 7360 7362 
f 7361 7362 7360 
f 4 2973 3363 
f 753 7363 2973 
f 851 3363 7363 
f 2973 7363 3363 
f 195 7364 2977 
f 1891 7365 7364 
f 753 2977 7365 
f 7364 7365 2977 
f 219 3368 7367 
f 851 7366 3368 
f 1891 7367 7366 
f 3368 7366 7367 
f 753 7365 7363 
f 1891 7366 7365 
f 851 7363 7366 
f 7365 7366 7363 
f 54 7368 2989 
f 1892 7369 7368 
f 757 2989 7369 
f 7368 7369 2989 
f 499 7370 7372 
f 1893 7371 7370 
f 1892 7372 7371 
f 7370 7371 7372 
f 195 2994 7374 
f 757 7373 2994 
f 1893 7374 7373 
f 2994 7373 7374 
f 1892 7371 7369 
f 1893 7373 7371 
f 757 7369 7373 
f 7371 7373 7369 
f 59 3374 7376 
f 856 7375 3374 
f 1895 7376 7375 
f 3374 7375 7376 
f 219 7377 3378 
f 1894 7378 7377 
f 856 3378 7378 
f 7377 7378 3378 
f 499 7379 7381 
f 1895 7380 7379 
f 1894 7381 7380 
f 7379 7380 7381 
f 856 7378 7375 
f 1894 7380 7378 
f 1895 7375 7380 
f 7378 7380 7375 
f 195 7374 7364 
f 1893 7382 7374 
f 1891 7364 7382 
f 7374 7382 7364 
f 499 7381 7370 
f 1894 7383 7381 
f 1893 7370 7383 
f 7381 7383 7370 
f 219 7367 7377 
f 1891 7384 7367 
f 1894 7377 7384 
f 7367 7384 7377 
f 1893 7383 7382 
f 1894 7384 7383 
f 1891 7382 7384 
f 7383 7384 7382 
f 17 7385 3031 
f 1896 7386 7385 
f 769 3031 7386 
f 7385 7386 3031 
f 500 7387 7389 
f 1897 7388 7387 
f 1896 7389 7388 
f 7387 7388 7389 
f 199 3036 7391 
f 769 7390 3036 
f 1897 7391 7390 
f 3036 7390 7391 
f 1896 7388 7386 
f 1897 7390 7388 
f 769 7386 7390 
f 7388 7390 7386 
f 139 7392 7394 
f 1898 7393 7392 
f 1900 7394 7393 
f 7392 7393 7394 
f 501 7395 7397 
f 1899 7396 7395 
f 1898 7397 7396 
f 7395 7396 7397 
f 500 7398 7400 
f 1900 7399 7398 
f 1899 7400 7399 
f 7398 7399 7400 
f 1898 7396 7393 
f 1899 7399 7396 
f 1900 7393 7399 
f 7396 7399 7393 
f 54 3042 7402 
f 774 7401 3042 
f 1902 7402 7401 
f 3042 7401 7402 
f 199 7403 3046 
f 1901 7404 7403 
f 774 3046 7404 
f 7403 7404 3046 
f 501 7405 7407 
f 1902 7406 7405 
f 1901 7407 7406 
f 7405 7406 7407 
f 774 7404 7401 
f 1901 7406 7404 
f 1902 7401 7406 
f 7404 7406 7401 
f 500 7400 7387 
f 1899 7408 7400 
f 1897 7387 7408 
f 7400 7408 7387 
f 501 7407 7395 
f 1901 7409 7407 
f 1899 7395 7409 
f 7407 7409 7395 
f 199 7391 7403 
f 1897 7410 7391 
f 1901 7403 7410 
f 7391 7410 7403 
f 1899 7409 7408 
f 1901 7410 7409 
f 1897 7408 7410 
f 7409 7410 7408 
f 18 3395 7412 
f 862 7411 3395 
f 1904 7412 7411 
f 3395 7411 7412 
f 224 7413 3399 
f 1903 7414 7413 
f 862 3399 7414 
f 7413 7414 3399 
f 503 7415 7417 
f 1904 7416 7415 
f 1903 7417 7416 
f 7415 7416 7417 
f 862 7414 7411 
f 1903 7416 7414 
f 1904 7411 7416 
f 7414 7416 7411 
f 59 7418 3411 
f 1905 7419 7418 
f 866 3411 7419 
f 7418 7419 3411 
f 502 7420 7422 
f 1906 7421 7420 
f 1905 7422 7421 
f 7420 7421 7422 
f 224 3416 7424 
f 866 7423 3416 
f 1906 7424 7423 
f 3416 7423 7424 
f 1905 7421 7419 
f 1906 7423 7421 
f 866 7419 7423 
f 7421 7423 7419 
f 139 7425 7427 
f 1907 7426 7425 
f 1909 7427 7426 
f 7425 7426 7427 
f 503 7428 7430 
f 1908 7429 7428 
f 1907 7430 7429 
f 7428 7429 7430 
f 502 7431 7433 
f 1909 7432 7431 
f 1908 7433 7432 
f 7431 7432 7433 
f 1907 7429 7426 
f 1908 7432 7429 
f 1909 7426 7432 
f 7429 7432 7426 
f 224 7424 7413 
f 1906 7434 7424 
f 1903 7413 7434 
f 7424 7434 7413 
f 502 7433 7420 
f 1908 7435 7433 
f 1906 7420 7435 
f 7433 7435 7420 
f 503 7417 7428 
f 1903 7436 7417 
f 1908 7428 7436 
f 7417 7436 7428 
f 1906 7435 7434 
f 1908 7436 7435 
f 1903 7434 7436 
f 7435 7436 7434 
f 54 7402 7368 
f 1902 7437 7402 
f 1892 7368 7437 
f 7402 7437 7368 
f 501 7438 7405 
f 1910 7439 7438 
f 1902 7405 7439 
f 7438 7439 7405 
f 499 7372 7441 
f 1892 7440 7372 
f 1910 7441 7440 
f 7372 7440 7441 
f 1902 7439 7437 
f 1910 7440 7439 
f 1892 7437 7440 
f 7439 7440 7437 
f 139 7427 7392 
f 1909 7442 7427 
f 1898 7392 7442 
f 7427 7442 7392 
f 502 7443 7431 
f 1911 7444 7443 
f 1909 7431 7444 
f 7443 7444 7431 
f 501 7397 7446 
f 1898 7445 7397 
f 1911 7446 7445 
f 7397 7445 7446 
f 1909 7444 7442 
f 1911 7445 7444 
f 1898 7442 7445 
f 7444 7445 7442 
f 59 7376 7418 
f 1895 7447 7376 
f 1905 7418 7447 
f 7376 7447 7418 
f 499 7448 7379 
f 1912 7449 7448 
f 1895 7379 7449 
f 7448 7449 7379 
f 502 7422 7451 
f 1905 7450 7422 
f 1912 7451 7450 
f 7422 7450 7451 
f 1895 7449 7447 
f 1912 7450 7449 
f 1905 7447 7450 
f 7449 7450 7447 
f 501 7446 7438 
f 1911 7452 7446 
f 1910 7438 7452 
f 7446 7452 7438 
f 502 7451 7443 
f 1912 7453 7451 
f 1911 7443 7453 
f 7451 7453 7443 
f 499 7441 7448 
f 1910 7454 7441 
f 1912 7448 7454 
f 7441 7454 7448 
f 1911 7453 7452 
f 1912 7454 7453 
f 1910 7452 7454 
f 7453 7454 7452 
f 3 5765 3179 
f 1477 7455 5765 
f 807 3179 7455 
f 5765 7455 3179 
f 389 7456 5769 
f 1913 7457 7456 
f 1477 5769 7457 
f 7456 7457 5769 
f 209 3183 7459 
f 807 7458 3183 
f 1913 7459 7458 
f 3183 7458 7459 
f 1477 7457 7455 
f 1913 7458 7457 
f 807 7455 7458 
f 7457 7458 7455 
f 109 7460 5781 
f 1914 7461 7460 
f 1481 5781 7461 
f 7460 7461 5781 
f 504 7462 7464 
f 1915 7463 7462 
f 1914 7464 7463 
f 7462 7463 7464 
f 389 5786 7466 
f 1481 7465 5786 
f 1915 7466 7465 
f 5786 7465 7466 
f 1914 7463 7461 
f 1915 7465 7463 
f 1481 7461 7465 
f 7463 7465 7461 
f 57 3188 7468 
f 811 7467 3188 
f 1917 7468 7467 
f 3188 7467 7468 
f 209 7469 3192 
f 1916 7470 7469 
f 811 3192 7470 
f 7469 7470 3192 
f 504 7471 7473 
f 1917 7472 7471 
f 1916 7473 7472 
f 7471 7472 7473 
f 811 7470 7467 
f 1916 7472 7470 
f 1917 7467 7472 
f 7470 7472 7467 
f 389 7466 7456 
f 1915 7474 7466 
f 1913 7456 7474 
f 7466 7474 7456 
f 504 7473 7462 
f 1916 7475 7473 
f 1915 7462 7475 
f 7473 7475 7462 
f 209 7459 7469 
f 1913 7476 7459 
f 1916 7469 7476 
f 7459 7476 7469 
f 1915 7475 7474 
f 1916 7476 7475 
f 1913 7474 7476 
f 7475 7476 7474 
f 35 7477 5823 
f 1918 7478 7477 
f 1493 5823 7478 
f 7477 7478 5823 
f 505 7479 7481 
f 1919 7480 7479 
f 1918 7481 7480 
f 7479 7480 7481 
f 393 5828 7483 
f 1493 7482 5828 
f 1919 7483 7482 
f 5828 7482 7483 
f 1918 7480 7478 
f 1919 7482 7480 
f 1493 7478 7482 
f 7480 7482 7478 
f 140 7484 7486 
f 1920 7485 7484 
f 1922 7486 7485 
f 7484 7485 7486 
f 506 7487 7489 
f 1921 7488 7487 
f 1920 7489 7488 
f 7487 7488 7489 
f 505 7490 7492 
f 1922 7491 7490 
f 1921 7492 7491 
f 7490 7491 7492 
f 1920 7488 7485 
f 1921 7491 7488 
f 1922 7485 7491 
f 7488 7491 7485 
f 109 5834 7494 
f 1498 7493 5834 
f 1924 7494 7493 
f 5834 7493 7494 
f 393 7495 5838 
f 1923 7496 7495 
f 1498 5838 7496 
f 7495 7496 5838 
f 506 7497 7499 
f 1924 7498 7497 
f 1923 7499 7498 
f 7497 7498 7499 
f 1498 7496 7493 
f 1923 7498 7496 
f 1924 7493 7498 
f 7496 7498 7493 
f 505 7492 7479 
f 1921 7500 7492 
f 1919 7479 7500 
f 7492 7500 7479 
f 506 7499 7487 
f 1923 7501 7499 
f 1921 7487 7501 
f 7499 7501 7487 
f 393 7483 7495 
f 1919 7502 7483 
f 1923 7495 7502 
f 7483 7502 7495 
f 1921 7501 7500 
f 1923 7502 7501 
f 1919 7500 7502 
f 7501 7502 7500 
f 17 3207 7504 
f 816 7503 3207 
f 1926 7504 7503 
f 3207 7503 7504 
f 213 7505 3211 
f 1925 7506 7505 
f 816 3211 7506 
f 7505 7506 3211 
f 508 7507 7509 
f 1926 7508 7507 
f 1925 7509 7508 
f 7507 7508 7509 
f 816 7506 7503 
f 1925 7508 7506 
f 1926 7503 7508 
f 7506 7508 7503 
f 57 7510 3223 
f 1927 7511 7510 
f 820 3223 7511 
f 7510 7511 3223 
f 507 7512 7514 
f 1928 7513 7512 
f 1927 7514 7513 
f 7512 7513 7514 
f 213 3228 7516 
f 820 7515 3228 
f 1928 7516 7515 
f 3228 7515 7516 
f 1927 7513 7511 
f 1928 7515 7513 
f 820 7511 7515 
f 7513 7515 7511 
f 140 7517 7519 
f 1929 7518 7517 
f 1931 7519 7518 
f 7517 7518 7519 
f 508 7520 7522 
f 1930 7521 7520 
f 1929 7522 7521 
f 7520 7521 7522 
f 507 7523 7525 
f 1931 7524 7523 
f 1930 7525 7524 
f 7523 7524 7525 
f 1929 7521 7518 
f 1930 7524 7521 
f 1931 7518 7524 
f 7521 7524 7518 
f 213 7516 7505 
f 1928 7526 7516 
f 1925 7505 7526 
f 7516 7526 7505 
f 507 7525 7512 
f 1930 7527 7525 
f 1928 7512 7527 
f 7525 7527 7512 
f 508 7509 7520 
f 1925 7528 7509 
f 1930 7520 7528 
f 7509 7528 7520 
f 1928 7527 7526 
f 1930 7528 7527 
f 1925 7526 7528 
f 7527 7528 7526 
f 109 7494 7460 
f 1924 7529 7494 
f 1914 7460 7529 
f 7494 7529 7460 
f 506 7530 7497 
f 1932 7531 7530 
f 1924 7497 7531 
f 7530 7531 7497 
f 504 7464 7533 
f 1914 7532 7464 
f 1932 7533 7532 
f 7464 7532 7533 
f 1924 7531 7529 
f 1932 7532 7531 
f 1914 7529 7532 
f 7531 7532 7529 
f 140 7519 7484 
f 1931 7534 7519 
f 1920 7484 7534 
f 7519 7534 7484 
f 507 7535 7523 
f 1933 7536 7535 
f 1931 7523 7536 
f 7535 7536 7523 
f 506 7489 7538 
f 1920 7537 7489 
f 1933 7538 7537 
f 7489 7537 7538 
f 1931 7536 7534 
f 1933 7537 7536 
f 1920 7534 7537 
f 7536 7537 7534 
f 57 7468 7510 
f 1917 7539 7468 
f 1927 7510 7539 
f 7468 7539 7510 
f 504 7540 7471 
f 1934 7541 7540 
f 1917 7471 7541 
f 7540 7541 7471 
f 507 7514 7543 
f 1927 7542 7514 
f 1934 7543 7542 
f 7514 7542 7543 
f 1917 7541 7539 
f 1934 7542 7541 
f 1927 7539 7542 
f 7541 7542 7539 
f 506 7538 7530 
f 1933 7544 7538 
f 1932 7530 7544 
f 7538 7544 7530 
f 507 7543 7535 
f 1934 7545 7543 
f 1933 7535 7545 
f 7543 7545 7535 
f 504 7533 7540 
f 1932 7546 7533 
f 1934 7540 7546 
f 7533 7546 7540 
f 1933 7545 7544 
f 1934 7546 7545 
f 1932 7544 7546 
f 7545 7546 7544 
f 6 3473 5979 
f 883 7547 3473 
f 1535 5979 7547 
f 3473 7547 5979 
f 230 7548 3477 
f 1935 7549 7548 
f 883 3477 7549 
f 7548 7549 3477 
f 405 5984 7551 
f 1535 7550 5984 
f 1935 7551 7550 
f 5984 7550 7551 
f 883 7549 7547 
f 1935 7550 7549 
f 1535 7547 7550 
f 7549 7550 7547 
f 64 7552 3489 
f 1936 7553 7552 
f 887 3489 7553 
f 7552 7553 3489 
f 509 7554 7556 
f 1937 7555 7554 
f 1936 7556 7555 
f 7554 7555 7556 
f 230 3494 7558 
f 887 7557 3494 
f 1937 7558 7557 
f 3494 7557 7558 
f 1936 7555 7553 
f 1937 7557 7555 
f 887 7553 7557 
f 7555 7557 7553 
f 113 5990 7560 
f 1540 7559 5990 
f 1939 7560 7559 
f 5990 7559 7560 
f 405 7561 5994 
f 1938 7562 7561 
f 1540 5994 7562 
f 7561 7562 5994 
f 509 7563 7565 
f 1939 7564 7563 
f 1938 7565 7564 
f 7563 7564 7565 
f 1540 7562 7559 
f 1938 7564 7562 
f 1939 7559 7564 
f 7562 7564 7559 
f 230 7558 7548 
f 1937 7566 7558 
f 1935 7548 7566 
f 7558 7566 7548 
f 509 7565 7554 
f 1938 7567 7565 
f 1937 7554 7567 
f 7565 7567 7554 
f 405 7551 7561 
f 1935 7568 7551 
f 1938 7561 7568 
f 7551 7568 7561 
f 1937 7567 7566 
f 1938 7568 7567 
f 1935 7566 7568 
f 7567 7568 7566 
f 18 7569 3531 
f 1940 7570 7569 
f 899 3531 7570 
f 7569 7570 3531 
f 510 7571 7573 
f 1941 7572 7571 
f 1940 7573 7572 
f 7571 7572 7573 
f 234 3536 7575 
f 899 7574 3536 
f 1941 7575 7574 
f 3536 7574 7575 
f 1940 7572 7570 
f 1941 7574 7572 
f 899 7570 7574 
f 7572 7574 7570 
f 141 7576 7578 
f 1942 7577 7576 
f 1944 7578 7577 
f 7576 7577 7578 
f 511 7579 7581 
f 1943 7580 7579 
f 1942 7581 7580 
f 7579 7580 7581 
f 510 7582 7584 
f 1944 7583 7582 
f 1943 7584 7583 
f 7582 7583 7584 
f 1942 7580 7577 
f 1943 7583 7580 
f 1944 7577 7583 
f 7580 7583 7577 
f 64 3542 7586 
f 904 7585 3542 
f 1946 7586 7585 
f 3542 7585 7586 
f 234 7587 3546 
f 1945 7588 7587 
f 904 3546 7588 
f 7587 7588 3546 
f 511 7589 7591 
f 1946 7590 7589 
f 1945 7591 7590 
f 7589 7590 7591 
f 904 7588 7585 
f 1945 7590 7588 
f 1946 7585 7590 
f 7588 7590 7585 
f 510 7584 7571 
f 1943 7592 7584 
f 1941 7571 7592 
f 7584 7592 7571 
f 511 7591 7579 
f 1945 7593 7591 
f 1943 7579 7593 
f 7591 7593 7579 
f 234 7575 7587 
f 1941 7594 7575 
f 1945 7587 7594 
f 7575 7594 7587 
f 1943 7593 7592 
f 1945 7594 7593 
f 1941 7592 7594 
f 7593 7594 7592 
f 35 6011 7596 
f 1546 7595 6011 
f 1948 7596 7595 
f 6011 7595 7596 
f 410 7597 6015 
f 1947 7598 7597 
f 1546 6015 7598 
f 7597 7598 6015 
f 513 7599 7601 
f 1948 7600 7599 
f 1947 7601 7600 
f 7599 7600 7601 
f 1546 7598 7595 
f 1947 7600 7598 
f 1948 7595 7600 
f 7598 7600 7595 
f 113 7602 6027 
f 1949 7603 7602 
f 1550 6027 7603 
f 7602 7603 6027 
f 512 7604 7606 
f 1950 7605 7604 
f 1949 7606 7605 
f 7604 7605 7606 
f 410 6032 7608 
f 1550 7607 6032 
f 1950 7608 7607 
f 6032 7607 7608 
f 1949 7605 7603 
f 1950 7607 7605 
f 1550 7603 7607 
f 7605 7607 7603 
f 141 7609 7611 
f 1951 7610 7609 
f 1953 7611 7610 
f 7609 7610 7611 
f 513 7612 7614 
f 1952 7613 7612 
f 1951 7614 7613 
f 7612 7613 7614 
f 512 7615 7617 
f 1953 7616 7615 
f 1952 7617 7616 
f 7615 7616 7617 
f 1951 7613 7610 
f 1952 7616 7613 
f 1953 7610 7616 
f 7613 7616 7610 
f 410 7608 7597 
f 1950 7618 7608 
f 1947 7597 7618 
f 7608 7618 7597 
f 512 7617 7604 
f 1952 7619 7617 
f 1950 7604 7619 
f 7617 7619 7604 
f 513 7601 7612 
f 1947 7620 7601 
f 1952 7612 7620 
f 7601 7620 7612 
f 1950 7619 7618 
f 1952 7620 7619 
f 1947 7618 7620 
f 7619 7620 7618 
f 64 7586 7552 
f 1946 7621 7586 
f 1936 7552 7621 
f 7586 7621 7552 
f 511 7622 7589 
f 1954 7623 7622 
f 1946 7589 7623 
f 7622 7623 7589 
f 509 7556 7625 
f 1936 7624 7556 
f 1954 7625 7624 
f 7556 7624 7625 
f 1946 7623 7621 
f 1954 7624 7623 
f 1936 7621 7624 
f 7623 7624 7621 
f 141 7611 7576 
f 1953 7626 7611 
f 1942 7576 7626 
f 7611 7626 7576 
f 512 7627 7615 
f 1955 7628 7627 
f 1953 7615 7628 
f 7627 7628 7615 
f 511 7581 7630 
f 1942 7629 7581 
f 1955 7630 7629 
f 7581 7629 7630 
f 1953 7628 7626 
f 1955 7629 7628 
f 1942 7626 7629 
f 7628 7629 7626 
f 113 7560 7602 
f 1939 7631 7560 
f 1949 7602 7631 
f 7560 7631 7602 
f 509 7632 7563 
f 1956 7633 7632 
f 1939 7563 7633 
f 7632 7633 7563 
f 512 7606 7635 
f 1949 7634 7606 
f 1956 7635 7634 
f 7606 7634 7635 
f 1939 7633 7631 
f 1956 7634 7633 
f 1949 7631 7634 
f 7633 7634 7631 
f 511 7630 7622 
f 1955 7636 7630 
f 1954 7622 7636 
f 7630 7636 7622 
f 512 7635 7627 
f 1956 7637 7635 
f 1955 7627 7637 
f 7635 7637 7627 
f 509 7625 7632 
f 1954 7638 7625 
f 1956 7632 7638 
f 7625 7638 7632 
f 1955 7637 7636 
f 1956 7638 7637 
f 1954 7636 7638 
f 7637 7638 7636 
f 17 7504 7385 
f 1926 7639 7504 
f 1896 7385 7639 
f 7504 7639 7385 
f 508 7640 7507 
f 1957 7641 7640 
f 1926 7507 7641 
f 7640 7641 7507 
f 500 7389 7643 
f 1896 7642 7389 
f 1957 7643 7642 
f 7389 7642 7643 
f 1926 7641 7639 
f 1957 7642 7641 
f 1896 7639 7642 
f 7641 7642 7639 
f 140 7644 7517 
f 1958 7645 7644 
f 1929 7517 7645 
f 7644 7645 7517 
f 514 7646 7648 
f 1959 7647 7646 
f 1958 7648 7647 
f 7646 7647 7648 
f 508 7522 7650 
f 1929 7649 7522 
f 1959 7650 7649 
f 7522 7649 7650 
f 1958 7647 7645 
f 1959 7649 7647 
f 1929 7645 7649 
f 7647 7649 7645 
f 139 7394 7652 
f 1900 7651 7394 
f 1961 7652 7651 
f 7394 7651 7652 
f 500 7653 7398 
f 1960 7654 7653 
f 1900 7398 7654 
f 7653 7654 7398 
f 514 7655 7657 
f 1961 7656 7655 
f 1960 7657 7656 
f 7655 7656 7657 
f 1900 7654 7651 
f 1960 7656 7654 
f 1961 7651 7656 
f 7654 7656 7651 
f 508 7650 7640 
f 1959 7658 7650 
f 1957 7640 7658 
f 7650 7658 7640 
f 514 7657 7646 
f 1960 7659 7657 
f 1959 7646 7659 
f 7657 7659 7646 
f 500 7643 7653 
f 1957 7660 7643 
f 1960 7653 7660 
f 7643 7660 7653 
f 1959 7659 7658 
f 1960 7660 7659 
f 1957 7658 7660 
f 7659 7660 7658 
f 35 7596 7477 
f 1948 7661 7596 
f 1918 7477 7661 
f 7596 7661 7477 
f 513 7662 7599 
f 1962 7663 7662 
f 1948 7599 7663 
f 7662 7663 7599 
f 505 7481 7665 
f 1918 7664 7481 
f 1962 7665 7664 
f 7481 7664 7665 
f 1948 7663 7661 
f 1962 7664 7663 
f 1918 7661 7664 
f 7663 7664 7661 
f 141 7666 7609 
f 1963 7667 7666 
f 1951 7609 7667 
f 7666 7667 7609 
f 515 7668 7670 
f 1964 7669 7668 
f 1963 7670 7669 
f 7668 7669 7670 
f 513 7614 7672 
f 1951 7671 7614 
f 1964 7672 7671 
f 7614 7671 7672 
f 1963 7669 7667 
f 1964 7671 7669 
f 1951 7667 7671 
f 7669 7671 7667 
f 140 7486 7674 
f 1922 7673 7486 
f 1966 7674 7673 
f 7486 7673 7674 
f 505 7675 7490 
f 1965 7676 7675 
f 1922 7490 7676 
f 7675 7676 7490 
f 515 7677 7679 
f 1966 7678 7677 
f 1965 7679 7678 
f 7677 7678 7679 
f 1922 7676 7673 
f 1965 7678 7676 
f 1966 7673 7678 
f 7676 7678 7673 
f 513 7672 7662 
f 1964 7680 7672 
f 1962 7662 7680 
f 7672 7680 7662 
f 515 7679 7668 
f 1965 7681 7679 
f 1964 7668 7681 
f 7679 7681 7668 
f 505 7665 7675 
f 1962 7682 7665 
f 1965 7675 7682 
f 7665 7682 7675 
f 1964 7681 7680 
f 1965 7682 7681 
f 1962 7680 7682 
f 7681 7682 7680 
f 18 7412 7569 
f 1904 7683 7412 
f 1940 7569 7683 
f 7412 7683 7569 
f 503 7684 7415 
f 1967 7685 7684 
f 1904 7415 7685 
f 7684 7685 7415 
f 510 7573 7687 
f 1940 7686 7573 
f 1967 7687 7686 
f 7573 7686 7687 
f 1904 7685 7683 
f 1967 7686 7685 
f 1940 7683 7686 
f 7685 7686 7683 
f 139 7688 7425 
f 1968 7689 7688 
f 1907 7425 7689 
f 7688 7689 7425 
f 516 7690 7692 
f 1969 7691 7690 
f 1968 7692 7691 
f 7690 7691 7692 
f 503 7430 7694 
f 1907 7693 7430 
f 1969 7694 7693 
f 7430 7693 7694 
f 1968 7691 7689 
f 1969 7693 7691 
f 1907 7689 7693 
f 7691 7693 7689 
f 141 7578 7696 
f 1944 7695 7578 
f 1971 7696 7695 
f 7578 7695 7696 
f 510 7697 7582 
f 1970 7698 7697 
f 1944 7582 7698 
f 7697 7698 7582 
f 516 7699 7701 
f 1971 7700 7699 
f 1970 7701 7700 
f 7699 7700 7701 
f 1944 7698 7695 
f 1970 7700 7698 
f 1971 7695 7700 
f 7698 7700 7695 
f 503 7694 7684 
f 1969 7702 7694 
f 1967 7684 7702 
f 7694 7702 7684 
f 516 7701 7690 
f 1970 7703 7701 
f 1969 7690 7703 
f 7701 7703 7690 
f 510 7687 7697 
f 1967 7704 7687 
f 1970 7697 7704 
f 7687 7704 7697 
f 1969 7703 7702 
f 1970 7704 7703 
f 1967 7702 7704 
f 7703 7704 7702 
f 140 7674 7644 
f 1966 7705 7674 
f 1958 7644 7705 
f 7674 7705 7644 
f 515 7706 7677 
f 1972 7707 7706 
f 1966 7677 7707 
f 7706 7707 7677 
f 514 7648 7709 
f 1958 7708 7648 
f 1972 7709 7708 
f 7648 7708 7709 
f 1966 7707 7705 
f 1972 7708 7707 
f 1958 7705 7708 
f 7707 7708 7705 
f 141 7696 7666 
f 1971 7710 7696 
f 1963 7666 7710 
f 7696 7710 7666 
f 516 7711 7699 
f 1973 7712 7711 
f 1971 7699 7712 
f 7711 7712 7699 
f 515 7670 7714 
f 1963 7713 7670 
f 1973 7714 7713 
f 7670 7713 7714 
f 1971 7712 7710 
f 1973 7713 7712 
f 1963 7710 7713 
f 7712 7713 7710 
f 139 7652 7688 
f 1961 7715 7652 
f 1968 7688 7715 
f 7652 7715 7688 
f 514 7716 7655 
f 1974 7717 7716 
f 1961 7655 7717 
f 7716 7717 7655 
f 516 7692 7719 
f 1968 7718 7692 
f 1974 7719 7718 
f 7692 7718 7719 
f 1961 7717 7715 
f 1974 7718 7717 
f 1968 7715 7718 
f 7717 7718 7715 
f 515 7714 7706 
f 1973 7720 7714 
f 1972 7706 7720 
f 7714 7720 7706 
f 516 7719 7711 
f 1974 7721 7719 
f 1973 7711 7721 
f 7719 7721 7711 
f 514 7709 7716 
f 1972 7722 7709 
f 1974 7716 7722 
f 7709 7722 7716 
f 1973 7721 7720 
f 1974 7722 7721 
f 1972 7720 7722 
f 7721 7722 7720 
f 4 3772 2971 
f 960 7723 3772 
f 751 2971 7723 
f 3772 7723 2971 
f 250 7724 3775 
f 1975 7725 7724 
f 960 3775 7725 
f 7724 7725 3775 
f 193 2976 7727 
f 751 7726 2976 
f 1975 7727 7726 
f 2976 7726 7727 
f 960 7725 7723 
f 1975 7726 7725 
f 751 7723 7726 
f 7725 7726 7723 
f 69 7728 3785 
f 1976 7729 7728 
f 963 3785 7729 
f 7728 7729 3785 
f 517 7730 7732 
f 1977 7731 7730 
f 1976 7732 7731 
f 7730 7731 7732 
f 250 3790 7734 
f 963 7733 3790 
f 1977 7734 7733 
f 3790 7733 7734 
f 1976 7731 7729 
f 1977 7733 7731 
f 963 7729 7733 
f 7731 7733 7729 
f 52 2982 7736 
f 756 7735 2982 
f 1979 7736 7735 
f 2982 7735 7736 
f 193 7737 2986 
f 1978 7738 7737 
f 756 2986 7738 
f 7737 7738 2986 
f 517 7739 7741 
f 1979 7740 7739 
f 1978 7741 7740 
f 7739 7740 7741 
f 756 7738 7735 
f 1978 7740 7738 
f 1979 7735 7740 
f 7738 7740 7735 
f 250 7734 7724 
f 1977 7742 7734 
f 1975 7724 7742 
f 7734 7742 7724 
f 517 7741 7730 
f 1978 7743 7741 
f 1977 7730 7743 
f 7741 7743 7730 
f 193 7727 7737 
f 1975 7744 7727 
f 1978 7737 7744 
f 7727 7744 7737 
f 1977 7743 7742 
f 1978 7744 7743 
f 1975 7742 7744 
f 7743 7744 7742 
f 22 7745 3823 
f 1980 7746 7745 
f 973 3823 7746 
f 7745 7746 3823 
f 518 7747 7749 
f 1981 7748 7747 
f 1980 7749 7748 
f 7747 7748 7749 
f 253 3828 7751 
f 973 7750 3828 
f 1981 7751 7750 
f 3828 7750 7751 
f 1980 7748 7746 
f 1981 7750 7748 
f 973 7746 7750 
f 7748 7750 7746 
f 142 7752 7754 
f 1982 7753 7752 
f 1984 7754 7753 
f 7752 7753 7754 
f 519 7755 7757 
f 1983 7756 7755 
f 1982 7757 7756 
f 7755 7756 7757 
f 518 7758 7760 
f 1984 7759 7758 
f 1983 7760 7759 
f 7758 7759 7760 
f 1982 7756 7753 
f 1983 7759 7756 
f 1984 7753 7759 
f 7756 7759 7753 
f 69 3834 7762 
f 978 7761 3834 
f 1986 7762 7761 
f 3834 7761 7762 
f 253 7763 3838 
f 1985 7764 7763 
f 978 3838 7764 
f 7763 7764 3838 
f 519 7765 7767 
f 1986 7766 7765 
f 1985 7767 7766 
f 7765 7766 7767 
f 978 7764 7761 
f 1985 7766 7764 
f 1986 7761 7766 
f 7764 7766 7761 
f 518 7760 7747 
f 1983 7768 7760 
f 1981 7747 7768 
f 7760 7768 7747 
f 519 7767 7755 
f 1985 7769 7767 
f 1983 7755 7769 
f 7767 7769 7755 
f 253 7751 7763 
f 1981 7770 7751 
f 1985 7763 7770 
f 7751 7770 7763 
f 1983 7769 7768 
f 1985 7770 7769 
f 1981 7768 7770 
f 7769 7770 7768 
f 16 3003 7772 
f 762 7771 3003 
f 1988 7772 7771 
f 3003 7771 7772 
f 198 7773 3007 
f 1987 7774 7773 
f 762 3007 7774 
f 7773 7774 3007 
f 521 7775 7777 
f 1988 7776 7775 
f 1987 7777 7776 
f 7775 7776 7777 
f 762 7774 7771 
f 1987 7776 7774 
f 1988 7771 7776 
f 7774 7776 7771 
f 52 7778 3019 
f 1989 7779 7778 
f 766 3019 7779 
f 7778 7779 3019 
f 520 7780 7782 
f 1990 7781 7780 
f 1989 7782 7781 
f 7780 7781 7782 
f 198 3024 7784 
f 766 7783 3024 
f 1990 7784 7783 
f 3024 7783 7784 
f 1989 7781 7779 
f 1990 7783 7781 
f 766 7779 7783 
f 7781 7783 7779 
f 142 7785 7787 
f 1991 7786 7785 
f 1993 7787 7786 
f 7785 7786 7787 
f 521 7788 7790 
f 1992 7789 7788 
f 1991 7790 7789 
f 7788 7789 7790 
f 520 7791 7793 
f 1993 7792 7791 
f 1992 7793 7792 
f 7791 7792 7793 
f 1991 7789 7786 
f 1992 7792 7789 
f 1993 7786 7792 
f 7789 7792 7786 
f 198 7784 7773 
f 1990 7794 7784 
f 1987 7773 7794 
f 7784 7794 7773 
f 520 7793 7780 
f 1992 7795 7793 
f 1990 7780 7795 
f 7793 7795 7780 
f 521 7777 7788 
f 1987 7796 7777 
f 1992 7788 7796 
f 7777 7796 7788 
f 1990 7795 7794 
f 1992 7796 7795 
f 1987 7794 7796 
f 7795 7796 7794 
f 69 7762 7728 
f 1986 7797 7762 
f 1976 7728 7797 
f 7762 7797 7728 
f 519 7798 7765 
f 1994 7799 7798 
f 1986 7765 7799 
f 7798 7799 7765 
f 517 7732 7801 
f 1976 7800 7732 
f 1994 7801 7800 
f 7732 7800 7801 
f 1986 7799 7797 
f 1994 7800 7799 
f 1976 7797 7800 
f 7799 7800 7797 
f 142 7787 7752 
f 1993 7802 7787 
f 1982 7752 7802 
f 7787 7802 7752 
f 520 7803 7791 
f 1995 7804 7803 
f 1993 7791 7804 
f 7803 7804 7791 
f 519 7757 7806 
f 1982 7805 7757 
f 1995 7806 7805 
f 7757 7805 7806 
f 1993 7804 7802 
f 1995 7805 7804 
f 1982 7802 7805 
f 7804 7805 7802 
f 52 7736 7778 
f 1979 7807 7736 
f 1989 7778 7807 
f 7736 7807 7778 
f 517 7808 7739 
f 1996 7809 7808 
f 1979 7739 7809 
f 7808 7809 7739 
f 520 7782 7811 
f 1989 7810 7782 
f 1996 7811 7810 
f 7782 7810 7811 
f 1979 7809 7807 
f 1996 7810 7809 
f 1989 7807 7810 
f 7809 7810 7807 
f 519 7806 7798 
f 1995 7812 7806 
f 1994 7798 7812 
f 7806 7812 7798 
f 520 7811 7803 
f 1996 7813 7811 
f 1995 7803 7813 
f 7811 7813 7803 
f 517 7801 7808 
f 1994 7814 7801 
f 1996 7808 7814 
f 7801 7814 7808 
f 1995 7813 7812 
f 1996 7814 7813 
f 1994 7812 7814 
f 7813 7814 7812 
f 7 6673 3971 
f 1715 7815 6673 
f 1011 3971 7815 
f 6673 7815 3971 
f 454 7816 6677 
f 1997 7817 7816 
f 1715 6677 7817 
f 7816 7817 6677 
f 263 3976 7819 
f 1011 7818 3976 
f 1997 7819 7818 
f 3976 7818 7819 
f 1715 7817 7815 
f 1997 7818 7817 
f 1011 7815 7818 
f 7817 7818 7815 
f 128 7820 6689 
f 1998 7821 7820 
f 1719 6689 7821 
f 7820 7821 6689 
f 522 7822 7824 
f 1999 7823 7822 
f 1998 7824 7823 
f 7822 7823 7824 
f 454 6694 7826 
f 1719 7825 6694 
f 1999 7826 7825 
f 6694 7825 7826 
f 1998 7823 7821 
f 1999 7825 7823 
f 1719 7821 7825 
f 7823 7825 7821 
f 72 3982 7828 
f 1016 7827 3982 
f 2001 7828 7827 
f 3982 7827 7828 
f 263 7829 3986 
f 2000 7830 7829 
f 1016 3986 7830 
f 7829 7830 3986 
f 522 7831 7833 
f 2001 7832 7831 
f 2000 7833 7832 
f 7831 7832 7833 
f 1016 7830 7827 
f 2000 7832 7830 
f 2001 7827 7832 
f 7830 7832 7827 
f 454 7826 7816 
f 1999 7834 7826 
f 1997 7816 7834 
f 7826 7834 7816 
f 522 7833 7822 
f 2000 7835 7833 
f 1999 7822 7835 
f 7833 7835 7822 
f 263 7819 7829 
f 1997 7836 7819 
f 2000 7829 7836 
f 7819 7836 7829 
f 1999 7835 7834 
f 2000 7836 7835 
f 1997 7834 7836 
f 7835 7836 7834 
f 38 7837 6731 
f 2002 7838 7837 
f 1731 6731 7838 
f 7837 7838 6731 
f 523 7839 7841 
f 2003 7840 7839 
f 2002 7841 7840 
f 7839 7840 7841 
f 458 6736 7843 
f 1731 7842 6736 
f 2003 7843 7842 
f 6736 7842 7843 
f 2002 7840 7838 
f 2003 7842 7840 
f 1731 7838 7842 
f 7840 7842 7838 
f 143 7844 7846 
f 2004 7845 7844 
f 2006 7846 7845 
f 7844 7845 7846 
f 524 7847 7849 
f 2005 7848 7847 
f 2004 7849 7848 
f 7847 7848 7849 
f 523 7850 7852 
f 2006 7851 7850 
f 2005 7852 7851 
f 7850 7851 7852 
f 2004 7848 7845 
f 2005 7851 7848 
f 2006 7845 7851 
f 7848 7851 7845 
f 128 6742 7854 
f 1736 7853 6742 
f 2008 7854 7853 
f 6742 7853 7854 
f 458 7855 6746 
f 2007 7856 7855 
f 1736 6746 7856 
f 7855 7856 6746 
f 524 7857 7859 
f 2008 7858 7857 
f 2007 7859 7858 
f 7857 7858 7859 
f 1736 7856 7853 
f 2007 7858 7856 
f 2008 7853 7858 
f 7856 7858 7853 
f 523 7852 7839 
f 2005 7860 7852 
f 2003 7839 7860 
f 7852 7860 7839 
f 524 7859 7847 
f 2007 7861 7859 
f 2005 7847 7861 
f 7859 7861 7847 
f 458 7843 7855 
f 2003 7862 7843 
f 2007 7855 7862 
f 7843 7862 7855 
f 2005 7861 7860 
f 2007 7862 7861 
f 2003 7860 7862 
f 7861 7862 7860 
f 22 4003 7864 
f 1022 7863 4003 
f 2010 7864 7863 
f 4003 7863 7864 
f 268 7865 4007 
f 2009 7866 7865 
f 1022 4007 7866 
f 7865 7866 4007 
f 526 7867 7869 
f 2010 7868 7867 
f 2009 7869 7868 
f 7867 7868 7869 
f 1022 7866 7863 
f 2009 7868 7866 
f 2010 7863 7868 
f 7866 7868 7863 
f 72 7870 4019 
f 2011 7871 7870 
f 1026 4019 7871 
f 7870 7871 4019 
f 525 7872 7874 
f 2012 7873 7872 
f 2011 7874 7873 
f 7872 7873 7874 
f 268 4024 7876 
f 1026 7875 4024 
f 2012 7876 7875 
f 4024 7875 7876 
f 2011 7873 7871 
f 2012 7875 7873 
f 1026 7871 7875 
f 7873 7875 7871 
f 143 7877 7879 
f 2013 7878 7877 
f 2015 7879 7878 
f 7877 7878 7879 
f 526 7880 7882 
f 2014 7881 7880 
f 2013 7882 7881 
f 7880 7881 7882 
f 525 7883 7885 
f 2015 7884 7883 
f 2014 7885 7884 
f 7883 7884 7885 
f 2013 7881 7878 
f 2014 7884 7881 
f 2015 7878 7884 
f 7881 7884 7878 
f 268 7876 7865 
f 2012 7886 7876 
f 2009 7865 7886 
f 7876 7886 7865 
f 525 7885 7872 
f 2014 7887 7885 
f 2012 7872 7887 
f 7885 7887 7872 
f 526 7869 7880 
f 2009 7888 7869 
f 2014 7880 7888 
f 7869 7888 7880 
f 2012 7887 7886 
f 2014 7888 7887 
f 2009 7886 7888 
f 7887 7888 7886 
f 128 7854 7820 
f 2008 7889 7854 
f 1998 7820 7889 
f 7854 7889 7820 
f 524 7890 7857 
f 2016 7891 7890 
f 2008 7857 7891 
f 7890 7891 7857 
f 522 7824 7893 
f 1998 7892 7824 
f 2016 7893 7892 
f 7824 7892 7893 
f 2008 7891 7889 
f 2016 7892 7891 
f 1998 7889 7892 
f 7891 7892 7889 
f 143 7879 7844 
f 2015 7894 7879 
f 2004 7844 7894 
f 7879 7894 7844 
f 525 7895 7883 
f 2017 7896 7895 
f 2015 7883 7896 
f 7895 7896 7883 
f 524 7849 7898 
f 2004 7897 7849 
f 2017 7898 7897 
f 7849 7897 7898 
f 2015 7896 7894 
f 2017 7897 7896 
f 2004 7894 7897 
f 7896 7897 7894 
f 72 7828 7870 
f 2001 7899 7828 
f 2011 7870 7899 
f 7828 7899 7870 
f 522 7900 7831 
f 2018 7901 7900 
f 2001 7831 7901 
f 7900 7901 7831 
f 525 7874 7903 
f 2011 7902 7874 
f 2018 7903 7902 
f 7874 7902 7903 
f 2001 7901 7899 
f 2018 7902 7901 
f 2011 7899 7902 
f 7901 7902 7899 
f 524 7898 7890 
f 2017 7904 7898 
f 2016 7890 7904 
f 7898 7904 7890 
f 525 7903 7895 
f 2018 7905 7903 
f 2017 7895 7905 
f 7903 7905 7895 
f 522 7893 7900 
f 2016 7906 7893 
f 2018 7900 7906 
f 7893 7906 7900 
f 2017 7905 7904 
f 2018 7906 7905 
f 2016 7904 7906 
f 7905 7906 7904 
f 2 3080 6563 
f 782 7907 3080 
f 1683 6563 7907 
f 3080 7907 6563 
f 203 7908 3083 
f 2019 7909 7908 
f 782 3083 7909 
f 7908 7909 3083 
f 443 6568 7911 
f 1683 7910 6568 
f 2019 7911 7910 
f 6568 7910 7911 
f 782 7909 7907 
f 2019 7910 7909 
f 1683 7907 7910 
f 7909 7910 7907 
f 56 7912 3093 
f 2020 7913 7912 
f 785 3093 7913 
f 7912 7913 3093 
f 527 7914 7916 
f 2021 7915 7914 
f 2020 7916 7915 
f 7914 7915 7916 
f 203 3098 7918 
f 785 7917 3098 
f 2021 7918 7917 
f 3098 7917 7918 
f 2020 7915 7913 
f 2021 7917 7915 
f 785 7913 7917 
f 7915 7917 7913 
f 123 6574 7920 
f 1688 7919 6574 
f 2023 7920 7919 
f 6574 7919 7920 
f 443 7921 6578 
f 2022 7922 7921 
f 1688 6578 7922 
f 7921 7922 6578 
f 527 7923 7925 
f 2023 7924 7923 
f 2022 7925 7924 
f 7923 7924 7925 
f 1688 7922 7919 
f 2022 7924 7922 
f 2023 7919 7924 
f 7922 7924 7919 
f 203 7918 7908 
f 2021 7926 7918 
f 2019 7908 7926 
f 7918 7926 7908 
f 527 7925 7914 
f 2022 7927 7925 
f 2021 7914 7927 
f 7925 7927 7914 
f 443 7911 7921 
f 2019 7928 7911 
f 2022 7921 7928 
f 7911 7928 7921 
f 2021 7927 7926 
f 2022 7928 7927 
f 2019 7926 7928 
f 7927 7928 7926 
f 16 7929 3131 
f 2024 7930 7929 
f 795 3131 7930 
f 7929 7930 3131 
f 528 7931 7933 
f 2025 7932 7931 
f 2024 7933 7932 
f 7931 7932 7933 
f 206 3136 7935 
f 795 7934 3136 
f 2025 7935 7934 
f 3136 7934 7935 
f 2024 7932 7930 
f 2025 7934 7932 
f 795 7930 7934 
f 7932 7934 7930 
f 144 7936 7938 
f 2026 7937 7936 
f 2028 7938 7937 
f 7936 7937 7938 
f 529 7939 7941 
f 2027 7940 7939 
f 2026 7941 7940 
f 7939 7940 7941 
f 528 7942 7944 
f 2028 7943 7942 
f 2027 7944 7943 
f 7942 7943 7944 
f 2026 7940 7937 
f 2027 7943 7940 
f 2028 7937 7943 
f 7940 7943 7937 
f 56 3142 7946 
f 800 7945 3142 
f 2030 7946 7945 
f 3142 7945 7946 
f 206 7947 3146 
f 2029 7948 7947 
f 800 3146 7948 
f 7947 7948 3146 
f 529 7949 7951 
f 2030 7950 7949 
f 2029 7951 7950 
f 7949 7950 7951 
f 800 7948 7945 
f 2029 7950 7948 
f 2030 7945 7950 
f 7948 7950 7945 
f 528 7944 7931 
f 2027 7952 7944 
f 2025 7931 7952 
f 7944 7952 7931 
f 529 7951 7939 
f 2029 7953 7951 
f 2027 7939 7953 
f 7951 7953 7939 
f 206 7935 7947 
f 2025 7954 7935 
f 2029 7947 7954 
f 7935 7954 7947 
f 2027 7953 7952 
f 2029 7954 7953 
f 2025 7952 7954 
f 7953 7954 7952 
f 38 6595 7956 
f 1694 7955 6595 
f 2032 7956 7955 
f 6595 7955 7956 
f 448 7957 6599 
f 2031 7958 7957 
f 1694 6599 7958 
f 7957 7958 6599 
f 531 7959 7961 
f 2032 7960 7959 
f 2031 7961 7960 
f 7959 7960 7961 
f 1694 7958 7955 
f 2031 7960 7958 
f 2032 7955 7960 
f 7958 7960 7955 
f 123 7962 6611 
f 2033 7963 7962 
f 1698 6611 7963 
f 7962 7963 6611 
f 530 7964 7966 
f 2034 7965 7964 
f 2033 7966 7965 
f 7964 7965 7966 
f 448 6616 7968 
f 1698 7967 6616 
f 2034 7968 7967 
f 6616 7967 7968 
f 2033 7965 7963 
f 2034 7967 7965 
f 1698 7963 7967 
f 7965 7967 7963 
f 144 7969 7971 
f 2035 7970 7969 
f 2037 7971 7970 
f 7969 7970 7971 
f 531 7972 7974 
f 2036 7973 7972 
f 2035 7974 7973 
f 7972 7973 7974 
f 530 7975 7977 
f 2037 7976 7975 
f 2036 7977 7976 
f 7975 7976 7977 
f 2035 7973 7970 
f 2036 7976 7973 
f 2037 7970 7976 
f 7973 7976 7970 
f 448 7968 7957 
f 2034 7978 7968 
f 2031 7957 7978 
f 7968 7978 7957 
f 530 7977 7964 
f 2036 7979 7977 
f 2034 7964 7979 
f 7977 7979 7964 
f 531 7961 7972 
f 2031 7980 7961 
f 2036 7972 7980 
f 7961 7980 7972 
f 2034 7979 7978 
f 2036 7980 7979 
f 2031 7978 7980 
f 7979 7980 7978 
f 56 7946 7912 
f 2030 7981 7946 
f 2020 7912 7981 
f 7946 7981 7912 
f 529 7982 7949 
f 2038 7983 7982 
f 2030 7949 7983 
f 7982 7983 7949 
f 527 7916 7985 
f 2020 7984 7916 
f 2038 7985 7984 
f 7916 7984 7985 
f 2030 7983 7981 
f 2038 7984 7983 
f 2020 7981 7984 
f 7983 7984 7981 
f 144 7971 7936 
f 2037 7986 7971 
f 2026 7936 7986 
f 7971 7986 7936 
f 530 7987 7975 
f 2039 7988 7987 
f 2037 7975 7988 
f 7987 7988 7975 
f 529 7941 7990 
f 2026 7989 7941 
f 2039 7990 7989 
f 7941 7989 7990 
f 2037 7988 7986 
f 2039 7989 7988 
f 2026 7986 7989 
f 7988 7989 7986 
f 123 7920 7962 
f 2023 7991 7920 
f 2033 7962 7991 
f 7920 7991 7962 
f 527 7992 7923 
f 2040 7993 7992 
f 2023 7923 7993 
f 7992 7993 7923 
f 530 7966 7995 
f 2033 7994 7966 
f 2040 7995 7994 
f 7966 7994 7995 
f 2023 7993 7991 
f 2040 7994 7993 
f 2033 7991 7994 
f 7993 7994 7991 
f 529 7990 7982 
f 2039 7996 7990 
f 2038 7982 7996 
f 7990 7996 7982 
f 530 7995 7987 
f 2040 7997 7995 
f 2039 7987 7997 
f 7995 7997 7987 
f 527 7985 7992 
f 2038 7998 7985 
f 2040 7992 7998 
f 7985 7998 7992 
f 2039 7997 7996 
f 2040 7998 7997 
f 2038 7996 7998 
f 7997 7998 7996 
f 22 7864 7745 
f 2010 7999 7864 
f 1980 7745 7999 
f 7864 7999 7745 
f 526 8000 7867 
f 2041 8001 8000 
f 2010 7867 8001 
f 8000 8001 7867 
f 518 7749 8003 
f 1980 8002 7749 
f 2041 8003 8002 
f 7749 8002 8003 
f 2010 8001 7999 
f 2041 8002 8001 
f 1980 7999 8002 
f 8001 8002 7999 
f 143 8004 7877 
f 2042 8005 8004 
f 2013 7877 8005 
f 8004 8005 7877 
f 532 8006 8008 
f 2043 8007 8006 
f 2042 8008 8007 
f 8006 8007 8008 
f 526 7882 8010 
f 2013 8009 7882 
f 2043 8010 8009 
f 7882 8009 8010 
f 2042 8007 8005 
f 2043 8009 8007 
f 2013 8005 8009 
f 8007 8009 8005 
f 142 7754 8012 
f 1984 8011 7754 
f 2045 8012 8011 
f 7754 8011 8012 
f 518 8013 7758 
f 2044 8014 8013 
f 1984 7758 8014 
f 8013 8014 7758 
f 532 8015 8017 
f 2045 8016 8015 
f 2044 8017 8016 
f 8015 8016 8017 
f 1984 8014 8011 
f 2044 8016 8014 
f 2045 8011 8016 
f 8014 8016 8011 
f 526 8010 8000 
f 2043 8018 8010 
f 2041 8000 8018 
f 8010 8018 8000 
f 532 8017 8006 
f 2044 8019 8017 
f 2043 8006 8019 
f 8017 8019 8006 
f 518 8003 8013 
f 2041 8020 8003 
f 2044 8013 8020 
f 8003 8020 8013 
f 2043 8019 8018 
f 2044 8020 8019 
f 2041 8018 8020 
f 8019 8020 8018 
f 38 7956 7837 
f 2032 8021 7956 
f 2002 7837 8021 
f 7956 8021 7837 
f 531 8022 7959 
f 2046 8023 8022 
f 2032 7959 8023 
f 8022 8023 7959 
f 523 7841 8025 
f 2002 8024 7841 
f 2046 8025 8024 
f 7841 8024 8025 
f 2032 8023 8021 
f 2046 8024 8023 
f 2002 8021 8024 
f 8023 8024 8021 
f 144 8026 7969 
f 2047 8027 8026 
f 2035 7969 8027 
f 8026 8027 7969 
f 533 8028 8030 
f 2048 8029 8028 
f 2047 8030 8029 
f 8028 8029 8030 
f 531 7974 8032 
f 2035 8031 7974 
f 2048 8032 8031 
f 7974 8031 8032 
f 2047 8029 8027 
f 2048 8031 8029 
f 2035 8027 8031 
f 8029 8031 8027 
f 143 7846 8034 
f 2006 8033 7846 
f 2050 8034 8033 
f 7846 8033 8034 
f 523 8035 7850 
f 2049 8036 8035 
f 2006 7850 8036 
f 8035 8036 7850 
f 533 8037 8039 
f 2050 8038 8037 
f 2049 8039 8038 
f 8037 8038 8039 
f 2006 8036 8033 
f 2049 8038 8036 
f 2050 8033 8038 
f 8036 8038 8033 
f 531 8032 8022 
f 2048 8040 8032 
f 2046 8022 8040 
f 8032 8040 8022 
f 533 8039 8028 
f 2049 8041 8039 
f 2048 8028 8041 
f 8039 8041 8028 
f 523 8025 8035 
f 2046 8042 8025 
f 2049 8035 8042 
f 8025 8042 8035 
f 2048 8041 8040 
f 2049 8042 8041 
f 2046 8040 8042 
f 8041 8042 8040 
f 16 7772 7929 
f 1988 8043 7772 
f 2024 7929 8043 
f 7772 8043 7929 
f 521 8044 7775 
f 2051 8045 8044 
f 1988 7775 8045 
f 8044 8045 7775 
f 528 7933 8047 
f 2024 8046 7933 
f 2051 8047 8046 
f 7933 8046 8047 
f 1988 8045 8043 
f 2051 8046 8045 
f 2024 8043 8046 
f 8045 8046 8043 
f 142 8048 7785 
f 2052 8049 8048 
f 1991 7785 8049 
f 8048 8049 7785 
f 534 8050 8052 
f 2053 8051 8050 
f 2052 8052 8051 
f 8050 8051 8052 
f 521 7790 8054 
f 1991 8053 7790 
f 2053 8054 8053 
f 7790 8053 8054 
f 2052 8051 8049 
f 2053 8053 8051 
f 1991 8049 8053 
f 8051 8053 8049 
f 144 7938 8056 
f 2028 8055 7938 
f 2055 8056 8055 
f 7938 8055 8056 
f 528 8057 7942 
f 2054 8058 8057 
f 2028 7942 8058 
f 8057 8058 7942 
f 534 8059 8061 
f 2055 8060 8059 
f 2054 8061 8060 
f 8059 8060 8061 
f 2028 8058 8055 
f 2054 8060 8058 
f 2055 8055 8060 
f 8058 8060 8055 
f 521 8054 8044 
f 2053 8062 8054 
f 2051 8044 8062 
f 8054 8062 8044 
f 534 8061 8050 
f 2054 8063 8061 
f 2053 8050 8063 
f 8061 8063 8050 
f 528 8047 8057 
f 2051 8064 8047 
f 2054 8057 8064 
f 8047 8064 8057 
f 2053 8063 8062 
f 2054 8064 8063 
f 2051 8062 8064 
f 8063 8064 8062 
f 143 8034 8004 
f 2050 8065 8034 
f 2042 8004 8065 
f 8034 8065 8004 
f 533 8066 8037 
f 2056 8067 8066 
f 2050 8037 8067 
f 8066 8067 8037 
f 532 8008 8069 
f 2042 8068 8008 
f 2056 8069 8068 
f 8008 8068 8069 
f 2050 8067 8065 
f 2056 8068 8067 
f 2042 8065 8068 
f 8067 8068 8065 
f 144 8056 8026 
f 2055 8070 8056 
f 2047 8026 8070 
f 8056 8070 8026 
f 534 8071 8059 
f 2057 8072 8071 
f 2055 8059 8072 
f 8071 8072 8059 
f 533 8030 8074 
f 2047 8073 8030 
f 2057 8074 8073 
f 8030 8073 8074 
f 2055 8072 8070 
f 2057 8073 8072 
f 2047 8070 8073 
f 8072 8073 8070 
f 142 8012 8048 
f 2045 8075 8012 
f 2052 8048 8075 
f 8012 8075 8048 
f 532 8076 8015 
f 2058 8077 8076 
f 2045 8015 8077 
f 8076 8077 8015 
f 534 8052 8079 
f 2052 8078 8052 
f 2058 8079 8078 
f 8052 8078 8079 
f 2045 8077 8075 
f 2058 8078 8077 
f 2052 8075 8078 
f 8077 8078 8075 
f 533 8074 8066 
f 2057 8080 8074 
f 2056 8066 8080 
f 8074 8080 8066 
f 534 8079 8071 
f 2058 8081 8079 
f 2057 8071 8081 
f 8079 8081 8071 
f 532 8069 8076 
f 2056 8082 8069 
f 2058 8076 8082 
f 8069 8082 8076 
f 2057 8081 8080 
f 2058 8082 8081 
f 2056 8080 8082 
f 8081 8082 8080 
f 1 4572 2563 
f 1168 8083 4572 
f 643 2563 8083 
f 4572 8083 2563 
f 306 8084 4575 
f 2059 8085 8084 
f 1168 4575 8085 
f 8084 8085 4575 
f 163 2568 8087 
f 643 8086 2568 
f 2059 8087 8086 
f 2568 8086 8087 
f 1168 8085 8083 
f 2059 8086 8085 
f 643 8083 8086 
f 8085 8086 8083 
f 85 8088 4585 
f 2060 8089 8088 
f 1171 4585 8089 
f 8088 8089 4585 
f 535 8090 8092 
f 2061 8091 8090 
f 2060 8092 8091 
f 8090 8091 8092 
f 306 4590 8094 
f 1171 8093 4590 
f 2061 8094 8093 
f 4590 8093 8094 
f 2060 8091 8089 
f 2061 8093 8091 
f 1171 8089 8093 
f 8091 8093 8089 
f 43 2574 8096 
f 648 8095 2574 
f 2063 8096 8095 
f 2574 8095 8096 
f 163 8097 2578 
f 2062 8098 8097 
f 648 2578 8098 
f 8097 8098 2578 
f 535 8099 8101 
f 2063 8100 8099 
f 2062 8101 8100 
f 8099 8100 8101 
f 648 8098 8095 
f 2062 8100 8098 
f 2063 8095 8100 
f 8098 8100 8095 
f 306 8094 8084 
f 2061 8102 8094 
f 2059 8084 8102 
f 8094 8102 8084 
f 535 8101 8090 
f 2062 8103 8101 
f 2061 8090 8103 
f 8101 8103 8090 
f 163 8087 8097 
f 2059 8104 8087 
f 2062 8097 8104 
f 8087 8104 8097 
f 2061 8103 8102 
f 2062 8104 8103 
f 2059 8102 8104 
f 8103 8104 8102 
f 27 8105 4623 
f 2064 8106 8105 
f 1181 4623 8106 
f 8105 8106 4623 
f 536 8107 8109 
f 2065 8108 8107 
f 2064 8109 8108 
f 8107 8108 8109 
f 309 4628 8111 
f 1181 8110 4628 
f 2065 8111 8110 
f 4628 8110 8111 
f 2064 8108 8106 
f 2065 8110 8108 
f 1181 8106 8110 
f 8108 8110 8106 
f 145 8112 8114 
f 2066 8113 8112 
f 2068 8114 8113 
f 8112 8113 8114 
f 537 8115 8117 
f 2067 8116 8115 
f 2066 8117 8116 
f 8115 8116 8117 
f 536 8118 8120 
f 2068 8119 8118 
f 2067 8120 8119 
f 8118 8119 8120 
f 2066 8116 8113 
f 2067 8119 8116 
f 2068 8113 8119 
f 8116 8119 8113 
f 85 4634 8122 
f 1186 8121 4634 
f 2070 8122 8121 
f 4634 8121 8122 
f 309 8123 4638 
f 2069 8124 8123 
f 1186 4638 8124 
f 8123 8124 4638 
f 537 8125 8127 
f 2070 8126 8125 
f 2069 8127 8126 
f 8125 8126 8127 
f 1186 8124 8121 
f 2069 8126 8124 
f 2070 8121 8126 
f 8124 8126 8121 
f 536 8120 8107 
f 2067 8128 8120 
f 2065 8107 8128 
f 8120 8128 8107 
f 537 8127 8115 
f 2069 8129 8127 
f 2067 8115 8129 
f 8127 8129 8115 
f 309 8111 8123 
f 2065 8130 8111 
f 2069 8123 8130 
f 8111 8130 8123 
f 2067 8129 8128 
f 2069 8130 8129 
f 2065 8128 8130 
f 8129 8130 8128 
f 13 2595 8132 
f 654 8131 2595 
f 2072 8132 8131 
f 2595 8131 8132 
f 168 8133 2599 
f 2071 8134 8133 
f 654 2599 8134 
f 8133 8134 2599 
f 539 8135 8137 
f 2072 8136 8135 
f 2071 8137 8136 
f 8135 8136 8137 
f 654 8134 8131 
f 2071 8136 8134 
f 2072 8131 8136 
f 8134 8136 8131 
f 43 8138 2611 
f 2073 8139 8138 
f 658 2611 8139 
f 8138 8139 2611 
f 538 8140 8142 
f 2074 8141 8140 
f 2073 8142 8141 
f 8140 8141 8142 
f 168 2616 8144 
f 658 8143 2616 
f 2074 8144 8143 
f 2616 8143 8144 
f 2073 8141 8139 
f 2074 8143 8141 
f 658 8139 8143 
f 8141 8143 8139 
f 145 8145 8147 
f 2075 8146 8145 
f 2077 8147 8146 
f 8145 8146 8147 
f 539 8148 8150 
f 2076 8149 8148 
f 2075 8150 8149 
f 8148 8149 8150 
f 538 8151 8153 
f 2077 8152 8151 
f 2076 8153 8152 
f 8151 8152 8153 
f 2075 8149 8146 
f 2076 8152 8149 
f 2077 8146 8152 
f 8149 8152 8146 
f 168 8144 8133 
f 2074 8154 8144 
f 2071 8133 8154 
f 8144 8154 8133 
f 538 8153 8140 
f 2076 8155 8153 
f 2074 8140 8155 
f 8153 8155 8140 
f 539 8137 8148 
f 2071 8156 8137 
f 2076 8148 8156 
f 8137 8156 8148 
f 2074 8155 8154 
f 2076 8156 8155 
f 2071 8154 8156 
f 8155 8156 8154 
f 85 8122 8088 
f 2070 8157 8122 
f 2060 8088 8157 
f 8122 8157 8088 
f 537 8158 8125 
f 2078 8159 8158 
f 2070 8125 8159 
f 8158 8159 8125 
f 535 8092 8161 
f 2060 8160 8092 
f 2078 8161 8160 
f 8092 8160 8161 
f 2070 8159 8157 
f 2078 8160 8159 
f 2060 8157 8160 
f 8159 8160 8157 
f 145 8147 8112 
f 2077 8162 8147 
f 2066 8112 8162 
f 8147 8162 8112 
f 538 8163 8151 
f 2079 8164 8163 
f 2077 8151 8164 
f 8163 8164 8151 
f 537 8117 8166 
f 2066 8165 8117 
f 2079 8166 8165 
f 8117 8165 8166 
f 2077 8164 8162 
f 2079 8165 8164 
f 2066 8162 8165 
f 8164 8165 8162 
f 43 8096 8138 
f 2063 8167 8096 
f 2073 8138 8167 
f 8096 8167 8138 
f 535 8168 8099 
f 2080 8169 8168 
f 2063 8099 8169 
f 8168 8169 8099 
f 538 8142 8171 
f 2073 8170 8142 
f 2080 8171 8170 
f 8142 8170 8171 
f 2063 8169 8167 
f 2080 8170 8169 
f 2073 8167 8170 
f 8169 8170 8167 
f 537 8166 8158 
f 2079 8172 8166 
f 2078 8158 8172 
f 8166 8172 8158 
f 538 8171 8163 
f 2080 8173 8171 
f 2079 8163 8173 
f 8171 8173 8163 
f 535 8161 8168 
f 2078 8174 8161 
f 2080 8168 8174 
f 8161 8174 8168 
f 2079 8173 8172 
f 2080 8174 8173 
f 2078 8172 8174 
f 8173 8174 8172 
f 10 5873 4771 
f 1507 8175 5873 
f 1219 4771 8175 
f 5873 8175 4771 
f 398 8176 5877 
f 2081 8177 8176 
f 1507 5877 8177 
f 8176 8177 5877 
f 319 4776 8179 
f 1219 8178 4776 
f 2081 8179 8178 
f 4776 8178 8179 
f 1507 8177 8175 
f 2081 8178 8177 
f 1219 8175 8178 
f 8177 8178 8175 
f 112 8180 5889 
f 2082 8181 8180 
f 1511 5889 8181 
f 8180 8181 5889 
f 540 8182 8184 
f 2083 8183 8182 
f 2082 8184 8183 
f 8182 8183 8184 
f 398 5894 8186 
f 1511 8185 5894 
f 2083 8186 8185 
f 5894 8185 8186 
f 2082 8183 8181 
f 2083 8185 8183 
f 1511 8181 8185 
f 8183 8185 8181 
f 88 4782 8188 
f 1224 8187 4782 
f 2085 8188 8187 
f 4782 8187 8188 
f 319 8189 4786 
f 2084 8190 8189 
f 1224 4786 8190 
f 8189 8190 4786 
f 540 8191 8193 
f 2085 8192 8191 
f 2084 8193 8192 
f 8191 8192 8193 
f 1224 8190 8187 
f 2084 8192 8190 
f 2085 8187 8192 
f 8190 8192 8187 
f 398 8186 8176 
f 2083 8194 8186 
f 2081 8176 8194 
f 8186 8194 8176 
f 540 8193 8182 
f 2084 8195 8193 
f 2083 8182 8195 
f 8193 8195 8182 
f 319 8179 8189 
f 2081 8196 8179 
f 2084 8189 8196 
f 8179 8196 8189 
f 2083 8195 8194 
f 2084 8196 8195 
f 2081 8194 8196 
f 8195 8196 8194 
f 33 8197 5931 
f 2086 8198 8197 
f 1523 5931 8198 
f 8197 8198 5931 
f 541 8199 8201 
f 2087 8200 8199 
f 2086 8201 8200 
f 8199 8200 8201 
f 402 5936 8203 
f 1523 8202 5936 
f 2087 8203 8202 
f 5936 8202 8203 
f 2086 8200 8198 
f 2087 8202 8200 
f 1523 8198 8202 
f 8200 8202 8198 
f 146 8204 8206 
f 2088 8205 8204 
f 2090 8206 8205 
f 8204 8205 8206 
f 542 8207 8209 
f 2089 8208 8207 
f 2088 8209 8208 
f 8207 8208 8209 
f 541 8210 8212 
f 2090 8211 8210 
f 2089 8212 8211 
f 8210 8211 8212 
f 2088 8208 8205 
f 2089 8211 8208 
f 2090 8205 8211 
f 8208 8211 8205 
f 112 5942 8214 
f 1528 8213 5942 
f 2092 8214 8213 
f 5942 8213 8214 
f 402 8215 5946 
f 2091 8216 8215 
f 1528 5946 8216 
f 8215 8216 5946 
f 542 8217 8219 
f 2092 8218 8217 
f 2091 8219 8218 
f 8217 8218 8219 
f 1528 8216 8213 
f 2091 8218 8216 
f 2092 8213 8218 
f 8216 8218 8213 
f 541 8212 8199 
f 2089 8220 8212 
f 2087 8199 8220 
f 8212 8220 8199 
f 542 8219 8207 
f 2091 8221 8219 
f 2089 8207 8221 
f 8219 8221 8207 
f 402 8203 8215 
f 2087 8222 8203 
f 2091 8215 8222 
f 8203 8222 8215 
f 2089 8221 8220 
f 2091 8222 8221 
f 2087 8220 8222 
f 8221 8222 8220 
f 27 4803 8224 
f 1230 8223 4803 
f 2094 8224 8223 
f 4803 8223 8224 
f 324 8225 4807 
f 2093 8226 8225 
f 1230 4807 8226 
f 8225 8226 4807 
f 544 8227 8229 
f 2094 8228 8227 
f 2093 8229 8228 
f 8227 8228 8229 
f 1230 8226 8223 
f 2093 8228 8226 
f 2094 8223 8228 
f 8226 8228 8223 
f 88 8230 4819 
f 2095 8231 8230 
f 1234 4819 8231 
f 8230 8231 4819 
f 543 8232 8234 
f 2096 8233 8232 
f 2095 8234 8233 
f 8232 8233 8234 
f 324 4824 8236 
f 1234 8235 4824 
f 2096 8236 8235 
f 4824 8235 8236 
f 2095 8233 8231 
f 2096 8235 8233 
f 1234 8231 8235 
f 8233 8235 8231 
f 146 8237 8239 
f 2097 8238 8237 
f 2099 8239 8238 
f 8237 8238 8239 
f 544 8240 8242 
f 2098 8241 8240 
f 2097 8242 8241 
f 8240 8241 8242 
f 543 8243 8245 
f 2099 8244 8243 
f 2098 8245 8244 
f 8243 8244 8245 
f 2097 8241 8238 
f 2098 8244 8241 
f 2099 8238 8244 
f 8241 8244 8238 
f 324 8236 8225 
f 2096 8246 8236 
f 2093 8225 8246 
f 8236 8246 8225 
f 543 8245 8232 
f 2098 8247 8245 
f 2096 8232 8247 
f 8245 8247 8232 
f 544 8229 8240 
f 2093 8248 8229 
f 2098 8240 8248 
f 8229 8248 8240 
f 2096 8247 8246 
f 2098 8248 8247 
f 2093 8246 8248 
f 8247 8248 8246 
f 112 8214 8180 
f 2092 8249 8214 
f 2082 8180 8249 
f 8214 8249 8180 
f 542 8250 8217 
f 2100 8251 8250 
f 2092 8217 8251 
f 8250 8251 8217 
f 540 8184 8253 
f 2082 8252 8184 
f 2100 8253 8252 
f 8184 8252 8253 
f 2092 8251 8249 
f 2100 8252 8251 
f 2082 8249 8252 
f 8251 8252 8249 
f 146 8239 8204 
f 2099 8254 8239 
f 2088 8204 8254 
f 8239 8254 8204 
f 543 8255 8243 
f 2101 8256 8255 
f 2099 8243 8256 
f 8255 8256 8243 
f 542 8209 8258 
f 2088 8257 8209 
f 2101 8258 8257 
f 8209 8257 8258 
f 2099 8256 8254 
f 2101 8257 8256 
f 2088 8254 8257 
f 8256 8257 8254 
f 88 8188 8230 
f 2085 8259 8188 
f 2095 8230 8259 
f 8188 8259 8230 
f 540 8260 8191 
f 2102 8261 8260 
f 2085 8191 8261 
f 8260 8261 8191 
f 543 8234 8263 
f 2095 8262 8234 
f 2102 8263 8262 
f 8234 8262 8263 
f 2085 8261 8259 
f 2102 8262 8261 
f 2095 8259 8262 
f 8261 8262 8259 
f 542 8258 8250 
f 2101 8264 8258 
f 2100 8250 8264 
f 8258 8264 8250 
f 543 8263 8255 
f 2102 8265 8263 
f 2101 8255 8265 
f 8263 8265 8255 
f 540 8253 8260 
f 2100 8266 8253 
f 2102 8260 8266 
f 8253 8266 8260 
f 2101 8265 8264 
f 2102 8266 8265 
f 2100 8264 8266 
f 8265 8266 8264 
f 3 2673 5763 
f 675 8267 2673 
f 1475 5763 8267 
f 2673 8267 5763 
f 174 8268 2677 
f 2103 8269 8268 
f 675 2677 8269 
f 8268 8269 2677 
f 387 5768 8271 
f 1475 8270 5768 
f 2103 8271 8270 
f 5768 8270 8271 
f 675 8269 8267 
f 2103 8270 8269 
f 1475 8267 8270 
f 8269 8270 8267 
f 48 8272 2689 
f 2104 8273 8272 
f 679 2689 8273 
f 8272 8273 2689 
f 545 8274 8276 
f 2105 8275 8274 
f 2104 8276 8275 
f 8274 8275 8276 
f 174 2694 8278 
f 679 8277 2694 
f 2105 8278 8277 
f 2694 8277 8278 
f 2104 8275 8273 
f 2105 8277 8275 
f 679 8273 8277 
f 8275 8277 8273 
f 107 5774 8280 
f 1480 8279 5774 
f 2107 8280 8279 
f 5774 8279 8280 
f 387 8281 5778 
f 2106 8282 8281 
f 1480 5778 8282 
f 8281 8282 5778 
f 545 8283 8285 
f 2107 8284 8283 
f 2106 8285 8284 
f 8283 8284 8285 
f 1480 8282 8279 
f 2106 8284 8282 
f 2107 8279 8284 
f 8282 8284 8279 
f 174 8278 8268 
f 2105 8286 8278 
f 2103 8268 8286 
f 8278 8286 8268 
f 545 8285 8274 
f 2106 8287 8285 
f 2105 8274 8287 
f 8285 8287 8274 
f 387 8271 8281 
f 2103 8288 8271 
f 2106 8281 8288 
f 8271 8288 8281 
f 2105 8287 8286 
f 2106 8288 8287 
f 2103 8286 8288 
f 8287 8288 8286 
f 13 8289 2731 
f 2108 8290 8289 
f 691 2731 8290 
f 8289 8290 2731 
f 546 8291 8293 
f 2109 8292 8291 
f 2108 8293 8292 
f 8291 8292 8293 
f 178 2736 8295 
f 691 8294 2736 
f 2109 8295 8294 
f 2736 8294 8295 
f 2108 8292 8290 
f 2109 8294 8292 
f 691 8290 8294 
f 8292 8294 8290 
f 147 8296 8298 
f 2110 8297 8296 
f 2112 8298 8297 
f 8296 8297 8298 
f 547 8299 8301 
f 2111 8300 8299 
f 2110 8301 8300 
f 8299 8300 8301 
f 546 8302 8304 
f 2112 8303 8302 
f 2111 8304 8303 
f 8302 8303 8304 
f 2110 8300 8297 
f 2111 8303 8300 
f 2112 8297 8303 
f 8300 8303 8297 
f 48 2742 8306 
f 696 8305 2742 
f 2114 8306 8305 
f 2742 8305 8306 
f 178 8307 2746 
f 2113 8308 8307 
f 696 2746 8308 
f 8307 8308 2746 
f 547 8309 8311 
f 2114 8310 8309 
f 2113 8311 8310 
f 8309 8310 8311 
f 696 8308 8305 
f 2113 8310 8308 
f 2114 8305 8310 
f 8308 8310 8305 
f 546 8304 8291 
f 2111 8312 8304 
f 2109 8291 8312 
f 8304 8312 8291 
f 547 8311 8299 
f 2113 8313 8311 
f 2111 8299 8313 
f 8311 8313 8299 
f 178 8295 8307 
f 2109 8314 8295 
f 2113 8307 8314 
f 8295 8314 8307 
f 2111 8313 8312 
f 2113 8314 8313 
f 2109 8312 8314 
f 8313 8314 8312 
f 33 5795 8316 
f 1486 8315 5795 
f 2116 8316 8315 
f 5795 8315 8316 
f 392 8317 5799 
f 2115 8318 8317 
f 1486 5799 8318 
f 8317 8318 5799 
f 549 8319 8321 
f 2116 8320 8319 
f 2115 8321 8320 
f 8319 8320 8321 
f 1486 8318 8315 
f 2115 8320 8318 
f 2116 8315 8320 
f 8318 8320 8315 
f 107 8322 5811 
f 2117 8323 8322 
f 1490 5811 8323 
f 8322 8323 5811 
f 548 8324 8326 
f 2118 8325 8324 
f 2117 8326 8325 
f 8324 8325 8326 
f 392 5816 8328 
f 1490 8327 5816 
f 2118 8328 8327 
f 5816 8327 8328 
f 2117 8325 8323 
f 2118 8327 8325 
f 1490 8323 8327 
f 8325 8327 8323 
f 147 8329 8331 
f 2119 8330 8329 
f 2121 8331 8330 
f 8329 8330 8331 
f 549 8332 8334 
f 2120 8333 8332 
f 2119 8334 8333 
f 8332 8333 8334 
f 548 8335 8337 
f 2121 8336 8335 
f 2120 8337 8336 
f 8335 8336 8337 
f 2119 8333 8330 
f 2120 8336 8333 
f 2121 8330 8336 
f 8333 8336 8330 
f 392 8328 8317 
f 2118 8338 8328 
f 2115 8317 8338 
f 8328 8338 8317 
f 548 8337 8324 
f 2120 8339 8337 
f 2118 8324 8339 
f 8337 8339 8324 
f 549 8321 8332 
f 2115 8340 8321 
f 2120 8332 8340 
f 8321 8340 8332 
f 2118 8339 8338 
f 2120 8340 8339 
f 2115 8338 8340 
f 8339 8340 8338 
f 48 8306 8272 
f 2114 8341 8306 
f 2104 8272 8341 
f 8306 8341 8272 
f 547 8342 8309 
f 2122 8343 8342 
f 2114 8309 8343 
f 8342 8343 8309 
f 545 8276 8345 
f 2104 8344 8276 
f 2122 8345 8344 
f 8276 8344 8345 
f 2114 8343 8341 
f 2122 8344 8343 
f 2104 8341 8344 
f 8343 8344 8341 
f 147 8331 8296 
f 2121 8346 8331 
f 2110 8296 8346 
f 8331 8346 8296 
f 548 8347 8335 
f 2123 8348 8347 
f 2121 8335 8348 
f 8347 8348 8335 
f 547 8301 8350 
f 2110 8349 8301 
f 2123 8350 8349 
f 8301 8349 8350 
f 2121 8348 8346 
f 2123 8349 8348 
f 2110 8346 8349 
f 8348 8349 8346 
f 107 8280 8322 
f 2107 8351 8280 
f 2117 8322 8351 
f 8280 8351 8322 
f 545 8352 8283 
f 2124 8353 8352 
f 2107 8283 8353 
f 8352 8353 8283 
f 548 8326 8355 
f 2117 8354 8326 
f 2124 8355 8354 
f 8326 8354 8355 
f 2107 8353 8351 
f 2124 8354 8353 
f 2117 8351 8354 
f 8353 8354 8351 
f 547 8350 8342 
f 2123 8356 8350 
f 2122 8342 8356 
f 8350 8356 8342 
f 548 8355 8347 
f 2124 8357 8355 
f 2123 8347 8357 
f 8355 8357 8347 
f 545 8345 8352 
f 2122 8358 8345 
f 2124 8352 8358 
f 8345 8358 8352 
f 2123 8357 8356 
f 2124 8358 8357 
f 2122 8356 8358 
f 8357 8358 8356 
f 27 8224 8105 
f 2094 8359 8224 
f 2064 8105 8359 
f 8224 8359 8105 
f 544 8360 8227 
f 2125 8361 8360 
f 2094 8227 8361 
f 8360 8361 8227 
f 536 8109 8363 
f 2064 8362 8109 
f 2125 8363 8362 
f 8109 8362 8363 
f 2094 8361 8359 
f 2125 8362 8361 
f 2064 8359 8362 
f 8361 8362 8359 
f 146 8364 8237 
f 2126 8365 8364 
f 2097 8237 8365 
f 8364 8365 8237 
f 550 8366 8368 
f 2127 8367 8366 
f 2126 8368 8367 
f 8366 8367 8368 
f 544 8242 8370 
f 2097 8369 8242 
f 2127 8370 8369 
f 8242 8369 8370 
f 2126 8367 8365 
f 2127 8369 8367 
f 2097 8365 8369 
f 8367 8369 8365 
f 145 8114 8372 
f 2068 8371 8114 
f 2129 8372 8371 
f 8114 8371 8372 
f 536 8373 8118 
f 2128 8374 8373 
f 2068 8118 8374 
f 8373 8374 8118 
f 550 8375 8377 
f 2129 8376 8375 
f 2128 8377 8376 
f 8375 8376 8377 
f 2068 8374 8371 
f 2128 8376 8374 
f 2129 8371 8376 
f 8374 8376 8371 
f 544 8370 8360 
f 2127 8378 8370 
f 2125 8360 8378 
f 8370 8378 8360 
f 550 8377 8366 
f 2128 8379 8377 
f 2127 8366 8379 
f 8377 8379 8366 
f 536 8363 8373 
f 2125 8380 8363 
f 2128 8373 8380 
f 8363 8380 8373 
f 2127 8379 8378 
f 2128 8380 8379 
f 2125 8378 8380 
f 8379 8380 8378 
f 33 8316 8197 
f 2116 8381 8316 
f 2086 8197 8381 
f 8316 8381 8197 
f 549 8382 8319 
f 2130 8383 8382 
f 2116 8319 8383 
f 8382 8383 8319 
f 541 8201 8385 
f 2086 8384 8201 
f 2130 8385 8384 
f 8201 8384 8385 
f 2116 8383 8381 
f 2130 8384 8383 
f 2086 8381 8384 
f 8383 8384 8381 
f 147 8386 8329 
f 2131 8387 8386 
f 2119 8329 8387 
f 8386 8387 8329 
f 551 8388 8390 
f 2132 8389 8388 
f 2131 8390 8389 
f 8388 8389 8390 
f 549 8334 8392 
f 2119 8391 8334 
f 2132 8392 8391 
f 8334 8391 8392 
f 2131 8389 8387 
f 2132 8391 8389 
f 2119 8387 8391 
f 8389 8391 8387 
f 146 8206 8394 
f 2090 8393 8206 
f 2134 8394 8393 
f 8206 8393 8394 
f 541 8395 8210 
f 2133 8396 8395 
f 2090 8210 8396 
f 8395 8396 8210 
f 551 8397 8399 
f 2134 8398 8397 
f 2133 8399 8398 
f 8397 8398 8399 
f 2090 8396 8393 
f 2133 8398 8396 
f 2134 8393 8398 
f 8396 8398 8393 
f 549 8392 8382 
f 2132 8400 8392 
f 2130 8382 8400 
f 8392 8400 8382 
f 551 8399 8388 
f 2133 8401 8399 
f 2132 8388 8401 
f 8399 8401 8388 
f 541 8385 8395 
f 2130 8402 8385 
f 2133 8395 8402 
f 8385 8402 8395 
f 2132 8401 8400 
f 2133 8402 8401 
f 2130 8400 8402 
f 8401 8402 8400 
f 13 8132 8289 
f 2072 8403 8132 
f 2108 8289 8403 
f 8132 8403 8289 
f 539 8404 8135 
f 2135 8405 8404 
f 2072 8135 8405 
f 8404 8405 8135 
f 546 8293 8407 
f 2108 8406 8293 
f 2135 8407 8406 
f 8293 8406 8407 
f 2072 8405 8403 
f 2135 8406 8405 
f 2108 8403 8406 
f 8405 8406 8403 
f 145 8408 8145 
f 2136 8409 8408 
f 2075 8145 8409 
f 8408 8409 8145 
f 552 8410 8412 
f 2137 8411 8410 
f 2136 8412 8411 
f 8410 8411 8412 
f 539 8150 8414 
f 2075 8413 8150 
f 2137 8414 8413 
f 8150 8413 8414 
f 2136 8411 8409 
f 2137 8413 8411 
f 2075 8409 8413 
f 8411 8413 8409 
f 147 8298 8416 
f 2112 8415 8298 
f 2139 8416 8415 
f 8298 8415 8416 
f 546 8417 8302 
f 2138 8418 8417 
f 2112 8302 8418 
f 8417 8418 8302 
f 552 8419 8421 
f 2139 8420 8419 
f 2138 8421 8420 
f 8419 8420 8421 
f 2112 8418 8415 
f 2138 8420 8418 
f 2139 8415 8420 
f 8418 8420 8415 
f 539 8414 8404 
f 2137 8422 8414 
f 2135 8404 8422 
f 8414 8422 8404 
f 552 8421 8410 
f 2138 8423 8421 
f 2137 8410 8423 
f 8421 8423 8410 
f 546 8407 8417 
f 2135 8424 8407 
f 2138 8417 8424 
f 8407 8424 8417 
f 2137 8423 8422 
f 2138 8424 8423 
f 2135 8422 8424 
f 8423 8424 8422 
f 146 8394 8364 
f 2134 8425 8394 
f 2126 8364 8425 
f 8394 8425 8364 
f 551 8426 8397 
f 2140 8427 8426 
f 2134 8397 8427 
f 8426 8427 8397 
f 550 8368 8429 
f 2126 8428 8368 
f 2140 8429 8428 
f 8368 8428 8429 
f 2134 8427 8425 
f 2140 8428 8427 
f 2126 8425 8428 
f 8427 8428 8425 
f 147 8416 8386 
f 2139 8430 8416 
f 2131 8386 8430 
f 8416 8430 8386 
f 552 8431 8419 
f 2141 8432 8431 
f 2139 8419 8432 
f 8431 8432 8419 
f 551 8390 8434 
f 2131 8433 8390 
f 2141 8434 8433 
f 8390 8433 8434 
f 2139 8432 8430 
f 2141 8433 8432 
f 2131 8430 8433 
f 8432 8433 8430 
f 145 8372 8408 
f 2129 8435 8372 
f 2136 8408 8435 
f 8372 8435 8408 
f 550 8436 8375 
f 2142 8437 8436 
f 2129 8375 8437 
f 8436 8437 8375 
f 552 8412 8439 
f 2136 8438 8412 
f 2142 8439 8438 
f 8412 8438 8439 
f 2129 8437 8435 
f 2142 8438 8437 
f 2136 8435 8438 
f 8437 8438 8435 
f 551 8434 8426 
f 2141 8440 8434 
f 2140 8426 8440 
f 8434 8440 8426 
f 552 8439 8431 
f 2142 8441 8439 
f 2141 8431 8441 
f 8439 8441 8431 
f 550 8429 8436 
f 2140 8442 8429 
f 2142 8436 8442 
f 8429 8442 8436 
f 2141 8441 8440 
f 2142 8442 8441 
f 2140 8440 8442 
f 8441 8442 8440 
f 1 2565 4163 
f 645 8443 2565 
f 1059 4163 8443 
f 2565 8443 4163 
f 165 8444 2569 
f 2143 8445 8444 
f 645 2569 8445 
f 8444 8445 2569 
f 275 4168 8447 
f 1059 8446 4168 
f 2143 8447 8446 
f 4168 8446 8447 
f 645 8445 8443 
f 2143 8446 8445 
f 1059 8443 8446 
f 8445 8446 8443 
f 45 8448 2581 
f 2144 8449 8448 
f 649 2581 8449 
f 8448 8449 2581 
f 553 8450 8452 
f 2145 8451 8450 
f 2144 8452 8451 
f 8450 8451 8452 
f 165 2586 8454 
f 649 8453 2586 
f 2145 8454 8453 
f 2586 8453 8454 
f 2144 8451 8449 
f 2145 8453 8451 
f 649 8449 8453 
f 8451 8453 8449 
f 75 4174 8456 
f 1064 8455 4174 
f 2147 8456 8455 
f 4174 8455 8456 
f 275 8457 4178 
f 2146 8458 8457 
f 1064 4178 8458 
f 8457 8458 4178 
f 553 8459 8461 
f 2147 8460 8459 
f 2146 8461 8460 
f 8459 8460 8461 
f 1064 8458 8455 
f 2146 8460 8458 
f 2147 8455 8460 
f 8458 8460 8455 
f 165 8454 8444 
f 2145 8462 8454 
f 2143 8444 8462 
f 8454 8462 8444 
f 553 8461 8450 
f 2146 8463 8461 
f 2145 8450 8463 
f 8461 8463 8450 
f 275 8447 8457 
f 2143 8464 8447 
f 2146 8457 8464 
f 8447 8464 8457 
f 2145 8463 8462 
f 2146 8464 8463 
f 2143 8462 8464 
f 8463 8464 8462 
f 15 8465 2623 
f 2148 8466 8465 
f 661 2623 8466 
f 8465 8466 2623 
f 554 8467 8469 
f 2149 8468 8467 
f 2148 8469 8468 
f 8467 8468 8469 
f 169 2628 8471 
f 661 8470 2628 
f 2149 8471 8470 
f 2628 8470 8471 
f 2148 8468 8466 
f 2149 8470 8468 
f 661 8466 8470 
f 8468 8470 8466 
f 148 8472 8474 
f 2150 8473 8472 
f 2152 8474 8473 
f 8472 8473 8474 
f 555 8475 8477 
f 2151 8476 8475 
f 2150 8477 8476 
f 8475 8476 8477 
f 554 8478 8480 
f 2152 8479 8478 
f 2151 8480 8479 
f 8478 8479 8480 
f 2150 8476 8473 
f 2151 8479 8476 
f 2152 8473 8479 
f 8476 8479 8473 
f 45 2634 8482 
f 666 8481 2634 
f 2154 8482 8481 
f 2634 8481 8482 
f 169 8483 2638 
f 2153 8484 8483 
f 666 2638 8484 
f 8483 8484 2638 
f 555 8485 8487 
f 2154 8486 8485 
f 2153 8487 8486 
f 8485 8486 8487 
f 666 8484 8481 
f 2153 8486 8484 
f 2154 8481 8486 
f 8484 8486 8481 
f 554 8480 8467 
f 2151 8488 8480 
f 2149 8467 8488 
f 8480 8488 8467 
f 555 8487 8475 
f 2153 8489 8487 
f 2151 8475 8489 
f 8487 8489 8475 
f 169 8471 8483 
f 2149 8490 8471 
f 2153 8483 8490 
f 8471 8490 8483 
f 2151 8489 8488 
f 2153 8490 8489 
f 2149 8488 8490 
f 8489 8490 8488 
f 23 4195 8492 
f 1070 8491 4195 
f 2156 8492 8491 
f 4195 8491 8492 
f 280 8493 4199 
f 2155 8494 8493 
f 1070 4199 8494 
f 8493 8494 4199 
f 557 8495 8497 
f 2156 8496 8495 
f 2155 8497 8496 
f 8495 8496 8497 
f 1070 8494 8491 
f 2155 8496 8494 
f 2156 8491 8496 
f 8494 8496 8491 
f 75 8498 4211 
f 2157 8499 8498 
f 1074 4211 8499 
f 8498 8499 4211 
f 556 8500 8502 
f 2158 8501 8500 
f 2157 8502 8501 
f 8500 8501 8502 
f 280 4216 8504 
f 1074 8503 4216 
f 2158 8504 8503 
f 4216 8503 8504 
f 2157 8501 8499 
f 2158 8503 8501 
f 1074 8499 8503 
f 8501 8503 8499 
f 148 8505 8507 
f 2159 8506 8505 
f 2161 8507 8506 
f 8505 8506 8507 
f 557 8508 8510 
f 2160 8509 8508 
f 2159 8510 8509 
f 8508 8509 8510 
f 556 8511 8513 
f 2161 8512 8511 
f 2160 8513 8512 
f 8511 8512 8513 
f 2159 8509 8506 
f 2160 8512 8509 
f 2161 8506 8512 
f 8509 8512 8506 
f 280 8504 8493 
f 2158 8514 8504 
f 2155 8493 8514 
f 8504 8514 8493 
f 556 8513 8500 
f 2160 8515 8513 
f 2158 8500 8515 
f 8513 8515 8500 
f 557 8497 8508 
f 2155 8516 8497 
f 2160 8508 8516 
f 8497 8516 8508 
f 2158 8515 8514 
f 2160 8516 8515 
f 2155 8514 8516 
f 8515 8516 8514 
f 45 8482 8448 
f 2154 8517 8482 
f 2144 8448 8517 
f 8482 8517 8448 
f 555 8518 8485 
f 2162 8519 8518 
f 2154 8485 8519 
f 8518 8519 8485 
f 553 8452 8521 
f 2144 8520 8452 
f 2162 8521 8520 
f 8452 8520 8521 
f 2154 8519 8517 
f 2162 8520 8519 
f 2144 8517 8520 
f 8519 8520 8517 
f 148 8507 8472 
f 2161 8522 8507 
f 2150 8472 8522 
f 8507 8522 8472 
f 556 8523 8511 
f 2163 8524 8523 
f 2161 8511 8524 
f 8523 8524 8511 
f 555 8477 8526 
f 2150 8525 8477 
f 2163 8526 8525 
f 8477 8525 8526 
f 2161 8524 8522 
f 2163 8525 8524 
f 2150 8522 8525 
f 8524 8525 8522 
f 75 8456 8498 
f 2147 8527 8456 
f 2157 8498 8527 
f 8456 8527 8498 
f 553 8528 8459 
f 2164 8529 8528 
f 2147 8459 8529 
f 8528 8529 8459 
f 556 8502 8531 
f 2157 8530 8502 
f 2164 8531 8530 
f 8502 8530 8531 
f 2147 8529 8527 
f 2164 8530 8529 
f 2157 8527 8530 
f 8529 8530 8527 
f 555 8526 8518 
f 2163 8532 8526 
f 2162 8518 8532 
f 8526 8532 8518 
f 556 8531 8523 
f 2164 8533 8531 
f 2163 8523 8533 
f 8531 8533 8523 
f 553 8521 8528 
f 2162 8534 8521 
f 2164 8528 8534 
f 8521 8534 8528 
f 2163 8533 8532 
f 2164 8534 8533 
f 2162 8532 8534 
f 8533 8534 8532 
f 2 6565 2779 
f 1685 8535 6565 
f 703 2779 8535 
f 6565 8535 2779 
f 445 8536 6569 
f 2165 8537 8536 
f 1685 6569 8537 
f 8536 8537 6569 
f 181 2784 8539 
f 703 8538 2784 
f 2165 8539 8538 
f 2784 8538 8539 
f 1685 8537 8535 
f 2165 8538 8537 
f 703 8535 8538 
f 8537 8538 8535 
f 125 8540 6581 
f 2166 8541 8540 
f 1689 6581 8541 
f 8540 8541 6581 
f 558 8542 8544 
f 2167 8543 8542 
f 2166 8544 8543 
f 8542 8543 8544 
f 445 6586 8546 
f 1689 8545 6586 
f 2167 8546 8545 
f 6586 8545 8546 
f 2166 8543 8541 
f 2167 8545 8543 
f 1689 8541 8545 
f 8543 8545 8541 
f 49 2790 8548 
f 708 8547 2790 
f 2169 8548 8547 
f 2790 8547 8548 
f 181 8549 2794 
f 2168 8550 8549 
f 708 2794 8550 
f 8549 8550 2794 
f 558 8551 8553 
f 2169 8552 8551 
f 2168 8553 8552 
f 8551 8552 8553 
f 708 8550 8547 
f 2168 8552 8550 
f 2169 8547 8552 
f 8550 8552 8547 
f 445 8546 8536 
f 2167 8554 8546 
f 2165 8536 8554 
f 8546 8554 8536 
f 558 8553 8542 
f 2168 8555 8553 
f 2167 8542 8555 
f 8553 8555 8542 
f 181 8539 8549 
f 2165 8556 8539 
f 2168 8549 8556 
f 8539 8556 8549 
f 2167 8555 8554 
f 2168 8556 8555 
f 2165 8554 8556 
f 8555 8556 8554 
f 40 8557 6623 
f 2170 8558 8557 
f 1701 6623 8558 
f 8557 8558 6623 
f 559 8559 8561 
f 2171 8560 8559 
f 2170 8561 8560 
f 8559 8560 8561 
f 449 6628 8563 
f 1701 8562 6628 
f 2171 8563 8562 
f 6628 8562 8563 
f 2170 8560 8558 
f 2171 8562 8560 
f 1701 8558 8562 
f 8560 8562 8558 
f 149 8564 8566 
f 2172 8565 8564 
f 2174 8566 8565 
f 8564 8565 8566 
f 560 8567 8569 
f 2173 8568 8567 
f 2172 8569 8568 
f 8567 8568 8569 
f 559 8570 8572 
f 2174 8571 8570 
f 2173 8572 8571 
f 8570 8571 8572 
f 2172 8568 8565 
f 2173 8571 8568 
f 2174 8565 8571 
f 8568 8571 8565 
f 125 6634 8574 
f 1706 8573 6634 
f 2176 8574 8573 
f 6634 8573 8574 
f 449 8575 6638 
f 2175 8576 8575 
f 1706 6638 8576 
f 8575 8576 6638 
f 560 8577 8579 
f 2176 8578 8577 
f 2175 8579 8578 
f 8577 8578 8579 
f 1706 8576 8573 
f 2175 8578 8576 
f 2176 8573 8578 
f 8576 8578 8573 
f 559 8572 8559 
f 2173 8580 8572 
f 2171 8559 8580 
f 8572 8580 8559 
f 560 8579 8567 
f 2175 8581 8579 
f 2173 8567 8581 
f 8579 8581 8567 
f 449 8563 8575 
f 2171 8582 8563 
f 2175 8575 8582 
f 8563 8582 8575 
f 2173 8581 8580 
f 2175 8582 8581 
f 2171 8580 8582 
f 8581 8582 8580 
f 15 2811 8584 
f 714 8583 2811 
f 2178 8584 8583 
f 2811 8583 8584 
f 186 8585 2815 
f 2177 8586 8585 
f 714 2815 8586 
f 8585 8586 2815 
f 562 8587 8589 
f 2178 8588 8587 
f 2177 8589 8588 
f 8587 8588 8589 
f 714 8586 8583 
f 2177 8588 8586 
f 2178 8583 8588 
f 8586 8588 8583 
f 49 8590 2827 
f 2179 8591 8590 
f 718 2827 8591 
f 8590 8591 2827 
f 561 8592 8594 
f 2180 8593 8592 
f 2179 8594 8593 
f 8592 8593 8594 
f 186 2832 8596 
f 718 8595 2832 
f 2180 8596 8595 
f 2832 8595 8596 
f 2179 8593 8591 
f 2180 8595 8593 
f 718 8591 8595 
f 8593 8595 8591 
f 149 8597 8599 
f 2181 8598 8597 
f 2183 8599 8598 
f 8597 8598 8599 
f 562 8600 8602 
f 2182 8601 8600 
f 2181 8602 8601 
f 8600 8601 8602 
f 561 8603 8605 
f 2183 8604 8603 
f 2182 8605 8604 
f 8603 8604 8605 
f 2181 8601 8598 
f 2182 8604 8601 
f 2183 8598 8604 
f 8601 8604 8598 
f 186 8596 8585 
f 2180 8606 8596 
f 2177 8585 8606 
f 8596 8606 8585 
f 561 8605 8592 
f 2182 8607 8605 
f 2180 8592 8607 
f 8605 8607 8592 
f 562 8589 8600 
f 2177 8608 8589 
f 2182 8600 8608 
f 8589 8608 8600 
f 2180 8607 8606 
f 2182 8608 8607 
f 2177 8606 8608 
f 8607 8608 8606 
f 125 8574 8540 
f 2176 8609 8574 
f 2166 8540 8609 
f 8574 8609 8540 
f 560 8610 8577 
f 2184 8611 8610 
f 2176 8577 8611 
f 8610 8611 8577 
f 558 8544 8613 
f 2166 8612 8544 
f 2184 8613 8612 
f 8544 8612 8613 
f 2176 8611 8609 
f 2184 8612 8611 
f 2166 8609 8612 
f 8611 8612 8609 
f 149 8599 8564 
f 2183 8614 8599 
f 2172 8564 8614 
f 8599 8614 8564 
f 561 8615 8603 
f 2185 8616 8615 
f 2183 8603 8616 
f 8615 8616 8603 
f 560 8569 8618 
f 2172 8617 8569 
f 2185 8618 8617 
f 8569 8617 8618 
f 2183 8616 8614 
f 2185 8617 8616 
f 2172 8614 8617 
f 8616 8617 8614 
f 49 8548 8590 
f 2169 8619 8548 
f 2179 8590 8619 
f 8548 8619 8590 
f 558 8620 8551 
f 2186 8621 8620 
f 2169 8551 8621 
f 8620 8621 8551 
f 561 8594 8623 
f 2179 8622 8594 
f 2186 8623 8622 
f 8594 8622 8623 
f 2169 8621 8619 
f 2186 8622 8621 
f 2179 8619 8622 
f 8621 8622 8619 
f 560 8618 8610 
f 2185 8624 8618 
f 2184 8610 8624 
f 8618 8624 8610 
f 561 8623 8615 
f 2186 8625 8623 
f 2185 8615 8625 
f 8623 8625 8615 
f 558 8613 8620 
f 2184 8626 8613 
f 2186 8620 8626 
f 8613 8626 8620 
f 2185 8625 8624 
f 2186 8626 8625 
f 2184 8624 8626 
f 8625 8626 8624 
f 9 4273 6779 
f 1091 8627 4273 
f 1743 6779 8627 
f 4273 8627 6779 
f 286 8628 4277 
f 2187 8629 8628 
f 1091 4277 8629 
f 8628 8629 4277 
f 461 6784 8631 
f 1743 8630 6784 
f 2187 8631 8630 
f 6784 8630 8631 
f 1091 8629 8627 
f 2187 8630 8629 
f 1743 8627 8630 
f 8629 8630 8627 
f 80 8632 4289 
f 2188 8633 8632 
f 1095 4289 8633 
f 8632 8633 4289 
f 563 8634 8636 
f 2189 8635 8634 
f 2188 8636 8635 
f 8634 8635 8636 
f 286 4294 8638 
f 1095 8637 4294 
f 2189 8638 8637 
f 4294 8637 8638 
f 2188 8635 8633 
f 2189 8637 8635 
f 1095 8633 8637 
f 8635 8637 8633 
f 129 6790 8640 
f 1748 8639 6790 
f 2191 8640 8639 
f 6790 8639 8640 
f 461 8641 6794 
f 2190 8642 8641 
f 1748 6794 8642 
f 8641 8642 6794 
f 563 8643 8645 
f 2191 8644 8643 
f 2190 8645 8644 
f 8643 8644 8645 
f 1748 8642 8639 
f 2190 8644 8642 
f 2191 8639 8644 
f 8642 8644 8639 
f 286 8638 8628 
f 2189 8646 8638 
f 2187 8628 8646 
f 8638 8646 8628 
f 563 8645 8634 
f 2190 8647 8645 
f 2189 8634 8647 
f 8645 8647 8634 
f 461 8631 8641 
f 2187 8648 8631 
f 2190 8641 8648 
f 8631 8648 8641 
f 2189 8647 8646 
f 2190 8648 8647 
f 2187 8646 8648 
f 8647 8648 8646 
f 23 8649 4331 
f 2192 8650 8649 
f 1107 4331 8650 
f 8649 8650 4331 
f 564 8651 8653 
f 2193 8652 8651 
f 2192 8653 8652 
f 8651 8652 8653 
f 290 4336 8655 
f 1107 8654 4336 
f 2193 8655 8654 
f 4336 8654 8655 
f 2192 8652 8650 
f 2193 8654 8652 
f 1107 8650 8654 
f 8652 8654 8650 
f 150 8656 8658 
f 2194 8657 8656 
f 2196 8658 8657 
f 8656 8657 8658 
f 565 8659 8661 
f 2195 8660 8659 
f 2194 8661 8660 
f 8659 8660 8661 
f 564 8662 8664 
f 2196 8663 8662 
f 2195 8664 8663 
f 8662 8663 8664 
f 2194 8660 8657 
f 2195 8663 8660 
f 2196 8657 8663 
f 8660 8663 8657 
f 80 4342 8666 
f 1112 8665 4342 
f 2198 8666 8665 
f 4342 8665 8666 
f 290 8667 4346 
f 2197 8668 8667 
f 1112 4346 8668 
f 8667 8668 4346 
f 565 8669 8671 
f 2198 8670 8669 
f 2197 8671 8670 
f 8669 8670 8671 
f 1112 8668 8665 
f 2197 8670 8668 
f 2198 8665 8670 
f 8668 8670 8665 
f 564 8664 8651 
f 2195 8672 8664 
f 2193 8651 8672 
f 8664 8672 8651 
f 565 8671 8659 
f 2197 8673 8671 
f 2195 8659 8673 
f 8671 8673 8659 
f 290 8655 8667 
f 2193 8674 8655 
f 2197 8667 8674 
f 8655 8674 8667 
f 2195 8673 8672 
f 2197 8674 8673 
f 2193 8672 8674 
f 8673 8674 8672 
f 40 6811 8676 
f 1754 8675 6811 
f 2200 8676 8675 
f 6811 8675 8676 
f 466 8677 6815 
f 2199 8678 8677 
f 1754 6815 8678 
f 8677 8678 6815 
f 567 8679 8681 
f 2200 8680 8679 
f 2199 8681 8680 
f 8679 8680 8681 
f 1754 8678 8675 
f 2199 8680 8678 
f 2200 8675 8680 
f 8678 8680 8675 
f 129 8682 6827 
f 2201 8683 8682 
f 1758 6827 8683 
f 8682 8683 6827 
f 566 8684 8686 
f 2202 8685 8684 
f 2201 8686 8685 
f 8684 8685 8686 
f 466 6832 8688 
f 1758 8687 6832 
f 2202 8688 8687 
f 6832 8687 8688 
f 2201 8685 8683 
f 2202 8687 8685 
f 1758 8683 8687 
f 8685 8687 8683 
f 150 8689 8691 
f 2203 8690 8689 
f 2205 8691 8690 
f 8689 8690 8691 
f 567 8692 8694 
f 2204 8693 8692 
f 2203 8694 8693 
f 8692 8693 8694 
f 566 8695 8697 
f 2205 8696 8695 
f 2204 8697 8696 
f 8695 8696 8697 
f 2203 8693 8690 
f 2204 8696 8693 
f 2205 8690 8696 
f 8693 8696 8690 
f 466 8688 8677 
f 2202 8698 8688 
f 2199 8677 8698 
f 8688 8698 8677 
f 566 8697 8684 
f 2204 8699 8697 
f 2202 8684 8699 
f 8697 8699 8684 
f 567 8681 8692 
f 2199 8700 8681 
f 2204 8692 8700 
f 8681 8700 8692 
f 2202 8699 8698 
f 2204 8700 8699 
f 2199 8698 8700 
f 8699 8700 8698 
f 80 8666 8632 
f 2198 8701 8666 
f 2188 8632 8701 
f 8666 8701 8632 
f 565 8702 8669 
f 2206 8703 8702 
f 2198 8669 8703 
f 8702 8703 8669 
f 563 8636 8705 
f 2188 8704 8636 
f 2206 8705 8704 
f 8636 8704 8705 
f 2198 8703 8701 
f 2206 8704 8703 
f 2188 8701 8704 
f 8703 8704 8701 
f 150 8691 8656 
f 2205 8706 8691 
f 2194 8656 8706 
f 8691 8706 8656 
f 566 8707 8695 
f 2207 8708 8707 
f 2205 8695 8708 
f 8707 8708 8695 
f 565 8661 8710 
f 2194 8709 8661 
f 2207 8710 8709 
f 8661 8709 8710 
f 2205 8708 8706 
f 2207 8709 8708 
f 2194 8706 8709 
f 8708 8709 8706 
f 129 8640 8682 
f 2191 8711 8640 
f 2201 8682 8711 
f 8640 8711 8682 
f 563 8712 8643 
f 2208 8713 8712 
f 2191 8643 8713 
f 8712 8713 8643 
f 566 8686 8715 
f 2201 8714 8686 
f 2208 8715 8714 
f 8686 8714 8715 
f 2191 8713 8711 
f 2208 8714 8713 
f 2201 8711 8714 
f 8713 8714 8711 
f 565 8710 8702 
f 2207 8716 8710 
f 2206 8702 8716 
f 8710 8716 8702 
f 566 8715 8707 
f 2208 8717 8715 
f 2207 8707 8717 
f 8715 8717 8707 
f 563 8705 8712 
f 2206 8718 8705 
f 2208 8712 8718 
f 8705 8718 8712 
f 2207 8717 8716 
f 2208 8718 8717 
f 2206 8716 8718 
f 8717 8718 8716 
f 15 8584 8465 
f 2178 8719 8584 
f 2148 8465 8719 
f 8584 8719 8465 
f 562 8720 8587 
f 2209 8721 8720 
f 2178 8587 8721 
f 8720 8721 8587 
f 554 8469 8723 
f 2148 8722 8469 
f 2209 8723 8722 
f 8469 8722 8723 
f 2178 8721 8719 
f 2209 8722 8721 
f 2148 8719 8722 
f 8721 8722 8719 
f 149 8724 8597 
f 2210 8725 8724 
f 2181 8597 8725 
f 8724 8725 8597 
f 568 8726 8728 
f 2211 8727 8726 
f 2210 8728 8727 
f 8726 8727 8728 
f 562 8602 8730 
f 2181 8729 8602 
f 2211 8730 8729 
f 8602 8729 8730 
f 2210 8727 8725 
f 2211 8729 8727 
f 2181 8725 8729 
f 8727 8729 8725 
f 148 8474 8732 
f 2152 8731 8474 
f 2213 8732 8731 
f 8474 8731 8732 
f 554 8733 8478 
f 2212 8734 8733 
f 2152 8478 8734 
f 8733 8734 8478 
f 568 8735 8737 
f 2213 8736 8735 
f 2212 8737 8736 
f 8735 8736 8737 
f 2152 8734 8731 
f 2212 8736 8734 
f 2213 8731 8736 
f 8734 8736 8731 
f 562 8730 8720 
f 2211 8738 8730 
f 2209 8720 8738 
f 8730 8738 8720 
f 568 8737 8726 
f 2212 8739 8737 
f 2211 8726 8739 
f 8737 8739 8726 
f 554 8723 8733 
f 2209 8740 8723 
f 2212 8733 8740 
f 8723 8740 8733 
f 2211 8739 8738 
f 2212 8740 8739 
f 2209 8738 8740 
f 8739 8740 8738 
f 40 8676 8557 
f 2200 8741 8676 
f 2170 8557 8741 
f 8676 8741 8557 
f 567 8742 8679 
f 2214 8743 8742 
f 2200 8679 8743 
f 8742 8743 8679 
f 559 8561 8745 
f 2170 8744 8561 
f 2214 8745 8744 
f 8561 8744 8745 
f 2200 8743 8741 
f 2214 8744 8743 
f 2170 8741 8744 
f 8743 8744 8741 
f 150 8746 8689 
f 2215 8747 8746 
f 2203 8689 8747 
f 8746 8747 8689 
f 569 8748 8750 
f 2216 8749 8748 
f 2215 8750 8749 
f 8748 8749 8750 
f 567 8694 8752 
f 2203 8751 8694 
f 2216 8752 8751 
f 8694 8751 8752 
f 2215 8749 8747 
f 2216 8751 8749 
f 2203 8747 8751 
f 8749 8751 8747 
f 149 8566 8754 
f 2174 8753 8566 
f 2218 8754 8753 
f 8566 8753 8754 
f 559 8755 8570 
f 2217 8756 8755 
f 2174 8570 8756 
f 8755 8756 8570 
f 569 8757 8759 
f 2218 8758 8757 
f 2217 8759 8758 
f 8757 8758 8759 
f 2174 8756 8753 
f 2217 8758 8756 
f 2218 8753 8758 
f 8756 8758 8753 
f 567 8752 8742 
f 2216 8760 8752 
f 2214 8742 8760 
f 8752 8760 8742 
f 569 8759 8748 
f 2217 8761 8759 
f 2216 8748 8761 
f 8759 8761 8748 
f 559 8745 8755 
f 2214 8762 8745 
f 2217 8755 8762 
f 8745 8762 8755 
f 2216 8761 8760 
f 2217 8762 8761 
f 2214 8760 8762 
f 8761 8762 8760 
f 23 8492 8649 
f 2156 8763 8492 
f 2192 8649 8763 
f 8492 8763 8649 
f 557 8764 8495 
f 2219 8765 8764 
f 2156 8495 8765 
f 8764 8765 8495 
f 564 8653 8767 
f 2192 8766 8653 
f 2219 8767 8766 
f 8653 8766 8767 
f 2156 8765 8763 
f 2219 8766 8765 
f 2192 8763 8766 
f 8765 8766 8763 
f 148 8768 8505 
f 2220 8769 8768 
f 2159 8505 8769 
f 8768 8769 8505 
f 570 8770 8772 
f 2221 8771 8770 
f 2220 8772 8771 
f 8770 8771 8772 
f 557 8510 8774 
f 2159 8773 8510 
f 2221 8774 8773 
f 8510 8773 8774 
f 2220 8771 8769 
f 2221 8773 8771 
f 2159 8769 8773 
f 8771 8773 8769 
f 150 8658 8776 
f 2196 8775 8658 
f 2223 8776 8775 
f 8658 8775 8776 
f 564 8777 8662 
f 2222 8778 8777 
f 2196 8662 8778 
f 8777 8778 8662 
f 570 8779 8781 
f 2223 8780 8779 
f 2222 8781 8780 
f 8779 8780 8781 
f 2196 8778 8775 
f 2222 8780 8778 
f 2223 8775 8780 
f 8778 8780 8775 
f 557 8774 8764 
f 2221 8782 8774 
f 2219 8764 8782 
f 8774 8782 8764 
f 570 8781 8770 
f 2222 8783 8781 
f 2221 8770 8783 
f 8781 8783 8770 
f 564 8767 8777 
f 2219 8784 8767 
f 2222 8777 8784 
f 8767 8784 8777 
f 2221 8783 8782 
f 2222 8784 8783 
f 2219 8782 8784 
f 8783 8784 8782 
f 149 8754 8724 
f 2218 8785 8754 
f 2210 8724 8785 
f 8754 8785 8724 
f 569 8786 8757 
f 2224 8787 8786 
f 2218 8757 8787 
f 8786 8787 8757 
f 568 8728 8789 
f 2210 8788 8728 
f 2224 8789 8788 
f 8728 8788 8789 
f 2218 8787 8785 
f 2224 8788 8787 
f 2210 8785 8788 
f 8787 8788 8785 
f 150 8776 8746 
f 2223 8790 8776 
f 2215 8746 8790 
f 8776 8790 8746 
f 570 8791 8779 
f 2225 8792 8791 
f 2223 8779 8792 
f 8791 8792 8779 
f 569 8750 8794 
f 2215 8793 8750 
f 2225 8794 8793 
f 8750 8793 8794 
f 2223 8792 8790 
f 2225 8793 8792 
f 2215 8790 8793 
f 8792 8793 8790 
f 148 8732 8768 
f 2213 8795 8732 
f 2220 8768 8795 
f 8732 8795 8768 
f 568 8796 8735 
f 2226 8797 8796 
f 2213 8735 8797 
f 8796 8797 8735 
f 570 8772 8799 
f 2220 8798 8772 
f 2226 8799 8798 
f 8772 8798 8799 
f 2213 8797 8795 
f 2226 8798 8797 
f 2220 8795 8798 
f 8797 8798 8795 
f 569 8794 8786 
f 2225 8800 8794 
f 2224 8786 8800 
f 8794 8800 8786 
f 570 8799 8791 
f 2226 8801 8799 
f 2225 8791 8801 
f 8799 8801 8791 
f 568 8789 8796 
f 2224 8802 8789 
f 2226 8796 8802 
f 8789 8802 8796 
f 2225 8801 8800 
f 2226 8802 8801 
f 2224 8800 8802 
f 8801 8802 8800 
f 8 5373 4671 
f 1377 8803 5373 
f 1193 4671 8803 
f 5373 8803 4671 
f 363 8804 5377 
f 2227 8805 8804 
f 1377 5377 8805 
f 8804 8805 5377 
f 312 4675 8807 
f 1193 8806 4675 
f 2227 8807 8806 
f 4675 8806 8807 
f 1377 8805 8803 
f 2227 8806 8805 
f 1193 8803 8806 
f 8805 8806 8803 
f 102 8808 5389 
f 2228 8809 8808 
f 1381 5389 8809 
f 8808 8809 5389 
f 571 8810 8812 
f 2229 8811 8810 
f 2228 8812 8811 
f 8810 8811 8812 
f 363 5394 8814 
f 1381 8813 5394 
f 2229 8814 8813 
f 5394 8813 8814 
f 2228 8811 8809 
f 2229 8813 8811 
f 1381 8809 8813 
f 8811 8813 8809 
f 86 4680 8816 
f 1197 8815 4680 
f 2231 8816 8815 
f 4680 8815 8816 
f 312 8817 4684 
f 2230 8818 8817 
f 1197 4684 8818 
f 8817 8818 4684 
f 571 8819 8821 
f 2231 8820 8819 
f 2230 8821 8820 
f 8819 8820 8821 
f 1197 8818 8815 
f 2230 8820 8818 
f 2231 8815 8820 
f 8818 8820 8815 
f 363 8814 8804 
f 2229 8822 8814 
f 2227 8804 8822 
f 8814 8822 8804 
f 571 8821 8810 
f 2230 8823 8821 
f 2229 8810 8823 
f 8821 8823 8810 
f 312 8807 8817 
f 2227 8824 8807 
f 2230 8817 8824 
f 8807 8824 8817 
f 2229 8823 8822 
f 2230 8824 8823 
f 2227 8822 8824 
f 8823 8824 8822 
f 32 8825 5431 
f 2232 8826 8825 
f 1393 5431 8826 
f 8825 8826 5431 
f 572 8827 8829 
f 2233 8828 8827 
f 2232 8829 8828 
f 8827 8828 8829 
f 367 5436 8831 
f 1393 8830 5436 
f 2233 8831 8830 
f 5436 8830 8831 
f 2232 8828 8826 
f 2233 8830 8828 
f 1393 8826 8830 
f 8828 8830 8826 
f 151 8832 8834 
f 2234 8833 8832 
f 2236 8834 8833 
f 8832 8833 8834 
f 573 8835 8837 
f 2235 8836 8835 
f 2234 8837 8836 
f 8835 8836 8837 
f 572 8838 8840 
f 2236 8839 8838 
f 2235 8840 8839 
f 8838 8839 8840 
f 2234 8836 8833 
f 2235 8839 8836 
f 2236 8833 8839 
f 8836 8839 8833 
f 102 5442 8842 
f 1398 8841 5442 
f 2238 8842 8841 
f 5442 8841 8842 
f 367 8843 5446 
f 2237 8844 8843 
f 1398 5446 8844 
f 8843 8844 5446 
f 573 8845 8847 
f 2238 8846 8845 
f 2237 8847 8846 
f 8845 8846 8847 
f 1398 8844 8841 
f 2237 8846 8844 
f 2238 8841 8846 
f 8844 8846 8841 
f 572 8840 8827 
f 2235 8848 8840 
f 2233 8827 8848 
f 8840 8848 8827 
f 573 8847 8835 
f 2237 8849 8847 
f 2235 8835 8849 
f 8847 8849 8835 
f 367 8831 8843 
f 2233 8850 8831 
f 2237 8843 8850 
f 8831 8850 8843 
f 2235 8849 8848 
f 2237 8850 8849 
f 2233 8848 8850 
f 8849 8850 8848 
f 26 4699 8852 
f 1202 8851 4699 
f 2240 8852 8851 
f 4699 8851 8852 
f 316 8853 4703 
f 2239 8854 8853 
f 1202 4703 8854 
f 8853 8854 4703 
f 575 8855 8857 
f 2240 8856 8855 
f 2239 8857 8856 
f 8855 8856 8857 
f 1202 8854 8851 
f 2239 8856 8854 
f 2240 8851 8856 
f 8854 8856 8851 
f 86 8858 4715 
f 2241 8859 8858 
f 1206 4715 8859 
f 8858 8859 4715 
f 574 8860 8862 
f 2242 8861 8860 
f 2241 8862 8861 
f 8860 8861 8862 
f 316 4720 8864 
f 1206 8863 4720 
f 2242 8864 8863 
f 4720 8863 8864 
f 2241 8861 8859 
f 2242 8863 8861 
f 1206 8859 8863 
f 8861 8863 8859 
f 151 8865 8867 
f 2243 8866 8865 
f 2245 8867 8866 
f 8865 8866 8867 
f 575 8868 8870 
f 2244 8869 8868 
f 2243 8870 8869 
f 8868 8869 8870 
f 574 8871 8873 
f 2245 8872 8871 
f 2244 8873 8872 
f 8871 8872 8873 
f 2243 8869 8866 
f 2244 8872 8869 
f 2245 8866 8872 
f 8869 8872 8866 
f 316 8864 8853 
f 2242 8874 8864 
f 2239 8853 8874 
f 8864 8874 8853 
f 574 8873 8860 
f 2244 8875 8873 
f 2242 8860 8875 
f 8873 8875 8860 
f 575 8857 8868 
f 2239 8876 8857 
f 2244 8868 8876 
f 8857 8876 8868 
f 2242 8875 8874 
f 2244 8876 8875 
f 2239 8874 8876 
f 8875 8876 8874 
f 102 8842 8808 
f 2238 8877 8842 
f 2228 8808 8877 
f 8842 8877 8808 
f 573 8878 8845 
f 2246 8879 8878 
f 2238 8845 8879 
f 8878 8879 8845 
f 571 8812 8881 
f 2228 8880 8812 
f 2246 8881 8880 
f 8812 8880 8881 
f 2238 8879 8877 
f 2246 8880 8879 
f 2228 8877 8880 
f 8879 8880 8877 
f 151 8867 8832 
f 2245 8882 8867 
f 2234 8832 8882 
f 8867 8882 8832 
f 574 8883 8871 
f 2247 8884 8883 
f 2245 8871 8884 
f 8883 8884 8871 
f 573 8837 8886 
f 2234 8885 8837 
f 2247 8886 8885 
f 8837 8885 8886 
f 2245 8884 8882 
f 2247 8885 8884 
f 2234 8882 8885 
f 8884 8885 8882 
f 86 8816 8858 
f 2231 8887 8816 
f 2241 8858 8887 
f 8816 8887 8858 
f 571 8888 8819 
f 2248 8889 8888 
f 2231 8819 8889 
f 8888 8889 8819 
f 574 8862 8891 
f 2241 8890 8862 
f 2248 8891 8890 
f 8862 8890 8891 
f 2231 8889 8887 
f 2248 8890 8889 
f 2241 8887 8890 
f 8889 8890 8887 
f 573 8886 8878 
f 2247 8892 8886 
f 2246 8878 8892 
f 8886 8892 8878 
f 574 8891 8883 
f 2248 8893 8891 
f 2247 8883 8893 
f 8891 8893 8883 
f 571 8881 8888 
f 2246 8894 8881 
f 2248 8888 8894 
f 8881 8894 8888 
f 2247 8893 8892 
f 2248 8894 8893 
f 2246 8892 8894 
f 8893 8894 8892 
f 12 6173 5579 
f 1585 8895 6173 
f 1431 5579 8895 
f 6173 8895 5579 
f 419 8896 6177 
f 2249 8897 8896 
f 1585 6177 8897 
f 8896 8897 6177 
f 377 5583 8899 
f 1431 8898 5583 
f 2249 8899 8898 
f 5583 8898 8899 
f 1585 8897 8895 
f 2249 8898 8897 
f 1431 8895 8898 
f 8897 8898 8895 
f 118 8900 6189 
f 2250 8901 8900 
f 1589 6189 8901 
f 8900 8901 6189 
f 576 8902 8904 
f 2251 8903 8902 
f 2250 8904 8903 
f 8902 8903 8904 
f 419 6194 8906 
f 1589 8905 6194 
f 2251 8906 8905 
f 6194 8905 8906 
f 2250 8903 8901 
f 2251 8905 8903 
f 1589 8901 8905 
f 8903 8905 8901 
f 105 5588 8908 
f 1435 8907 5588 
f 2253 8908 8907 
f 5588 8907 8908 
f 377 8909 5592 
f 2252 8910 8909 
f 1435 5592 8910 
f 8909 8910 5592 
f 576 8911 8913 
f 2253 8912 8911 
f 2252 8913 8912 
f 8911 8912 8913 
f 1435 8910 8907 
f 2252 8912 8910 
f 2253 8907 8912 
f 8910 8912 8907 
f 419 8906 8896 
f 2251 8914 8906 
f 2249 8896 8914 
f 8906 8914 8896 
f 576 8913 8902 
f 2252 8915 8913 
f 2251 8902 8915 
f 8913 8915 8902 
f 377 8899 8909 
f 2249 8916 8899 
f 2252 8909 8916 
f 8899 8916 8909 
f 2251 8915 8914 
f 2252 8916 8915 
f 2249 8914 8916 
f 8915 8916 8914 
f 37 8917 6231 
f 2254 8918 8917 
f 1601 6231 8918 
f 8917 8918 6231 
f 577 8919 8921 
f 2255 8920 8919 
f 2254 8921 8920 
f 8919 8920 8921 
f 423 6236 8923 
f 1601 8922 6236 
f 2255 8923 8922 
f 6236 8922 8923 
f 2254 8920 8918 
f 2255 8922 8920 
f 1601 8918 8922 
f 8920 8922 8918 
f 152 8924 8926 
f 2256 8925 8924 
f 2258 8926 8925 
f 8924 8925 8926 
f 578 8927 8929 
f 2257 8928 8927 
f 2256 8929 8928 
f 8927 8928 8929 
f 577 8930 8932 
f 2258 8931 8930 
f 2257 8932 8931 
f 8930 8931 8932 
f 2256 8928 8925 
f 2257 8931 8928 
f 2258 8925 8931 
f 8928 8931 8925 
f 118 6242 8934 
f 1606 8933 6242 
f 2260 8934 8933 
f 6242 8933 8934 
f 423 8935 6246 
f 2259 8936 8935 
f 1606 6246 8936 
f 8935 8936 6246 
f 578 8937 8939 
f 2260 8938 8937 
f 2259 8939 8938 
f 8937 8938 8939 
f 1606 8936 8933 
f 2259 8938 8936 
f 2260 8933 8938 
f 8936 8938 8933 
f 577 8932 8919 
f 2257 8940 8932 
f 2255 8919 8940 
f 8932 8940 8919 
f 578 8939 8927 
f 2259 8941 8939 
f 2257 8927 8941 
f 8939 8941 8927 
f 423 8923 8935 
f 2255 8942 8923 
f 2259 8935 8942 
f 8923 8942 8935 
f 2257 8941 8940 
f 2259 8942 8941 
f 2255 8940 8942 
f 8941 8942 8940 
f 32 5607 8944 
f 1440 8943 5607 
f 2262 8944 8943 
f 5607 8943 8944 
f 381 8945 5611 
f 2261 8946 8945 
f 1440 5611 8946 
f 8945 8946 5611 
f 580 8947 8949 
f 2262 8948 8947 
f 2261 8949 8948 
f 8947 8948 8949 
f 1440 8946 8943 
f 2261 8948 8946 
f 2262 8943 8948 
f 8946 8948 8943 
f 105 8950 5623 
f 2263 8951 8950 
f 1444 5623 8951 
f 8950 8951 5623 
f 579 8952 8954 
f 2264 8953 8952 
f 2263 8954 8953 
f 8952 8953 8954 
f 381 5628 8956 
f 1444 8955 5628 
f 2264 8956 8955 
f 5628 8955 8956 
f 2263 8953 8951 
f 2264 8955 8953 
f 1444 8951 8955 
f 8953 8955 8951 
f 152 8957 8959 
f 2265 8958 8957 
f 2267 8959 8958 
f 8957 8958 8959 
f 580 8960 8962 
f 2266 8961 8960 
f 2265 8962 8961 
f 8960 8961 8962 
f 579 8963 8965 
f 2267 8964 8963 
f 2266 8965 8964 
f 8963 8964 8965 
f 2265 8961 8958 
f 2266 8964 8961 
f 2267 8958 8964 
f 8961 8964 8958 
f 381 8956 8945 
f 2264 8966 8956 
f 2261 8945 8966 
f 8956 8966 8945 
f 579 8965 8952 
f 2266 8967 8965 
f 2264 8952 8967 
f 8965 8967 8952 
f 580 8949 8960 
f 2261 8968 8949 
f 2266 8960 8968 
f 8949 8968 8960 
f 2264 8967 8966 
f 2266 8968 8967 
f 2261 8966 8968 
f 8967 8968 8966 
f 118 8934 8900 
f 2260 8969 8934 
f 2250 8900 8969 
f 8934 8969 8900 
f 578 8970 8937 
f 2268 8971 8970 
f 2260 8937 8971 
f 8970 8971 8937 
f 576 8904 8973 
f 2250 8972 8904 
f 2268 8973 8972 
f 8904 8972 8973 
f 2260 8971 8969 
f 2268 8972 8971 
f 2250 8969 8972 
f 8971 8972 8969 
f 152 8959 8924 
f 2267 8974 8959 
f 2256 8924 8974 
f 8959 8974 8924 
f 579 8975 8963 
f 2269 8976 8975 
f 2267 8963 8976 
f 8975 8976 8963 
f 578 8929 8978 
f 2256 8977 8929 
f 2269 8978 8977 
f 8929 8977 8978 
f 2267 8976 8974 
f 2269 8977 8976 
f 2256 8974 8977 
f 8976 8977 8974 
f 105 8908 8950 
f 2253 8979 8908 
f 2263 8950 8979 
f 8908 8979 8950 
f 576 8980 8911 
f 2270 8981 8980 
f 2253 8911 8981 
f 8980 8981 8911 
f 579 8954 8983 
f 2263 8982 8954 
f 2270 8983 8982 
f 8954 8982 8983 
f 2253 8981 8979 
f 2270 8982 8981 
f 2263 8979 8982 
f 8981 8982 8979 
f 578 8978 8970 
f 2269 8984 8978 
f 2268 8970 8984 
f 8978 8984 8970 
f 579 8983 8975 
f 2270 8985 8983 
f 2269 8975 8985 
f 8983 8985 8975 
f 576 8973 8980 
f 2268 8986 8973 
f 2270 8980 8986 
f 8973 8986 8980 
f 2269 8985 8984 
f 2270 8986 8985 
f 2268 8984 8986 
f 8985 8986 8984 
f 10 4773 6379 
f 1221 8987 4773 
f 1639 6379 8987 
f 4773 8987 6379 
f 321 8988 4777 
f 2271 8989 8988 
f 1221 4777 8989 
f 8988 8989 4777 
f 433 6383 8991 
f 1639 8990 6383 
f 2271 8991 8990 
f 6383 8990 8991 
f 1221 8989 8987 
f 2271 8990 8989 
f 1639 8987 8990 
f 8989 8990 8987 
f 90 8992 4789 
f 2272 8993 8992 
f 1225 4789 8993 
f 8992 8993 4789 
f 581 8994 8996 
f 2273 8995 8994 
f 2272 8996 8995 
f 8994 8995 8996 
f 321 4794 8998 
f 1225 8997 4794 
f 2273 8998 8997 
f 4794 8997 8998 
f 2272 8995 8993 
f 2273 8997 8995 
f 1225 8993 8997 
f 8995 8997 8993 
f 121 6388 9000 
f 1643 8999 6388 
f 2275 9000 8999 
f 6388 8999 9000 
f 433 9001 6392 
f 2274 9002 9001 
f 1643 6392 9002 
f 9001 9002 6392 
f 581 9003 9005 
f 2275 9004 9003 
f 2274 9005 9004 
f 9003 9004 9005 
f 1643 9002 8999 
f 2274 9004 9002 
f 2275 8999 9004 
f 9002 9004 8999 
f 321 8998 8988 
f 2273 9006 8998 
f 2271 8988 9006 
f 8998 9006 8988 
f 581 9005 8994 
f 2274 9007 9005 
f 2273 8994 9007 
f 9005 9007 8994 
f 433 8991 9001 
f 2271 9008 8991 
f 2274 9001 9008 
f 8991 9008 9001 
f 2273 9007 9006 
f 2274 9008 9007 
f 2271 9006 9008 
f 9007 9008 9006 
f 26 9009 4831 
f 2276 9010 9009 
f 1237 4831 9010 
f 9009 9010 4831 
f 582 9011 9013 
f 2277 9012 9011 
f 2276 9013 9012 
f 9011 9012 9013 
f 325 4836 9015 
f 1237 9014 4836 
f 2277 9015 9014 
f 4836 9014 9015 
f 2276 9012 9010 
f 2277 9014 9012 
f 1237 9010 9014 
f 9012 9014 9010 
f 153 9016 9018 
f 2278 9017 9016 
f 2280 9018 9017 
f 9016 9017 9018 
f 583 9019 9021 
f 2279 9020 9019 
f 2278 9021 9020 
f 9019 9020 9021 
f 582 9022 9024 
f 2280 9023 9022 
f 2279 9024 9023 
f 9022 9023 9024 
f 2278 9020 9017 
f 2279 9023 9020 
f 2280 9017 9023 
f 9020 9023 9017 
f 90 4842 9026 
f 1242 9025 4842 
f 2282 9026 9025 
f 4842 9025 9026 
f 325 9027 4846 
f 2281 9028 9027 
f 1242 4846 9028 
f 9027 9028 4846 
f 583 9029 9031 
f 2282 9030 9029 
f 2281 9031 9030 
f 9029 9030 9031 
f 1242 9028 9025 
f 2281 9030 9028 
f 2282 9025 9030 
f 9028 9030 9025 
f 582 9024 9011 
f 2279 9032 9024 
f 2277 9011 9032 
f 9024 9032 9011 
f 583 9031 9019 
f 2281 9033 9031 
f 2279 9019 9033 
f 9031 9033 9019 
f 325 9015 9027 
f 2277 9034 9015 
f 2281 9027 9034 
f 9015 9034 9027 
f 2279 9033 9032 
f 2281 9034 9033 
f 2277 9032 9034 
f 9033 9034 9032 
f 37 6407 9036 
f 1648 9035 6407 
f 2284 9036 9035 
f 6407 9035 9036 
f 437 9037 6411 
f 2283 9038 9037 
f 1648 6411 9038 
f 9037 9038 6411 
f 585 9039 9041 
f 2284 9040 9039 
f 2283 9041 9040 
f 9039 9040 9041 
f 1648 9038 9035 
f 2283 9040 9038 
f 2284 9035 9040 
f 9038 9040 9035 
f 121 9042 6423 
f 2285 9043 9042 
f 1652 6423 9043 
f 9042 9043 6423 
f 584 9044 9046 
f 2286 9045 9044 
f 2285 9046 9045 
f 9044 9045 9046 
f 437 6428 9048 
f 1652 9047 6428 
f 2286 9048 9047 
f 6428 9047 9048 
f 2285 9045 9043 
f 2286 9047 9045 
f 1652 9043 9047 
f 9045 9047 9043 
f 153 9049 9051 
f 2287 9050 9049 
f 2289 9051 9050 
f 9049 9050 9051 
f 585 9052 9054 
f 2288 9053 9052 
f 2287 9054 9053 
f 9052 9053 9054 
f 584 9055 9057 
f 2289 9056 9055 
f 2288 9057 9056 
f 9055 9056 9057 
f 2287 9053 9050 
f 2288 9056 9053 
f 2289 9050 9056 
f 9053 9056 9050 
f 437 9048 9037 
f 2286 9058 9048 
f 2283 9037 9058 
f 9048 9058 9037 
f 584 9057 9044 
f 2288 9059 9057 
f 2286 9044 9059 
f 9057 9059 9044 
f 585 9041 9052 
f 2283 9060 9041 
f 2288 9052 9060 
f 9041 9060 9052 
f 2286 9059 9058 
f 2288 9060 9059 
f 2283 9058 9060 
f 9059 9060 9058 
f 90 9026 8992 
f 2282 9061 9026 
f 2272 8992 9061 
f 9026 9061 8992 
f 583 9062 9029 
f 2290 9063 9062 
f 2282 9029 9063 
f 9062 9063 9029 
f 581 8996 9065 
f 2272 9064 8996 
f 2290 9065 9064 
f 8996 9064 9065 
f 2282 9063 9061 
f 2290 9064 9063 
f 2272 9061 9064 
f 9063 9064 9061 
f 153 9051 9016 
f 2289 9066 9051 
f 2278 9016 9066 
f 9051 9066 9016 
f 584 9067 9055 
f 2291 9068 9067 
f 2289 9055 9068 
f 9067 9068 9055 
f 583 9021 9070 
f 2278 9069 9021 
f 2291 9070 9069 
f 9021 9069 9070 
f 2289 9068 9066 
f 2291 9069 9068 
f 2278 9066 9069 
f 9068 9069 9066 
f 121 9000 9042 
f 2275 9071 9000 
f 2285 9042 9071 
f 9000 9071 9042 
f 581 9072 9003 
f 2292 9073 9072 
f 2275 9003 9073 
f 9072 9073 9003 
f 584 9046 9075 
f 2285 9074 9046 
f 2292 9075 9074 
f 9046 9074 9075 
f 2275 9073 9071 
f 2292 9074 9073 
f 2285 9071 9074 
f 9073 9074 9071 
f 583 9070 9062 
f 2291 9076 9070 
f 2290 9062 9076 
f 9070 9076 9062 
f 584 9075 9067 
f 2292 9077 9075 
f 2291 9067 9077 
f 9075 9077 9067 
f 581 9065 9072 
f 2290 9078 9065 
f 2292 9072 9078 
f 9065 9078 9072 
f 2291 9077 9076 
f 2292 9078 9077 
f 2290 9076 9078 
f 9077 9078 9076 
f 32 8944 8825 
f 2262 9079 8944 
f 2232 8825 9079 
f 8944 9079 8825 
f 580 9080 8947 
f 2293 9081 9080 
f 2262 8947 9081 
f 9080 9081 8947 
f 572 8829 9083 
f 2232 9082 8829 
f 2293 9083 9082 
f 8829 9082 9083 
f 2262 9081 9079 
f 2293 9082 9081 
f 2232 9079 9082 
f 9081 9082 9079 
f 152 9084 8957 
f 2294 9085 9084 
f 2265 8957 9085 
f 9084 9085 8957 
f 586 9086 9088 
f 2295 9087 9086 
f 2294 9088 9087 
f 9086 9087 9088 
f 580 8962 9090 
f 2265 9089 8962 
f 2295 9090 9089 
f 8962 9089 9090 
f 2294 9087 9085 
f 2295 9089 9087 
f 2265 9085 9089 
f 9087 9089 9085 
f 151 8834 9092 
f 2236 9091 8834 
f 2297 9092 9091 
f 8834 9091 9092 
f 572 9093 8838 
f 2296 9094 9093 
f 2236 8838 9094 
f 9093 9094 8838 
f 586 9095 9097 
f 2297 9096 9095 
f 2296 9097 9096 
f 9095 9096 9097 
f 2236 9094 9091 
f 2296 9096 9094 
f 2297 9091 9096 
f 9094 9096 9091 
f 580 9090 9080 
f 2295 9098 9090 
f 2293 9080 9098 
f 9090 9098 9080 
f 586 9097 9086 
f 2296 9099 9097 
f 2295 9086 9099 
f 9097 9099 9086 
f 572 9083 9093 
f 2293 9100 9083 
f 2296 9093 9100 
f 9083 9100 9093 
f 2295 9099 9098 
f 2296 9100 9099 
f 2293 9098 9100 
f 9099 9100 9098 
f 37 9036 8917 
f 2284 9101 9036 
f 2254 8917 9101 
f 9036 9101 8917 
f 585 9102 9039 
f 2298 9103 9102 
f 2284 9039 9103 
f 9102 9103 9039 
f 577 8921 9105 
f 2254 9104 8921 
f 2298 9105 9104 
f 8921 9104 9105 
f 2284 9103 9101 
f 2298 9104 9103 
f 2254 9101 9104 
f 9103 9104 9101 
f 153 9106 9049 
f 2299 9107 9106 
f 2287 9049 9107 
f 9106 9107 9049 
f 587 9108 9110 
f 2300 9109 9108 
f 2299 9110 9109 
f 9108 9109 9110 
f 585 9054 9112 
f 2287 9111 9054 
f 2300 9112 9111 
f 9054 9111 9112 
f 2299 9109 9107 
f 2300 9111 9109 
f 2287 9107 9111 
f 9109 9111 9107 
f 152 8926 9114 
f 2258 9113 8926 
f 2302 9114 9113 
f 8926 9113 9114 
f 577 9115 8930 
f 2301 9116 9115 
f 2258 8930 9116 
f 9115 9116 8930 
f 587 9117 9119 
f 2302 9118 9117 
f 2301 9119 9118 
f 9117 9118 9119 
f 2258 9116 9113 
f 2301 9118 9116 
f 2302 9113 9118 
f 9116 9118 9113 
f 585 9112 9102 
f 2300 9120 9112 
f 2298 9102 9120 
f 9112 9120 9102 
f 587 9119 9108 
f 2301 9121 9119 
f 2300 9108 9121 
f 9119 9121 9108 
f 577 9105 9115 
f 2298 9122 9105 
f 2301 9115 9122 
f 9105 9122 9115 
f 2300 9121 9120 
f 2301 9122 9121 
f 2298 9120 9122 
f 9121 9122 9120 
f 26 8852 9009 
f 2240 9123 8852 
f 2276 9009 9123 
f 8852 9123 9009 
f 575 9124 8855 
f 2303 9125 9124 
f 2240 8855 9125 
f 9124 9125 8855 
f 582 9013 9127 
f 2276 9126 9013 
f 2303 9127 9126 
f 9013 9126 9127 
f 2240 9125 9123 
f 2303 9126 9125 
f 2276 9123 9126 
f 9125 9126 9123 
f 151 9128 8865 
f 2304 9129 9128 
f 2243 8865 9129 
f 9128 9129 8865 
f 588 9130 9132 
f 2305 9131 9130 
f 2304 9132 9131 
f 9130 9131 9132 
f 575 8870 9134 
f 2243 9133 8870 
f 2305 9134 9133 
f 8870 9133 9134 
f 2304 9131 9129 
f 2305 9133 9131 
f 2243 9129 9133 
f 9131 9133 9129 
f 153 9018 9136 
f 2280 9135 9018 
f 2307 9136 9135 
f 9018 9135 9136 
f 582 9137 9022 
f 2306 9138 9137 
f 2280 9022 9138 
f 9137 9138 9022 
f 588 9139 9141 
f 2307 9140 9139 
f 2306 9141 9140 
f 9139 9140 9141 
f 2280 9138 9135 
f 2306 9140 9138 
f 2307 9135 9140 
f 9138 9140 9135 
f 575 9134 9124 
f 2305 9142 9134 
f 2303 9124 9142 
f 9134 9142 9124 
f 588 9141 9130 
f 2306 9143 9141 
f 2305 9130 9143 
f 9141 9143 9130 
f 582 9127 9137 
f 2303 9144 9127 
f 2306 9137 9144 
f 9127 9144 9137 
f 2305 9143 9142 
f 2306 9144 9143 
f 2303 9142 9144 
f 9143 9144 9142 
f 152 9114 9084 
f 2302 9145 9114 
f 2294 9084 9145 
f 9114 9145 9084 
f 587 9146 9117 
f 2308 9147 9146 
f 2302 9117 9147 
f 9146 9147 9117 
f 586 9088 9149 
f 2294 9148 9088 
f 2308 9149 9148 
f 9088 9148 9149 
f 2302 9147 9145 
f 2308 9148 9147 
f 2294 9145 9148 
f 9147 9148 9145 
f 153 9136 9106 
f 2307 9150 9136 
f 2299 9106 9150 
f 9136 9150 9106 
f 588 9151 9139 
f 2309 9152 9151 
f 2307 9139 9152 
f 9151 9152 9139 
f 587 9110 9154 
f 2299 9153 9110 
f 2309 9154 9153 
f 9110 9153 9154 
f 2307 9152 9150 
f 2309 9153 9152 
f 2299 9150 9153 
f 9152 9153 9150 
f 151 9092 9128 
f 2297 9155 9092 
f 2304 9128 9155 
f 9092 9155 9128 
f 586 9156 9095 
f 2310 9157 9156 
f 2297 9095 9157 
f 9156 9157 9095 
f 588 9132 9159 
f 2304 9158 9132 
f 2310 9159 9158 
f 9132 9158 9159 
f 2297 9157 9155 
f 2310 9158 9157 
f 2304 9155 9158 
f 9157 9158 9155 
f 587 9154 9146 
f 2309 9160 9154 
f 2308 9146 9160 
f 9154 9160 9146 
f 588 9159 9151 
f 2310 9161 9159 
f 2309 9151 9161 
f 9159 9161 9151 
f 586 9149 9156 
f 2308 9162 9149 
f 2310 9156 9162 
f 9149 9162 9156 
f 2309 9161 9160 
f 2310 9162 9161 
f 2308 9160 9162 
f 9161 9162 9160 
f 8 4381 5371 
f 1121 9163 4381 
f 1375 5371 9163 
f 4381 9163 5371 
f 295 9164 4385 
f 2311 9165 9164 
f 1121 4385 9165 
f 9164 9165 4385 
f 361 5376 9167 
f 1375 9166 5376 
f 2311 9167 9166 
f 5376 9166 9167 
f 1121 9165 9163 
f 2311 9166 9165 
f 1375 9163 9166 
f 9165 9166 9163 
f 83 9168 4397 
f 2312 9169 9168 
f 1125 4397 9169 
f 9168 9169 4397 
f 589 9170 9172 
f 2313 9171 9170 
f 2312 9172 9171 
f 9170 9171 9172 
f 295 4402 9174 
f 1125 9173 4402 
f 2313 9174 9173 
f 4402 9173 9174 
f 2312 9171 9169 
f 2313 9173 9171 
f 1125 9169 9173 
f 9171 9173 9169 
f 100 5382 9176 
f 1380 9175 5382 
f 2315 9176 9175 
f 5382 9175 9176 
f 361 9177 5386 
f 2314 9178 9177 
f 1380 5386 9178 
f 9177 9178 5386 
f 589 9179 9181 
f 2315 9180 9179 
f 2314 9181 9180 
f 9179 9180 9181 
f 1380 9178 9175 
f 2314 9180 9178 
f 2315 9175 9180 
f 9178 9180 9175 
f 295 9174 9164 
f 2313 9182 9174 
f 2311 9164 9182 
f 9174 9182 9164 
f 589 9181 9170 
f 2314 9183 9181 
f 2313 9170 9183 
f 9181 9183 9170 
f 361 9167 9177 
f 2311 9184 9167 
f 2314 9177 9184 
f 9167 9184 9177 
f 2313 9183 9182 
f 2314 9184 9183 
f 2311 9182 9184 
f 9183 9184 9182 
f 24 9185 4439 
f 2316 9186 9185 
f 1137 4439 9186 
f 9185 9186 4439 
f 590 9187 9189 
f 2317 9188 9187 
f 2316 9189 9188 
f 9187 9188 9189 
f 299 4444 9191 
f 1137 9190 4444 
f 2317 9191 9190 
f 4444 9190 9191 
f 2316 9188 9186 
f 2317 9190 9188 
f 1137 9186 9190 
f 9188 9190 9186 
f 154 9192 9194 
f 2318 9193 9192 
f 2320 9194 9193 
f 9192 9193 9194 
f 591 9195 9197 
f 2319 9196 9195 
f 2318 9197 9196 
f 9195 9196 9197 
f 590 9198 9200 
f 2320 9199 9198 
f 2319 9200 9199 
f 9198 9199 9200 
f 2318 9196 9193 
f 2319 9199 9196 
f 2320 9193 9199 
f 9196 9199 9193 
f 83 4450 9202 
f 1142 9201 4450 
f 2322 9202 9201 
f 4450 9201 9202 
f 299 9203 4454 
f 2321 9204 9203 
f 1142 4454 9204 
f 9203 9204 4454 
f 591 9205 9207 
f 2322 9206 9205 
f 2321 9207 9206 
f 9205 9206 9207 
f 1142 9204 9201 
f 2321 9206 9204 
f 2322 9201 9206 
f 9204 9206 9201 
f 590 9200 9187 
f 2319 9208 9200 
f 2317 9187 9208 
f 9200 9208 9187 
f 591 9207 9195 
f 2321 9209 9207 
f 2319 9195 9209 
f 9207 9209 9195 
f 299 9191 9203 
f 2317 9210 9191 
f 2321 9203 9210 
f 9191 9210 9203 
f 2319 9209 9208 
f 2321 9210 9209 
f 2317 9208 9210 
f 9209 9210 9208 
f 31 5403 9212 
f 1386 9211 5403 
f 2324 9212 9211 
f 5403 9211 9212 
f 366 9213 5407 
f 2323 9214 9213 
f 1386 5407 9214 
f 9213 9214 5407 
f 593 9215 9217 
f 2324 9216 9215 
f 2323 9217 9216 
f 9215 9216 9217 
f 1386 9214 9211 
f 2323 9216 9214 
f 2324 9211 9216 
f 9214 9216 9211 
f 100 9218 5419 
f 2325 9219 9218 
f 1390 5419 9219 
f 9218 9219 5419 
f 592 9220 9222 
f 2326 9221 9220 
f 2325 9222 9221 
f 9220 9221 9222 
f 366 5424 9224 
f 1390 9223 5424 
f 2326 9224 9223 
f 5424 9223 9224 
f 2325 9221 9219 
f 2326 9223 9221 
f 1390 9219 9223 
f 9221 9223 9219 
f 154 9225 9227 
f 2327 9226 9225 
f 2329 9227 9226 
f 9225 9226 9227 
f 593 9228 9230 
f 2328 9229 9228 
f 2327 9230 9229 
f 9228 9229 9230 
f 592 9231 9233 
f 2329 9232 9231 
f 2328 9233 9232 
f 9231 9232 9233 
f 2327 9229 9226 
f 2328 9232 9229 
f 2329 9226 9232 
f 9229 9232 9226 
f 366 9224 9213 
f 2326 9234 9224 
f 2323 9213 9234 
f 9224 9234 9213 
f 592 9233 9220 
f 2328 9235 9233 
f 2326 9220 9235 
f 9233 9235 9220 
f 593 9217 9228 
f 2323 9236 9217 
f 2328 9228 9236 
f 9217 9236 9228 
f 2326 9235 9234 
f 2328 9236 9235 
f 2323 9234 9236 
f 9235 9236 9234 
f 83 9202 9168 
f 2322 9237 9202 
f 2312 9168 9237 
f 9202 9237 9168 
f 591 9238 9205 
f 2330 9239 9238 
f 2322 9205 9239 
f 9238 9239 9205 
f 589 9172 9241 
f 2312 9240 9172 
f 2330 9241 9240 
f 9172 9240 9241 
f 2322 9239 9237 
f 2330 9240 9239 
f 2312 9237 9240 
f 9239 9240 9237 
f 154 9227 9192 
f 2329 9242 9227 
f 2318 9192 9242 
f 9227 9242 9192 
f 592 9243 9231 
f 2331 9244 9243 
f 2329 9231 9244 
f 9243 9244 9231 
f 591 9197 9246 
f 2318 9245 9197 
f 2331 9246 9245 
f 9197 9245 9246 
f 2329 9244 9242 
f 2331 9245 9244 
f 2318 9242 9245 
f 9244 9245 9242 
f 100 9176 9218 
f 2315 9247 9176 
f 2325 9218 9247 
f 9176 9247 9218 
f 589 9248 9179 
f 2332 9249 9248 
f 2315 9179 9249 
f 9248 9249 9179 
f 592 9222 9251 
f 2325 9250 9222 
f 2332 9251 9250 
f 9222 9250 9251 
f 2315 9249 9247 
f 2332 9250 9249 
f 2325 9247 9250 
f 9249 9250 9247 
f 591 9246 9238 
f 2331 9252 9246 
f 2330 9238 9252 
f 9246 9252 9238 
f 592 9251 9243 
f 2332 9253 9251 
f 2331 9243 9253 
f 9251 9253 9243 
f 589 9241 9248 
f 2330 9254 9241 
f 2332 9248 9254 
f 9241 9254 9248 
f 2331 9253 9252 
f 2332 9254 9253 
f 2330 9252 9254 
f 9253 9254 9252 
f 9 7080 4271 
f 1822 9255 7080 
f 1089 4271 9255 
f 7080 9255 4271 
f 483 9256 7083 
f 2333 9257 9256 
f 1822 7083 9257 
f 9256 9257 7083 
f 284 4276 9259 
f 1089 9258 4276 
f 2333 9259 9258 
f 4276 9258 9259 
f 1822 9257 9255 
f 2333 9258 9257 
f 1089 9255 9258 
f 9257 9258 9255 
f 136 9260 7093 
f 2334 9261 9260 
f 1825 7093 9261 
f 9260 9261 7093 
f 594 9262 9264 
f 2335 9263 9262 
f 2334 9264 9263 
f 9262 9263 9264 
f 483 7098 9266 
f 1825 9265 7098 
f 2335 9266 9265 
f 7098 9265 9266 
f 2334 9263 9261 
f 2335 9265 9263 
f 1825 9261 9265 
f 9263 9265 9261 
f 78 4282 9268 
f 1094 9267 4282 
f 2337 9268 9267 
f 4282 9267 9268 
f 284 9269 4286 
f 2336 9270 9269 
f 1094 4286 9270 
f 9269 9270 4286 
f 594 9271 9273 
f 2337 9272 9271 
f 2336 9273 9272 
f 9271 9272 9273 
f 1094 9270 9267 
f 2336 9272 9270 
f 2337 9267 9272 
f 9270 9272 9267 
f 483 9266 9256 
f 2335 9274 9266 
f 2333 9256 9274 
f 9266 9274 9256 
f 594 9273 9262 
f 2336 9275 9273 
f 2335 9262 9275 
f 9273 9275 9262 
f 284 9259 9269 
f 2333 9276 9259 
f 2336 9269 9276 
f 9259 9276 9269 
f 2335 9275 9274 
f 2336 9276 9275 
f 2333 9274 9276 
f 9275 9276 9274 
f 41 9277 7131 
f 2338 9278 9277 
f 1835 7131 9278 
f 9277 9278 7131 
f 595 9279 9281 
f 2339 9280 9279 
f 2338 9281 9280 
f 9279 9280 9281 
f 486 7136 9283 
f 1835 9282 7136 
f 2339 9283 9282 
f 7136 9282 9283 
f 2338 9280 9278 
f 2339 9282 9280 
f 1835 9278 9282 
f 9280 9282 9278 
f 155 9284 9286 
f 2340 9285 9284 
f 2342 9286 9285 
f 9284 9285 9286 
f 596 9287 9289 
f 2341 9288 9287 
f 2340 9289 9288 
f 9287 9288 9289 
f 595 9290 9292 
f 2342 9291 9290 
f 2341 9292 9291 
f 9290 9291 9292 
f 2340 9288 9285 
f 2341 9291 9288 
f 2342 9285 9291 
f 9288 9291 9285 
f 136 7142 9294 
f 1840 9293 7142 
f 2344 9294 9293 
f 7142 9293 9294 
f 486 9295 7146 
f 2343 9296 9295 
f 1840 7146 9296 
f 9295 9296 7146 
f 596 9297 9299 
f 2344 9298 9297 
f 2343 9299 9298 
f 9297 9298 9299 
f 1840 9296 9293 
f 2343 9298 9296 
f 2344 9293 9298 
f 9296 9298 9293 
f 595 9292 9279 
f 2341 9300 9292 
f 2339 9279 9300 
f 9292 9300 9279 
f 596 9299 9287 
f 2343 9301 9299 
f 2341 9287 9301 
f 9299 9301 9287 
f 486 9283 9295 
f 2339 9302 9283 
f 2343 9295 9302 
f 9283 9302 9295 
f 2341 9301 9300 
f 2343 9302 9301 
f 2339 9300 9302 
f 9301 9302 9300 
f 24 4303 9304 
f 1100 9303 4303 
f 2346 9304 9303 
f 4303 9303 9304 
f 289 9305 4307 
f 2345 9306 9305 
f 1100 4307 9306 
f 9305 9306 4307 
f 598 9307 9309 
f 2346 9308 9307 
f 2345 9309 9308 
f 9307 9308 9309 
f 1100 9306 9303 
f 2345 9308 9306 
f 2346 9303 9308 
f 9306 9308 9303 
f 78 9310 4319 
f 2347 9311 9310 
f 1104 4319 9311 
f 9310 9311 4319 
f 597 9312 9314 
f 2348 9313 9312 
f 2347 9314 9313 
f 9312 9313 9314 
f 289 4324 9316 
f 1104 9315 4324 
f 2348 9316 9315 
f 4324 9315 9316 
f 2347 9313 9311 
f 2348 9315 9313 
f 1104 9311 9315 
f 9313 9315 9311 
f 155 9317 9319 
f 2349 9318 9317 
f 2351 9319 9318 
f 9317 9318 9319 
f 598 9320 9322 
f 2350 9321 9320 
f 2349 9322 9321 
f 9320 9321 9322 
f 597 9323 9325 
f 2351 9324 9323 
f 2350 9325 9324 
f 9323 9324 9325 
f 2349 9321 9318 
f 2350 9324 9321 
f 2351 9318 9324 
f 9321 9324 9318 
f 289 9316 9305 
f 2348 9326 9316 
f 2345 9305 9326 
f 9316 9326 9305 
f 597 9325 9312 
f 2350 9327 9325 
f 2348 9312 9327 
f 9325 9327 9312 
f 598 9309 9320 
f 2345 9328 9309 
f 2350 9320 9328 
f 9309 9328 9320 
f 2348 9327 9326 
f 2350 9328 9327 
f 2345 9326 9328 
f 9327 9328 9326 
f 136 9294 9260 
f 2344 9329 9294 
f 2334 9260 9329 
f 9294 9329 9260 
f 596 9330 9297 
f 2352 9331 9330 
f 2344 9297 9331 
f 9330 9331 9297 
f 594 9264 9333 
f 2334 9332 9264 
f 2352 9333 9332 
f 9264 9332 9333 
f 2344 9331 9329 
f 2352 9332 9331 
f 2334 9329 9332 
f 9331 9332 9329 
f 155 9319 9284 
f 2351 9334 9319 
f 2340 9284 9334 
f 9319 9334 9284 
f 597 9335 9323 
f 2353 9336 9335 
f 2351 9323 9336 
f 9335 9336 9323 
f 596 9289 9338 
f 2340 9337 9289 
f 2353 9338 9337 
f 9289 9337 9338 
f 2351 9336 9334 
f 2353 9337 9336 
f 2340 9334 9337 
f 9336 9337 9334 
f 78 9268 9310 
f 2337 9339 9268 
f 2347 9310 9339 
f 9268 9339 9310 
f 594 9340 9271 
f 2354 9341 9340 
f 2337 9271 9341 
f 9340 9341 9271 
f 597 9314 9343 
f 2347 9342 9314 
f 2354 9343 9342 
f 9314 9342 9343 
f 2337 9341 9339 
f 2354 9342 9341 
f 2347 9339 9342 
f 9341 9342 9339 
f 596 9338 9330 
f 2353 9344 9338 
f 2352 9330 9344 
f 9338 9344 9330 
f 597 9343 9335 
f 2354 9345 9343 
f 2353 9335 9345 
f 9343 9345 9335 
f 594 9333 9340 
f 2352 9346 9333 
f 2354 9340 9346 
f 9333 9346 9340 
f 2353 9345 9344 
f 2354 9346 9345 
f 2352 9344 9346 
f 9345 9346 9344 
f 11 5480 6971 
f 1406 9347 5480 
f 1791 6971 9347 
f 5480 9347 6971 
f 371 9348 5483 
f 2355 9349 9348 
f 1406 5483 9349 
f 9348 9349 5483 
f 473 6976 9351 
f 1791 9350 6976 
f 2355 9351 9350 
f 6976 9350 9351 
f 1406 9349 9347 
f 2355 9350 9349 
f 1791 9347 9350 
f 9349 9350 9347 
f 104 9352 5493 
f 2356 9353 9352 
f 1409 5493 9353 
f 9352 9353 5493 
f 599 9354 9356 
f 2357 9355 9354 
f 2356 9356 9355 
f 9354 9355 9356 
f 371 5498 9358 
f 1409 9357 5498 
f 2357 9358 9357 
f 5498 9357 9358 
f 2356 9355 9353 
f 2357 9357 9355 
f 1409 9353 9357 
f 9355 9357 9353 
f 132 6982 9360 
f 1796 9359 6982 
f 2359 9360 9359 
f 6982 9359 9360 
f 473 9361 6986 
f 2358 9362 9361 
f 1796 6986 9362 
f 9361 9362 6986 
f 599 9363 9365 
f 2359 9364 9363 
f 2358 9365 9364 
f 9363 9364 9365 
f 1796 9362 9359 
f 2358 9364 9362 
f 2359 9359 9364 
f 9362 9364 9359 
f 371 9358 9348 
f 2357 9366 9358 
f 2355 9348 9366 
f 9358 9366 9348 
f 599 9365 9354 
f 2358 9367 9365 
f 2357 9354 9367 
f 9365 9367 9354 
f 473 9351 9361 
f 2355 9368 9351 
f 2358 9361 9368 
f 9351 9368 9361 
f 2357 9367 9366 
f 2358 9368 9367 
f 2355 9366 9368 
f 9367 9368 9366 
f 31 9369 5531 
f 2360 9370 9369 
f 1419 5531 9370 
f 9369 9370 5531 
f 600 9371 9373 
f 2361 9372 9371 
f 2360 9373 9372 
f 9371 9372 9373 
f 374 5536 9375 
f 1419 9374 5536 
f 2361 9375 9374 
f 5536 9374 9375 
f 2360 9372 9370 
f 2361 9374 9372 
f 1419 9370 9374 
f 9372 9374 9370 
f 156 9376 9378 
f 2362 9377 9376 
f 2364 9378 9377 
f 9376 9377 9378 
f 601 9379 9381 
f 2363 9380 9379 
f 2362 9381 9380 
f 9379 9380 9381 
f 600 9382 9384 
f 2364 9383 9382 
f 2363 9384 9383 
f 9382 9383 9384 
f 2362 9380 9377 
f 2363 9383 9380 
f 2364 9377 9383 
f 9380 9383 9377 
f 104 5542 9386 
f 1424 9385 5542 
f 2366 9386 9385 
f 5542 9385 9386 
f 374 9387 5546 
f 2365 9388 9387 
f 1424 5546 9388 
f 9387 9388 5546 
f 601 9389 9391 
f 2366 9390 9389 
f 2365 9391 9390 
f 9389 9390 9391 
f 1424 9388 9385 
f 2365 9390 9388 
f 2366 9385 9390 
f 9388 9390 9385 
f 600 9384 9371 
f 2363 9392 9384 
f 2361 9371 9392 
f 9384 9392 9371 
f 601 9391 9379 
f 2365 9393 9391 
f 2363 9379 9393 
f 9391 9393 9379 
f 374 9375 9387 
f 2361 9394 9375 
f 2365 9387 9394 
f 9375 9394 9387 
f 2363 9393 9392 
f 2365 9394 9393 
f 2361 9392 9394 
f 9393 9394 9392 
f 41 7003 9396 
f 1802 9395 7003 
f 2368 9396 9395 
f 7003 9395 9396 
f 478 9397 7007 
f 2367 9398 9397 
f 1802 7007 9398 
f 9397 9398 7007 
f 603 9399 9401 
f 2368 9400 9399 
f 2367 9401 9400 
f 9399 9400 9401 
f 1802 9398 9395 
f 2367 9400 9398 
f 2368 9395 9400 
f 9398 9400 9395 
f 132 9402 7019 
f 2369 9403 9402 
f 1806 7019 9403 
f 9402 9403 7019 
f 602 9404 9406 
f 2370 9405 9404 
f 2369 9406 9405 
f 9404 9405 9406 
f 478 7024 9408 
f 1806 9407 7024 
f 2370 9408 9407 
f 7024 9407 9408 
f 2369 9405 9403 
f 2370 9407 9405 
f 1806 9403 9407 
f 9405 9407 9403 
f 156 9409 9411 
f 2371 9410 9409 
f 2373 9411 9410 
f 9409 9410 9411 
f 603 9412 9414 
f 2372 9413 9412 
f 2371 9414 9413 
f 9412 9413 9414 
f 602 9415 9417 
f 2373 9416 9415 
f 2372 9417 9416 
f 9415 9416 9417 
f 2371 9413 9410 
f 2372 9416 9413 
f 2373 9410 9416 
f 9413 9416 9410 
f 478 9408 9397 
f 2370 9418 9408 
f 2367 9397 9418 
f 9408 9418 9397 
f 602 9417 9404 
f 2372 9419 9417 
f 2370 9404 9419 
f 9417 9419 9404 
f 603 9401 9412 
f 2367 9420 9401 
f 2372 9412 9420 
f 9401 9420 9412 
f 2370 9419 9418 
f 2372 9420 9419 
f 2367 9418 9420 
f 9419 9420 9418 
f 104 9386 9352 
f 2366 9421 9386 
f 2356 9352 9421 
f 9386 9421 9352 
f 601 9422 9389 
f 2374 9423 9422 
f 2366 9389 9423 
f 9422 9423 9389 
f 599 9356 9425 
f 2356 9424 9356 
f 2374 9425 9424 
f 9356 9424 9425 
f 2366 9423 9421 
f 2374 9424 9423 
f 2356 9421 9424 
f 9423 9424 9421 
f 156 9411 9376 
f 2373 9426 9411 
f 2362 9376 9426 
f 9411 9426 9376 
f 602 9427 9415 
f 2375 9428 9427 
f 2373 9415 9428 
f 9427 9428 9415 
f 601 9381 9430 
f 2362 9429 9381 
f 2375 9430 9429 
f 9381 9429 9430 
f 2373 9428 9426 
f 2375 9429 9428 
f 2362 9426 9429 
f 9428 9429 9426 
f 132 9360 9402 
f 2359 9431 9360 
f 2369 9402 9431 
f 9360 9431 9402 
f 599 9432 9363 
f 2376 9433 9432 
f 2359 9363 9433 
f 9432 9433 9363 
f 602 9406 9435 
f 2369 9434 9406 
f 2376 9435 9434 
f 9406 9434 9435 
f 2359 9433 9431 
f 2376 9434 9433 
f 2369 9431 9434 
f 9433 9434 9431 
f 601 9430 9422 
f 2375 9436 9430 
f 2374 9422 9436 
f 9430 9436 9422 
f 602 9435 9427 
f 2376 9437 9435 
f 2375 9427 9437 
f 9435 9437 9427 
f 599 9425 9432 
f 2374 9438 9425 
f 2376 9432 9438 
f 9425 9438 9432 
f 2375 9437 9436 
f 2376 9438 9437 
f 2374 9436 9438 
f 9437 9438 9436 
f 24 9304 9185 
f 2346 9439 9304 
f 2316 9185 9439 
f 9304 9439 9185 
f 598 9440 9307 
f 2377 9441 9440 
f 2346 9307 9441 
f 9440 9441 9307 
f 590 9189 9443 
f 2316 9442 9189 
f 2377 9443 9442 
f 9189 9442 9443 
f 2346 9441 9439 
f 2377 9442 9441 
f 2316 9439 9442 
f 9441 9442 9439 
f 155 9444 9317 
f 2378 9445 9444 
f 2349 9317 9445 
f 9444 9445 9317 
f 604 9446 9448 
f 2379 9447 9446 
f 2378 9448 9447 
f 9446 9447 9448 
f 598 9322 9450 
f 2349 9449 9322 
f 2379 9450 9449 
f 9322 9449 9450 
f 2378 9447 9445 
f 2379 9449 9447 
f 2349 9445 9449 
f 9447 9449 9445 
f 154 9194 9452 
f 2320 9451 9194 
f 2381 9452 9451 
f 9194 9451 9452 
f 590 9453 9198 
f 2380 9454 9453 
f 2320 9198 9454 
f 9453 9454 9198 
f 604 9455 9457 
f 2381 9456 9455 
f 2380 9457 9456 
f 9455 9456 9457 
f 2320 9454 9451 
f 2380 9456 9454 
f 2381 9451 9456 
f 9454 9456 9451 
f 598 9450 9440 
f 2379 9458 9450 
f 2377 9440 9458 
f 9450 9458 9440 
f 604 9457 9446 
f 2380 9459 9457 
f 2379 9446 9459 
f 9457 9459 9446 
f 590 9443 9453 
f 2377 9460 9443 
f 2380 9453 9460 
f 9443 9460 9453 
f 2379 9459 9458 
f 2380 9460 9459 
f 2377 9458 9460 
f 9459 9460 9458 
f 41 9396 9277 
f 2368 9461 9396 
f 2338 9277 9461 
f 9396 9461 9277 
f 603 9462 9399 
f 2382 9463 9462 
f 2368 9399 9463 
f 9462 9463 9399 
f 595 9281 9465 
f 2338 9464 9281 
f 2382 9465 9464 
f 9281 9464 9465 
f 2368 9463 9461 
f 2382 9464 9463 
f 2338 9461 9464 
f 9463 9464 9461 
f 156 9466 9409 
f 2383 9467 9466 
f 2371 9409 9467 
f 9466 9467 9409 
f 605 9468 9470 
f 2384 9469 9468 
f 2383 9470 9469 
f 9468 9469 9470 
f 603 9414 9472 
f 2371 9471 9414 
f 2384 9472 9471 
f 9414 9471 9472 
f 2383 9469 9467 
f 2384 9471 9469 
f 2371 9467 9471 
f 9469 9471 9467 
f 155 9286 9474 
f 2342 9473 9286 
f 2386 9474 9473 
f 9286 9473 9474 
f 595 9475 9290 
f 2385 9476 9475 
f 2342 9290 9476 
f 9475 9476 9290 
f 605 9477 9479 
f 2386 9478 9477 
f 2385 9479 9478 
f 9477 9478 9479 
f 2342 9476 9473 
f 2385 9478 9476 
f 2386 9473 9478 
f 9476 9478 9473 
f 603 9472 9462 
f 2384 9480 9472 
f 2382 9462 9480 
f 9472 9480 9462 
f 605 9479 9468 
f 2385 9481 9479 
f 2384 9468 9481 
f 9479 9481 9468 
f 595 9465 9475 
f 2382 9482 9465 
f 2385 9475 9482 
f 9465 9482 9475 
f 2384 9481 9480 
f 2385 9482 9481 
f 2382 9480 9482 
f 9481 9482 9480 
f 31 9212 9369 
f 2324 9483 9212 
f 2360 9369 9483 
f 9212 9483 9369 
f 593 9484 9215 
f 2387 9485 9484 
f 2324 9215 9485 
f 9484 9485 9215 
f 600 9373 9487 
f 2360 9486 9373 
f 2387 9487 9486 
f 9373 9486 9487 
f 2324 9485 9483 
f 2387 9486 9485 
f 2360 9483 9486 
f 9485 9486 9483 
f 154 9488 9225 
f 2388 9489 9488 
f 2327 9225 9489 
f 9488 9489 9225 
f 606 9490 9492 
f 2389 9491 9490 
f 2388 9492 9491 
f 9490 9491 9492 
f 593 9230 9494 
f 2327 9493 9230 
f 2389 9494 9493 
f 9230 9493 9494 
f 2388 9491 9489 
f 2389 9493 9491 
f 2327 9489 9493 
f 9491 9493 9489 
f 156 9378 9496 
f 2364 9495 9378 
f 2391 9496 9495 
f 9378 9495 9496 
f 600 9497 9382 
f 2390 9498 9497 
f 2364 9382 9498 
f 9497 9498 9382 
f 606 9499 9501 
f 2391 9500 9499 
f 2390 9501 9500 
f 9499 9500 9501 
f 2364 9498 9495 
f 2390 9500 9498 
f 2391 9495 9500 
f 9498 9500 9495 
f 593 9494 9484 
f 2389 9502 9494 
f 2387 9484 9502 
f 9494 9502 9484 
f 606 9501 9490 
f 2390 9503 9501 
f 2389 9490 9503 
f 9501 9503 9490 
f 600 9487 9497 
f 2387 9504 9487 
f 2390 9497 9504 
f 9487 9504 9497 
f 2389 9503 9502 
f 2390 9504 9503 
f 2387 9502 9504 
f 9503 9504 9502 
f 155 9474 9444 
f 2386 9505 9474 
f 2378 9444 9505 
f 9474 9505 9444 
f 605 9506 9477 
f 2392 9507 9506 
f 2386 9477 9507 
f 9506 9507 9477 
f 604 9448 9509 
f 2378 9508 9448 
f 2392 9509 9508 
f 9448 9508 9509 
f 2386 9507 9505 
f 2392 9508 9507 
f 2378 9505 9508 
f 9507 9508 9505 
f 156 9496 9466 
f 2391 9510 9496 
f 2383 9466 9510 
f 9496 9510 9466 
f 606 9511 9499 
f 2393 9512 9511 
f 2391 9499 9512 
f 9511 9512 9499 
f 605 9470 9514 
f 2383 9513 9470 
f 2393 9514 9513 
f 9470 9513 9514 
f 2391 9512 9510 
f 2393 9513 9512 
f 2383 9510 9513 
f 9512 9513 9510 
f 154 9452 9488 
f 2381 9515 9452 
f 2388 9488 9515 
f 9452 9515 9488 
f 604 9516 9455 
f 2394 9517 9516 
f 2381 9455 9517 
f 9516 9517 9455 
f 606 9492 9519 
f 2388 9518 9492 
f 2394 9519 9518 
f 9492 9518 9519 
f 2381 9517 9515 
f 2394 9518 9517 
f 2388 9515 9518 
f 9517 9518 9515 
f 605 9514 9506 
f 2393 9520 9514 
f 2392 9506 9520 
f 9514 9520 9506 
f 606 9519 9511 
f 2394 9521 9519 
f 2393 9511 9521 
f 9519 9521 9511 
f 604 9509 9516 
f 2392 9522 9509 
f 2394 9516 9522 
f 9509 9522 9516 
f 2393 9521 9520 
f 2394 9522 9521 
f 2392 9520 9522 
f 9521 9522 9520 
f 5 3581 4963 
f 913 9523 3581 
f 1267 4963 9523 
f 3581 9523 4963 
f 239 9524 3585 
f 2395 9525 9524 
f 913 3585 9525 
f 9524 9525 3585 
f 331 4968 9527 
f 1267 9526 4968 
f 2395 9527 9526 
f 4968 9526 9527 
f 913 9525 9523 
f 2395 9526 9525 
f 1267 9523 9526 
f 9525 9526 9523 
f 67 9528 3597 
f 2396 9529 9528 
f 917 3597 9529 
f 9528 9529 3597 
f 607 9530 9532 
f 2397 9531 9530 
f 2396 9532 9531 
f 9530 9531 9532 
f 239 3602 9534 
f 917 9533 3602 
f 2397 9534 9533 
f 3602 9533 9534 
f 2396 9531 9529 
f 2397 9533 9531 
f 917 9529 9533 
f 9531 9533 9529 
f 91 4974 9536 
f 1272 9535 4974 
f 2399 9536 9535 
f 4974 9535 9536 
f 331 9537 4978 
f 2398 9538 9537 
f 1272 4978 9538 
f 9537 9538 4978 
f 607 9539 9541 
f 2399 9540 9539 
f 2398 9541 9540 
f 9539 9540 9541 
f 1272 9538 9535 
f 2398 9540 9538 
f 2399 9535 9540 
f 9538 9540 9535 
f 239 9534 9524 
f 2397 9542 9534 
f 2395 9524 9542 
f 9534 9542 9524 
f 607 9541 9530 
f 2398 9543 9541 
f 2397 9530 9543 
f 9541 9543 9530 
f 331 9527 9537 
f 2395 9544 9527 
f 2398 9537 9544 
f 9527 9544 9537 
f 2397 9543 9542 
f 2398 9544 9543 
f 2395 9542 9544 
f 9543 9544 9542 
f 19 9545 3639 
f 2400 9546 9545 
f 929 3639 9546 
f 9545 9546 3639 
f 608 9547 9549 
f 2401 9548 9547 
f 2400 9549 9548 
f 9547 9548 9549 
f 243 3644 9551 
f 929 9550 3644 
f 2401 9551 9550 
f 3644 9550 9551 
f 2400 9548 9546 
f 2401 9550 9548 
f 929 9546 9550 
f 9548 9550 9546 
f 157 9552 9554 
f 2402 9553 9552 
f 2404 9554 9553 
f 9552 9553 9554 
f 609 9555 9557 
f 2403 9556 9555 
f 2402 9557 9556 
f 9555 9556 9557 
f 608 9558 9560 
f 2404 9559 9558 
f 2403 9560 9559 
f 9558 9559 9560 
f 2402 9556 9553 
f 2403 9559 9556 
f 2404 9553 9559 
f 9556 9559 9553 
f 67 3650 9562 
f 934 9561 3650 
f 2406 9562 9561 
f 3650 9561 9562 
f 243 9563 3654 
f 2405 9564 9563 
f 934 3654 9564 
f 9563 9564 3654 
f 609 9565 9567 
f 2406 9566 9565 
f 2405 9567 9566 
f 9565 9566 9567 
f 934 9564 9561 
f 2405 9566 9564 
f 2406 9561 9566 
f 9564 9566 9561 
f 608 9560 9547 
f 2403 9568 9560 
f 2401 9547 9568 
f 9560 9568 9547 
f 609 9567 9555 
f 2405 9569 9567 
f 2403 9555 9569 
f 9567 9569 9555 
f 243 9551 9563 
f 2401 9570 9551 
f 2405 9563 9570 
f 9551 9570 9563 
f 2403 9569 9568 
f 2405 9570 9569 
f 2401 9568 9570 
f 9569 9570 9568 
f 28 4995 9572 
f 1278 9571 4995 
f 2408 9572 9571 
f 4995 9571 9572 
f 336 9573 4999 
f 2407 9574 9573 
f 1278 4999 9574 
f 9573 9574 4999 
f 611 9575 9577 
f 2408 9576 9575 
f 2407 9577 9576 
f 9575 9576 9577 
f 1278 9574 9571 
f 2407 9576 9574 
f 2408 9571 9576 
f 9574 9576 9571 
f 91 9578 5011 
f 2409 9579 9578 
f 1282 5011 9579 
f 9578 9579 5011 
f 610 9580 9582 
f 2410 9581 9580 
f 2409 9582 9581 
f 9580 9581 9582 
f 336 5016 9584 
f 1282 9583 5016 
f 2410 9584 9583 
f 5016 9583 9584 
f 2409 9581 9579 
f 2410 9583 9581 
f 1282 9579 9583 
f 9581 9583 9579 
f 157 9585 9587 
f 2411 9586 9585 
f 2413 9587 9586 
f 9585 9586 9587 
f 611 9588 9590 
f 2412 9589 9588 
f 2411 9590 9589 
f 9588 9589 9590 
f 610 9591 9593 
f 2413 9592 9591 
f 2412 9593 9592 
f 9591 9592 9593 
f 2411 9589 9586 
f 2412 9592 9589 
f 2413 9586 9592 
f 9589 9592 9586 
f 336 9584 9573 
f 2410 9594 9584 
f 2407 9573 9594 
f 9584 9594 9573 
f 610 9593 9580 
f 2412 9595 9593 
f 2410 9580 9595 
f 9593 9595 9580 
f 611 9577 9588 
f 2407 9596 9577 
f 2412 9588 9596 
f 9577 9596 9588 
f 2410 9595 9594 
f 2412 9596 9595 
f 2407 9594 9596 
f 9595 9596 9594 
f 67 9562 9528 
f 2406 9597 9562 
f 2396 9528 9597 
f 9562 9597 9528 
f 609 9598 9565 
f 2414 9599 9598 
f 2406 9565 9599 
f 9598 9599 9565 
f 607 9532 9601 
f 2396 9600 9532 
f 2414 9601 9600 
f 9532 9600 9601 
f 2406 9599 9597 
f 2414 9600 9599 
f 2396 9597 9600 
f 9599 9600 9597 
f 157 9587 9552 
f 2413 9602 9587 
f 2402 9552 9602 
f 9587 9602 9552 
f 610 9603 9591 
f 2415 9604 9603 
f 2413 9591 9604 
f 9603 9604 9591 
f 609 9557 9606 
f 2402 9605 9557 
f 2415 9606 9605 
f 9557 9605 9606 
f 2413 9604 9602 
f 2415 9605 9604 
f 2402 9602 9605 
f 9604 9605 9602 
f 91 9536 9578 
f 2399 9607 9536 
f 2409 9578 9607 
f 9536 9607 9578 
f 607 9608 9539 
f 2416 9609 9608 
f 2399 9539 9609 
f 9608 9609 9539 
f 610 9582 9611 
f 2409 9610 9582 
f 2416 9611 9610 
f 9582 9610 9611 
f 2399 9609 9607 
f 2416 9610 9609 
f 2409 9607 9610 
f 9609 9610 9607 
f 609 9606 9598 
f 2415 9612 9606 
f 2414 9598 9612 
f 9606 9612 9598 
f 610 9611 9603 
f 2416 9613 9611 
f 2415 9603 9613 
f 9611 9613 9603 
f 607 9601 9608 
f 2414 9614 9601 
f 2416 9608 9614 
f 9601 9614 9608 
f 2415 9613 9612 
f 2416 9614 9613 
f 2414 9612 9614 
f 9613 9614 9612 
f 6 6280 3471 
f 1614 9615 6280 
f 881 3471 9615 
f 6280 9615 3471 
f 427 9616 6283 
f 2417 9617 9616 
f 1614 6283 9617 
f 9616 9617 6283 
f 228 3476 9619 
f 881 9618 3476 
f 2417 9619 9618 
f 3476 9618 9619 
f 1614 9617 9615 
f 2417 9618 9617 
f 881 9615 9618 
f 9617 9618 9615 
f 120 9620 6293 
f 2418 9621 9620 
f 1617 6293 9621 
f 9620 9621 6293 
f 612 9622 9624 
f 2419 9623 9622 
f 2418 9624 9623 
f 9622 9623 9624 
f 427 6298 9626 
f 1617 9625 6298 
f 2419 9626 9625 
f 6298 9625 9626 
f 2418 9623 9621 
f 2419 9625 9623 
f 1617 9621 9625 
f 9623 9625 9621 
f 62 3482 9628 
f 886 9627 3482 
f 2421 9628 9627 
f 3482 9627 9628 
f 228 9629 3486 
f 2420 9630 9629 
f 886 3486 9630 
f 9629 9630 3486 
f 612 9631 9633 
f 2421 9632 9631 
f 2420 9633 9632 
f 9631 9632 9633 
f 886 9630 9627 
f 2420 9632 9630 
f 2421 9627 9632 
f 9630 9632 9627 
f 427 9626 9616 
f 2419 9634 9626 
f 2417 9616 9634 
f 9626 9634 9616 
f 612 9633 9622 
f 2420 9635 9633 
f 2419 9622 9635 
f 9633 9635 9622 
f 228 9619 9629 
f 2417 9636 9619 
f 2420 9629 9636 
f 9619 9636 9629 
f 2419 9635 9634 
f 2420 9636 9635 
f 2417 9634 9636 
f 9635 9636 9634 
f 36 9637 6331 
f 2422 9638 9637 
f 1627 6331 9638 
f 9637 9638 6331 
f 613 9639 9641 
f 2423 9640 9639 
f 2422 9641 9640 
f 9639 9640 9641 
f 430 6336 9643 
f 1627 9642 6336 
f 2423 9643 9642 
f 6336 9642 9643 
f 2422 9640 9638 
f 2423 9642 9640 
f 1627 9638 9642 
f 9640 9642 9638 
f 158 9644 9646 
f 2424 9645 9644 
f 2426 9646 9645 
f 9644 9645 9646 
f 614 9647 9649 
f 2425 9648 9647 
f 2424 9649 9648 
f 9647 9648 9649 
f 613 9650 9652 
f 2426 9651 9650 
f 2425 9652 9651 
f 9650 9651 9652 
f 2424 9648 9645 
f 2425 9651 9648 
f 2426 9645 9651 
f 9648 9651 9645 
f 120 6342 9654 
f 1632 9653 6342 
f 2428 9654 9653 
f 6342 9653 9654 
f 430 9655 6346 
f 2427 9656 9655 
f 1632 6346 9656 
f 9655 9656 6346 
f 614 9657 9659 
f 2428 9658 9657 
f 2427 9659 9658 
f 9657 9658 9659 
f 1632 9656 9653 
f 2427 9658 9656 
f 2428 9653 9658 
f 9656 9658 9653 
f 613 9652 9639 
f 2425 9660 9652 
f 2423 9639 9660 
f 9652 9660 9639 
f 614 9659 9647 
f 2427 9661 9659 
f 2425 9647 9661 
f 9659 9661 9647 
f 430 9643 9655 
f 2423 9662 9643 
f 2427 9655 9662 
f 9643 9662 9655 
f 2425 9661 9660 
f 2427 9662 9661 
f 2423 9660 9662 
f 9661 9662 9660 
f 19 3503 9664 
f 892 9663 3503 
f 2430 9664 9663 
f 3503 9663 9664 
f 233 9665 3507 
f 2429 9666 9665 
f 892 3507 9666 
f 9665 9666 3507 
f 616 9667 9669 
f 2430 9668 9667 
f 2429 9669 9668 
f 9667 9668 9669 
f 892 9666 9663 
f 2429 9668 9666 
f 2430 9663 9668 
f 9666 9668 9663 
f 62 9670 3519 
f 2431 9671 9670 
f 896 3519 9671 
f 9670 9671 3519 
f 615 9672 9674 
f 2432 9673 9672 
f 2431 9674 9673 
f 9672 9673 9674 
f 233 3524 9676 
f 896 9675 3524 
f 2432 9676 9675 
f 3524 9675 9676 
f 2431 9673 9671 
f 2432 9675 9673 
f 896 9671 9675 
f 9673 9675 9671 
f 158 9677 9679 
f 2433 9678 9677 
f 2435 9679 9678 
f 9677 9678 9679 
f 616 9680 9682 
f 2434 9681 9680 
f 2433 9682 9681 
f 9680 9681 9682 
f 615 9683 9685 
f 2435 9684 9683 
f 2434 9685 9684 
f 9683 9684 9685 
f 2433 9681 9678 
f 2434 9684 9681 
f 2435 9678 9684 
f 9681 9684 9678 
f 233 9676 9665 
f 2432 9686 9676 
f 2429 9665 9686 
f 9676 9686 9665 
f 615 9685 9672 
f 2434 9687 9685 
f 2432 9672 9687 
f 9685 9687 9672 
f 616 9669 9680 
f 2429 9688 9669 
f 2434 9680 9688 
f 9669 9688 9680 
f 2432 9687 9686 
f 2434 9688 9687 
f 2429 9686 9688 
f 9687 9688 9686 
f 120 9654 9620 
f 2428 9689 9654 
f 2418 9620 9689 
f 9654 9689 9620 
f 614 9690 9657 
f 2436 9691 9690 
f 2428 9657 9691 
f 9690 9691 9657 
f 612 9624 9693 
f 2418 9692 9624 
f 2436 9693 9692 
f 9624 9692 9693 
f 2428 9691 9689 
f 2436 9692 9691 
f 2418 9689 9692 
f 9691 9692 9689 
f 158 9679 9644 
f 2435 9694 9679 
f 2424 9644 9694 
f 9679 9694 9644 
f 615 9695 9683 
f 2437 9696 9695 
f 2435 9683 9696 
f 9695 9696 9683 
f 614 9649 9698 
f 2424 9697 9649 
f 2437 9698 9697 
f 9649 9697 9698 
f 2435 9696 9694 
f 2437 9697 9696 
f 2424 9694 9697 
f 9696 9697 9694 
f 62 9628 9670 
f 2421 9699 9628 
f 2431 9670 9699 
f 9628 9699 9670 
f 612 9700 9631 
f 2438 9701 9700 
f 2421 9631 9701 
f 9700 9701 9631 
f 615 9674 9703 
f 2431 9702 9674 
f 2438 9703 9702 
f 9674 9702 9703 
f 2421 9701 9699 
f 2438 9702 9701 
f 2431 9699 9702 
f 9701 9702 9699 
f 614 9698 9690 
f 2437 9704 9698 
f 2436 9690 9704 
f 9698 9704 9690 
f 615 9703 9695 
f 2438 9705 9703 
f 2437 9695 9705 
f 9703 9705 9695 
f 612 9693 9700 
f 2436 9706 9693 
f 2438 9700 9706 
f 9693 9706 9700 
f 2437 9705 9704 
f 2438 9706 9705 
f 2436 9704 9706 
f 9705 9706 9704 
f 12 5073 6171 
f 1299 9707 5073 
f 1583 6171 9707 
f 5073 9707 6171 
f 342 9708 5077 
f 2439 9709 9708 
f 1299 5077 9709 
f 9708 9709 5077 
f 417 6176 9711 
f 1583 9710 6176 
f 2439 9711 9710 
f 6176 9710 9711 
f 1299 9709 9707 
f 2439 9710 9709 
f 1583 9707 9710 
f 9709 9710 9707 
f 96 9712 5089 
f 2440 9713 9712 
f 1303 5089 9713 
f 9712 9713 5089 
f 617 9714 9716 
f 2441 9715 9714 
f 2440 9716 9715 
f 9714 9715 9716 
f 342 5094 9718 
f 1303 9717 5094 
f 2441 9718 9717 
f 5094 9717 9718 
f 2440 9715 9713 
f 2441 9717 9715 
f 1303 9713 9717 
f 9715 9717 9713 
f 116 6182 9720 
f 1588 9719 6182 
f 2443 9720 9719 
f 6182 9719 9720 
f 417 9721 6186 
f 2442 9722 9721 
f 1588 6186 9722 
f 9721 9722 6186 
f 617 9723 9725 
f 2443 9724 9723 
f 2442 9725 9724 
f 9723 9724 9725 
f 1588 9722 9719 
f 2442 9724 9722 
f 2443 9719 9724 
f 9722 9724 9719 
f 342 9718 9708 
f 2441 9726 9718 
f 2439 9708 9726 
f 9718 9726 9708 
f 617 9725 9714 
f 2442 9727 9725 
f 2441 9714 9727 
f 9725 9727 9714 
f 417 9711 9721 
f 2439 9728 9711 
f 2442 9721 9728 
f 9711 9728 9721 
f 2441 9727 9726 
f 2442 9728 9727 
f 2439 9726 9728 
f 9727 9728 9726 
f 28 9729 5131 
f 2444 9730 9729 
f 1315 5131 9730 
f 9729 9730 5131 
f 618 9731 9733 
f 2445 9732 9731 
f 2444 9733 9732 
f 9731 9732 9733 
f 346 5136 9735 
f 1315 9734 5136 
f 2445 9735 9734 
f 5136 9734 9735 
f 2444 9732 9730 
f 2445 9734 9732 
f 1315 9730 9734 
f 9732 9734 9730 
f 159 9736 9738 
f 2446 9737 9736 
f 2448 9738 9737 
f 9736 9737 9738 
f 619 9739 9741 
f 2447 9740 9739 
f 2446 9741 9740 
f 9739 9740 9741 
f 618 9742 9744 
f 2448 9743 9742 
f 2447 9744 9743 
f 9742 9743 9744 
f 2446 9740 9737 
f 2447 9743 9740 
f 2448 9737 9743 
f 9740 9743 9737 
f 96 5142 9746 
f 1320 9745 5142 
f 2450 9746 9745 
f 5142 9745 9746 
f 346 9747 5146 
f 2449 9748 9747 
f 1320 5146 9748 
f 9747 9748 5146 
f 619 9749 9751 
f 2450 9750 9749 
f 2449 9751 9750 
f 9749 9750 9751 
f 1320 9748 9745 
f 2449 9750 9748 
f 2450 9745 9750 
f 9748 9750 9745 
f 618 9744 9731 
f 2447 9752 9744 
f 2445 9731 9752 
f 9744 9752 9731 
f 619 9751 9739 
f 2449 9753 9751 
f 2447 9739 9753 
f 9751 9753 9739 
f 346 9735 9747 
f 2445 9754 9735 
f 2449 9747 9754 
f 9735 9754 9747 
f 2447 9753 9752 
f 2449 9754 9753 
f 2445 9752 9754 
f 9753 9754 9752 
f 36 6203 9756 
f 1594 9755 6203 
f 2452 9756 9755 
f 6203 9755 9756 
f 422 9757 6207 
f 2451 9758 9757 
f 1594 6207 9758 
f 9757 9758 6207 
f 621 9759 9761 
f 2452 9760 9759 
f 2451 9761 9760 
f 9759 9760 9761 
f 1594 9758 9755 
f 2451 9760 9758 
f 2452 9755 9760 
f 9758 9760 9755 
f 116 9762 6219 
f 2453 9763 9762 
f 1598 6219 9763 
f 9762 9763 6219 
f 620 9764 9766 
f 2454 9765 9764 
f 2453 9766 9765 
f 9764 9765 9766 
f 422 6224 9768 
f 1598 9767 6224 
f 2454 9768 9767 
f 6224 9767 9768 
f 2453 9765 9763 
f 2454 9767 9765 
f 1598 9763 9767 
f 9765 9767 9763 
f 159 9769 9771 
f 2455 9770 9769 
f 2457 9771 9770 
f 9769 9770 9771 
f 621 9772 9774 
f 2456 9773 9772 
f 2455 9774 9773 
f 9772 9773 9774 
f 620 9775 9777 
f 2457 9776 9775 
f 2456 9777 9776 
f 9775 9776 9777 
f 2455 9773 9770 
f 2456 9776 9773 
f 2457 9770 9776 
f 9773 9776 9770 
f 422 9768 9757 
f 2454 9778 9768 
f 2451 9757 9778 
f 9768 9778 9757 
f 620 9777 9764 
f 2456 9779 9777 
f 2454 9764 9779 
f 9777 9779 9764 
f 621 9761 9772 
f 2451 9780 9761 
f 2456 9772 9780 
f 9761 9780 9772 
f 2454 9779 9778 
f 2456 9780 9779 
f 2451 9778 9780 
f 9779 9780 9778 
f 96 9746 9712 
f 2450 9781 9746 
f 2440 9712 9781 
f 9746 9781 9712 
f 619 9782 9749 
f 2458 9783 9782 
f 2450 9749 9783 
f 9782 9783 9749 
f 617 9716 9785 
f 2440 9784 9716 
f 2458 9785 9784 
f 9716 9784 9785 
f 2450 9783 9781 
f 2458 9784 9783 
f 2440 9781 9784 
f 9783 9784 9781 
f 159 9771 9736 
f 2457 9786 9771 
f 2446 9736 9786 
f 9771 9786 9736 
f 620 9787 9775 
f 2459 9788 9787 
f 2457 9775 9788 
f 9787 9788 9775 
f 619 9741 9790 
f 2446 9789 9741 
f 2459 9790 9789 
f 9741 9789 9790 
f 2457 9788 9786 
f 2459 9789 9788 
f 2446 9786 9789 
f 9788 9789 9786 
f 116 9720 9762 
f 2443 9791 9720 
f 2453 9762 9791 
f 9720 9791 9762 
f 617 9792 9723 
f 2460 9793 9792 
f 2443 9723 9793 
f 9792 9793 9723 
f 620 9766 9795 
f 2453 9794 9766 
f 2460 9795 9794 
f 9766 9794 9795 
f 2443 9793 9791 
f 2460 9794 9793 
f 2453 9791 9794 
f 9793 9794 9791 
f 619 9790 9782 
f 2459 9796 9790 
f 2458 9782 9796 
f 9790 9796 9782 
f 620 9795 9787 
f 2460 9797 9795 
f 2459 9787 9797 
f 9795 9797 9787 
f 617 9785 9792 
f 2458 9798 9785 
f 2460 9792 9798 
f 9785 9798 9792 
f 2459 9797 9796 
f 2460 9798 9797 
f 2458 9796 9798 
f 9797 9798 9796 
f 19 9664 9545 
f 2430 9799 9664 
f 2400 9545 9799 
f 9664 9799 9545 
f 616 9800 9667 
f 2461 9801 9800 
f 2430 9667 9801 
f 9800 9801 9667 
f 608 9549 9803 
f 2400 9802 9549 
f 2461 9803 9802 
f 9549 9802 9803 
f 2430 9801 9799 
f 2461 9802 9801 
f 2400 9799 9802 
f 9801 9802 9799 
f 158 9804 9677 
f 2462 9805 9804 
f 2433 9677 9805 
f 9804 9805 9677 
f 622 9806 9808 
f 2463 9807 9806 
f 2462 9808 9807 
f 9806 9807 9808 
f 616 9682 9810 
f 2433 9809 9682 
f 2463 9810 9809 
f 9682 9809 9810 
f 2462 9807 9805 
f 2463 9809 9807 
f 2433 9805 9809 
f 9807 9809 9805 
f 157 9554 9812 
f 2404 9811 9554 
f 2465 9812 9811 
f 9554 9811 9812 
f 608 9813 9558 
f 2464 9814 9813 
f 2404 9558 9814 
f 9813 9814 9558 
f 622 9815 9817 
f 2465 9816 9815 
f 2464 9817 9816 
f 9815 9816 9817 
f 2404 9814 9811 
f 2464 9816 9814 
f 2465 9811 9816 
f 9814 9816 9811 
f 616 9810 9800 
f 2463 9818 9810 
f 2461 9800 9818 
f 9810 9818 9800 
f 622 9817 9806 
f 2464 9819 9817 
f 2463 9806 9819 
f 9817 9819 9806 
f 608 9803 9813 
f 2461 9820 9803 
f 2464 9813 9820 
f 9803 9820 9813 
f 2463 9819 9818 
f 2464 9820 9819 
f 2461 9818 9820 
f 9819 9820 9818 
f 36 9756 9637 
f 2452 9821 9756 
f 2422 9637 9821 
f 9756 9821 9637 
f 621 9822 9759 
f 2466 9823 9822 
f 2452 9759 9823 
f 9822 9823 9759 
f 613 9641 9825 
f 2422 9824 9641 
f 2466 9825 9824 
f 9641 9824 9825 
f 2452 9823 9821 
f 2466 9824 9823 
f 2422 9821 9824 
f 9823 9824 9821 
f 159 9826 9769 
f 2467 9827 9826 
f 2455 9769 9827 
f 9826 9827 9769 
f 623 9828 9830 
f 2468 9829 9828 
f 2467 9830 9829 
f 9828 9829 9830 
f 621 9774 9832 
f 2455 9831 9774 
f 2468 9832 9831 
f 9774 9831 9832 
f 2467 9829 9827 
f 2468 9831 9829 
f 2455 9827 9831 
f 9829 9831 9827 
f 158 9646 9834 
f 2426 9833 9646 
f 2470 9834 9833 
f 9646 9833 9834 
f 613 9835 9650 
f 2469 9836 9835 
f 2426 9650 9836 
f 9835 9836 9650 
f 623 9837 9839 
f 2470 9838 9837 
f 2469 9839 9838 
f 9837 9838 9839 
f 2426 9836 9833 
f 2469 9838 9836 
f 2470 9833 9838 
f 9836 9838 9833 
f 621 9832 9822 
f 2468 9840 9832 
f 2466 9822 9840 
f 9832 9840 9822 
f 623 9839 9828 
f 2469 9841 9839 
f 2468 9828 9841 
f 9839 9841 9828 
f 613 9825 9835 
f 2466 9842 9825 
f 2469 9835 9842 
f 9825 9842 9835 
f 2468 9841 9840 
f 2469 9842 9841 
f 2466 9840 9842 
f 9841 9842 9840 
f 28 9572 9729 
f 2408 9843 9572 
f 2444 9729 9843 
f 9572 9843 9729 
f 611 9844 9575 
f 2471 9845 9844 
f 2408 9575 9845 
f 9844 9845 9575 
f 618 9733 9847 
f 2444 9846 9733 
f 2471 9847 9846 
f 9733 9846 9847 
f 2408 9845 9843 
f 2471 9846 9845 
f 2444 9843 9846 
f 9845 9846 9843 
f 157 9848 9585 
f 2472 9849 9848 
f 2411 9585 9849 
f 9848 9849 9585 
f 624 9850 9852 
f 2473 9851 9850 
f 2472 9852 9851 
f 9850 9851 9852 
f 611 9590 9854 
f 2411 9853 9590 
f 2473 9854 9853 
f 9590 9853 9854 
f 2472 9851 9849 
f 2473 9853 9851 
f 2411 9849 9853 
f 9851 9853 9849 
f 159 9738 9856 
f 2448 9855 9738 
f 2475 9856 9855 
f 9738 9855 9856 
f 618 9857 9742 
f 2474 9858 9857 
f 2448 9742 9858 
f 9857 9858 9742 
f 624 9859 9861 
f 2475 9860 9859 
f 2474 9861 9860 
f 9859 9860 9861 
f 2448 9858 9855 
f 2474 9860 9858 
f 2475 9855 9860 
f 9858 9860 9855 
f 611 9854 9844 
f 2473 9862 9854 
f 2471 9844 9862 
f 9854 9862 9844 
f 624 9861 9850 
f 2474 9863 9861 
f 2473 9850 9863 
f 9861 9863 9850 
f 618 9847 9857 
f 2471 9864 9847 
f 2474 9857 9864 
f 9847 9864 9857 
f 2473 9863 9862 
f 2474 9864 9863 
f 2471 9862 9864 
f 9863 9864 9862 
f 158 9834 9804 
f 2470 9865 9834 
f 2462 9804 9865 
f 9834 9865 9804 
f 623 9866 9837 
f 2476 9867 9866 
f 2470 9837 9867 
f 9866 9867 9837 
f 622 9808 9869 
f 2462 9868 9808 
f 2476 9869 9868 
f 9808 9868 9869 
f 2470 9867 9865 
f 2476 9868 9867 
f 2462 9865 9868 
f 9867 9868 9865 
f 159 9856 9826 
f 2475 9870 9856 
f 2467 9826 9870 
f 9856 9870 9826 
f 624 9871 9859 
f 2477 9872 9871 
f 2475 9859 9872 
f 9871 9872 9859 
f 623 9830 9874 
f 2467 9873 9830 
f 2477 9874 9873 
f 9830 9873 9874 
f 2475 9872 9870 
f 2477 9873 9872 
f 2467 9870 9873 
f 9872 9873 9870 
f 157 9812 9848 
f 2465 9875 9812 
f 2472 9848 9875 
f 9812 9875 9848 
f 622 9876 9815 
f 2478 9877 9876 
f 2465 9815 9877 
f 9876 9877 9815 
f 624 9852 9879 
f 2472 9878 9852 
f 2478 9879 9878 
f 9852 9878 9879 
f 2465 9877 9875 
f 2478 9878 9877 
f 2472 9875 9878 
f 9877 9878 9875 
f 623 9874 9866 
f 2477 9880 9874 
f 2476 9866 9880 
f 9874 9880 9866 
f 624 9879 9871 
f 2478 9881 9879 
f 2477 9871 9881 
f 9879 9881 9871 
f 622 9869 9876 
f 2476 9882 9869 
f 2478 9876 9882 
f 9869 9882 9876 
f 2477 9881 9880 
f 2478 9882 9881 
f 2476 9880 9882 
f 9881 9882 9880 
f 5 4965 3871 
f 1269 9883 4965 
f 985 3871 9883 
f 4965 9883 3871 
f 333 9884 4969 
f 2479 9885 9884 
f 1269 4969 9885 
f 9884 9885 4969 
f 256 3875 9887 
f 985 9886 3875 
f 2479 9887 9886 
f 3875 9886 9887 
f 1269 9885 9883 
f 2479 9886 9885 
f 985 9883 9886 
f 9885 9886 9883 
f 93 9888 4981 
f 2480 9889 9888 
f 1273 4981 9889 
f 9888 9889 4981 
f 625 9890 9892 
f 2481 9891 9890 
f 2480 9892 9891 
f 9890 9891 9892 
f 333 4986 9894 
f 1273 9893 4986 
f 2481 9894 9893 
f 4986 9893 9894 
f 2480 9891 9889 
f 2481 9893 9891 
f 1273 9889 9893 
f 9891 9893 9889 
f 70 3880 9896 
f 989 9895 3880 
f 2483 9896 9895 
f 3880 9895 9896 
f 256 9897 3884 
f 2482 9898 9897 
f 989 3884 9898 
f 9897 9898 3884 
f 625 9899 9901 
f 2483 9900 9899 
f 2482 9901 9900 
f 9899 9900 9901 
f 989 9898 9895 
f 2482 9900 9898 
f 2483 9895 9900 
f 9898 9900 9895 
f 333 9894 9884 
f 2481 9902 9894 
f 2479 9884 9902 
f 9894 9902 9884 
f 625 9901 9890 
f 2482 9903 9901 
f 2481 9890 9903 
f 9901 9903 9890 
f 256 9887 9897 
f 2479 9904 9887 
f 2482 9897 9904 
f 9887 9904 9897 
f 2481 9903 9902 
f 2482 9904 9903 
f 2479 9902 9904 
f 9903 9904 9902 
f 30 9905 5023 
f 2484 9906 9905 
f 1285 5023 9906 
f 9905 9906 5023 
f 626 9907 9909 
f 2485 9908 9907 
f 2484 9909 9908 
f 9907 9908 9909 
f 337 5028 9911 
f 1285 9910 5028 
f 2485 9911 9910 
f 5028 9910 9911 
f 2484 9908 9906 
f 2485 9910 9908 
f 1285 9906 9910 
f 9908 9910 9906 
f 160 9912 9914 
f 2486 9913 9912 
f 2488 9914 9913 
f 9912 9913 9914 
f 627 9915 9917 
f 2487 9916 9915 
f 2486 9917 9916 
f 9915 9916 9917 
f 626 9918 9920 
f 2488 9919 9918 
f 2487 9920 9919 
f 9918 9919 9920 
f 2486 9916 9913 
f 2487 9919 9916 
f 2488 9913 9919 
f 9916 9919 9913 
f 93 5034 9922 
f 1290 9921 5034 
f 2490 9922 9921 
f 5034 9921 9922 
f 337 9923 5038 
f 2489 9924 9923 
f 1290 5038 9924 
f 9923 9924 5038 
f 627 9925 9927 
f 2490 9926 9925 
f 2489 9927 9926 
f 9925 9926 9927 
f 1290 9924 9921 
f 2489 9926 9924 
f 2490 9921 9926 
f 9924 9926 9921 
f 626 9920 9907 
f 2487 9928 9920 
f 2485 9907 9928 
f 9920 9928 9907 
f 627 9927 9915 
f 2489 9929 9927 
f 2487 9915 9929 
f 9927 9929 9915 
f 337 9911 9923 
f 2485 9930 9911 
f 2489 9923 9930 
f 9911 9930 9923 
f 2487 9929 9928 
f 2489 9930 9929 
f 2485 9928 9930 
f 9929 9930 9928 
f 21 3899 9932 
f 994 9931 3899 
f 2492 9932 9931 
f 3899 9931 9932 
f 260 9933 3903 
f 2491 9934 9933 
f 994 3903 9934 
f 9933 9934 3903 
f 629 9935 9937 
f 2492 9936 9935 
f 2491 9937 9936 
f 9935 9936 9937 
f 994 9934 9931 
f 2491 9936 9934 
f 2492 9931 9936 
f 9934 9936 9931 
f 70 9938 3915 
f 2493 9939 9938 
f 998 3915 9939 
f 9938 9939 3915 
f 628 9940 9942 
f 2494 9941 9940 
f 2493 9942 9941 
f 9940 9941 9942 
f 260 3920 9944 
f 998 9943 3920 
f 2494 9944 9943 
f 3920 9943 9944 
f 2493 9941 9939 
f 2494 9943 9941 
f 998 9939 9943 
f 9941 9943 9939 
f 160 9945 9947 
f 2495 9946 9945 
f 2497 9947 9946 
f 9945 9946 9947 
f 629 9948 9950 
f 2496 9949 9948 
f 2495 9950 9949 
f 9948 9949 9950 
f 628 9951 9953 
f 2497 9952 9951 
f 2496 9953 9952 
f 9951 9952 9953 
f 2495 9949 9946 
f 2496 9952 9949 
f 2497 9946 9952 
f 9949 9952 9946 
f 260 9944 9933 
f 2494 9954 9944 
f 2491 9933 9954 
f 9944 9954 9933 
f 628 9953 9940 
f 2496 9955 9953 
f 2494 9940 9955 
f 9953 9955 9940 
f 629 9937 9948 
f 2491 9956 9937 
f 2496 9948 9956 
f 9937 9956 9948 
f 2494 9955 9954 
f 2496 9956 9955 
f 2491 9954 9956 
f 9955 9956 9954 
f 93 9922 9888 
f 2490 9957 9922 
f 2480 9888 9957 
f 9922 9957 9888 
f 627 9958 9925 
f 2498 9959 9958 
f 2490 9925 9959 
f 9958 9959 9925 
f 625 9892 9961 
f 2480 9960 9892 
f 2498 9961 9960 
f 9892 9960 9961 
f 2490 9959 9957 
f 2498 9960 9959 
f 2480 9957 9960 
f 9959 9960 9957 
f 160 9947 9912 
f 2497 9962 9947 
f 2486 9912 9962 
f 9947 9962 9912 
f 628 9963 9951 
f 2499 9964 9963 
f 2497 9951 9964 
f 9963 9964 9951 
f 627 9917 9966 
f 2486 9965 9917 
f 2499 9966 9965 
f 9917 9965 9966 
f 2497 9964 9962 
f 2499 9965 9964 
f 2486 9962 9965 
f 9964 9965 9962 
f 70 9896 9938 
f 2483 9967 9896 
f 2493 9938 9967 
f 9896 9967 9938 
f 625 9968 9899 
f 2500 9969 9968 
f 2483 9899 9969 
f 9968 9969 9899 
f 628 9942 9971 
f 2493 9970 9942 
f 2500 9971 9970 
f 9942 9970 9971 
f 2483 9969 9967 
f 2500 9970 9969 
f 2493 9967 9970 
f 9969 9970 9967 
f 627 9966 9958 
f 2499 9972 9966 
f 2498 9958 9972 
f 9966 9972 9958 
f 628 9971 9963 
f 2500 9973 9971 
f 2499 9963 9973 
f 9971 9973 9963 
f 625 9961 9968 
f 2498 9974 9961 
f 2500 9968 9974 
f 9961 9974 9968 
f 2499 9973 9972 
f 2500 9974 9973 
f 2498 9972 9974 
f 9973 9974 9972 
f 11 6973 5179 
f 1793 9975 6973 
f 1327 5179 9975 
f 6973 9975 5179 
f 475 9976 6977 
f 2501 9977 9976 
f 1793 6977 9977 
f 9976 9977 6977 
f 349 5184 9979 
f 1327 9978 5184 
f 2501 9979 9978 
f 5184 9978 9979 
f 1793 9977 9975 
f 2501 9978 9977 
f 1327 9975 9978 
f 9977 9978 9975 
f 134 9980 6989 
f 2502 9981 9980 
f 1797 6989 9981 
f 9980 9981 6989 
f 630 9982 9984 
f 2503 9983 9982 
f 2502 9984 9983 
f 9982 9983 9984 
f 475 6994 9986 
f 1797 9985 6994 
f 2503 9986 9985 
f 6994 9985 9986 
f 2502 9983 9981 
f 2503 9985 9983 
f 1797 9981 9985 
f 9983 9985 9981 
f 97 5190 9988 
f 1332 9987 5190 
f 2505 9988 9987 
f 5190 9987 9988 
f 349 9989 5194 
f 2504 9990 9989 
f 1332 5194 9990 
f 9989 9990 5194 
f 630 9991 9993 
f 2505 9992 9991 
f 2504 9993 9992 
f 9991 9992 9993 
f 1332 9990 9987 
f 2504 9992 9990 
f 2505 9987 9992 
f 9990 9992 9987 
f 475 9986 9976 
f 2503 9994 9986 
f 2501 9976 9994 
f 9986 9994 9976 
f 630 9993 9982 
f 2504 9995 9993 
f 2503 9982 9995 
f 9993 9995 9982 
f 349 9979 9989 
f 2501 9996 9979 
f 2504 9989 9996 
f 9979 9996 9989 
f 2503 9995 9994 
f 2504 9996 9995 
f 2501 9994 9996 
f 9995 9996 9994 
f 42 9997 7031 
f 2506 9998 9997 
f 1809 7031 9998 
f 9997 9998 7031 
f 631 9999 10001 
f 2507 10000 9999 
f 2506 10001 10000 
f 9999 10000 10001 
f 479 7036 10003 
f 1809 10002 7036 
f 2507 10003 10002 
f 7036 10002 10003 
f 2506 10000 9998 
f 2507 10002 10000 
f 1809 9998 10002 
f 10000 10002 9998 
f 161 10004 10006 
f 2508 10005 10004 
f 2510 10006 10005 
f 10004 10005 10006 
f 632 10007 10009 
f 2509 10008 10007 
f 2508 10009 10008 
f 10007 10008 10009 
f 631 10010 10012 
f 2510 10011 10010 
f 2509 10012 10011 
f 10010 10011 10012 
f 2508 10008 10005 
f 2509 10011 10008 
f 2510 10005 10011 
f 10008 10011 10005 
f 134 7042 10014 
f 1814 10013 7042 
f 2512 10014 10013 
f 7042 10013 10014 
f 479 10015 7046 
f 2511 10016 10015 
f 1814 7046 10016 
f 10015 10016 7046 
f 632 10017 10019 
f 2512 10018 10017 
f 2511 10019 10018 
f 10017 10018 10019 
f 1814 10016 10013 
f 2511 10018 10016 
f 2512 10013 10018 
f 10016 10018 10013 
f 631 10012 9999 
f 2509 10020 10012 
f 2507 9999 10020 
f 10012 10020 9999 
f 632 10019 10007 
f 2511 10021 10019 
f 2509 10007 10021 
f 10019 10021 10007 
f 479 10003 10015 
f 2507 10022 10003 
f 2511 10015 10022 
f 10003 10022 10015 
f 2509 10021 10020 
f 2511 10022 10021 
f 2507 10020 10022 
f 10021 10022 10020 
f 30 5211 10024 
f 1338 10023 5211 
f 2514 10024 10023 
f 5211 10023 10024 
f 354 10025 5215 
f 2513 10026 10025 
f 1338 5215 10026 
f 10025 10026 5215 
f 634 10027 10029 
f 2514 10028 10027 
f 2513 10029 10028 
f 10027 10028 10029 
f 1338 10026 10023 
f 2513 10028 10026 
f 2514 10023 10028 
f 10026 10028 10023 
f 97 10030 5227 
f 2515 10031 10030 
f 1342 5227 10031 
f 10030 10031 5227 
f 633 10032 10034 
f 2516 10033 10032 
f 2515 10034 10033 
f 10032 10033 10034 
f 354 5232 10036 
f 1342 10035 5232 
f 2516 10036 10035 
f 5232 10035 10036 
f 2515 10033 10031 
f 2516 10035 10033 
f 1342 10031 10035 
f 10033 10035 10031 
f 161 10037 10039 
f 2517 10038 10037 
f 2519 10039 10038 
f 10037 10038 10039 
f 634 10040 10042 
f 2518 10041 10040 
f 2517 10042 10041 
f 10040 10041 10042 
f 633 10043 10045 
f 2519 10044 10043 
f 2518 10045 10044 
f 10043 10044 10045 
f 2517 10041 10038 
f 2518 10044 10041 
f 2519 10038 10044 
f 10041 10044 10038 
f 354 10036 10025 
f 2516 10046 10036 
f 2513 10025 10046 
f 10036 10046 10025 
f 633 10045 10032 
f 2518 10047 10045 
f 2516 10032 10047 
f 10045 10047 10032 
f 634 10029 10040 
f 2513 10048 10029 
f 2518 10040 10048 
f 10029 10048 10040 
f 2516 10047 10046 
f 2518 10048 10047 
f 2513 10046 10048 
f 10047 10048 10046 
f 134 10014 9980 
f 2512 10049 10014 
f 2502 9980 10049 
f 10014 10049 9980 
f 632 10050 10017 
f 2520 10051 10050 
f 2512 10017 10051 
f 10050 10051 10017 
f 630 9984 10053 
f 2502 10052 9984 
f 2520 10053 10052 
f 9984 10052 10053 
f 2512 10051 10049 
f 2520 10052 10051 
f 2502 10049 10052 
f 10051 10052 10049 
f 161 10039 10004 
f 2519 10054 10039 
f 2508 10004 10054 
f 10039 10054 10004 
f 633 10055 10043 
f 2521 10056 10055 
f 2519 10043 10056 
f 10055 10056 10043 
f 632 10009 10058 
f 2508 10057 10009 
f 2521 10058 10057 
f 10009 10057 10058 
f 2519 10056 10054 
f 2521 10057 10056 
f 2508 10054 10057 
f 10056 10057 10054 
f 97 9988 10030 
f 2505 10059 9988 
f 2515 10030 10059 
f 9988 10059 10030 
f 630 10060 9991 
f 2522 10061 10060 
f 2505 9991 10061 
f 10060 10061 9991 
f 633 10034 10063 
f 2515 10062 10034 
f 2522 10063 10062 
f 10034 10062 10063 
f 2505 10061 10059 
f 2522 10062 10061 
f 2515 10059 10062 
f 10061 10062 10059 
f 632 10058 10050 
f 2521 10064 10058 
f 2520 10050 10064 
f 10058 10064 10050 
f 633 10063 10055 
f 2522 10065 10063 
f 2521 10055 10065 
f 10063 10065 10055 
f 630 10053 10060 
f 2520 10066 10053 
f 2522 10060 10066 
f 10053 10066 10060 
f 2521 10065 10064 
f 2522 10066 10065 
f 2520 10064 10066 
f 10065 10066 10064 
f 7 3973 7179 
f 1013 10067 3973 
f 1847 7179 10067 
f 3973 10067 7179 
f 265 10068 3977 
f 2523 10069 10068 
f 1013 3977 10069 
f 10068 10069 3977 
f 489 7183 10071 
f 1847 10070 7183 
f 2523 10071 10070 
f 7183 10070 10071 
f 1013 10069 10067 
f 2523 10070 10069 
f 1847 10067 10070 
f 10069 10070 10067 
f 74 10072 3989 
f 2524 10073 10072 
f 1017 3989 10073 
f 10072 10073 3989 
f 635 10074 10076 
f 2525 10075 10074 
f 2524 10076 10075 
f 10074 10075 10076 
f 265 3994 10078 
f 1017 10077 3994 
f 2525 10078 10077 
f 3994 10077 10078 
f 2524 10075 10073 
f 2525 10077 10075 
f 1017 10073 10077 
f 10075 10077 10073 
f 137 7188 10080 
f 1851 10079 7188 
f 2527 10080 10079 
f 7188 10079 10080 
f 489 10081 7192 
f 2526 10082 10081 
f 1851 7192 10082 
f 10081 10082 7192 
f 635 10083 10085 
f 2527 10084 10083 
f 2526 10085 10084 
f 10083 10084 10085 
f 1851 10082 10079 
f 2526 10084 10082 
f 2527 10079 10084 
f 10082 10084 10079 
f 265 10078 10068 
f 2525 10086 10078 
f 2523 10068 10086 
f 10078 10086 10068 
f 635 10085 10074 
f 2526 10087 10085 
f 2525 10074 10087 
f 10085 10087 10074 
f 489 10071 10081 
f 2523 10088 10071 
f 2526 10081 10088 
f 10071 10088 10081 
f 2525 10087 10086 
f 2526 10088 10087 
f 2523 10086 10088 
f 10087 10088 10086 
f 21 10089 4031 
f 2528 10090 10089 
f 1029 4031 10090 
f 10089 10090 4031 
f 636 10091 10093 
f 2529 10092 10091 
f 2528 10093 10092 
f 10091 10092 10093 
f 269 4036 10095 
f 1029 10094 4036 
f 2529 10095 10094 
f 4036 10094 10095 
f 2528 10092 10090 
f 2529 10094 10092 
f 1029 10090 10094 
f 10092 10094 10090 
f 162 10096 10098 
f 2530 10097 10096 
f 2532 10098 10097 
f 10096 10097 10098 
f 637 10099 10101 
f 2531 10100 10099 
f 2530 10101 10100 
f 10099 10100 10101 
f 636 10102 10104 
f 2532 10103 10102 
f 2531 10104 10103 
f 10102 10103 10104 
f 2530 10100 10097 
f 2531 10103 10100 
f 2532 10097 10103 
f 10100 10103 10097 
f 74 4042 10106 
f 1034 10105 4042 
f 2534 10106 10105 
f 4042 10105 10106 
f 269 10107 4046 
f 2533 10108 10107 
f 1034 4046 10108 
f 10107 10108 4046 
f 637 10109 10111 
f 2534 10110 10109 
f 2533 10111 10110 
f 10109 10110 10111 
f 1034 10108 10105 
f 2533 10110 10108 
f 2534 10105 10110 
f 10108 10110 10105 
f 636 10104 10091 
f 2531 10112 10104 
f 2529 10091 10112 
f 10104 10112 10091 
f 637 10111 10099 
f 2533 10113 10111 
f 2531 10099 10113 
f 10111 10113 10099 
f 269 10095 10107 
f 2529 10114 10095 
f 2533 10107 10114 
f 10095 10114 10107 
f 2531 10113 10112 
f 2533 10114 10113 
f 2529 10112 10114 
f 10113 10114 10112 
f 42 7207 10116 
f 1856 10115 7207 
f 2536 10116 10115 
f 7207 10115 10116 
f 493 10117 7211 
f 2535 10118 10117 
f 1856 7211 10118 
f 10117 10118 7211 
f 639 10119 10121 
f 2536 10120 10119 
f 2535 10121 10120 
f 10119 10120 10121 
f 1856 10118 10115 
f 2535 10120 10118 
f 2536 10115 10120 
f 10118 10120 10115 
f 137 10122 7223 
f 2537 10123 10122 
f 1860 7223 10123 
f 10122 10123 7223 
f 638 10124 10126 
f 2538 10125 10124 
f 2537 10126 10125 
f 10124 10125 10126 
f 493 7228 10128 
f 1860 10127 7228 
f 2538 10128 10127 
f 7228 10127 10128 
f 2537 10125 10123 
f 2538 10127 10125 
f 1860 10123 10127 
f 10125 10127 10123 
f 162 10129 10131 
f 2539 10130 10129 
f 2541 10131 10130 
f 10129 10130 10131 
f 639 10132 10134 
f 2540 10133 10132 
f 2539 10134 10133 
f 10132 10133 10134 
f 638 10135 10137 
f 2541 10136 10135 
f 2540 10137 10136 
f 10135 10136 10137 
f 2539 10133 10130 
f 2540 10136 10133 
f 2541 10130 10136 
f 10133 10136 10130 
f 493 10128 10117 
f 2538 10138 10128 
f 2535 10117 10138 
f 10128 10138 10117 
f 638 10137 10124 
f 2540 10139 10137 
f 2538 10124 10139 
f 10137 10139 10124 
f 639 10121 10132 
f 2535 10140 10121 
f 2540 10132 10140 
f 10121 10140 10132 
f 2538 10139 10138 
f 2540 10140 10139 
f 2535 10138 10140 
f 10139 10140 10138 
f 74 10106 10072 
f 2534 10141 10106 
f 2524 10072 10141 
f 10106 10141 10072 
f 637 10142 10109 
f 2542 10143 10142 
f 2534 10109 10143 
f 10142 10143 10109 
f 635 10076 10145 
f 2524 10144 10076 
f 2542 10145 10144 
f 10076 10144 10145 
f 2534 10143 10141 
f 2542 10144 10143 
f 2524 10141 10144 
f 10143 10144 10141 
f 162 10131 10096 
f 2541 10146 10131 
f 2530 10096 10146 
f 10131 10146 10096 
f 638 10147 10135 
f 2543 10148 10147 
f 2541 10135 10148 
f 10147 10148 10135 
f 637 10101 10150 
f 2530 10149 10101 
f 2543 10150 10149 
f 10101 10149 10150 
f 2541 10148 10146 
f 2543 10149 10148 
f 2530 10146 10149 
f 10148 10149 10146 
f 137 10080 10122 
f 2527 10151 10080 
f 2537 10122 10151 
f 10080 10151 10122 
f 635 10152 10083 
f 2544 10153 10152 
f 2527 10083 10153 
f 10152 10153 10083 
f 638 10126 10155 
f 2537 10154 10126 
f 2544 10155 10154 
f 10126 10154 10155 
f 2527 10153 10151 
f 2544 10154 10153 
f 2537 10151 10154 
f 10153 10154 10151 
f 637 10150 10142 
f 2543 10156 10150 
f 2542 10142 10156 
f 10150 10156 10142 
f 638 10155 10147 
f 2544 10157 10155 
f 2543 10147 10157 
f 10155 10157 10147 
f 635 10145 10152 
f 2542 10158 10145 
f 2544 10152 10158 
f 10145 10158 10152 
f 2543 10157 10156 
f 2544 10158 10157 
f 2542 10156 10158 
f 10157 10158 10156 
f 30 10024 9905 
f 2514 10159 10024 
f 2484 9905 10159 
f 10024 10159 9905 
f 634 10160 10027 
f 2545 10161 10160 
f 2514 10027 10161 
f 10160 10161 10027 
f 626 9909 10163 
f 2484 10162 9909 
f 2545 10163 10162 
f 9909 10162 10163 
f 2514 10161 10159 
f 2545 10162 10161 
f 2484 10159 10162 
f 10161 10162 10159 
f 161 10164 10037 
f 2546 10165 10164 
f 2517 10037 10165 
f 10164 10165 10037 
f 640 10166 10168 
f 2547 10167 10166 
f 2546 10168 10167 
f 10166 10167 10168 
f 634 10042 10170 
f 2517 10169 10042 
f 2547 10170 10169 
f 10042 10169 10170 
f 2546 10167 10165 
f 2547 10169 10167 
f 2517 10165 10169 
f 10167 10169 10165 
f 160 9914 10172 
f 2488 10171 9914 
f 2549 10172 10171 
f 9914 10171 10172 
f 626 10173 9918 
f 2548 10174 10173 
f 2488 9918 10174 
f 10173 10174 9918 
f 640 10175 10177 
f 2549 10176 10175 
f 2548 10177 10176 
f 10175 10176 10177 
f 2488 10174 10171 
f 2548 10176 10174 
f 2549 10171 10176 
f 10174 10176 10171 
f 634 10170 10160 
f 2547 10178 10170 
f 2545 10160 10178 
f 10170 10178 10160 
f 640 10177 10166 
f 2548 10179 10177 
f 2547 10166 10179 
f 10177 10179 10166 
f 626 10163 10173 
f 2545 10180 10163 
f 2548 10173 10180 
f 10163 10180 10173 
f 2547 10179 10178 
f 2548 10180 10179 
f 2545 10178 10180 
f 10179 10180 10178 
f 42 10116 9997 
f 2536 10181 10116 
f 2506 9997 10181 
f 10116 10181 9997 
f 639 10182 10119 
f 2550 10183 10182 
f 2536 10119 10183 
f 10182 10183 10119 
f 631 10001 10185 
f 2506 10184 10001 
f 2550 10185 10184 
f 10001 10184 10185 
f 2536 10183 10181 
f 2550 10184 10183 
f 2506 10181 10184 
f 10183 10184 10181 
f 162 10186 10129 
f 2551 10187 10186 
f 2539 10129 10187 
f 10186 10187 10129 
f 641 10188 10190 
f 2552 10189 10188 
f 2551 10190 10189 
f 10188 10189 10190 
f 639 10134 10192 
f 2539 10191 10134 
f 2552 10192 10191 
f 10134 10191 10192 
f 2551 10189 10187 
f 2552 10191 10189 
f 2539 10187 10191 
f 10189 10191 10187 
f 161 10006 10194 
f 2510 10193 10006 
f 2554 10194 10193 
f 10006 10193 10194 
f 631 10195 10010 
f 2553 10196 10195 
f 2510 10010 10196 
f 10195 10196 10010 
f 641 10197 10199 
f 2554 10198 10197 
f 2553 10199 10198 
f 10197 10198 10199 
f 2510 10196 10193 
f 2553 10198 10196 
f 2554 10193 10198 
f 10196 10198 10193 
f 639 10192 10182 
f 2552 10200 10192 
f 2550 10182 10200 
f 10192 10200 10182 
f 641 10199 10188 
f 2553 10201 10199 
f 2552 10188 10201 
f 10199 10201 10188 
f 631 10185 10195 
f 2550 10202 10185 
f 2553 10195 10202 
f 10185 10202 10195 
f 2552 10201 10200 
f 2553 10202 10201 
f 2550 10200 10202 
f 10201 10202 10200 
f 21 9932 10089 
f 2492 10203 9932 
f 2528 10089 10203 
f 9932 10203 10089 
f 629 10204 9935 
f 2555 10205 10204 
f 2492 9935 10205 
f 10204 10205 9935 
f 636 10093 10207 
f 2528 10206 10093 
f 2555 10207 10206 
f 10093 10206 10207 
f 2492 10205 10203 
f 2555 10206 10205 
f 2528 10203 10206 
f 10205 10206 10203 
f 160 10208 9945 
f 2556 10209 10208 
f 2495 9945 10209 
f 10208 10209 9945 
f 642 10210 10212 
f 2557 10211 10210 
f 2556 10212 10211 
f 10210 10211 10212 
f 629 9950 10214 
f 2495 10213 9950 
f 2557 10214 10213 
f 9950 10213 10214 
f 2556 10211 10209 
f 2557 10213 10211 
f 2495 10209 10213 
f 10211 10213 10209 
f 162 10098 10216 
f 2532 10215 10098 
f 2559 10216 10215 
f 10098 10215 10216 
f 636 10217 10102 
f 2558 10218 10217 
f 2532 10102 10218 
f 10217 10218 10102 
f 642 10219 10221 
f 2559 10220 10219 
f 2558 10221 10220 
f 10219 10220 10221 
f 2532 10218 10215 
f 2558 10220 10218 
f 2559 10215 10220 
f 10218 10220 10215 
f 629 10214 10204 
f 2557 10222 10214 
f 2555 10204 10222 
f 10214 10222 10204 
f 642 10221 10210 
f 2558 10223 10221 
f 2557 10210 10223 
f 10221 10223 10210 
f 636 10207 10217 
f 2555 10224 10207 
f 2558 10217 10224 
f 10207 10224 10217 
f 2557 10223 10222 
f 2558 10224 10223 
f 2555 10222 10224 
f 10223 10224 10222 
f 161 10194 10164 
f 2554 10225 10194 
f 2546 10164 10225 
f 10194 10225 10164 
f 641 10226 10197 
f 2560 10227 10226 
f 2554 10197 10227 
f 10226 10227 10197 
f 640 10168 10229 
f 2546 10228 10168 
f 2560 10229 10228 
f 10168 10228 10229 
f 2554 10227 10225 
f 2560 10228 10227 
f 2546 10225 10228 
f 10227 10228 10225 
f 162 10216 10186 
f 2559 10230 10216 
f 2551 10186 10230 
f 10216 10230 10186 
f 642 10231 10219 
f 2561 10232 10231 
f 2559 10219 10232 
f 10231 10232 10219 
f 641 10190 10234 
f 2551 10233 10190 
f 2561 10234 10233 
f 10190 10233 10234 
f 2559 10232 10230 
f 2561 10233 10232 
f 2551 10230 10233 
f 10232 10233 10230 
f 160 10172 10208 
f 2549 10235 10172 
f 2556 10208 10235 
f 10172 10235 10208 
f 640 10236 10175 
f 2562 10237 10236 
f 2549 10175 10237 
f 10236 10237 10175 
f 642 10212 10239 
f 2556 10238 10212 
f 2562 10239 10238 
f 10212 10238 10239 
f 2549 10237 10235 
f 2562 10238 10237 
f 2556 10235 10238 
f 10237 10238 10235 
f 641 10234 10226 
f 2561 10240 10234 
f 2560 10226 10240 
f 10234 10240 10226 
f 642 10239 10231 
f 2562 10241 10239 
f 2561 10231 10241 
f 10239 10241 10231 
f 640 10229 10236 
f 2560 10242 10229 
f 2562 10236 10242 
f 10229 10242 10236 
f 2561 10241 10240 
f 2562 10242 10241 
f 2560 10240 10242 
f 10241 10242 10240 
