v 0.0 0.30901699437495 -0.5 
v 0.30901699437495 0.5 0.0 
v -0.30901699437495 0.5 0.0 
v 0.0 0.30901699437495 0.5 
v 0.0 -0.30901699437495 0.5 
v -0.5 0.0 0.30901699437495 
v 0.5 0.0 0.30901699437495 
v 0.0 -0.30901699437495 -0.5 
v 0.5 0.0 -0.30901699437495 
v -0.5 0.0 -0.30901699437495 
v 0.30901699437495 -0.5 0.0 
v -0.30901699437495 -0.5 0.0 
v -0.3090169943749491 0.8090169943749477 -0.49999999999999856 
v 0.0 1.0 0.0 
v 0.3090169943749491 0.8090169943749477 -0.49999999999999856 
v 0.3090169943749491 0.8090169943749477 0.49999999999999856 
v -0.3090169943749491 0.8090169943749477 0.49999999999999856 
v -0.49999999999999856 0.3090169943749491 0.8090169943749477 
v -0.49999999999999856 -0.3090169943749491 0.8090169943749477 
v 0.0 0.0 1.0 
v 0.49999999999999856 -0.3090169943749491 0.8090169943749477 
v 0.49999999999999856 0.3090169943749491 0.8090169943749477 
v 0.49999999999999856 0.3090169943749491 -0.8090169943749477 
v 0.49999999999999856 -0.3090169943749491 -0.8090169943749477 
v 0.0 0.0 -1.0 
v -0.49999999999999856 -0.3090169943749491 -0.8090169943749477 
v -0.49999999999999856 0.3090169943749491 -0.8090169943749477 
v -0.3090169943749491 -0.8090169943749477 0.49999999999999856 
v 0.0 -1.0 0.0 
v 0.3090169943749491 -0.8090169943749477 0.49999999999999856 
v 0.3090169943749491 -0.8090169943749477 -0.49999999999999856 
v -0.3090169943749491 -0.8090169943749477 -0.49999999999999856 
v -0.8090169943749477 0.49999999999999856 -0.3090169943749491 
v -1.0 0.0 0.0 
v -0.8090169943749477 0.49999999999999856 0.3090169943749491 
v -0.8090169943749477 -0.49999999999999856 0.3090169943749491 
v -0.8090169943749477 -0.49999999999999856 -0.3090169943749491 
v 0.8090169943749477 0.49999999999999856 0.3090169943749491 
v 1.0 0.0 0.0 
v 0.8090169943749477 0.49999999999999856 -0.3090169943749491 
v 0.8090169943749477 -0.49999999999999856 -0.3090169943749491 
v 0.8090169943749477 -0.49999999999999856 0.3090169943749491 
v -0.2017741061675998 0.7300255741640036 -0.652954723657608 
v 0.0 0.8506508083520407 -0.5257311121191324 
v 0.2017741061675998 0.7300255741640036 -0.652954723657608 
v -0.20177410616760047 0.9794320854864138 0.0 
v -0.16245984811645403 0.9510565162951536 -0.262865556059566 
v -0.4035482123352001 0.8547288298252076 -0.3264773618288035 
v 0.4035482123352001 0.8547288298252076 -0.3264773618288035 
v 0.16245984811645403 0.9510565162951536 -0.262865556059566 
v 0.20177410616760047 0.9794320854864138 0.0 
v 0.2017741061675998 0.7300255741640036 0.652954723657608 
v 0.0 0.8506508083520407 0.5257311121191324 
v -0.2017741061675998 0.7300255741640036 0.652954723657608 
v 0.16245984811645403 0.9510565162951536 0.262865556059566 
v 0.4035482123352001 0.8547288298252076 0.3264773618288035 
v -0.4035482123352001 0.8547288298252076 0.3264773618288035 
v -0.16245984811645403 0.9510565162951536 0.262865556059566 
v -0.3264773618288035 0.4035482123352001 0.8547288298252076 
v -0.262865556059566 0.16245984811645403 0.9510565162951536 
v 0.0 0.20177410616760047 0.9794320854864138 
v -0.652954723657608 -0.2017741061675998 0.7300255741640036 
v -0.5257311121191324 0.0 0.8506508083520407 
v -0.652954723657608 0.2017741061675998 0.7300255741640036 
v 0.0 -0.20177410616760047 0.9794320854864138 
v -0.262865556059566 -0.16245984811645403 0.9510565162951536 
v -0.3264773618288035 -0.4035482123352001 0.8547288298252076 
v 0.262865556059566 0.16245984811645403 0.9510565162951536 
v 0.3264773618288035 0.4035482123352001 0.8547288298252076 
v 0.3264773618288035 -0.4035482123352001 0.8547288298252076 
v 0.262865556059566 -0.16245984811645403 0.9510565162951536 
v 0.652954723657608 0.2017741061675998 0.7300255741640036 
v 0.5257311121191324 0.0 0.8506508083520407 
v 0.652954723657608 -0.2017741061675998 0.7300255741640036 
v 0.3264773618288035 0.4035482123352001 -0.8547288298252076 
v 0.262865556059566 0.16245984811645403 -0.9510565162951536 
v 0.0 0.20177410616760047 -0.9794320854864138 
v 0.652954723657608 -0.2017741061675998 -0.7300255741640036 
v 0.5257311121191324 0.0 -0.8506508083520407 
v 0.652954723657608 0.2017741061675998 -0.7300255741640036 
v 0.0 -0.20177410616760047 -0.9794320854864138 
v 0.262865556059566 -0.16245984811645403 -0.9510565162951536 
v 0.3264773618288035 -0.4035482123352001 -0.8547288298252076 
v -0.262865556059566 0.16245984811645403 -0.9510565162951536 
v -0.3264773618288035 0.4035482123352001 -0.8547288298252076 
v -0.3264773618288035 -0.4035482123352001 -0.8547288298252076 
v -0.262865556059566 -0.16245984811645403 -0.9510565162951536 
v -0.652954723657608 0.2017741061675998 -0.7300255741640036 
v -0.5257311121191324 0.0 -0.8506508083520407 
v -0.652954723657608 -0.2017741061675998 -0.7300255741640036 
v -0.2017741061675998 -0.7300255741640036 0.652954723657608 
v 0.0 -0.8506508083520407 0.5257311121191324 
v 0.2017741061675998 -0.7300255741640036 0.652954723657608 
v -0.20177410616760047 -0.9794320854864138 0.0 
v -0.16245984811645403 -0.9510565162951536 0.262865556059566 
v -0.4035482123352001 -0.8547288298252076 0.3264773618288035 
v 0.4035482123352001 -0.8547288298252076 0.3264773618288035 
v 0.16245984811645403 -0.9510565162951536 0.262865556059566 
v 0.20177410616760047 -0.9794320854864138 0.0 
v 0.2017741061675998 -0.7300255741640036 -0.652954723657608 
v 0.0 -0.8506508083520407 -0.5257311121191324 
v -0.2017741061675998 -0.7300255741640036 -0.652954723657608 
v 0.16245984811645403 -0.9510565162951536 -0.262865556059566 
v 0.4035482123352001 -0.8547288298252076 -0.3264773618288035 
v -0.4035482123352001 -0.8547288298252076 -0.3264773618288035 
v -0.16245984811645403 -0.9510565162951536 -0.262865556059566 
v -0.7300255741640036 0.652954723657608 -0.2017741061675998 
v -0.8506508083520407 0.5257311121191324 0.0 
v -0.7300255741640036 0.652954723657608 0.2017741061675998 
v -0.9794320854864138 0.0 -0.20177410616760047 
v -0.9510565162951536 0.262865556059566 -0.16245984811645403 
v -0.8547288298252076 0.3264773618288035 -0.4035482123352001 
v -0.8547288298252076 0.3264773618288035 0.4035482123352001 
v -0.9510565162951536 0.262865556059566 0.16245984811645403 
v -0.9794320854864138 0.0 0.20177410616760047 
v -0.7300255741640036 -0.652954723657608 0.2017741061675998 
v -0.8506508083520407 -0.5257311121191324 0.0 
v -0.7300255741640036 -0.652954723657608 -0.2017741061675998 
v -0.9510565162951536 -0.262865556059566 0.16245984811645403 
v -0.8547288298252076 -0.3264773618288035 0.4035482123352001 
v -0.8547288298252076 -0.3264773618288035 -0.4035482123352001 
v -0.9510565162951536 -0.262865556059566 -0.16245984811645403 
v 0.7300255741640036 0.652954723657608 0.2017741061675998 
v 0.8506508083520407 0.5257311121191324 0.0 
v 0.7300255741640036 0.652954723657608 -0.2017741061675998 
v 0.9794320854864138 0.0 0.20177410616760047 
v 0.9510565162951536 0.262865556059566 0.16245984811645403 
v 0.8547288298252076 0.3264773618288035 0.4035482123352001 
v 0.8547288298252076 0.3264773618288035 -0.4035482123352001 
v 0.9510565162951536 0.262865556059566 -0.16245984811645403 
v 0.9794320854864138 0.0 -0.20177410616760047 
v 0.7300255741640036 -0.652954723657608 -0.2017741061675998 
v 0.8506508083520407 -0.5257311121191324 0.0 
v 0.7300255741640036 -0.652954723657608 0.2017741061675998 
v 0.9510565162951536 -0.262865556059566 -0.16245984811645403 
v 0.8547288298252076 -0.3264773618288035 -0.4035482123352001 
v 0.8547288298252076 -0.3264773618288035 0.4035482123352001 
v 0.9510565162951536 -0.262865556059566 0.16245984811645403 
v -0.42532540417602005 0.587785252292474 0.688190960235586 
v -0.587785252292474 0.688190960235586 0.42532540417602005 
v -0.688190960235586 0.42532540417602005 0.587785252292474 
v 0.42532540417602005 0.587785252292474 0.688190960235586 
v 0.688190960235586 0.42532540417602005 0.587785252292474 
v 0.587785252292474 0.688190960235586 0.42532540417602005 
v -0.42532540417602005 0.587785252292474 -0.688190960235586 
v -0.688190960235586 0.42532540417602005 -0.587785252292474 
v -0.587785252292474 0.688190960235586 -0.42532540417602005 
v 0.42532540417602005 0.587785252292474 -0.688190960235586 
v 0.587785252292474 0.688190960235586 -0.42532540417602005 
v 0.688190960235586 0.42532540417602005 -0.587785252292474 
v -0.42532540417602005 -0.587785252292474 -0.688190960235586 
v -0.587785252292474 -0.688190960235586 -0.42532540417602005 
v -0.688190960235586 -0.42532540417602005 -0.587785252292474 
v 0.42532540417602005 -0.587785252292474 -0.688190960235586 
v 0.688190960235586 -0.42532540417602005 -0.587785252292474 
v 0.587785252292474 -0.688190960235586 -0.42532540417602005 
v -0.42532540417602005 -0.587785252292474 0.688190960235586 
v -0.688190960235586 -0.42532540417602005 0.587785252292474 
v -0.587785252292474 -0.688190960235586 0.42532540417602005 
v 0.42532540417602005 -0.587785252292474 0.688190960235586 
v 0.587785252292474 -0.688190960235586 0.42532540417602005 
v 0.688190960235586 -0.42532540417602005 0.587785252292474 
v -0.1289185659305001 0.6638705055916375 -0.7366518547889 
v 0.0 0.7453559924999312 -0.6666666666666653 
v 0.1289185659305001 0.6638705055916375 -0.7366518547889 
v -0.15643446504023178 0.8401778853271396 -0.5192584897281821 
v -0.10180034247349025 0.7974928009158486 -0.5946779992228356 
v -0.25671900529199776 0.7735089293405747 -0.5794646568620773 
v 0.25671900529199776 0.7735089293405747 -0.5794646568620773 
v 0.10180034247349025 0.7974928009158486 -0.5946779992228356 
v 0.15643446504023178 0.8401778853271396 -0.5192584897281821 
v -0.32635731820469616 0.9452464762453435 0.0 
v -0.3090169943749495 0.936338998124982 -0.16666666666666605 
v -0.4552758841351961 0.8655704207194003 -0.20859462145644161 
v -0.08224246527936274 0.9876883405951378 -0.13307110414059092 
v -0.18376560794074961 0.9739822643015137 -0.13262258542293207 
v -0.10140984792806404 0.9948447329825931 0.0 
v -0.3581288532200617 0.836183662154075 -0.4153800761205131 
v -0.2855659504142398 0.9110661925865174 -0.29733899961141746 
v -0.23867693031959444 0.891006524188368 -0.38618738558759086 
v 0.4552758841351961 0.8655704207194003 -0.20859462145644161 
v 0.3090169943749495 0.936338998124982 -0.16666666666666605 
v 0.32635731820469616 0.9452464762453435 0.0 
v 0.23867693031959444 0.891006524188368 -0.38618738558759086 
v 0.2855659504142398 0.9110661925865174 -0.29733899961141746 
v 0.3581288532200617 0.836183662154075 -0.4153800761205131 
v 0.10140984792806404 0.9948447329825931 0.0 
v 0.18376560794074961 0.9739822643015137 -0.13262258542293207 
v 0.08224246527936274 0.9876883405951378 -0.13307110414059092 
v -0.08232358003196061 0.9129824929322995 -0.3996070517018501 
v 0.0 0.9638612634676228 -0.26640470113456666 
v 0.08232358003196061 0.9129824929322995 -0.3996070517018501 
v 0.1289185659305001 0.6638705055916375 0.7366518547889 
v 0.0 0.7453559924999312 0.6666666666666653 
v -0.1289185659305001 0.6638705055916375 0.7366518547889 
v 0.15643446504023178 0.8401778853271396 0.5192584897281821 
v 0.10180034247349025 0.7974928009158486 0.5946779992228356 
v 0.25671900529199776 0.7735089293405747 0.5794646568620773 
v -0.25671900529199776 0.7735089293405747 0.5794646568620773 
v -0.10180034247349025 0.7974928009158486 0.5946779992228356 
v -0.15643446504023178 0.8401778853271396 0.5192584897281821 
v 0.3090169943749495 0.936338998124982 0.16666666666666605 
v 0.4552758841351961 0.8655704207194003 0.20859462145644161 
v 0.08224246527936274 0.9876883405951378 0.13307110414059092 
v 0.18376560794074961 0.9739822643015137 0.13262258542293207 
v 0.3581288532200617 0.836183662154075 0.4153800761205131 
v 0.2855659504142398 0.9110661925865174 0.29733899961141746 
v 0.23867693031959444 0.891006524188368 0.38618738558759086 
v -0.4552758841351961 0.8655704207194003 0.20859462145644161 
v -0.3090169943749495 0.936338998124982 0.16666666666666605 
v -0.23867693031959444 0.891006524188368 0.38618738558759086 
v -0.2855659504142398 0.9110661925865174 0.29733899961141746 
v -0.3581288532200617 0.836183662154075 0.4153800761205131 
v -0.18376560794074961 0.9739822643015137 0.13262258542293207 
v -0.08224246527936274 0.9876883405951378 0.13307110414059092 
v 0.08232358003196061 0.9129824929322995 0.3996070517018501 
v 0.0 0.9638612634676228 0.26640470113456666 
v -0.08232358003196061 0.9129824929322995 0.3996070517018501 
v -0.2085946214564416 0.45527588413519604 0.8655704207194 
v -0.16666666666666605 0.3090169943749495 0.936338998124982 
v 0.0 0.32635731820469616 0.9452464762453435 
v -0.38618738558759086 0.23867693031959444 0.891006524188368 
v -0.29733899961141746 0.2855659504142398 0.9110661925865174 
v -0.4153800761205131 0.3581288532200617 0.836183662154075 
v 0.0 0.10140984792806404 0.9948447329825931 
v -0.13262258542293207 0.18376560794074961 0.9739822643015138 
v -0.13307110414059092 0.08224246527936274 0.9876883405951378 
v -0.7366518547889 -0.1289185659305001 0.6638705055916375 
v -0.6666666666666653 0.0 0.7453559924999312 
v -0.7366518547889 0.1289185659305001 0.6638705055916375 
v -0.519258489728182 -0.15643446504023176 0.8401778853271394 
v -0.5946779992228356 -0.10180034247349024 0.7974928009158485 
v -0.5794646568620773 -0.25671900529199776 0.7735089293405747 
v -0.5794646568620773 0.25671900529199776 0.7735089293405747 
v -0.5946779992228356 0.10180034247349024 0.7974928009158485 
v -0.519258489728182 0.15643446504023176 0.8401778853271394 
v 0.0 -0.32635731820469616 0.9452464762453435 
v -0.16666666666666605 -0.3090169943749495 0.936338998124982 
v -0.2085946214564416 -0.45527588413519604 0.8655704207194 
v -0.13307110414059092 -0.08224246527936274 0.9876883405951378 
v -0.13262258542293207 -0.18376560794074961 0.9739822643015138 
v 0.0 -0.10140984792806404 0.9948447329825931 
v -0.4153800761205131 -0.3581288532200617 0.836183662154075 
v -0.29733899961141746 -0.2855659504142398 0.9110661925865174 
v -0.38618738558759086 -0.23867693031959444 0.891006524188368 
v -0.3996070517018501 0.08232358003196061 0.9129824929322995 
v -0.3996070517018501 -0.08232358003196061 0.9129824929322995 
v -0.26640470113456666 0.0 0.9638612634676228 
v 0.16666666666666605 0.3090169943749495 0.936338998124982 
v 0.2085946214564416 0.45527588413519604 0.8655704207194 
v 0.13307110414059092 0.08224246527936274 0.9876883405951378 
v 0.13262258542293207 0.18376560794074961 0.9739822643015138 
v 0.4153800761205131 0.3581288532200617 0.836183662154075 
v 0.29733899961141746 0.2855659504142398 0.9110661925865174 
v 0.38618738558759086 0.23867693031959444 0.891006524188368 
v 0.2085946214564416 -0.45527588413519604 0.8655704207194 
v 0.16666666666666605 -0.3090169943749495 0.936338998124982 
v 0.38618738558759086 -0.23867693031959444 0.891006524188368 
v 0.29733899961141746 -0.2855659504142398 0.9110661925865174 
v 0.4153800761205131 -0.3581288532200617 0.836183662154075 
v 0.13262258542293207 -0.18376560794074961 0.9739822643015138 
v 0.13307110414059092 -0.08224246527936274 0.9876883405951378 
v 0.7366518547889 0.1289185659305001 0.6638705055916375 
v 0.6666666666666653 0.0 0.7453559924999312 
v 0.7366518547889 -0.1289185659305001 0.6638705055916375 
v 0.519258489728182 0.15643446504023176 0.8401778853271394 
v 0.5946779992228356 0.10180034247349024 0.7974928009158485 
v 0.5794646568620773 0.25671900529199776 0.7735089293405747 
v 0.5794646568620773 -0.25671900529199776 0.7735089293405747 
v 0.5946779992228356 -0.10180034247349024 0.7974928009158485 
v 0.519258489728182 -0.15643446504023176 0.8401778853271394 
v 0.26640470113456666 0.0 0.9638612634676228 
v 0.3996070517018501 -0.08232358003196061 0.9129824929322995 
v 0.3996070517018501 0.08232358003196061 0.9129824929322995 
v 0.2085946214564416 0.45527588413519604 -0.8655704207194 
v 0.16666666666666605 0.3090169943749495 -0.936338998124982 
v 0.0 0.32635731820469616 -0.9452464762453435 
v 0.38618738558759086 0.23867693031959444 -0.891006524188368 
v 0.29733899961141746 0.2855659504142398 -0.9110661925865174 
v 0.4153800761205131 0.3581288532200617 -0.836183662154075 
v 0.0 0.10140984792806404 -0.9948447329825931 
v 0.13262258542293207 0.18376560794074961 -0.9739822643015138 
v 0.13307110414059092 0.08224246527936274 -0.9876883405951378 
v 0.7366518547889 -0.1289185659305001 -0.6638705055916375 
v 0.6666666666666653 0.0 -0.7453559924999312 
v 0.7366518547889 0.1289185659305001 -0.6638705055916375 
v 0.519258489728182 -0.15643446504023176 -0.8401778853271394 
v 0.5946779992228356 -0.10180034247349024 -0.7974928009158485 
v 0.5794646568620773 -0.25671900529199776 -0.7735089293405747 
v 0.5794646568620773 0.25671900529199776 -0.7735089293405747 
v 0.5946779992228356 0.10180034247349024 -0.7974928009158485 
v 0.519258489728182 0.15643446504023176 -0.8401778853271394 
v 0.0 -0.32635731820469616 -0.9452464762453435 
v 0.16666666666666605 -0.3090169943749495 -0.936338998124982 
v 0.2085946214564416 -0.45527588413519604 -0.8655704207194 
v 0.13307110414059092 -0.08224246527936274 -0.9876883405951378 
v 0.13262258542293207 -0.18376560794074961 -0.9739822643015138 
v 0.0 -0.10140984792806404 -0.9948447329825931 
v 0.4153800761205131 -0.3581288532200617 -0.836183662154075 
v 0.29733899961141746 -0.2855659504142398 -0.9110661925865174 
v 0.38618738558759086 -0.23867693031959444 -0.891006524188368 
v 0.3996070517018501 0.08232358003196061 -0.9129824929322995 
v 0.3996070517018501 -0.08232358003196061 -0.9129824929322995 
v 0.26640470113456666 0.0 -0.9638612634676228 
v -0.16666666666666605 0.3090169943749495 -0.936338998124982 
v -0.2085946214564416 0.45527588413519604 -0.8655704207194 
v -0.13307110414059092 0.08224246527936274 -0.9876883405951378 
v -0.13262258542293207 0.18376560794074961 -0.9739822643015138 
v -0.4153800761205131 0.3581288532200617 -0.836183662154075 
v -0.29733899961141746 0.2855659504142398 -0.9110661925865174 
v -0.38618738558759086 0.23867693031959444 -0.891006524188368 
v -0.2085946214564416 -0.45527588413519604 -0.8655704207194 
v -0.16666666666666605 -0.3090169943749495 -0.936338998124982 
v -0.38618738558759086 -0.23867693031959444 -0.891006524188368 
v -0.29733899961141746 -0.2855659504142398 -0.9110661925865174 
v -0.4153800761205131 -0.3581288532200617 -0.836183662154075 
v -0.13262258542293207 -0.18376560794074961 -0.9739822643015138 
v -0.13307110414059092 -0.08224246527936274 -0.9876883405951378 
v -0.7366518547889 0.1289185659305001 -0.6638705055916375 
v -0.6666666666666653 0.0 -0.7453559924999312 
v -0.7366518547889 -0.1289185659305001 -0.6638705055916375 
v -0.519258489728182 0.15643446504023176 -0.8401778853271394 
v -0.5946779992228356 0.10180034247349024 -0.7974928009158485 
v -0.5794646568620773 0.25671900529199776 -0.7735089293405747 
v -0.5794646568620773 -0.25671900529199776 -0.7735089293405747 
v -0.5946779992228356 -0.10180034247349024 -0.7974928009158485 
v -0.519258489728182 -0.15643446504023176 -0.8401778853271394 
v -0.26640470113456666 0.0 -0.9638612634676228 
v -0.3996070517018501 -0.08232358003196061 -0.9129824929322995 
v -0.3996070517018501 0.08232358003196061 -0.9129824929322995 
v -0.1289185659305001 -0.6638705055916375 0.7366518547889 
v 0.0 -0.7453559924999312 0.6666666666666653 
v 0.1289185659305001 -0.6638705055916375 0.7366518547889 
v -0.15643446504023178 -0.8401778853271396 0.5192584897281821 
v -0.10180034247349025 -0.7974928009158486 0.5946779992228356 
v -0.25671900529199776 -0.7735089293405747 0.5794646568620773 
v 0.25671900529199776 -0.7735089293405747 0.5794646568620773 
v 0.10180034247349025 -0.7974928009158486 0.5946779992228356 
v 0.15643446504023178 -0.8401778853271396 0.5192584897281821 
v -0.32635731820469616 -0.9452464762453435 0.0 
v -0.3090169943749495 -0.936338998124982 0.16666666666666605 
v -0.4552758841351961 -0.8655704207194003 0.20859462145644161 
v -0.08224246527936274 -0.9876883405951378 0.13307110414059092 
v -0.18376560794074961 -0.9739822643015137 0.13262258542293207 
v -0.10140984792806404 -0.9948447329825931 0.0 
v -0.3581288532200617 -0.836183662154075 0.4153800761205131 
v -0.2855659504142398 -0.9110661925865174 0.29733899961141746 
v -0.23867693031959444 -0.891006524188368 0.38618738558759086 
v 0.4552758841351961 -0.8655704207194003 0.20859462145644161 
v 0.3090169943749495 -0.936338998124982 0.16666666666666605 
v 0.32635731820469616 -0.9452464762453435 0.0 
v 0.23867693031959444 -0.891006524188368 0.38618738558759086 
v 0.2855659504142398 -0.9110661925865174 0.29733899961141746 
v 0.3581288532200617 -0.836183662154075 0.4153800761205131 
v 0.10140984792806404 -0.9948447329825931 0.0 
v 0.18376560794074961 -0.9739822643015137 0.13262258542293207 
v 0.08224246527936274 -0.9876883405951378 0.13307110414059092 
v -0.08232358003196061 -0.9129824929322995 0.3996070517018501 
v 0.0 -0.9638612634676228 0.26640470113456666 
v 0.08232358003196061 -0.9129824929322995 0.3996070517018501 
v 0.1289185659305001 -0.6638705055916375 -0.7366518547889 
v 0.0 -0.7453559924999312 -0.6666666666666653 
v -0.1289185659305001 -0.6638705055916375 -0.7366518547889 
v 0.15643446504023178 -0.8401778853271396 -0.5192584897281821 
v 0.10180034247349025 -0.7974928009158486 -0.5946779992228356 
v 0.25671900529199776 -0.7735089293405747 -0.5794646568620773 
v -0.25671900529199776 -0.7735089293405747 -0.5794646568620773 
v -0.10180034247349025 -0.7974928009158486 -0.5946779992228356 
v -0.15643446504023178 -0.8401778853271396 -0.5192584897281821 
v 0.3090169943749495 -0.936338998124982 -0.16666666666666605 
v 0.4552758841351961 -0.8655704207194003 -0.20859462145644161 
v 0.08224246527936274 -0.9876883405951378 -0.13307110414059092 
v 0.18376560794074961 -0.9739822643015137 -0.13262258542293207 
v 0.3581288532200617 -0.836183662154075 -0.4153800761205131 
v 0.2855659504142398 -0.9110661925865174 -0.29733899961141746 
v 0.23867693031959444 -0.891006524188368 -0.38618738558759086 
v -0.4552758841351961 -0.8655704207194003 -0.20859462145644161 
v -0.3090169943749495 -0.936338998124982 -0.16666666666666605 
v -0.23867693031959444 -0.891006524188368 -0.38618738558759086 
v -0.2855659504142398 -0.9110661925865174 -0.29733899961141746 
v -0.3581288532200617 -0.836183662154075 -0.4153800761205131 
v -0.18376560794074961 -0.9739822643015137 -0.13262258542293207 
v -0.08224246527936274 -0.9876883405951378 -0.13307110414059092 
v 0.08232358003196061 -0.9129824929322995 -0.3996070517018501 
v 0.0 -0.9638612634676228 -0.26640470113456666 
v -0.08232358003196061 -0.9129824929322995 -0.3996070517018501 
v -0.6638705055916376 0.7366518547889002 -0.1289185659305001 
v -0.7453559924999312 0.6666666666666653 0.0 
v -0.6638705055916376 0.7366518547889002 0.1289185659305001 
v -0.8401778853271396 0.5192584897281821 -0.15643446504023178 
v -0.7974928009158486 0.5946779992228356 -0.10180034247349025 
v -0.7735089293405748 0.5794646568620774 -0.2567190052919978 
v -0.7735089293405748 0.5794646568620774 0.2567190052919978 
v -0.7974928009158486 0.5946779992228356 0.10180034247349025 
v -0.8401778853271396 0.5192584897281821 0.15643446504023178 
v -0.9452464762453435 0.0 -0.32635731820469616 
v -0.936338998124982 0.16666666666666605 -0.3090169943749495 
v -0.8655704207194003 0.20859462145644161 -0.4552758841351961 
v -0.9876883405951378 0.13307110414059092 -0.08224246527936274 
v -0.9739822643015137 0.13262258542293207 -0.18376560794074961 
v -0.9948447329825931 0.0 -0.10140984792806404 
v -0.836183662154075 0.4153800761205131 -0.3581288532200617 
v -0.9110661925865174 0.29733899961141746 -0.2855659504142398 
v -0.891006524188368 0.38618738558759086 -0.23867693031959444 
v -0.8655704207194003 0.20859462145644161 0.4552758841351961 
v -0.936338998124982 0.16666666666666605 0.3090169943749495 
v -0.9452464762453435 0.0 0.32635731820469616 
v -0.891006524188368 0.38618738558759086 0.23867693031959444 
v -0.9110661925865174 0.29733899961141746 0.2855659504142398 
v -0.836183662154075 0.4153800761205131 0.3581288532200617 
v -0.9948447329825931 0.0 0.10140984792806404 
v -0.9739822643015137 0.13262258542293207 0.18376560794074961 
v -0.9876883405951378 0.13307110414059092 0.08224246527936274 
v -0.9129824929322995 0.3996070517018501 -0.08232358003196061 
v -0.9638612634676228 0.26640470113456666 0.0 
v -0.9129824929322995 0.3996070517018501 0.08232358003196061 
v -0.6638705055916376 -0.7366518547889002 0.1289185659305001 
v -0.7453559924999312 -0.6666666666666653 0.0 
v -0.6638705055916376 -0.7366518547889002 -0.1289185659305001 
v -0.8401778853271396 -0.5192584897281821 0.15643446504023178 
v -0.7974928009158486 -0.5946779992228356 0.10180034247349025 
v -0.7735089293405748 -0.5794646568620774 0.2567190052919978 
v -0.7735089293405748 -0.5794646568620774 -0.2567190052919978 
v -0.7974928009158486 -0.5946779992228356 -0.10180034247349025 
v -0.8401778853271396 -0.5192584897281821 -0.15643446504023178 
v -0.936338998124982 -0.16666666666666605 0.3090169943749495 
v -0.8655704207194003 -0.20859462145644161 0.4552758841351961 
v -0.9876883405951378 -0.13307110414059092 0.08224246527936274 
v -0.9739822643015137 -0.13262258542293207 0.18376560794074961 
v -0.836183662154075 -0.4153800761205131 0.3581288532200617 
v -0.9110661925865174 -0.29733899961141746 0.2855659504142398 
v -0.891006524188368 -0.38618738558759086 0.23867693031959444 
v -0.8655704207194003 -0.20859462145644161 -0.4552758841351961 
v -0.936338998124982 -0.16666666666666605 -0.3090169943749495 
v -0.891006524188368 -0.38618738558759086 -0.23867693031959444 
v -0.9110661925865174 -0.29733899961141746 -0.2855659504142398 
v -0.836183662154075 -0.4153800761205131 -0.3581288532200617 
v -0.9739822643015137 -0.13262258542293207 -0.18376560794074961 
v -0.9876883405951378 -0.13307110414059092 -0.08224246527936274 
v -0.9129824929322995 -0.3996070517018501 0.08232358003196061 
v -0.9638612634676228 -0.26640470113456666 0.0 
v -0.9129824929322995 -0.3996070517018501 -0.08232358003196061 
v 0.6638705055916376 0.7366518547889002 0.1289185659305001 
v 0.7453559924999312 0.6666666666666653 0.0 
v 0.6638705055916376 0.7366518547889002 -0.1289185659305001 
v 0.8401778853271396 0.5192584897281821 0.15643446504023178 
v 0.7974928009158486 0.5946779992228356 0.10180034247349025 
v 0.7735089293405748 0.5794646568620774 0.2567190052919978 
v 0.7735089293405748 0.5794646568620774 -0.2567190052919978 
v 0.7974928009158486 0.5946779992228356 -0.10180034247349025 
v 0.8401778853271396 0.5192584897281821 -0.15643446504023178 
v 0.9452464762453435 0.0 0.32635731820469616 
v 0.936338998124982 0.16666666666666605 0.3090169943749495 
v 0.8655704207194003 0.20859462145644161 0.4552758841351961 
v 0.9876883405951378 0.13307110414059092 0.08224246527936274 
v 0.9739822643015137 0.13262258542293207 0.18376560794074961 
v 0.9948447329825931 0.0 0.10140984792806404 
v 0.836183662154075 0.4153800761205131 0.3581288532200617 
v 0.9110661925865174 0.29733899961141746 0.2855659504142398 
v 0.891006524188368 0.38618738558759086 0.23867693031959444 
v 0.8655704207194003 0.20859462145644161 -0.4552758841351961 
v 0.936338998124982 0.16666666666666605 -0.3090169943749495 
v 0.9452464762453435 0.0 -0.32635731820469616 
v 0.891006524188368 0.38618738558759086 -0.23867693031959444 
v 0.9110661925865174 0.29733899961141746 -0.2855659504142398 
v 0.836183662154075 0.4153800761205131 -0.3581288532200617 
v 0.9948447329825931 0.0 -0.10140984792806404 
v 0.9739822643015137 0.13262258542293207 -0.18376560794074961 
v 0.9876883405951378 0.13307110414059092 -0.08224246527936274 
v 0.9129824929322995 0.3996070517018501 0.08232358003196061 
v 0.9638612634676228 0.26640470113456666 0.0 
v 0.9129824929322995 0.3996070517018501 -0.08232358003196061 
v 0.6638705055916376 -0.7366518547889002 -0.1289185659305001 
v 0.7453559924999312 -0.6666666666666653 0.0 
v 0.6638705055916376 -0.7366518547889002 0.1289185659305001 
v 0.8401778853271396 -0.5192584897281821 -0.15643446504023178 
v 0.7974928009158486 -0.5946779992228356 -0.10180034247349025 
v 0.7735089293405748 -0.5794646568620774 -0.2567190052919978 
v 0.7735089293405748 -0.5794646568620774 0.2567190052919978 
v 0.7974928009158486 -0.5946779992228356 0.10180034247349025 
v 0.8401778853271396 -0.5192584897281821 0.15643446504023178 
v 0.936338998124982 -0.16666666666666605 -0.3090169943749495 
v 0.8655704207194003 -0.20859462145644161 -0.4552758841351961 
v 0.9876883405951378 -0.13307110414059092 -0.08224246527936274 
v 0.9739822643015137 -0.13262258542293207 -0.18376560794074961 
v 0.836183662154075 -0.4153800761205131 -0.3581288532200617 
v 0.9110661925865174 -0.29733899961141746 -0.2855659504142398 
v 0.891006524188368 -0.38618738558759086 -0.23867693031959444 
v 0.8655704207194003 -0.20859462145644161 0.4552758841351961 
v 0.936338998124982 -0.16666666666666605 0.3090169943749495 
v 0.891006524188368 -0.38618738558759086 0.23867693031959444 
v 0.9110661925865174 -0.29733899961141746 0.2855659504142398 
v 0.836183662154075 -0.4153800761205131 0.3581288532200617 
v 0.9739822643015137 -0.13262258542293207 0.18376560794074961 
v 0.9876883405951378 -0.13307110414059092 0.08224246527936274 
v 0.9129824929322995 -0.3996070517018501 -0.08232358003196061 
v 0.9638612634676228 -0.26640470113456666 0.0 
v 0.9129824929322995 -0.3996070517018501 0.08232358003196061 
v -0.26967233145831565 0.5786893258332649 0.7696723314583146 
v -0.3717480344601854 0.7071067811865481 0.6015009550075445 
v -0.31638819336368135 0.6648702154929161 0.6766432646900943 
v -0.37930426507867643 0.5001538013044309 0.7784436071635845 
v -0.46842985086695366 0.4539904997395481 0.7579354200477763 
v -0.5786893258332649 0.7696723314583146 0.26967233145831565 
v -0.7071067811865481 0.6015009550075445 0.3717480344601854 
v -0.6648702154929161 0.6766432646900943 0.31638819336368135 
v -0.5001538013044309 0.7784436071635845 0.37930426507867643 
v -0.4539904997395481 0.7579354200477763 0.46842985086695366 
v -0.7696723314583146 0.26967233145831565 0.5786893258332649 
v -0.6015009550075445 0.3717480344601854 0.7071067811865481 
v -0.6766432646900943 0.31638819336368135 0.6648702154929161 
v -0.7784436071635845 0.37930426507867643 0.5001538013044309 
v -0.7579354200477763 0.46842985086695366 0.4539904997395481 
v -0.5133754412304483 0.6465777917977317 0.5642542117657711 
v -0.6465777917977317 0.5642542117657711 0.5133754412304483 
v -0.5642542117657711 0.5133754412304483 0.6465777917977317 
v 0.26967233145831565 0.5786893258332649 0.7696723314583146 
v 0.46842985086695366 0.4539904997395481 0.7579354200477763 
v 0.37930426507867643 0.5001538013044309 0.7784436071635845 
v 0.31638819336368135 0.6648702154929161 0.6766432646900943 
v 0.3717480344601854 0.7071067811865481 0.6015009550075445 
v 0.7696723314583146 0.26967233145831565 0.5786893258332649 
v 0.7579354200477763 0.46842985086695366 0.4539904997395481 
v 0.7784436071635845 0.37930426507867643 0.5001538013044309 
v 0.6766432646900943 0.31638819336368135 0.6648702154929161 
v 0.6015009550075445 0.3717480344601854 0.7071067811865481 
v 0.5786893258332649 0.7696723314583146 0.26967233145831565 
v 0.4539904997395481 0.7579354200477763 0.46842985086695366 
v 0.5001538013044309 0.7784436071635845 0.37930426507867643 
v 0.6648702154929161 0.6766432646900943 0.31638819336368135 
v 0.7071067811865481 0.6015009550075445 0.3717480344601854 
v 0.5642542117657711 0.5133754412304483 0.6465777917977317 
v 0.6465777917977317 0.5642542117657711 0.5133754412304483 
v 0.5133754412304483 0.6465777917977317 0.5642542117657711 
v -0.26967233145831565 0.5786893258332649 -0.7696723314583146 
v -0.46842985086695366 0.4539904997395481 -0.7579354200477763 
v -0.37930426507867643 0.5001538013044309 -0.7784436071635845 
v -0.31638819336368135 0.6648702154929161 -0.6766432646900943 
v -0.3717480344601854 0.7071067811865481 -0.6015009550075445 
v -0.7696723314583146 0.26967233145831565 -0.5786893258332649 
v -0.7579354200477763 0.46842985086695366 -0.4539904997395481 
v -0.7784436071635845 0.37930426507867643 -0.5001538013044309 
v -0.6766432646900943 0.31638819336368135 -0.6648702154929161 
v -0.6015009550075445 0.3717480344601854 -0.7071067811865481 
v -0.5786893258332649 0.7696723314583146 -0.26967233145831565 
v -0.4539904997395481 0.7579354200477763 -0.46842985086695366 
v -0.5001538013044309 0.7784436071635845 -0.37930426507867643 
v -0.6648702154929161 0.6766432646900943 -0.31638819336368135 
v -0.7071067811865481 0.6015009550075445 -0.3717480344601854 
v -0.5642542117657711 0.5133754412304483 -0.6465777917977317 
v -0.6465777917977317 0.5642542117657711 -0.5133754412304483 
v -0.5133754412304483 0.6465777917977317 -0.5642542117657711 
v 0.26967233145831565 0.5786893258332649 -0.7696723314583146 
v 0.3717480344601854 0.7071067811865481 -0.6015009550075445 
v 0.31638819336368135 0.6648702154929161 -0.6766432646900943 
v 0.37930426507867643 0.5001538013044309 -0.7784436071635845 
v 0.46842985086695366 0.4539904997395481 -0.7579354200477763 
v 0.5786893258332649 0.7696723314583146 -0.26967233145831565 
v 0.7071067811865481 0.6015009550075445 -0.3717480344601854 
v 0.6648702154929161 0.6766432646900943 -0.31638819336368135 
v 0.5001538013044309 0.7784436071635845 -0.37930426507867643 
v 0.4539904997395481 0.7579354200477763 -0.46842985086695366 
v 0.7696723314583146 0.26967233145831565 -0.5786893258332649 
v 0.6015009550075445 0.3717480344601854 -0.7071067811865481 
v 0.6766432646900943 0.31638819336368135 -0.6648702154929161 
v 0.7784436071635845 0.37930426507867643 -0.5001538013044309 
v 0.7579354200477763 0.46842985086695366 -0.4539904997395481 
v 0.5133754412304483 0.6465777917977317 -0.5642542117657711 
v 0.6465777917977317 0.5642542117657711 -0.5133754412304483 
v 0.5642542117657711 0.5133754412304483 -0.6465777917977317 
v -0.26967233145831565 -0.5786893258332649 -0.7696723314583146 
v -0.3717480344601854 -0.7071067811865481 -0.6015009550075445 
v -0.31638819336368135 -0.6648702154929161 -0.6766432646900943 
v -0.37930426507867643 -0.5001538013044309 -0.7784436071635845 
v -0.46842985086695366 -0.4539904997395481 -0.7579354200477763 
v -0.5786893258332649 -0.7696723314583146 -0.26967233145831565 
v -0.7071067811865481 -0.6015009550075445 -0.3717480344601854 
v -0.6648702154929161 -0.6766432646900943 -0.31638819336368135 
v -0.5001538013044309 -0.7784436071635845 -0.37930426507867643 
v -0.4539904997395481 -0.7579354200477763 -0.46842985086695366 
v -0.7696723314583146 -0.26967233145831565 -0.5786893258332649 
v -0.6015009550075445 -0.3717480344601854 -0.7071067811865481 
v -0.6766432646900943 -0.31638819336368135 -0.6648702154929161 
v -0.7784436071635845 -0.37930426507867643 -0.5001538013044309 
v -0.7579354200477763 -0.46842985086695366 -0.4539904997395481 
v -0.5133754412304483 -0.6465777917977317 -0.5642542117657711 
v -0.6465777917977317 -0.5642542117657711 -0.5133754412304483 
v -0.5642542117657711 -0.5133754412304483 -0.6465777917977317 
v 0.26967233145831565 -0.5786893258332649 -0.7696723314583146 
v 0.46842985086695366 -0.4539904997395481 -0.7579354200477763 
v 0.37930426507867643 -0.5001538013044309 -0.7784436071635845 
v 0.31638819336368135 -0.6648702154929161 -0.6766432646900943 
v 0.3717480344601854 -0.7071067811865481 -0.6015009550075445 
v 0.7696723314583146 -0.26967233145831565 -0.5786893258332649 
v 0.7579354200477763 -0.46842985086695366 -0.4539904997395481 
v 0.7784436071635845 -0.37930426507867643 -0.5001538013044309 
v 0.6766432646900943 -0.31638819336368135 -0.6648702154929161 
v 0.6015009550075445 -0.3717480344601854 -0.7071067811865481 
v 0.5786893258332649 -0.7696723314583146 -0.26967233145831565 
v 0.4539904997395481 -0.7579354200477763 -0.46842985086695366 
v 0.5001538013044309 -0.7784436071635845 -0.37930426507867643 
v 0.6648702154929161 -0.6766432646900943 -0.31638819336368135 
v 0.7071067811865481 -0.6015009550075445 -0.3717480344601854 
v 0.5642542117657711 -0.5133754412304483 -0.6465777917977317 
v 0.6465777917977317 -0.5642542117657711 -0.5133754412304483 
v 0.5133754412304483 -0.6465777917977317 -0.5642542117657711 
v -0.26967233145831565 -0.5786893258332649 0.7696723314583146 
v -0.46842985086695366 -0.4539904997395481 0.7579354200477763 
v -0.37930426507867643 -0.5001538013044309 0.7784436071635845 
v -0.31638819336368135 -0.6648702154929161 0.6766432646900943 
v -0.3717480344601854 -0.7071067811865481 0.6015009550075445 
v -0.7696723314583146 -0.26967233145831565 0.5786893258332649 
v -0.7579354200477763 -0.46842985086695366 0.4539904997395481 
v -0.7784436071635845 -0.37930426507867643 0.5001538013044309 
v -0.6766432646900943 -0.31638819336368135 0.6648702154929161 
v -0.6015009550075445 -0.3717480344601854 0.7071067811865481 
v -0.5786893258332649 -0.7696723314583146 0.26967233145831565 
v -0.4539904997395481 -0.7579354200477763 0.46842985086695366 
v -0.5001538013044309 -0.7784436071635845 0.37930426507867643 
v -0.6648702154929161 -0.6766432646900943 0.31638819336368135 
v -0.7071067811865481 -0.6015009550075445 0.3717480344601854 
v -0.5642542117657711 -0.5133754412304483 0.6465777917977317 
v -0.6465777917977317 -0.5642542117657711 0.5133754412304483 
v -0.5133754412304483 -0.6465777917977317 0.5642542117657711 
v 0.26967233145831565 -0.5786893258332649 0.7696723314583146 
v 0.3717480344601854 -0.7071067811865481 0.6015009550075445 
v 0.31638819336368135 -0.6648702154929161 0.6766432646900943 
v 0.37930426507867643 -0.5001538013044309 0.7784436071635845 
v 0.46842985086695366 -0.4539904997395481 0.7579354200477763 
v 0.5786893258332649 -0.7696723314583146 0.26967233145831565 
v 0.7071067811865481 -0.6015009550075445 0.3717480344601854 
v 0.6648702154929161 -0.6766432646900943 0.31638819336368135 
v 0.5001538013044309 -0.7784436071635845 0.37930426507867643 
v 0.4539904997395481 -0.7579354200477763 0.46842985086695366 
v 0.7696723314583146 -0.26967233145831565 0.5786893258332649 
v 0.6015009550075445 -0.3717480344601854 0.7071067811865481 
v 0.6766432646900943 -0.31638819336368135 0.6648702154929161 
v 0.7784436071635845 -0.37930426507867643 0.5001538013044309 
v 0.7579354200477763 -0.46842985086695366 0.4539904997395481 
v 0.5133754412304483 -0.6465777917977317 0.5642542117657711 
v 0.6465777917977317 -0.5642542117657711 0.5133754412304483 
v 0.5642542117657711 -0.5133754412304483 0.6465777917977317 
v -0.08165885632250933 0.616240802900069 -0.7833129030120582 
v 0.0 0.6694570012883597 -0.7428508083229075 
v 0.08165885632250933 0.616240802900069 -0.7833129030120582 
v -0.10140984792806368 0.7415134833355698 -0.663229821988394 
v -0.06468736687582514 0.7071064655057321 -0.7041420247412189 
v -0.16569236545835012 0.6984065815323527 -0.6962573424396398 
v 0.16569236545835012 0.6984065815323527 -0.6962573424396398 
v 0.06468736687582514 0.7071064655057321 -0.7041420247412189 
v 0.10140984792806368 0.7415134833355698 -0.663229821988394 
v -0.23344536385590672 0.8271472588034928 -0.5112051196418625 
v -0.2070463967175813 0.8086778023163038 -0.5506105716812374 
v -0.28323327115450564 0.7922847305538729 -0.5404292921764098 
v -0.05101471792044779 0.8259263110149673 -0.5614652503305123 
v -0.12928712380139643 0.8199116718491336 -0.5577003586019298 
v -0.07845909572784542 0.8480285358002464 -0.5241104585543576 
v -0.22954258494590948 0.7527380190971918 -0.617005410269623 
v -0.17981812252250978 0.7879479402576277 -0.588900234552714 
v -0.15212880908837387 0.7654779652955692 -0.6252202092801453 
v 0.28323327115450564 0.7922847305538729 -0.5404292921764098 
v 0.2070463967175813 0.8086778023163038 -0.5506105716812374 
v 0.23344536385590672 0.8271472588034928 -0.5112051196418625 
v 0.15212880908837387 0.7654779652955692 -0.6252202092801453 
v 0.17981812252250978 0.7879479402576277 -0.588900234552714 
v 0.22954258494590948 0.7527380190971918 -0.617005410269623 
v 0.07845909572784542 0.8480285358002464 -0.5241104585543576 
v 0.12928712380139643 0.8199116718491336 -0.5577003586019298 
v 0.05101471792044779 0.8259263110149673 -0.5614652503305123 
v -0.051016775310250624 0.77319160543965 -0.632117101425519 
v 0.0 0.8016575317644793 -0.5977835743521923 
v 0.051016775310250624 0.77319160543965 -0.632117101425519 
v -0.40245514156529666 0.9154397080243225 0.0 
v -0.39410533781700907 0.9130274952070262 -0.10517497658723292 
v -0.4841139978878059 0.8649717593345674 -0.1321268050122632 
v -0.25671900529199826 0.9628492869775871 -0.08376516512631635 
v -0.3188112663576485 0.944121655483145 -0.08362820153033376 
v -0.26461833708602567 0.964353221427619 0.0 
v -0.43031070254437553 0.8619497078979897 -0.26809587898797715 
v -0.3834986332334736 0.904142664111151 -0.18829455977815207 
v -0.3581288532200619 0.9001745541640858 -0.2478497458678801 
v -0.04124838765286171 0.996917333733128 -0.06674129320346119 
v -0.09203492752431597 0.9935202260981224 -0.06668682365752374 
v -0.05077039992656606 0.998710351649214 0.0 
v -0.1735023041031138 0.9646854616784353 -0.19818907764348367 
v -0.13317886548951036 0.9821245741217781 -0.13302146703838003 
v -0.1227294907590216 0.9723699203976767 -0.19858048747006143 
v -0.15178772984329422 0.9884131145776139 0.0 
v -0.14303193226094346 0.9874802473835653 -0.0665178726433254 
v -0.19320366989422796 0.9789051747260731 -0.0664605208670415 
v -0.3340036710810716 0.8236625633309153 -0.4582810594728014 
v -0.2990813242418972 0.8655585156784632 -0.40169493079476204 
v -0.2746937515087684 0.8526401643540924 -0.44446382643840127 
v -0.3453324789826017 0.8848844000414144 -0.3126101046400723 
v -0.3228500547834532 0.8763465358714616 -0.3574697066779368 
v -0.38133031478920354 0.8465479952155323 -0.3714077043079883 
v -0.20118858648686697 0.9238795325112868 -0.3255299710842958 
v -0.26246598929090675 0.9022207373048001 -0.34221242765675314 
v -0.22451702202356158 0.9331566320771104 -0.2807326251652559 
v -0.24695574384425423 0.9573487499905604 -0.14998743772010503 
v -0.235891269625228 0.9474463540422337 -0.21610348244921065 
v -0.2979725191545048 0.9258186488524093 -0.23253431416850634 
v 0.4841139978878059 0.8649717593345674 -0.1321268050122632 
v 0.39410533781700907 0.9130274952070262 -0.10517497658723292 
v 0.40245514156529666 0.9154397080243225 0.0 
v 0.3581288532200619 0.9001745541640858 -0.2478497458678801 
v 0.3834986332334736 0.904142664111151 -0.18829455977815207 
v 0.43031070254437553 0.8619497078979897 -0.26809587898797715 
v 0.26461833708602567 0.964353221427619 0.0 
v 0.3188112663576485 0.944121655483145 -0.08362820153033376 
v 0.25671900529199826 0.9628492869775871 -0.08376516512631635 
v 0.2746937515087684 0.8526401643540924 -0.44446382643840127 
v 0.2990813242418972 0.8655585156784632 -0.40169493079476204 
v 0.3340036710810716 0.8236625633309153 -0.4582810594728014 
v 0.22451702202356158 0.9331566320771104 -0.2807326251652559 
v 0.26246598929090675 0.9022207373048001 -0.34221242765675314 
v 0.20118858648686697 0.9238795325112868 -0.3255299710842958 
v 0.38133031478920354 0.8465479952155323 -0.3714077043079883 
v 0.3228500547834532 0.8763465358714616 -0.3574697066779368 
v 0.3453324789826017 0.8848844000414144 -0.3126101046400723 
v 0.05077039992656606 0.998710351649214 0.0 
v 0.09203492752431597 0.9935202260981224 -0.06668682365752374 
v 0.04124838765286171 0.996917333733128 -0.06674129320346119 
v 0.19320366989422796 0.9789051747260731 -0.0664605208670415 
v 0.14303193226094346 0.9874802473835653 -0.0665178726433254 
v 0.15178772984329422 0.9884131145776139 0.0 
v 0.1227294907590216 0.9723699203976767 -0.19858048747006143 
v 0.13317886548951036 0.9821245741217781 -0.13302146703838003 
v 0.1735023041031138 0.9646854616784353 -0.19818907764348367 
v 0.2979725191545048 0.9258186488524093 -0.23253431416850634 
v 0.235891269625228 0.9474463540422337 -0.21610348244921065 
v 0.24695574384425423 0.9573487499905604 -0.14998743772010503 
v -0.19822722205588805 0.8685344953217573 -0.4542618175371843 
v -0.12280023912919609 0.93513044494374 -0.3323419206316517 
v -0.16100639750493362 0.9048389750750364 -0.39413623171137263 
v -0.11975548783487482 0.8793445108320888 -0.460881605624379 
v -0.04129918185379311 0.8847600214284896 -0.46421340142230466 
v 0.0 0.9910456560477678 -0.13352343475528722 
v 0.08150105727540298 0.9606547430369469 -0.265518440684652 
v 0.04125090967005882 0.9788519368963131 -0.20036778205522218 
v -0.04125090967005882 0.9788519368963131 -0.20036778205522218 
v -0.08150105727540298 0.9606547430369469 -0.265518440684652 
v 0.19822722205588805 0.8685344953217573 -0.4542618175371843 
v 0.04129918185379311 0.8847600214284896 -0.46421340142230466 
v 0.11975548783487482 0.8793445108320888 -0.460881605624379 
v 0.16100639750493362 0.9048389750750364 -0.39413623171137263 
v 0.12280023912919609 0.93513044494374 -0.3323419206316517 
v -0.041301983266975546 0.9416180563510774 -0.3341400636437266 
v 0.041301983266975546 0.9416180563510774 -0.3341400636437266 
v 0.0 0.9160920268893074 -0.40096807637247195 
v 0.08165885632250933 0.616240802900069 0.7833129030120582 
v 0.0 0.6694570012883597 0.7428508083229075 
v -0.08165885632250933 0.616240802900069 0.7833129030120582 
v 0.10140984792806368 0.7415134833355698 0.663229821988394 
v 0.06468736687582514 0.7071064655057321 0.7041420247412189 
v 0.16569236545835012 0.6984065815323527 0.6962573424396398 
v -0.16569236545835012 0.6984065815323527 0.6962573424396398 
v -0.06468736687582514 0.7071064655057321 0.7041420247412189 
v -0.10140984792806368 0.7415134833355698 0.663229821988394 
v 0.23344536385590672 0.8271472588034928 0.5112051196418625 
v 0.2070463967175813 0.8086778023163038 0.5506105716812374 
v 0.28323327115450564 0.7922847305538729 0.5404292921764098 
v 0.05101471792044779 0.8259263110149673 0.5614652503305123 
v 0.12928712380139643 0.8199116718491336 0.5577003586019298 
v 0.07845909572784542 0.8480285358002464 0.5241104585543576 
v 0.22954258494590948 0.7527380190971918 0.617005410269623 
v 0.17981812252250978 0.7879479402576277 0.588900234552714 
v 0.15212880908837387 0.7654779652955692 0.6252202092801453 
v -0.28323327115450564 0.7922847305538729 0.5404292921764098 
v -0.2070463967175813 0.8086778023163038 0.5506105716812374 
v -0.23344536385590672 0.8271472588034928 0.5112051196418625 
v -0.15212880908837387 0.7654779652955692 0.6252202092801453 
v -0.17981812252250978 0.7879479402576277 0.588900234552714 
v -0.22954258494590948 0.7527380190971918 0.617005410269623 
v -0.07845909572784542 0.8480285358002464 0.5241104585543576 
v -0.12928712380139643 0.8199116718491336 0.5577003586019298 
v -0.05101471792044779 0.8259263110149673 0.5614652503305123 
v 0.051016775310250624 0.77319160543965 0.632117101425519 
v 0.0 0.8016575317644793 0.5977835743521923 
v -0.051016775310250624 0.77319160543965 0.632117101425519 
v 0.39410533781700907 0.9130274952070262 0.10517497658723292 
v 0.4841139978878059 0.8649717593345674 0.1321268050122632 
v 0.25671900529199826 0.9628492869775871 0.08376516512631635 
v 0.3188112663576485 0.944121655483145 0.08362820153033376 
v 0.43031070254437553 0.8619497078979897 0.26809587898797715 
v 0.3834986332334736 0.904142664111151 0.18829455977815207 
v 0.3581288532200619 0.9001745541640858 0.2478497458678801 
v 0.04124838765286171 0.996917333733128 0.06674129320346119 
v 0.09203492752431597 0.9935202260981224 0.06668682365752374 
v 0.1735023041031138 0.9646854616784353 0.19818907764348367 
v 0.13317886548951036 0.9821245741217781 0.13302146703838003 
v 0.1227294907590216 0.9723699203976767 0.19858048747006143 
v 0.14303193226094346 0.9874802473835653 0.0665178726433254 
v 0.19320366989422796 0.9789051747260731 0.0664605208670415 
v 0.3340036710810716 0.8236625633309153 0.4582810594728014 
v 0.2990813242418972 0.8655585156784632 0.40169493079476204 
v 0.2746937515087684 0.8526401643540924 0.44446382643840127 
v 0.3453324789826017 0.8848844000414144 0.3126101046400723 
v 0.3228500547834532 0.8763465358714616 0.3574697066779368 
v 0.38133031478920354 0.8465479952155323 0.3714077043079883 
v 0.20118858648686697 0.9238795325112868 0.3255299710842958 
v 0.26246598929090675 0.9022207373048001 0.34221242765675314 
v 0.22451702202356158 0.9331566320771104 0.2807326251652559 
v 0.24695574384425423 0.9573487499905604 0.14998743772010503 
v 0.235891269625228 0.9474463540422337 0.21610348244921065 
v 0.2979725191545048 0.9258186488524093 0.23253431416850634 
v -0.4841139978878059 0.8649717593345674 0.1321268050122632 
v -0.39410533781700907 0.9130274952070262 0.10517497658723292 
v -0.3581288532200619 0.9001745541640858 0.2478497458678801 
v -0.3834986332334736 0.904142664111151 0.18829455977815207 
v -0.43031070254437553 0.8619497078979897 0.26809587898797715 
v -0.3188112663576485 0.944121655483145 0.08362820153033376 
v -0.25671900529199826 0.9628492869775871 0.08376516512631635 
v -0.2746937515087684 0.8526401643540924 0.44446382643840127 
v -0.2990813242418972 0.8655585156784632 0.40169493079476204 
v -0.3340036710810716 0.8236625633309153 0.4582810594728014 
v -0.22451702202356158 0.9331566320771104 0.2807326251652559 
v -0.26246598929090675 0.9022207373048001 0.34221242765675314 
v -0.20118858648686697 0.9238795325112868 0.3255299710842958 
v -0.38133031478920354 0.8465479952155323 0.3714077043079883 
v -0.3228500547834532 0.8763465358714616 0.3574697066779368 
v -0.3453324789826017 0.8848844000414144 0.3126101046400723 
v -0.09203492752431597 0.9935202260981224 0.06668682365752374 
v -0.04124838765286171 0.996917333733128 0.06674129320346119 
v -0.19320366989422796 0.9789051747260731 0.0664605208670415 
v -0.14303193226094346 0.9874802473835653 0.0665178726433254 
v -0.1227294907590216 0.9723699203976767 0.19858048747006143 
v -0.13317886548951036 0.9821245741217781 0.13302146703838003 
v -0.1735023041031138 0.9646854616784353 0.19818907764348367 
v -0.2979725191545048 0.9258186488524093 0.23253431416850634 
v -0.235891269625228 0.9474463540422337 0.21610348244921065 
v -0.24695574384425423 0.9573487499905604 0.14998743772010503 
v 0.19822722205588805 0.8685344953217573 0.4542618175371843 
v 0.12280023912919609 0.93513044494374 0.3323419206316517 
v 0.16100639750493362 0.9048389750750364 0.39413623171137263 
v 0.11975548783487482 0.8793445108320888 0.460881605624379 
v 0.04129918185379311 0.8847600214284896 0.46421340142230466 
v 0.0 0.9910456560477678 0.13352343475528722 
v -0.08150105727540298 0.9606547430369469 0.265518440684652 
v -0.04125090967005882 0.9788519368963131 0.20036778205522218 
v 0.04125090967005882 0.9788519368963131 0.20036778205522218 
v 0.08150105727540298 0.9606547430369469 0.265518440684652 
v -0.19822722205588805 0.8685344953217573 0.4542618175371843 
v -0.04129918185379311 0.8847600214284896 0.46421340142230466 
v -0.11975548783487482 0.8793445108320888 0.460881605624379 
v -0.16100639750493362 0.9048389750750364 0.39413623171137263 
v -0.12280023912919609 0.93513044494374 0.3323419206316517 
v 0.041301983266975546 0.9416180563510774 0.3341400636437266 
v -0.041301983266975546 0.9416180563510774 0.3341400636437266 
v 0.0 0.9160920268893074 0.40096807637247195 
v -0.1321268050122632 0.4841139978878059 0.8649717593345675 
v -0.10517497658723292 0.3941053378170091 0.9130274952070262 
v 0.0 0.40245514156529666 0.9154397080243225 
v -0.2478497458678801 0.3581288532200619 0.9001745541640858 
v -0.18829455977815207 0.38349863323347355 0.904142664111151 
v -0.26809587898797727 0.4303107025443756 0.8619497078979897 
v 0.0 0.26461833708602567 0.964353221427619 
v -0.08362820153033376 0.3188112663576485 0.944121655483145 
v -0.08376516512631635 0.25671900529199826 0.9628492869775871 
v -0.44446382643840127 0.2746937515087684 0.8526401643540924 
v -0.40169493079476204 0.2990813242418972 0.8655585156784632 
v -0.4582810594728014 0.3340036710810716 0.8236625633309153 
v -0.2807326251652559 0.22451702202356158 0.9331566320771104 
v -0.34221242765675314 0.26246598929090675 0.9022207373048001 
v -0.3255299710842958 0.20118858648686697 0.9238795325112868 
v -0.3714077043079883 0.38133031478920354 0.8465479952155323 
v -0.35746970667793687 0.3228500547834532 0.8763465358714617 
v -0.3126101046400723 0.3453324789826017 0.8848844000414144 
v 0.0 0.05077039992656606 0.998710351649214 
v -0.06668682365752374 0.09203492752431597 0.9935202260981224 
v -0.06674129320346119 0.04124838765286171 0.996917333733128 
v -0.0664605208670415 0.19320366989422796 0.9789051747260731 
v -0.0665178726433254 0.14303193226094346 0.9874802473835653 
v 0.0 0.15178772984329422 0.9884131145776139 
v -0.19858048747006143 0.1227294907590216 0.9723699203976767 
v -0.13302146703838003 0.13317886548951036 0.9821245741217781 
v -0.19818907764348365 0.1735023041031138 0.9646854616784353 
v -0.23253431416850634 0.2979725191545048 0.9258186488524093 
v -0.21610348244921068 0.23589126962522802 0.9474463540422338 
v -0.14998743772010503 0.24695574384425423 0.9573487499905604 
v -0.7833129030120582 -0.08165885632250933 0.616240802900069 
v -0.7428508083229075 0.0 0.6694570012883597 
v -0.7833129030120582 0.08165885632250933 0.616240802900069 
v -0.663229821988394 -0.10140984792806368 0.7415134833355698 
v -0.7041420247412189 -0.06468736687582514 0.7071064655057321 
v -0.6962573424396398 -0.16569236545835012 0.6984065815323527 
v -0.6962573424396398 0.16569236545835012 0.6984065815323527 
v -0.7041420247412189 0.06468736687582514 0.7071064655057321 
v -0.663229821988394 0.10140984792806368 0.7415134833355698 
v -0.5112051196418625 -0.23344536385590672 0.8271472588034929 
v -0.5506105716812373 -0.20704639671758127 0.8086778023163038 
v -0.5404292921764098 -0.28323327115450564 0.7922847305538729 
v -0.5614652503305123 -0.05101471792044778 0.8259263110149673 
v -0.5577003586019298 -0.1292871238013964 0.8199116718491335 
v -0.5241104585543576 -0.0784590957278454 0.8480285358002464 
v -0.617005410269623 -0.22954258494590948 0.7527380190971918 
v -0.588900234552714 -0.17981812252250978 0.7879479402576277 
v -0.6252202092801452 -0.15212880908837384 0.7654779652955691 
v -0.5404292921764098 0.28323327115450564 0.7922847305538729 
v -0.5506105716812373 0.20704639671758127 0.8086778023163038 
v -0.5112051196418625 0.23344536385590672 0.8271472588034929 
v -0.6252202092801452 0.15212880908837384 0.7654779652955691 
v -0.588900234552714 0.17981812252250978 0.7879479402576277 
v -0.617005410269623 0.22954258494590948 0.7527380190971918 
v -0.5241104585543576 0.0784590957278454 0.8480285358002464 
v -0.5577003586019298 0.1292871238013964 0.8199116718491335 
v -0.5614652503305123 0.05101471792044778 0.8259263110149673 
v -0.6321171014255191 -0.05101677531025062 0.77319160543965 
v -0.5977835743521923 0.0 0.8016575317644792 
v -0.6321171014255191 0.05101677531025062 0.77319160543965 
v 0.0 -0.40245514156529666 0.9154397080243225 
v -0.10517497658723292 -0.3941053378170091 0.9130274952070262 
v -0.1321268050122632 -0.4841139978878059 0.8649717593345675 
v -0.08376516512631635 -0.25671900529199826 0.9628492869775871 
v -0.08362820153033376 -0.3188112663576485 0.944121655483145 
v 0.0 -0.26461833708602567 0.964353221427619 
v -0.26809587898797727 -0.4303107025443756 0.8619497078979897 
v -0.18829455977815207 -0.38349863323347355 0.904142664111151 
v -0.2478497458678801 -0.3581288532200619 0.9001745541640858 
v -0.06674129320346119 -0.04124838765286171 0.996917333733128 
v -0.06668682365752374 -0.09203492752431597 0.9935202260981224 
v 0.0 -0.05077039992656606 0.998710351649214 
v -0.19818907764348365 -0.1735023041031138 0.9646854616784353 
v -0.13302146703838003 -0.13317886548951036 0.9821245741217781 
v -0.19858048747006143 -0.1227294907590216 0.9723699203976767 
v 0.0 -0.15178772984329422 0.9884131145776139 
v -0.0665178726433254 -0.14303193226094346 0.9874802473835653 
v -0.0664605208670415 -0.19320366989422796 0.9789051747260731 
v -0.4582810594728014 -0.3340036710810716 0.8236625633309153 
v -0.40169493079476204 -0.2990813242418972 0.8655585156784632 
v -0.44446382643840127 -0.2746937515087684 0.8526401643540924 
v -0.3126101046400723 -0.3453324789826017 0.8848844000414144 
v -0.35746970667793687 -0.3228500547834532 0.8763465358714617 
v -0.3714077043079883 -0.38133031478920354 0.8465479952155323 
v -0.3255299710842958 -0.20118858648686697 0.9238795325112868 
v -0.34221242765675314 -0.26246598929090675 0.9022207373048001 
v -0.2807326251652559 -0.22451702202356158 0.9331566320771104 
v -0.14998743772010503 -0.24695574384425423 0.9573487499905604 
v -0.21610348244921068 -0.23589126962522802 0.9474463540422338 
v -0.23253431416850634 -0.2979725191545048 0.9258186488524093 
v -0.4542618175371842 0.19822722205588805 0.8685344953217573 
v -0.46421340142230466 0.04129918185379311 0.8847600214284896 
v -0.4608816056243791 0.11975548783487482 0.8793445108320886 
v -0.39413623171137263 0.16100639750493362 0.9048389750750364 
v -0.3323419206316517 0.1228002391291961 0.9351304449437401 
v -0.4542618175371842 -0.19822722205588805 0.8685344953217573 
v -0.3323419206316517 -0.1228002391291961 0.9351304449437401 
v -0.39413623171137263 -0.16100639750493362 0.9048389750750364 
v -0.4608816056243791 -0.11975548783487482 0.8793445108320886 
v -0.46421340142230466 -0.04129918185379311 0.8847600214284896 
v -0.13352343475528722 0.0 0.9910456560477678 
v -0.265518440684652 0.08150105727540298 0.9606547430369469 
v -0.20036778205522218 0.04125090967005882 0.9788519368963131 
v -0.20036778205522218 -0.04125090967005882 0.9788519368963131 
v -0.265518440684652 -0.08150105727540298 0.9606547430369469 
v -0.40096807637247195 0.0 0.9160920268893074 
v -0.3341400636437266 -0.041301983266975546 0.9416180563510774 
v -0.3341400636437266 0.041301983266975546 0.9416180563510774 
v 0.10517497658723292 0.3941053378170091 0.9130274952070262 
v 0.1321268050122632 0.4841139978878059 0.8649717593345675 
v 0.08376516512631635 0.25671900529199826 0.9628492869775871 
v 0.08362820153033376 0.3188112663576485 0.944121655483145 
v 0.26809587898797727 0.4303107025443756 0.8619497078979897 
v 0.18829455977815207 0.38349863323347355 0.904142664111151 
v 0.2478497458678801 0.3581288532200619 0.9001745541640858 
v 0.06674129320346119 0.04124838765286171 0.996917333733128 
v 0.06668682365752374 0.09203492752431597 0.9935202260981224 
v 0.19818907764348365 0.1735023041031138 0.9646854616784353 
v 0.13302146703838003 0.13317886548951036 0.9821245741217781 
v 0.19858048747006143 0.1227294907590216 0.9723699203976767 
v 0.0665178726433254 0.14303193226094346 0.9874802473835653 
v 0.0664605208670415 0.19320366989422796 0.9789051747260731 
v 0.4582810594728014 0.3340036710810716 0.8236625633309153 
v 0.40169493079476204 0.2990813242418972 0.8655585156784632 
v 0.44446382643840127 0.2746937515087684 0.8526401643540924 
v 0.3126101046400723 0.3453324789826017 0.8848844000414144 
v 0.35746970667793687 0.3228500547834532 0.8763465358714617 
v 0.3714077043079883 0.38133031478920354 0.8465479952155323 
v 0.3255299710842958 0.20118858648686697 0.9238795325112868 
v 0.34221242765675314 0.26246598929090675 0.9022207373048001 
v 0.2807326251652559 0.22451702202356158 0.9331566320771104 
v 0.14998743772010503 0.24695574384425423 0.9573487499905604 
v 0.21610348244921068 0.23589126962522802 0.9474463540422338 
v 0.23253431416850634 0.2979725191545048 0.9258186488524093 
v 0.1321268050122632 -0.4841139978878059 0.8649717593345675 
v 0.10517497658723292 -0.3941053378170091 0.9130274952070262 
v 0.2478497458678801 -0.3581288532200619 0.9001745541640858 
v 0.18829455977815207 -0.38349863323347355 0.904142664111151 
v 0.26809587898797727 -0.4303107025443756 0.8619497078979897 
v 0.08362820153033376 -0.3188112663576485 0.944121655483145 
v 0.08376516512631635 -0.25671900529199826 0.9628492869775871 
v 0.44446382643840127 -0.2746937515087684 0.8526401643540924 
v 0.40169493079476204 -0.2990813242418972 0.8655585156784632 
v 0.4582810594728014 -0.3340036710810716 0.8236625633309153 
v 0.2807326251652559 -0.22451702202356158 0.9331566320771104 
v 0.34221242765675314 -0.26246598929090675 0.9022207373048001 
v 0.3255299710842958 -0.20118858648686697 0.9238795325112868 
v 0.3714077043079883 -0.38133031478920354 0.8465479952155323 
v 0.35746970667793687 -0.3228500547834532 0.8763465358714617 
v 0.3126101046400723 -0.3453324789826017 0.8848844000414144 
v 0.06668682365752374 -0.09203492752431597 0.9935202260981224 
v 0.06674129320346119 -0.04124838765286171 0.996917333733128 
v 0.0664605208670415 -0.19320366989422796 0.9789051747260731 
v 0.0665178726433254 -0.14303193226094346 0.9874802473835653 
v 0.19858048747006143 -0.1227294907590216 0.9723699203976767 
v 0.13302146703838003 -0.13317886548951036 0.9821245741217781 
v 0.19818907764348365 -0.1735023041031138 0.9646854616784353 
v 0.23253431416850634 -0.2979725191545048 0.9258186488524093 
v 0.21610348244921068 -0.23589126962522802 0.9474463540422338 
v 0.14998743772010503 -0.24695574384425423 0.9573487499905604 
v 0.7833129030120582 0.08165885632250933 0.616240802900069 
v 0.7428508083229075 0.0 0.6694570012883597 
v 0.7833129030120582 -0.08165885632250933 0.616240802900069 
v 0.663229821988394 0.10140984792806368 0.7415134833355698 
v 0.7041420247412189 0.06468736687582514 0.7071064655057321 
v 0.6962573424396398 0.16569236545835012 0.6984065815323527 
v 0.6962573424396398 -0.16569236545835012 0.6984065815323527 
v 0.7041420247412189 -0.06468736687582514 0.7071064655057321 
v 0.663229821988394 -0.10140984792806368 0.7415134833355698 
v 0.5112051196418625 0.23344536385590672 0.8271472588034929 
v 0.5506105716812373 0.20704639671758127 0.8086778023163038 
v 0.5404292921764098 0.28323327115450564 0.7922847305538729 
v 0.5614652503305123 0.05101471792044778 0.8259263110149673 
v 0.5577003586019298 0.1292871238013964 0.8199116718491335 
v 0.5241104585543576 0.0784590957278454 0.8480285358002464 
v 0.617005410269623 0.22954258494590948 0.7527380190971918 
v 0.588900234552714 0.17981812252250978 0.7879479402576277 
v 0.6252202092801452 0.15212880908837384 0.7654779652955691 
v 0.5404292921764098 -0.28323327115450564 0.7922847305538729 
v 0.5506105716812373 -0.20704639671758127 0.8086778023163038 
v 0.5112051196418625 -0.23344536385590672 0.8271472588034929 
v 0.6252202092801452 -0.15212880908837384 0.7654779652955691 
v 0.588900234552714 -0.17981812252250978 0.7879479402576277 
v 0.617005410269623 -0.22954258494590948 0.7527380190971918 
v 0.5241104585543576 -0.0784590957278454 0.8480285358002464 
v 0.5577003586019298 -0.1292871238013964 0.8199116718491335 
v 0.5614652503305123 -0.05101471792044778 0.8259263110149673 
v 0.6321171014255191 0.05101677531025062 0.77319160543965 
v 0.5977835743521923 0.0 0.8016575317644792 
v 0.6321171014255191 -0.05101677531025062 0.77319160543965 
v 0.13352343475528722 0.0 0.9910456560477678 
v 0.265518440684652 -0.08150105727540298 0.9606547430369469 
v 0.20036778205522218 -0.04125090967005882 0.9788519368963131 
v 0.20036778205522218 0.04125090967005882 0.9788519368963131 
v 0.265518440684652 0.08150105727540298 0.9606547430369469 
v 0.4542618175371842 -0.19822722205588805 0.8685344953217573 
v 0.46421340142230466 -0.04129918185379311 0.8847600214284896 
v 0.4608816056243791 -0.11975548783487482 0.8793445108320886 
v 0.39413623171137263 -0.16100639750493362 0.9048389750750364 
v 0.3323419206316517 -0.1228002391291961 0.9351304449437401 
v 0.4542618175371842 0.19822722205588805 0.8685344953217573 
v 0.3323419206316517 0.1228002391291961 0.9351304449437401 
v 0.39413623171137263 0.16100639750493362 0.9048389750750364 
v 0.4608816056243791 0.11975548783487482 0.8793445108320886 
v 0.46421340142230466 0.04129918185379311 0.8847600214284896 
v 0.3341400636437266 -0.041301983266975546 0.9416180563510774 
v 0.40096807637247195 0.0 0.9160920268893074 
v 0.3341400636437266 0.041301983266975546 0.9416180563510774 
v 0.1321268050122632 0.4841139978878059 -0.8649717593345675 
v 0.10517497658723292 0.3941053378170091 -0.9130274952070262 
v 0.0 0.40245514156529666 -0.9154397080243225 
v 0.2478497458678801 0.3581288532200619 -0.9001745541640858 
v 0.18829455977815207 0.38349863323347355 -0.904142664111151 
v 0.26809587898797727 0.4303107025443756 -0.8619497078979897 
v 0.0 0.26461833708602567 -0.964353221427619 
v 0.08362820153033376 0.3188112663576485 -0.944121655483145 
v 0.08376516512631635 0.25671900529199826 -0.9628492869775871 
v 0.44446382643840127 0.2746937515087684 -0.8526401643540924 
v 0.40169493079476204 0.2990813242418972 -0.8655585156784632 
v 0.4582810594728014 0.3340036710810716 -0.8236625633309153 
v 0.2807326251652559 0.22451702202356158 -0.9331566320771104 
v 0.34221242765675314 0.26246598929090675 -0.9022207373048001 
v 0.3255299710842958 0.20118858648686697 -0.9238795325112868 
v 0.3714077043079883 0.38133031478920354 -0.8465479952155323 
v 0.35746970667793687 0.3228500547834532 -0.8763465358714617 
v 0.3126101046400723 0.3453324789826017 -0.8848844000414144 
v 0.0 0.05077039992656606 -0.998710351649214 
v 0.06668682365752374 0.09203492752431597 -0.9935202260981224 
v 0.06674129320346119 0.04124838765286171 -0.996917333733128 
v 0.0664605208670415 0.19320366989422796 -0.9789051747260731 
v 0.0665178726433254 0.14303193226094346 -0.9874802473835653 
v 0.0 0.15178772984329422 -0.9884131145776139 
v 0.19858048747006143 0.1227294907590216 -0.9723699203976767 
v 0.13302146703838003 0.13317886548951036 -0.9821245741217781 
v 0.19818907764348365 0.1735023041031138 -0.9646854616784353 
v 0.23253431416850634 0.2979725191545048 -0.9258186488524093 
v 0.21610348244921068 0.23589126962522802 -0.9474463540422338 
v 0.14998743772010503 0.24695574384425423 -0.9573487499905604 
v 0.7833129030120582 -0.08165885632250933 -0.616240802900069 
v 0.7428508083229075 0.0 -0.6694570012883597 
v 0.7833129030120582 0.08165885632250933 -0.616240802900069 
v 0.663229821988394 -0.10140984792806368 -0.7415134833355698 
v 0.7041420247412189 -0.06468736687582514 -0.7071064655057321 
v 0.6962573424396398 -0.16569236545835012 -0.6984065815323527 
v 0.6962573424396398 0.16569236545835012 -0.6984065815323527 
v 0.7041420247412189 0.06468736687582514 -0.7071064655057321 
v 0.663229821988394 0.10140984792806368 -0.7415134833355698 
v 0.5112051196418625 -0.23344536385590672 -0.8271472588034929 
v 0.5506105716812373 -0.20704639671758127 -0.8086778023163038 
v 0.5404292921764098 -0.28323327115450564 -0.7922847305538729 
v 0.5614652503305123 -0.05101471792044778 -0.8259263110149673 
v 0.5577003586019298 -0.1292871238013964 -0.8199116718491335 
v 0.5241104585543576 -0.0784590957278454 -0.8480285358002464 
v 0.617005410269623 -0.22954258494590948 -0.7527380190971918 
v 0.588900234552714 -0.17981812252250978 -0.7879479402576277 
v 0.6252202092801452 -0.15212880908837384 -0.7654779652955691 
v 0.5404292921764098 0.28323327115450564 -0.7922847305538729 
v 0.5506105716812373 0.20704639671758127 -0.8086778023163038 
v 0.5112051196418625 0.23344536385590672 -0.8271472588034929 
v 0.6252202092801452 0.15212880908837384 -0.7654779652955691 
v 0.588900234552714 0.17981812252250978 -0.7879479402576277 
v 0.617005410269623 0.22954258494590948 -0.7527380190971918 
v 0.5241104585543576 0.0784590957278454 -0.8480285358002464 
v 0.5577003586019298 0.1292871238013964 -0.8199116718491335 
v 0.5614652503305123 0.05101471792044778 -0.8259263110149673 
v 0.6321171014255191 -0.05101677531025062 -0.77319160543965 
v 0.5977835743521923 0.0 -0.8016575317644792 
v 0.6321171014255191 0.05101677531025062 -0.77319160543965 
v 0.0 -0.40245514156529666 -0.9154397080243225 
v 0.10517497658723292 -0.3941053378170091 -0.9130274952070262 
v 0.1321268050122632 -0.4841139978878059 -0.8649717593345675 
v 0.08376516512631635 -0.25671900529199826 -0.9628492869775871 
v 0.08362820153033376 -0.3188112663576485 -0.944121655483145 
v 0.0 -0.26461833708602567 -0.964353221427619 
v 0.26809587898797727 -0.4303107025443756 -0.8619497078979897 
v 0.18829455977815207 -0.38349863323347355 -0.904142664111151 
v 0.2478497458678801 -0.3581288532200619 -0.9001745541640858 
v 0.06674129320346119 -0.04124838765286171 -0.996917333733128 
v 0.06668682365752374 -0.09203492752431597 -0.9935202260981224 
v 0.0 -0.05077039992656606 -0.998710351649214 
v 0.19818907764348365 -0.1735023041031138 -0.9646854616784353 
v 0.13302146703838003 -0.13317886548951036 -0.9821245741217781 
v 0.19858048747006143 -0.1227294907590216 -0.9723699203976767 
v 0.0 -0.15178772984329422 -0.9884131145776139 
v 0.0665178726433254 -0.14303193226094346 -0.9874802473835653 
v 0.0664605208670415 -0.19320366989422796 -0.9789051747260731 
v 0.4582810594728014 -0.3340036710810716 -0.8236625633309153 
v 0.40169493079476204 -0.2990813242418972 -0.8655585156784632 
v 0.44446382643840127 -0.2746937515087684 -0.8526401643540924 
v 0.3126101046400723 -0.3453324789826017 -0.8848844000414144 
v 0.35746970667793687 -0.3228500547834532 -0.8763465358714617 
v 0.3714077043079883 -0.38133031478920354 -0.8465479952155323 
v 0.3255299710842958 -0.20118858648686697 -0.9238795325112868 
v 0.34221242765675314 -0.26246598929090675 -0.9022207373048001 
v 0.2807326251652559 -0.22451702202356158 -0.9331566320771104 
v 0.14998743772010503 -0.24695574384425423 -0.9573487499905604 
v 0.21610348244921068 -0.23589126962522802 -0.9474463540422338 
v 0.23253431416850634 -0.2979725191545048 -0.9258186488524093 
v 0.4542618175371842 0.19822722205588805 -0.8685344953217573 
v 0.46421340142230466 0.04129918185379311 -0.8847600214284896 
v 0.4608816056243791 0.11975548783487482 -0.8793445108320886 
v 0.39413623171137263 0.16100639750493362 -0.9048389750750364 
v 0.3323419206316517 0.1228002391291961 -0.9351304449437401 
v 0.4542618175371842 -0.19822722205588805 -0.8685344953217573 
v 0.3323419206316517 -0.1228002391291961 -0.9351304449437401 
v 0.39413623171137263 -0.16100639750493362 -0.9048389750750364 
v 0.4608816056243791 -0.11975548783487482 -0.8793445108320886 
v 0.46421340142230466 -0.04129918185379311 -0.8847600214284896 
v 0.13352343475528722 0.0 -0.9910456560477678 
v 0.265518440684652 0.08150105727540298 -0.9606547430369469 
v 0.20036778205522218 0.04125090967005882 -0.9788519368963131 
v 0.20036778205522218 -0.04125090967005882 -0.9788519368963131 
v 0.265518440684652 -0.08150105727540298 -0.9606547430369469 
v 0.40096807637247195 0.0 -0.9160920268893074 
v 0.3341400636437266 -0.041301983266975546 -0.9416180563510774 
v 0.3341400636437266 0.041301983266975546 -0.9416180563510774 
v -0.10517497658723292 0.3941053378170091 -0.9130274952070262 
v -0.1321268050122632 0.4841139978878059 -0.8649717593345675 
v -0.08376516512631635 0.25671900529199826 -0.9628492869775871 
v -0.08362820153033376 0.3188112663576485 -0.944121655483145 
v -0.26809587898797727 0.4303107025443756 -0.8619497078979897 
v -0.18829455977815207 0.38349863323347355 -0.904142664111151 
v -0.2478497458678801 0.3581288532200619 -0.9001745541640858 
v -0.06674129320346119 0.04124838765286171 -0.996917333733128 
v -0.06668682365752374 0.09203492752431597 -0.9935202260981224 
v -0.19818907764348365 0.1735023041031138 -0.9646854616784353 
v -0.13302146703838003 0.13317886548951036 -0.9821245741217781 
v -0.19858048747006143 0.1227294907590216 -0.9723699203976767 
v -0.0665178726433254 0.14303193226094346 -0.9874802473835653 
v -0.0664605208670415 0.19320366989422796 -0.9789051747260731 
v -0.4582810594728014 0.3340036710810716 -0.8236625633309153 
v -0.40169493079476204 0.2990813242418972 -0.8655585156784632 
v -0.44446382643840127 0.2746937515087684 -0.8526401643540924 
v -0.3126101046400723 0.3453324789826017 -0.8848844000414144 
v -0.35746970667793687 0.3228500547834532 -0.8763465358714617 
v -0.3714077043079883 0.38133031478920354 -0.8465479952155323 
v -0.3255299710842958 0.20118858648686697 -0.9238795325112868 
v -0.34221242765675314 0.26246598929090675 -0.9022207373048001 
v -0.2807326251652559 0.22451702202356158 -0.9331566320771104 
v -0.14998743772010503 0.24695574384425423 -0.9573487499905604 
v -0.21610348244921068 0.23589126962522802 -0.9474463540422338 
v -0.23253431416850634 0.2979725191545048 -0.9258186488524093 
v -0.1321268050122632 -0.4841139978878059 -0.8649717593345675 
v -0.10517497658723292 -0.3941053378170091 -0.9130274952070262 
v -0.2478497458678801 -0.3581288532200619 -0.9001745541640858 
v -0.18829455977815207 -0.38349863323347355 -0.904142664111151 
v -0.26809587898797727 -0.4303107025443756 -0.8619497078979897 
v -0.08362820153033376 -0.3188112663576485 -0.944121655483145 
v -0.08376516512631635 -0.25671900529199826 -0.9628492869775871 
v -0.44446382643840127 -0.2746937515087684 -0.8526401643540924 
v -0.40169493079476204 -0.2990813242418972 -0.8655585156784632 
v -0.4582810594728014 -0.3340036710810716 -0.8236625633309153 
v -0.2807326251652559 -0.22451702202356158 -0.9331566320771104 
v -0.34221242765675314 -0.26246598929090675 -0.9022207373048001 
v -0.3255299710842958 -0.20118858648686697 -0.9238795325112868 
v -0.3714077043079883 -0.38133031478920354 -0.8465479952155323 
v -0.35746970667793687 -0.3228500547834532 -0.8763465358714617 
v -0.3126101046400723 -0.3453324789826017 -0.8848844000414144 
v -0.06668682365752374 -0.09203492752431597 -0.9935202260981224 
v -0.06674129320346119 -0.04124838765286171 -0.996917333733128 
v -0.0664605208670415 -0.19320366989422796 -0.9789051747260731 
v -0.0665178726433254 -0.14303193226094346 -0.9874802473835653 
v -0.19858048747006143 -0.1227294907590216 -0.9723699203976767 
v -0.13302146703838003 -0.13317886548951036 -0.9821245741217781 
v -0.19818907764348365 -0.1735023041031138 -0.9646854616784353 
v -0.23253431416850634 -0.2979725191545048 -0.9258186488524093 
v -0.21610348244921068 -0.23589126962522802 -0.9474463540422338 
v -0.14998743772010503 -0.24695574384425423 -0.9573487499905604 
v -0.7833129030120582 0.08165885632250933 -0.616240802900069 
v -0.7428508083229075 0.0 -0.6694570012883597 
v -0.7833129030120582 -0.08165885632250933 -0.616240802900069 
v -0.663229821988394 0.10140984792806368 -0.7415134833355698 
v -0.7041420247412189 0.06468736687582514 -0.7071064655057321 
v -0.6962573424396398 0.16569236545835012 -0.6984065815323527 
v -0.6962573424396398 -0.16569236545835012 -0.6984065815323527 
v -0.7041420247412189 -0.06468736687582514 -0.7071064655057321 
v -0.663229821988394 -0.10140984792806368 -0.7415134833355698 
v -0.5112051196418625 0.23344536385590672 -0.8271472588034929 
v -0.5506105716812373 0.20704639671758127 -0.8086778023163038 
v -0.5404292921764098 0.28323327115450564 -0.7922847305538729 
v -0.5614652503305123 0.05101471792044778 -0.8259263110149673 
v -0.5577003586019298 0.1292871238013964 -0.8199116718491335 
v -0.5241104585543576 0.0784590957278454 -0.8480285358002464 
v -0.617005410269623 0.22954258494590948 -0.7527380190971918 
v -0.588900234552714 0.17981812252250978 -0.7879479402576277 
v -0.6252202092801452 0.15212880908837384 -0.7654779652955691 
v -0.5404292921764098 -0.28323327115450564 -0.7922847305538729 
v -0.5506105716812373 -0.20704639671758127 -0.8086778023163038 
v -0.5112051196418625 -0.23344536385590672 -0.8271472588034929 
v -0.6252202092801452 -0.15212880908837384 -0.7654779652955691 
v -0.588900234552714 -0.17981812252250978 -0.7879479402576277 
v -0.617005410269623 -0.22954258494590948 -0.7527380190971918 
v -0.5241104585543576 -0.0784590957278454 -0.8480285358002464 
v -0.5577003586019298 -0.1292871238013964 -0.8199116718491335 
v -0.5614652503305123 -0.05101471792044778 -0.8259263110149673 
v -0.6321171014255191 0.05101677531025062 -0.77319160543965 
v -0.5977835743521923 0.0 -0.8016575317644792 
v -0.6321171014255191 -0.05101677531025062 -0.77319160543965 
v -0.13352343475528722 0.0 -0.9910456560477678 
v -0.265518440684652 -0.08150105727540298 -0.9606547430369469 
v -0.20036778205522218 -0.04125090967005882 -0.9788519368963131 
v -0.20036778205522218 0.04125090967005882 -0.9788519368963131 
v -0.265518440684652 0.08150105727540298 -0.9606547430369469 
v -0.4542618175371842 -0.19822722205588805 -0.8685344953217573 
v -0.46421340142230466 -0.04129918185379311 -0.8847600214284896 
v -0.4608816056243791 -0.11975548783487482 -0.8793445108320886 
v -0.39413623171137263 -0.16100639750493362 -0.9048389750750364 
v -0.3323419206316517 -0.1228002391291961 -0.9351304449437401 
v -0.4542618175371842 0.19822722205588805 -0.8685344953217573 
v -0.3323419206316517 0.1228002391291961 -0.9351304449437401 
v -0.39413623171137263 0.16100639750493362 -0.9048389750750364 
v -0.4608816056243791 0.11975548783487482 -0.8793445108320886 
v -0.46421340142230466 0.04129918185379311 -0.8847600214284896 
v -0.3341400636437266 -0.041301983266975546 -0.9416180563510774 
v -0.40096807637247195 0.0 -0.9160920268893074 
v -0.3341400636437266 0.041301983266975546 -0.9416180563510774 
v -0.08165885632250933 -0.616240802900069 0.7833129030120582 
v 0.0 -0.6694570012883597 0.7428508083229075 
v 0.08165885632250933 -0.616240802900069 0.7833129030120582 
v -0.10140984792806368 -0.7415134833355698 0.663229821988394 
v -0.06468736687582514 -0.7071064655057321 0.7041420247412189 
v -0.16569236545835012 -0.6984065815323527 0.6962573424396398 
v 0.16569236545835012 -0.6984065815323527 0.6962573424396398 
v 0.06468736687582514 -0.7071064655057321 0.7041420247412189 
v 0.10140984792806368 -0.7415134833355698 0.663229821988394 
v -0.23344536385590672 -0.8271472588034928 0.5112051196418625 
v -0.2070463967175813 -0.8086778023163038 0.5506105716812374 
v -0.28323327115450564 -0.7922847305538729 0.5404292921764098 
v -0.05101471792044779 -0.8259263110149673 0.5614652503305123 
v -0.12928712380139643 -0.8199116718491336 0.5577003586019298 
v -0.07845909572784542 -0.8480285358002464 0.5241104585543576 
v -0.22954258494590948 -0.7527380190971918 0.617005410269623 
v -0.17981812252250978 -0.7879479402576277 0.588900234552714 
v -0.15212880908837387 -0.7654779652955692 0.6252202092801453 
v 0.28323327115450564 -0.7922847305538729 0.5404292921764098 
v 0.2070463967175813 -0.8086778023163038 0.5506105716812374 
v 0.23344536385590672 -0.8271472588034928 0.5112051196418625 
v 0.15212880908837387 -0.7654779652955692 0.6252202092801453 
v 0.17981812252250978 -0.7879479402576277 0.588900234552714 
v 0.22954258494590948 -0.7527380190971918 0.617005410269623 
v 0.07845909572784542 -0.8480285358002464 0.5241104585543576 
v 0.12928712380139643 -0.8199116718491336 0.5577003586019298 
v 0.05101471792044779 -0.8259263110149673 0.5614652503305123 
v -0.051016775310250624 -0.77319160543965 0.632117101425519 
v 0.0 -0.8016575317644793 0.5977835743521923 
v 0.051016775310250624 -0.77319160543965 0.632117101425519 
v -0.40245514156529666 -0.9154397080243225 0.0 
v -0.39410533781700907 -0.9130274952070262 0.10517497658723292 
v -0.4841139978878059 -0.8649717593345674 0.1321268050122632 
v -0.25671900529199826 -0.9628492869775871 0.08376516512631635 
v -0.3188112663576485 -0.944121655483145 0.08362820153033376 
v -0.26461833708602567 -0.964353221427619 0.0 
v -0.43031070254437553 -0.8619497078979897 0.26809587898797715 
v -0.3834986332334736 -0.904142664111151 0.18829455977815207 
v -0.3581288532200619 -0.9001745541640858 0.2478497458678801 
v -0.04124838765286171 -0.996917333733128 0.06674129320346119 
v -0.09203492752431597 -0.9935202260981224 0.06668682365752374 
v -0.05077039992656606 -0.998710351649214 0.0 
v -0.1735023041031138 -0.9646854616784353 0.19818907764348367 
v -0.13317886548951036 -0.9821245741217781 0.13302146703838003 
v -0.1227294907590216 -0.9723699203976767 0.19858048747006143 
v -0.15178772984329422 -0.9884131145776139 0.0 
v -0.14303193226094346 -0.9874802473835653 0.0665178726433254 
v -0.19320366989422796 -0.9789051747260731 0.0664605208670415 
v -0.3340036710810716 -0.8236625633309153 0.4582810594728014 
v -0.2990813242418972 -0.8655585156784632 0.40169493079476204 
v -0.2746937515087684 -0.8526401643540924 0.44446382643840127 
v -0.3453324789826017 -0.8848844000414144 0.3126101046400723 
v -0.3228500547834532 -0.8763465358714616 0.3574697066779368 
v -0.38133031478920354 -0.8465479952155323 0.3714077043079883 
v -0.20118858648686697 -0.9238795325112868 0.3255299710842958 
v -0.26246598929090675 -0.9022207373048001 0.34221242765675314 
v -0.22451702202356158 -0.9331566320771104 0.2807326251652559 
v -0.24695574384425423 -0.9573487499905604 0.14998743772010503 
v -0.235891269625228 -0.9474463540422337 0.21610348244921065 
v -0.2979725191545048 -0.9258186488524093 0.23253431416850634 
v 0.4841139978878059 -0.8649717593345674 0.1321268050122632 
v 0.39410533781700907 -0.9130274952070262 0.10517497658723292 
v 0.40245514156529666 -0.9154397080243225 0.0 
v 0.3581288532200619 -0.9001745541640858 0.2478497458678801 
v 0.3834986332334736 -0.904142664111151 0.18829455977815207 
v 0.43031070254437553 -0.8619497078979897 0.26809587898797715 
v 0.26461833708602567 -0.964353221427619 0.0 
v 0.3188112663576485 -0.944121655483145 0.08362820153033376 
v 0.25671900529199826 -0.9628492869775871 0.08376516512631635 
v 0.2746937515087684 -0.8526401643540924 0.44446382643840127 
v 0.2990813242418972 -0.8655585156784632 0.40169493079476204 
v 0.3340036710810716 -0.8236625633309153 0.4582810594728014 
v 0.22451702202356158 -0.9331566320771104 0.2807326251652559 
v 0.26246598929090675 -0.9022207373048001 0.34221242765675314 
v 0.20118858648686697 -0.9238795325112868 0.3255299710842958 
v 0.38133031478920354 -0.8465479952155323 0.3714077043079883 
v 0.3228500547834532 -0.8763465358714616 0.3574697066779368 
v 0.3453324789826017 -0.8848844000414144 0.3126101046400723 
v 0.05077039992656606 -0.998710351649214 0.0 
v 0.09203492752431597 -0.9935202260981224 0.06668682365752374 
v 0.04124838765286171 -0.996917333733128 0.06674129320346119 
v 0.19320366989422796 -0.9789051747260731 0.0664605208670415 
v 0.14303193226094346 -0.9874802473835653 0.0665178726433254 
v 0.15178772984329422 -0.9884131145776139 0.0 
v 0.1227294907590216 -0.9723699203976767 0.19858048747006143 
v 0.13317886548951036 -0.9821245741217781 0.13302146703838003 
v 0.1735023041031138 -0.9646854616784353 0.19818907764348367 
v 0.2979725191545048 -0.9258186488524093 0.23253431416850634 
v 0.235891269625228 -0.9474463540422337 0.21610348244921065 
v 0.24695574384425423 -0.9573487499905604 0.14998743772010503 
v -0.19822722205588805 -0.8685344953217573 0.4542618175371843 
v -0.12280023912919609 -0.93513044494374 0.3323419206316517 
v -0.16100639750493362 -0.9048389750750364 0.39413623171137263 
v -0.11975548783487482 -0.8793445108320888 0.460881605624379 
v -0.04129918185379311 -0.8847600214284896 0.46421340142230466 
v 0.0 -0.9910456560477678 0.13352343475528722 
v 0.08150105727540298 -0.9606547430369469 0.265518440684652 
v 0.04125090967005882 -0.9788519368963131 0.20036778205522218 
v -0.04125090967005882 -0.9788519368963131 0.20036778205522218 
v -0.08150105727540298 -0.9606547430369469 0.265518440684652 
v 0.19822722205588805 -0.8685344953217573 0.4542618175371843 
v 0.04129918185379311 -0.8847600214284896 0.46421340142230466 
v 0.11975548783487482 -0.8793445108320888 0.460881605624379 
v 0.16100639750493362 -0.9048389750750364 0.39413623171137263 
v 0.12280023912919609 -0.93513044494374 0.3323419206316517 
v -0.041301983266975546 -0.9416180563510774 0.3341400636437266 
v 0.041301983266975546 -0.9416180563510774 0.3341400636437266 
v 0.0 -0.9160920268893074 0.40096807637247195 
v 0.08165885632250933 -0.616240802900069 -0.7833129030120582 
v 0.0 -0.6694570012883597 -0.7428508083229075 
v -0.08165885632250933 -0.616240802900069 -0.7833129030120582 
v 0.10140984792806368 -0.7415134833355698 -0.663229821988394 
v 0.06468736687582514 -0.7071064655057321 -0.7041420247412189 
v 0.16569236545835012 -0.6984065815323527 -0.6962573424396398 
v -0.16569236545835012 -0.6984065815323527 -0.6962573424396398 
v -0.06468736687582514 -0.7071064655057321 -0.7041420247412189 
v -0.10140984792806368 -0.7415134833355698 -0.663229821988394 
v 0.23344536385590672 -0.8271472588034928 -0.5112051196418625 
v 0.2070463967175813 -0.8086778023163038 -0.5506105716812374 
v 0.28323327115450564 -0.7922847305538729 -0.5404292921764098 
v 0.05101471792044779 -0.8259263110149673 -0.5614652503305123 
v 0.12928712380139643 -0.8199116718491336 -0.5577003586019298 
v 0.07845909572784542 -0.8480285358002464 -0.5241104585543576 
v 0.22954258494590948 -0.7527380190971918 -0.617005410269623 
v 0.17981812252250978 -0.7879479402576277 -0.588900234552714 
v 0.15212880908837387 -0.7654779652955692 -0.6252202092801453 
v -0.28323327115450564 -0.7922847305538729 -0.5404292921764098 
v -0.2070463967175813 -0.8086778023163038 -0.5506105716812374 
v -0.23344536385590672 -0.8271472588034928 -0.5112051196418625 
v -0.15212880908837387 -0.7654779652955692 -0.6252202092801453 
v -0.17981812252250978 -0.7879479402576277 -0.588900234552714 
v -0.22954258494590948 -0.7527380190971918 -0.617005410269623 
v -0.07845909572784542 -0.8480285358002464 -0.5241104585543576 
v -0.12928712380139643 -0.8199116718491336 -0.5577003586019298 
v -0.05101471792044779 -0.8259263110149673 -0.5614652503305123 
v 0.051016775310250624 -0.77319160543965 -0.632117101425519 
v 0.0 -0.8016575317644793 -0.5977835743521923 
v -0.051016775310250624 -0.77319160543965 -0.632117101425519 
v 0.39410533781700907 -0.9130274952070262 -0.10517497658723292 
v 0.4841139978878059 -0.8649717593345674 -0.1321268050122632 
v 0.25671900529199826 -0.9628492869775871 -0.08376516512631635 
v 0.3188112663576485 -0.944121655483145 -0.08362820153033376 
v 0.43031070254437553 -0.8619497078979897 -0.26809587898797715 
v 0.3834986332334736 -0.904142664111151 -0.18829455977815207 
v 0.3581288532200619 -0.9001745541640858 -0.2478497458678801 
v 0.04124838765286171 -0.996917333733128 -0.06674129320346119 
v 0.09203492752431597 -0.9935202260981224 -0.06668682365752374 
v 0.1735023041031138 -0.9646854616784353 -0.19818907764348367 
v 0.13317886548951036 -0.9821245741217781 -0.13302146703838003 
v 0.1227294907590216 -0.9723699203976767 -0.19858048747006143 
v 0.14303193226094346 -0.9874802473835653 -0.0665178726433254 
v 0.19320366989422796 -0.9789051747260731 -0.0664605208670415 
v 0.3340036710810716 -0.8236625633309153 -0.4582810594728014 
v 0.2990813242418972 -0.8655585156784632 -0.40169493079476204 
v 0.2746937515087684 -0.8526401643540924 -0.44446382643840127 
v 0.3453324789826017 -0.8848844000414144 -0.3126101046400723 
v 0.3228500547834532 -0.8763465358714616 -0.3574697066779368 
v 0.38133031478920354 -0.8465479952155323 -0.3714077043079883 
v 0.20118858648686697 -0.9238795325112868 -0.3255299710842958 
v 0.26246598929090675 -0.9022207373048001 -0.34221242765675314 
v 0.22451702202356158 -0.9331566320771104 -0.2807326251652559 
v 0.24695574384425423 -0.9573487499905604 -0.14998743772010503 
v 0.235891269625228 -0.9474463540422337 -0.21610348244921065 
v 0.2979725191545048 -0.9258186488524093 -0.23253431416850634 
v -0.4841139978878059 -0.8649717593345674 -0.1321268050122632 
v -0.39410533781700907 -0.9130274952070262 -0.10517497658723292 
v -0.3581288532200619 -0.9001745541640858 -0.2478497458678801 
v -0.3834986332334736 -0.904142664111151 -0.18829455977815207 
v -0.43031070254437553 -0.8619497078979897 -0.26809587898797715 
v -0.3188112663576485 -0.944121655483145 -0.08362820153033376 
v -0.25671900529199826 -0.9628492869775871 -0.08376516512631635 
v -0.2746937515087684 -0.8526401643540924 -0.44446382643840127 
v -0.2990813242418972 -0.8655585156784632 -0.40169493079476204 
v -0.3340036710810716 -0.8236625633309153 -0.4582810594728014 
v -0.22451702202356158 -0.9331566320771104 -0.2807326251652559 
v -0.26246598929090675 -0.9022207373048001 -0.34221242765675314 
v -0.20118858648686697 -0.9238795325112868 -0.3255299710842958 
v -0.38133031478920354 -0.8465479952155323 -0.3714077043079883 
v -0.3228500547834532 -0.8763465358714616 -0.3574697066779368 
v -0.3453324789826017 -0.8848844000414144 -0.3126101046400723 
v -0.09203492752431597 -0.9935202260981224 -0.06668682365752374 
v -0.04124838765286171 -0.996917333733128 -0.06674129320346119 
v -0.19320366989422796 -0.9789051747260731 -0.0664605208670415 
v -0.14303193226094346 -0.9874802473835653 -0.0665178726433254 
v -0.1227294907590216 -0.9723699203976767 -0.19858048747006143 
v -0.13317886548951036 -0.9821245741217781 -0.13302146703838003 
v -0.1735023041031138 -0.9646854616784353 -0.19818907764348367 
v -0.2979725191545048 -0.9258186488524093 -0.23253431416850634 
v -0.235891269625228 -0.9474463540422337 -0.21610348244921065 
v -0.24695574384425423 -0.9573487499905604 -0.14998743772010503 
v 0.19822722205588805 -0.8685344953217573 -0.4542618175371843 
v 0.12280023912919609 -0.93513044494374 -0.3323419206316517 
v 0.16100639750493362 -0.9048389750750364 -0.39413623171137263 
v 0.11975548783487482 -0.8793445108320888 -0.460881605624379 
v 0.04129918185379311 -0.8847600214284896 -0.46421340142230466 
v 0.0 -0.9910456560477678 -0.13352343475528722 
v -0.08150105727540298 -0.9606547430369469 -0.265518440684652 
v -0.04125090967005882 -0.9788519368963131 -0.20036778205522218 
v 0.04125090967005882 -0.9788519368963131 -0.20036778205522218 
v 0.08150105727540298 -0.9606547430369469 -0.265518440684652 
v -0.19822722205588805 -0.8685344953217573 -0.4542618175371843 
v -0.04129918185379311 -0.8847600214284896 -0.46421340142230466 
v -0.11975548783487482 -0.8793445108320888 -0.460881605624379 
v -0.16100639750493362 -0.9048389750750364 -0.39413623171137263 
v -0.12280023912919609 -0.93513044494374 -0.3323419206316517 
v 0.041301983266975546 -0.9416180563510774 -0.3341400636437266 
v -0.041301983266975546 -0.9416180563510774 -0.3341400636437266 
v 0.0 -0.9160920268893074 -0.40096807637247195 
v -0.616240802900069 0.7833129030120582 -0.08165885632250931 
v -0.6694570012883597 0.7428508083229075 0.0 
v -0.616240802900069 0.7833129030120582 0.08165885632250931 
v -0.7415134833355698 0.663229821988394 -0.10140984792806368 
v -0.7071064655057321 0.7041420247412189 -0.06468736687582514 
v -0.6984065815323527 0.6962573424396398 -0.1656923654583501 
v -0.6984065815323527 0.6962573424396398 0.1656923654583501 
v -0.7071064655057321 0.7041420247412189 0.06468736687582514 
v -0.7415134833355698 0.663229821988394 0.10140984792806368 
v -0.8271472588034928 0.5112051196418625 -0.23344536385590672 
v -0.8086778023163037 0.5506105716812374 -0.20704639671758127 
v -0.792284730553873 0.5404292921764098 -0.2832332711545056 
v -0.8259263110149673 0.5614652503305123 -0.05101471792044779 
v -0.8199116718491336 0.5577003586019298 -0.12928712380139643 
v -0.8480285358002464 0.5241104585543576 -0.0784590957278454 
v -0.7527380190971917 0.6170054102696229 -0.22954258494590943 
v -0.7879479402576278 0.588900234552714 -0.1798181225225098 
v -0.7654779652955692 0.6252202092801453 -0.15212880908837387 
v -0.792284730553873 0.5404292921764098 0.2832332711545056 
v -0.8086778023163037 0.5506105716812374 0.20704639671758127 
v -0.8271472588034928 0.5112051196418625 0.23344536385590672 
v -0.7654779652955692 0.6252202092801453 0.15212880908837387 
v -0.7879479402576278 0.588900234552714 0.1798181225225098 
v -0.7527380190971917 0.6170054102696229 0.22954258494590943 
v -0.8480285358002464 0.5241104585543576 0.0784590957278454 
v -0.8199116718491336 0.5577003586019298 0.12928712380139643 
v -0.8259263110149673 0.5614652503305123 0.05101471792044779 
v -0.77319160543965 0.632117101425519 -0.051016775310250624 
v -0.8016575317644793 0.5977835743521923 0.0 
v -0.77319160543965 0.632117101425519 0.051016775310250624 
v -0.9154397080243225 0.0 -0.40245514156529666 
v -0.9130274952070262 0.10517497658723292 -0.39410533781700907 
v -0.8649717593345674 0.1321268050122632 -0.4841139978878059 
v -0.9628492869775871 0.08376516512631635 -0.25671900529199826 
v -0.944121655483145 0.08362820153033376 -0.3188112663576485 
v -0.964353221427619 0.0 -0.26461833708602567 
v -0.8619497078979897 0.26809587898797715 -0.43031070254437553 
v -0.904142664111151 0.18829455977815207 -0.3834986332334736 
v -0.9001745541640858 0.2478497458678801 -0.3581288532200619 
v -0.996917333733128 0.06674129320346119 -0.04124838765286171 
v -0.9935202260981224 0.06668682365752374 -0.09203492752431597 
v -0.998710351649214 0.0 -0.05077039992656606 
v -0.9646854616784353 0.19818907764348367 -0.1735023041031138 
v -0.9821245741217781 0.13302146703838003 -0.13317886548951036 
v -0.9723699203976767 0.19858048747006143 -0.1227294907590216 
v -0.9884131145776139 0.0 -0.15178772984329422 
v -0.9874802473835653 0.0665178726433254 -0.14303193226094346 
v -0.9789051747260731 0.0664605208670415 -0.19320366989422796 
v -0.8236625633309153 0.4582810594728014 -0.3340036710810716 
v -0.8655585156784632 0.40169493079476204 -0.2990813242418972 
v -0.8526401643540924 0.44446382643840127 -0.2746937515087684 
v -0.8848844000414144 0.3126101046400723 -0.3453324789826017 
v -0.8763465358714616 0.3574697066779368 -0.3228500547834532 
v -0.8465479952155323 0.3714077043079883 -0.38133031478920354 
v -0.9238795325112868 0.3255299710842958 -0.20118858648686697 
v -0.9022207373048001 0.34221242765675314 -0.26246598929090675 
v -0.9331566320771104 0.2807326251652559 -0.22451702202356158 
v -0.9573487499905604 0.14998743772010503 -0.24695574384425423 
v -0.9474463540422337 0.21610348244921065 -0.235891269625228 
v -0.9258186488524092 0.2325343141685063 -0.2979725191545048 
v -0.8649717593345674 0.1321268050122632 0.4841139978878059 
v -0.9130274952070262 0.10517497658723292 0.39410533781700907 
v -0.9154397080243225 0.0 0.40245514156529666 
v -0.9001745541640858 0.2478497458678801 0.3581288532200619 
v -0.904142664111151 0.18829455977815207 0.3834986332334736 
v -0.8619497078979897 0.26809587898797715 0.43031070254437553 
v -0.964353221427619 0.0 0.26461833708602567 
v -0.944121655483145 0.08362820153033376 0.3188112663576485 
v -0.9628492869775871 0.08376516512631635 0.25671900529199826 
v -0.8526401643540924 0.44446382643840127 0.2746937515087684 
v -0.8655585156784632 0.40169493079476204 0.2990813242418972 
v -0.8236625633309153 0.4582810594728014 0.3340036710810716 
v -0.9331566320771104 0.2807326251652559 0.22451702202356158 
v -0.9022207373048001 0.34221242765675314 0.26246598929090675 
v -0.9238795325112868 0.3255299710842958 0.20118858648686697 
v -0.8465479952155323 0.3714077043079883 0.38133031478920354 
v -0.8763465358714616 0.3574697066779368 0.3228500547834532 
v -0.8848844000414144 0.3126101046400723 0.3453324789826017 
v -0.998710351649214 0.0 0.05077039992656606 
v -0.9935202260981224 0.06668682365752374 0.09203492752431597 
v -0.996917333733128 0.06674129320346119 0.04124838765286171 
v -0.9789051747260731 0.0664605208670415 0.19320366989422796 
v -0.9874802473835653 0.0665178726433254 0.14303193226094346 
v -0.9884131145776139 0.0 0.15178772984329422 
v -0.9723699203976767 0.19858048747006143 0.1227294907590216 
v -0.9821245741217781 0.13302146703838003 0.13317886548951036 
v -0.9646854616784353 0.19818907764348367 0.1735023041031138 
v -0.9258186488524092 0.2325343141685063 0.2979725191545048 
v -0.9474463540422337 0.21610348244921065 0.235891269625228 
v -0.9573487499905604 0.14998743772010503 0.24695574384425423 
v -0.8685344953217573 0.4542618175371843 -0.19822722205588805 
v -0.93513044494374 0.3323419206316517 -0.12280023912919609 
v -0.9048389750750364 0.39413623171137263 -0.16100639750493362 
v -0.8793445108320888 0.460881605624379 -0.11975548783487482 
v -0.8847600214284896 0.46421340142230466 -0.04129918185379311 
v -0.9910456560477678 0.13352343475528722 0.0 
v -0.9606547430369469 0.265518440684652 0.08150105727540298 
v -0.9788519368963131 0.20036778205522218 0.04125090967005882 
v -0.9788519368963131 0.20036778205522218 -0.04125090967005882 
v -0.9606547430369469 0.265518440684652 -0.08150105727540298 
v -0.8685344953217573 0.4542618175371843 0.19822722205588805 
v -0.8847600214284896 0.46421340142230466 0.04129918185379311 
v -0.8793445108320888 0.460881605624379 0.11975548783487482 
v -0.9048389750750364 0.39413623171137263 0.16100639750493362 
v -0.93513044494374 0.3323419206316517 0.12280023912919609 
v -0.9416180563510774 0.3341400636437266 -0.041301983266975546 
v -0.9416180563510774 0.3341400636437266 0.041301983266975546 
v -0.9160920268893074 0.40096807637247195 0.0 
v -0.616240802900069 -0.7833129030120582 0.08165885632250931 
v -0.6694570012883597 -0.7428508083229075 0.0 
v -0.616240802900069 -0.7833129030120582 -0.08165885632250931 
v -0.7415134833355698 -0.663229821988394 0.10140984792806368 
v -0.7071064655057321 -0.7041420247412189 0.06468736687582514 
v -0.6984065815323527 -0.6962573424396398 0.1656923654583501 
v -0.6984065815323527 -0.6962573424396398 -0.1656923654583501 
v -0.7071064655057321 -0.7041420247412189 -0.06468736687582514 
v -0.7415134833355698 -0.663229821988394 -0.10140984792806368 
v -0.8271472588034928 -0.5112051196418625 0.23344536385590672 
v -0.8086778023163037 -0.5506105716812374 0.20704639671758127 
v -0.792284730553873 -0.5404292921764098 0.2832332711545056 
v -0.8259263110149673 -0.5614652503305123 0.05101471792044779 
v -0.8199116718491336 -0.5577003586019298 0.12928712380139643 
v -0.8480285358002464 -0.5241104585543576 0.0784590957278454 
v -0.7527380190971917 -0.6170054102696229 0.22954258494590943 
v -0.7879479402576278 -0.588900234552714 0.1798181225225098 
v -0.7654779652955692 -0.6252202092801453 0.15212880908837387 
v -0.792284730553873 -0.5404292921764098 -0.2832332711545056 
v -0.8086778023163037 -0.5506105716812374 -0.20704639671758127 
v -0.8271472588034928 -0.5112051196418625 -0.23344536385590672 
v -0.7654779652955692 -0.6252202092801453 -0.15212880908837387 
v -0.7879479402576278 -0.588900234552714 -0.1798181225225098 
v -0.7527380190971917 -0.6170054102696229 -0.22954258494590943 
v -0.8480285358002464 -0.5241104585543576 -0.0784590957278454 
v -0.8199116718491336 -0.5577003586019298 -0.12928712380139643 
v -0.8259263110149673 -0.5614652503305123 -0.05101471792044779 
v -0.77319160543965 -0.632117101425519 0.051016775310250624 
v -0.8016575317644793 -0.5977835743521923 0.0 
v -0.77319160543965 -0.632117101425519 -0.051016775310250624 
v -0.9130274952070262 -0.10517497658723292 0.39410533781700907 
v -0.8649717593345674 -0.1321268050122632 0.4841139978878059 
v -0.9628492869775871 -0.08376516512631635 0.25671900529199826 
v -0.944121655483145 -0.08362820153033376 0.3188112663576485 
v -0.8619497078979897 -0.26809587898797715 0.43031070254437553 
v -0.904142664111151 -0.18829455977815207 0.3834986332334736 
v -0.9001745541640858 -0.2478497458678801 0.3581288532200619 
v -0.996917333733128 -0.06674129320346119 0.04124838765286171 
v -0.9935202260981224 -0.06668682365752374 0.09203492752431597 
v -0.9646854616784353 -0.19818907764348367 0.1735023041031138 
v -0.9821245741217781 -0.13302146703838003 0.13317886548951036 
v -0.9723699203976767 -0.19858048747006143 0.1227294907590216 
v -0.9874802473835653 -0.0665178726433254 0.14303193226094346 
v -0.9789051747260731 -0.0664605208670415 0.19320366989422796 
v -0.8236625633309153 -0.4582810594728014 0.3340036710810716 
v -0.8655585156784632 -0.40169493079476204 0.2990813242418972 
v -0.8526401643540924 -0.44446382643840127 0.2746937515087684 
v -0.8848844000414144 -0.3126101046400723 0.3453324789826017 
v -0.8763465358714616 -0.3574697066779368 0.3228500547834532 
v -0.8465479952155323 -0.3714077043079883 0.38133031478920354 
v -0.9238795325112868 -0.3255299710842958 0.20118858648686697 
v -0.9022207373048001 -0.34221242765675314 0.26246598929090675 
v -0.9331566320771104 -0.2807326251652559 0.22451702202356158 
v -0.9573487499905604 -0.14998743772010503 0.24695574384425423 
v -0.9474463540422337 -0.21610348244921065 0.235891269625228 
v -0.9258186488524092 -0.2325343141685063 0.2979725191545048 
v -0.8649717593345674 -0.1321268050122632 -0.4841139978878059 
v -0.9130274952070262 -0.10517497658723292 -0.39410533781700907 
v -0.9001745541640858 -0.2478497458678801 -0.3581288532200619 
v -0.904142664111151 -0.18829455977815207 -0.3834986332334736 
v -0.8619497078979897 -0.26809587898797715 -0.43031070254437553 
v -0.944121655483145 -0.08362820153033376 -0.3188112663576485 
v -0.9628492869775871 -0.08376516512631635 -0.25671900529199826 
v -0.8526401643540924 -0.44446382643840127 -0.2746937515087684 
v -0.8655585156784632 -0.40169493079476204 -0.2990813242418972 
v -0.8236625633309153 -0.4582810594728014 -0.3340036710810716 
v -0.9331566320771104 -0.2807326251652559 -0.22451702202356158 
v -0.9022207373048001 -0.34221242765675314 -0.26246598929090675 
v -0.9238795325112868 -0.3255299710842958 -0.20118858648686697 
v -0.8465479952155323 -0.3714077043079883 -0.38133031478920354 
v -0.8763465358714616 -0.3574697066779368 -0.3228500547834532 
v -0.8848844000414144 -0.3126101046400723 -0.3453324789826017 
v -0.9935202260981224 -0.06668682365752374 -0.09203492752431597 
v -0.996917333733128 -0.06674129320346119 -0.04124838765286171 
v -0.9789051747260731 -0.0664605208670415 -0.19320366989422796 
v -0.9874802473835653 -0.0665178726433254 -0.14303193226094346 
v -0.9723699203976767 -0.19858048747006143 -0.1227294907590216 
v -0.9821245741217781 -0.13302146703838003 -0.13317886548951036 
v -0.9646854616784353 -0.19818907764348367 -0.1735023041031138 
v -0.9258186488524092 -0.2325343141685063 -0.2979725191545048 
v -0.9474463540422337 -0.21610348244921065 -0.235891269625228 
v -0.9573487499905604 -0.14998743772010503 -0.24695574384425423 
v -0.8685344953217573 -0.4542618175371843 0.19822722205588805 
v -0.93513044494374 -0.3323419206316517 0.12280023912919609 
v -0.9048389750750364 -0.39413623171137263 0.16100639750493362 
v -0.8793445108320888 -0.460881605624379 0.11975548783487482 
v -0.8847600214284896 -0.46421340142230466 0.04129918185379311 
v -0.9910456560477678 -0.13352343475528722 0.0 
v -0.9606547430369469 -0.265518440684652 -0.08150105727540298 
v -0.9788519368963131 -0.20036778205522218 -0.04125090967005882 
v -0.9788519368963131 -0.20036778205522218 0.04125090967005882 
v -0.9606547430369469 -0.265518440684652 0.08150105727540298 
v -0.8685344953217573 -0.4542618175371843 -0.19822722205588805 
v -0.8847600214284896 -0.46421340142230466 -0.04129918185379311 
v -0.8793445108320888 -0.460881605624379 -0.11975548783487482 
v -0.9048389750750364 -0.39413623171137263 -0.16100639750493362 
v -0.93513044494374 -0.3323419206316517 -0.12280023912919609 
v -0.9416180563510774 -0.3341400636437266 0.041301983266975546 
v -0.9416180563510774 -0.3341400636437266 -0.041301983266975546 
v -0.9160920268893074 -0.40096807637247195 0.0 
v 0.616240802900069 0.7833129030120582 0.08165885632250931 
v 0.6694570012883597 0.7428508083229075 0.0 
v 0.616240802900069 0.7833129030120582 -0.08165885632250931 
v 0.7415134833355698 0.663229821988394 0.10140984792806368 
v 0.7071064655057321 0.7041420247412189 0.06468736687582514 
v 0.6984065815323527 0.6962573424396398 0.1656923654583501 
v 0.6984065815323527 0.6962573424396398 -0.1656923654583501 
v 0.7071064655057321 0.7041420247412189 -0.06468736687582514 
v 0.7415134833355698 0.663229821988394 -0.10140984792806368 
v 0.8271472588034928 0.5112051196418625 0.23344536385590672 
v 0.8086778023163037 0.5506105716812374 0.20704639671758127 
v 0.792284730553873 0.5404292921764098 0.2832332711545056 
v 0.8259263110149673 0.5614652503305123 0.05101471792044779 
v 0.8199116718491336 0.5577003586019298 0.12928712380139643 
v 0.8480285358002464 0.5241104585543576 0.0784590957278454 
v 0.7527380190971917 0.6170054102696229 0.22954258494590943 
v 0.7879479402576278 0.588900234552714 0.1798181225225098 
v 0.7654779652955692 0.6252202092801453 0.15212880908837387 
v 0.792284730553873 0.5404292921764098 -0.2832332711545056 
v 0.8086778023163037 0.5506105716812374 -0.20704639671758127 
v 0.8271472588034928 0.5112051196418625 -0.23344536385590672 
v 0.7654779652955692 0.6252202092801453 -0.15212880908837387 
v 0.7879479402576278 0.588900234552714 -0.1798181225225098 
v 0.7527380190971917 0.6170054102696229 -0.22954258494590943 
v 0.8480285358002464 0.5241104585543576 -0.0784590957278454 
v 0.8199116718491336 0.5577003586019298 -0.12928712380139643 
v 0.8259263110149673 0.5614652503305123 -0.05101471792044779 
v 0.77319160543965 0.632117101425519 0.051016775310250624 
v 0.8016575317644793 0.5977835743521923 0.0 
v 0.77319160543965 0.632117101425519 -0.051016775310250624 
v 0.9154397080243225 0.0 0.40245514156529666 
v 0.9130274952070262 0.10517497658723292 0.39410533781700907 
v 0.8649717593345674 0.1321268050122632 0.4841139978878059 
v 0.9628492869775871 0.08376516512631635 0.25671900529199826 
v 0.944121655483145 0.08362820153033376 0.3188112663576485 
v 0.964353221427619 0.0 0.26461833708602567 
v 0.8619497078979897 0.26809587898797715 0.43031070254437553 
v 0.904142664111151 0.18829455977815207 0.3834986332334736 
v 0.9001745541640858 0.2478497458678801 0.3581288532200619 
v 0.996917333733128 0.06674129320346119 0.04124838765286171 
v 0.9935202260981224 0.06668682365752374 0.09203492752431597 
v 0.998710351649214 0.0 0.05077039992656606 
v 0.9646854616784353 0.19818907764348367 0.1735023041031138 
v 0.9821245741217781 0.13302146703838003 0.13317886548951036 
v 0.9723699203976767 0.19858048747006143 0.1227294907590216 
v 0.9884131145776139 0.0 0.15178772984329422 
v 0.9874802473835653 0.0665178726433254 0.14303193226094346 
v 0.9789051747260731 0.0664605208670415 0.19320366989422796 
v 0.8236625633309153 0.4582810594728014 0.3340036710810716 
v 0.8655585156784632 0.40169493079476204 0.2990813242418972 
v 0.8526401643540924 0.44446382643840127 0.2746937515087684 
v 0.8848844000414144 0.3126101046400723 0.3453324789826017 
v 0.8763465358714616 0.3574697066779368 0.3228500547834532 
v 0.8465479952155323 0.3714077043079883 0.38133031478920354 
v 0.9238795325112868 0.3255299710842958 0.20118858648686697 
v 0.9022207373048001 0.34221242765675314 0.26246598929090675 
v 0.9331566320771104 0.2807326251652559 0.22451702202356158 
v 0.9573487499905604 0.14998743772010503 0.24695574384425423 
v 0.9474463540422337 0.21610348244921065 0.235891269625228 
v 0.9258186488524092 0.2325343141685063 0.2979725191545048 
v 0.8649717593345674 0.1321268050122632 -0.4841139978878059 
v 0.9130274952070262 0.10517497658723292 -0.39410533781700907 
v 0.9154397080243225 0.0 -0.40245514156529666 
v 0.9001745541640858 0.2478497458678801 -0.3581288532200619 
v 0.904142664111151 0.18829455977815207 -0.3834986332334736 
v 0.8619497078979897 0.26809587898797715 -0.43031070254437553 
v 0.964353221427619 0.0 -0.26461833708602567 
v 0.944121655483145 0.08362820153033376 -0.3188112663576485 
v 0.9628492869775871 0.08376516512631635 -0.25671900529199826 
v 0.8526401643540924 0.44446382643840127 -0.2746937515087684 
v 0.8655585156784632 0.40169493079476204 -0.2990813242418972 
v 0.8236625633309153 0.4582810594728014 -0.3340036710810716 
v 0.9331566320771104 0.2807326251652559 -0.22451702202356158 
v 0.9022207373048001 0.34221242765675314 -0.26246598929090675 
v 0.9238795325112868 0.3255299710842958 -0.20118858648686697 
v 0.8465479952155323 0.3714077043079883 -0.38133031478920354 
v 0.8763465358714616 0.3574697066779368 -0.3228500547834532 
v 0.8848844000414144 0.3126101046400723 -0.3453324789826017 
v 0.998710351649214 0.0 -0.05077039992656606 
v 0.9935202260981224 0.06668682365752374 -0.09203492752431597 
v 0.996917333733128 0.06674129320346119 -0.04124838765286171 
v 0.9789051747260731 0.0664605208670415 -0.19320366989422796 
v 0.9874802473835653 0.0665178726433254 -0.14303193226094346 
v 0.9884131145776139 0.0 -0.15178772984329422 
v 0.9723699203976767 0.19858048747006143 -0.1227294907590216 
v 0.9821245741217781 0.13302146703838003 -0.13317886548951036 
v 0.9646854616784353 0.19818907764348367 -0.1735023041031138 
v 0.9258186488524092 0.2325343141685063 -0.2979725191545048 
v 0.9474463540422337 0.21610348244921065 -0.235891269625228 
v 0.9573487499905604 0.14998743772010503 -0.24695574384425423 
v 0.8685344953217573 0.4542618175371843 0.19822722205588805 
v 0.93513044494374 0.3323419206316517 0.12280023912919609 
v 0.9048389750750364 0.39413623171137263 0.16100639750493362 
v 0.8793445108320888 0.460881605624379 0.11975548783487482 
v 0.8847600214284896 0.46421340142230466 0.04129918185379311 
v 0.9910456560477678 0.13352343475528722 0.0 
v 0.9606547430369469 0.265518440684652 -0.08150105727540298 
v 0.9788519368963131 0.20036778205522218 -0.04125090967005882 
v 0.9788519368963131 0.20036778205522218 0.04125090967005882 
v 0.9606547430369469 0.265518440684652 0.08150105727540298 
v 0.8685344953217573 0.4542618175371843 -0.19822722205588805 
v 0.8847600214284896 0.46421340142230466 -0.04129918185379311 
v 0.8793445108320888 0.460881605624379 -0.11975548783487482 
v 0.9048389750750364 0.39413623171137263 -0.16100639750493362 
v 0.93513044494374 0.3323419206316517 -0.12280023912919609 
v 0.9416180563510774 0.3341400636437266 0.041301983266975546 
v 0.9416180563510774 0.3341400636437266 -0.041301983266975546 
v 0.9160920268893074 0.40096807637247195 0.0 
v 0.616240802900069 -0.7833129030120582 -0.08165885632250931 
v 0.6694570012883597 -0.7428508083229075 0.0 
v 0.616240802900069 -0.7833129030120582 0.08165885632250931 
v 0.7415134833355698 -0.663229821988394 -0.10140984792806368 
v 0.7071064655057321 -0.7041420247412189 -0.06468736687582514 
v 0.6984065815323527 -0.6962573424396398 -0.1656923654583501 
v 0.6984065815323527 -0.6962573424396398 0.1656923654583501 
v 0.7071064655057321 -0.7041420247412189 0.06468736687582514 
v 0.7415134833355698 -0.663229821988394 0.10140984792806368 
v 0.8271472588034928 -0.5112051196418625 -0.23344536385590672 
v 0.8086778023163037 -0.5506105716812374 -0.20704639671758127 
v 0.792284730553873 -0.5404292921764098 -0.2832332711545056 
v 0.8259263110149673 -0.5614652503305123 -0.05101471792044779 
v 0.8199116718491336 -0.5577003586019298 -0.12928712380139643 
v 0.8480285358002464 -0.5241104585543576 -0.0784590957278454 
v 0.7527380190971917 -0.6170054102696229 -0.22954258494590943 
v 0.7879479402576278 -0.588900234552714 -0.1798181225225098 
v 0.7654779652955692 -0.6252202092801453 -0.15212880908837387 
v 0.792284730553873 -0.5404292921764098 0.2832332711545056 
v 0.8086778023163037 -0.5506105716812374 0.20704639671758127 
v 0.8271472588034928 -0.5112051196418625 0.23344536385590672 
v 0.7654779652955692 -0.6252202092801453 0.15212880908837387 
v 0.7879479402576278 -0.588900234552714 0.1798181225225098 
v 0.7527380190971917 -0.6170054102696229 0.22954258494590943 
v 0.8480285358002464 -0.5241104585543576 0.0784590957278454 
v 0.8199116718491336 -0.5577003586019298 0.12928712380139643 
v 0.8259263110149673 -0.5614652503305123 0.05101471792044779 
v 0.77319160543965 -0.632117101425519 -0.051016775310250624 
v 0.8016575317644793 -0.5977835743521923 0.0 
v 0.77319160543965 -0.632117101425519 0.051016775310250624 
v 0.9130274952070262 -0.10517497658723292 -0.39410533781700907 
v 0.8649717593345674 -0.1321268050122632 -0.4841139978878059 
v 0.9628492869775871 -0.08376516512631635 -0.25671900529199826 
v 0.944121655483145 -0.08362820153033376 -0.3188112663576485 
v 0.8619497078979897 -0.26809587898797715 -0.43031070254437553 
v 0.904142664111151 -0.18829455977815207 -0.3834986332334736 
v 0.9001745541640858 -0.2478497458678801 -0.3581288532200619 
v 0.996917333733128 -0.06674129320346119 -0.04124838765286171 
v 0.9935202260981224 -0.06668682365752374 -0.09203492752431597 
v 0.9646854616784353 -0.19818907764348367 -0.1735023041031138 
v 0.9821245741217781 -0.13302146703838003 -0.13317886548951036 
v 0.9723699203976767 -0.19858048747006143 -0.1227294907590216 
v 0.9874802473835653 -0.0665178726433254 -0.14303193226094346 
v 0.9789051747260731 -0.0664605208670415 -0.19320366989422796 
v 0.8236625633309153 -0.4582810594728014 -0.3340036710810716 
v 0.8655585156784632 -0.40169493079476204 -0.2990813242418972 
v 0.8526401643540924 -0.44446382643840127 -0.2746937515087684 
v 0.8848844000414144 -0.3126101046400723 -0.3453324789826017 
v 0.8763465358714616 -0.3574697066779368 -0.3228500547834532 
v 0.8465479952155323 -0.3714077043079883 -0.38133031478920354 
v 0.9238795325112868 -0.3255299710842958 -0.20118858648686697 
v 0.9022207373048001 -0.34221242765675314 -0.26246598929090675 
v 0.9331566320771104 -0.2807326251652559 -0.22451702202356158 
v 0.9573487499905604 -0.14998743772010503 -0.24695574384425423 
v 0.9474463540422337 -0.21610348244921065 -0.235891269625228 
v 0.9258186488524092 -0.2325343141685063 -0.2979725191545048 
v 0.8649717593345674 -0.1321268050122632 0.4841139978878059 
v 0.9130274952070262 -0.10517497658723292 0.39410533781700907 
v 0.9001745541640858 -0.2478497458678801 0.3581288532200619 
v 0.904142664111151 -0.18829455977815207 0.3834986332334736 
v 0.8619497078979897 -0.26809587898797715 0.43031070254437553 
v 0.944121655483145 -0.08362820153033376 0.3188112663576485 
v 0.9628492869775871 -0.08376516512631635 0.25671900529199826 
v 0.8526401643540924 -0.44446382643840127 0.2746937515087684 
v 0.8655585156784632 -0.40169493079476204 0.2990813242418972 
v 0.8236625633309153 -0.4582810594728014 0.3340036710810716 
v 0.9331566320771104 -0.2807326251652559 0.22451702202356158 
v 0.9022207373048001 -0.34221242765675314 0.26246598929090675 
v 0.9238795325112868 -0.3255299710842958 0.20118858648686697 
v 0.8465479952155323 -0.3714077043079883 0.38133031478920354 
v 0.8763465358714616 -0.3574697066779368 0.3228500547834532 
v 0.8848844000414144 -0.3126101046400723 0.3453324789826017 
v 0.9935202260981224 -0.06668682365752374 0.09203492752431597 
v 0.996917333733128 -0.06674129320346119 0.04124838765286171 
v 0.9789051747260731 -0.0664605208670415 0.19320366989422796 
v 0.9874802473835653 -0.0665178726433254 0.14303193226094346 
v 0.9723699203976767 -0.19858048747006143 0.1227294907590216 
v 0.9821245741217781 -0.13302146703838003 0.13317886548951036 
v 0.9646854616784353 -0.19818907764348367 0.1735023041031138 
v 0.9258186488524092 -0.2325343141685063 0.2979725191545048 
v 0.9474463540422337 -0.21610348244921065 0.235891269625228 
v 0.9573487499905604 -0.14998743772010503 0.24695574384425423 
v 0.8685344953217573 -0.4542618175371843 -0.19822722205588805 
v 0.93513044494374 -0.3323419206316517 -0.12280023912919609 
v 0.9048389750750364 -0.39413623171137263 -0.16100639750493362 
v 0.8793445108320888 -0.460881605624379 -0.11975548783487482 
v 0.8847600214284896 -0.46421340142230466 -0.04129918185379311 
v 0.9910456560477678 -0.13352343475528722 0.0 
v 0.9606547430369469 -0.265518440684652 0.08150105727540298 
v 0.9788519368963131 -0.20036778205522218 0.04125090967005882 
v 0.9788519368963131 -0.20036778205522218 -0.04125090967005882 
v 0.9606547430369469 -0.265518440684652 -0.08150105727540298 
v 0.8685344953217573 -0.4542618175371843 0.19822722205588805 
v 0.8847600214284896 -0.46421340142230466 0.04129918185379311 
v 0.8793445108320888 -0.460881605624379 0.11975548783487482 
v 0.9048389750750364 -0.39413623171137263 0.16100639750493362 
v 0.93513044494374 -0.3323419206316517 0.12280023912919609 
v 0.9416180563510774 -0.3341400636437266 -0.041301983266975546 
v 0.9416180563510774 -0.3341400636437266 0.041301983266975546 
v 0.9160920268893074 -0.40096807637247195 0.0 
v -0.17017668688411783 0.5642820247011269 0.8078525186197922 
v -0.23694473217569137 0.6577483182092532 0.7149995411097052 
v -0.2000006393699316 0.6234782639753982 0.7558270957049914 
v -0.23997963074192474 0.51881190572758 0.8205144625808165 
v -0.2996194649891914 0.49366373746768943 0.8164093890377687 
v -0.34143504471222963 0.7604059656000314 0.5524535072947241 
v -0.31494794399722564 0.7419909786587798 0.5918252953033578 
v -0.3716913817465972 0.6277372333714831 0.6839528365131776 
v -0.3445203787028697 0.6868902048107531 0.6399121464650228 
v -0.3997690739569284 0.6494480483301843 0.6468399493133787 
v -0.2874463013187474 0.7214300676143021 0.6300105407056261 
v -0.25966419076126895 0.6990174444285274 0.6662950700859986 
v -0.4429096544168827 0.4069828715215415 0.798871692020939 
v -0.485712214091263 0.3826834323650913 0.7858988711506307 
v -0.3536849654459258 0.45286786065549683 0.8184238791743725 
v -0.39858001283084904 0.43047823357969084 0.8098286632281358 
v -0.44825946184331744 0.52249856471595 0.7252990450412241 
v -0.4244242155198465 0.4776992441923801 0.7691992702664192 
v -0.40322021134792163 0.545193685849711 0.7349675544336254 
v -0.2937015474268894 0.6232041677195447 0.7248144358220525 
v -0.34966277969004034 0.5855540493152681 0.7313428715930216 
v -0.32523164856504 0.5406572912711436 0.775831211132303 
v -0.5642820247011268 0.8078525186197923 0.17017668688411783 
v -0.6577483182092532 0.7149995411097052 0.23694473217569137 
v -0.6234782639753982 0.7558270957049914 0.20000063936993157 
v -0.51881190572758 0.8205144625808165 0.23997963074192474 
v -0.4936637374676895 0.8164093890377688 0.2996194649891914 
v -0.7604059656000314 0.5524535072947241 0.34143504471222963 
v -0.7419909786587798 0.5918252953033578 0.3149479439972256 
v -0.6277372333714831 0.6839528365131776 0.3716913817465972 
v -0.6868902048107532 0.6399121464650228 0.3445203787028698 
v -0.6494480483301843 0.6468399493133787 0.3997690739569284 
v -0.7214300676143021 0.6300105407056261 0.28744630131874743 
v -0.6990174444285274 0.6662950700859986 0.25966419076126895 
v -0.4069828715215415 0.798871692020939 0.4429096544168827 
v -0.3826834323650913 0.7858988711506307 0.485712214091263 
v -0.45286786065549683 0.8184238791743725 0.3536849654459258 
v -0.43047823357969084 0.8098286632281358 0.39858001283084904 
v -0.5224985647159499 0.7252990450412241 0.4482594618433174 
v -0.4776992441923801 0.7691992702664192 0.4244242155198465 
v -0.545193685849711 0.7349675544336254 0.40322021134792163 
v -0.6232041677195447 0.7248144358220525 0.2937015474268894 
v -0.5855540493152681 0.7313428715930216 0.34966277969004034 
v -0.5406572912711436 0.775831211132303 0.32523164856504 
v -0.8078525186197923 0.17017668688411783 0.5642820247011268 
v -0.7149995411097051 0.23694473217569134 0.6577483182092532 
v -0.7558270957049914 0.20000063936993157 0.6234782639753981 
v -0.8205144625808165 0.23997963074192474 0.51881190572758 
v -0.8164093890377687 0.2996194649891914 0.49366373746768943 
v -0.5524535072947241 0.34143504471222963 0.7604059656000314 
v -0.5918252953033578 0.31494794399722564 0.7419909786587798 
v -0.6839528365131776 0.3716913817465972 0.6277372333714831 
v -0.6399121464650228 0.3445203787028697 0.6868902048107531 
v -0.6468399493133787 0.3997690739569284 0.6494480483301843 
v -0.6300105407056261 0.2874463013187474 0.7214300676143021 
v -0.6662950700859986 0.25966419076126895 0.6990174444285274 
v -0.798871692020939 0.4429096544168827 0.4069828715215415 
v -0.7858988711506307 0.485712214091263 0.3826834323650913 
v -0.8184238791743725 0.3536849654459258 0.45286786065549683 
v -0.8098286632281358 0.39858001283084904 0.43047823357969084 
v -0.7252990450412241 0.44825946184331744 0.52249856471595 
v -0.7691992702664192 0.4244242155198465 0.4776992441923801 
v -0.7349675544336254 0.40322021134792163 0.545193685849711 
v -0.7248144358220525 0.2937015474268894 0.6232041677195447 
v -0.7313428715930216 0.34966277969004034 0.5855540493152681 
v -0.775831211132303 0.32523164856504 0.5406572912711436 
v -0.4142726777845724 0.7350110605664694 0.5367838385105813 
v -0.5524181007968372 0.6696120042590866 0.4964413416146407 
v -0.4852082791207153 0.7044711930198132 0.517970331271932 
v -0.4439573694506565 0.6789767287768658 0.5847157051849383 
v -0.47091704352143426 0.619241580743837 0.6283128224052935 
v -0.7350110605664694 0.5367838385105813 0.4142726777845724 
v -0.6696120042590866 0.4964413416146407 0.5524181007968372 
v -0.7044711930198132 0.517970331271932 0.4852082791207153 
v -0.6789767287768658 0.5847157051849383 0.4439573694506565 
v -0.6192415807438368 0.6283128224052934 0.4709170435214342 
v -0.5367838385105813 0.4142726777845724 0.7350110605664694 
v -0.4964413416146407 0.5524181007968372 0.6696120042590866 
v -0.517970331271932 0.4852082791207153 0.7044711930198132 
v -0.5847157051849383 0.4439573694506565 0.6789767287768658 
v -0.6283128224052934 0.4709170435214342 0.6192415807438368 
v -0.5819519632455797 0.6074779927073494 0.5406499799786041 
v -0.6074779927073494 0.5406499799786041 0.5819519632455797 
v -0.5406499799786041 0.5819519632455797 0.6074779927073494 
v 0.17017668688411783 0.5642820247011269 0.8078525186197922 
v 0.2996194649891914 0.49366373746768943 0.8164093890377687 
v 0.23997963074192474 0.51881190572758 0.8205144625808165 
v 0.2000006393699316 0.6234782639753982 0.7558270957049914 
v 0.23694473217569137 0.6577483182092532 0.7149995411097052 
v 0.485712214091263 0.3826834323650913 0.7858988711506307 
v 0.4429096544168827 0.4069828715215415 0.798871692020939 
v 0.40322021134792163 0.545193685849711 0.7349675544336254 
v 0.4244242155198465 0.4776992441923801 0.7691992702664192 
v 0.44825946184331744 0.52249856471595 0.7252990450412241 
v 0.39858001283084904 0.43047823357969084 0.8098286632281358 
v 0.3536849654459258 0.45286786065549683 0.8184238791743725 
v 0.31494794399722564 0.7419909786587798 0.5918252953033578 
v 0.34143504471222963 0.7604059656000314 0.5524535072947241 
v 0.25966419076126895 0.6990174444285274 0.6662950700859986 
v 0.2874463013187474 0.7214300676143021 0.6300105407056261 
v 0.3997690739569284 0.6494480483301843 0.6468399493133787 
v 0.3445203787028697 0.6868902048107531 0.6399121464650228 
v 0.3716913817465972 0.6277372333714831 0.6839528365131776 
v 0.32523164856504 0.5406572912711436 0.775831211132303 
v 0.34966277969004034 0.5855540493152681 0.7313428715930216 
v 0.2937015474268894 0.6232041677195447 0.7248144358220525 
v 0.8078525186197923 0.17017668688411783 0.5642820247011268 
v 0.8164093890377687 0.2996194649891914 0.49366373746768943 
v 0.8205144625808165 0.23997963074192474 0.51881190572758 
v 0.7558270957049914 0.20000063936993157 0.6234782639753981 
v 0.7149995411097051 0.23694473217569134 0.6577483182092532 
v 0.7858988711506307 0.485712214091263 0.3826834323650913 
v 0.798871692020939 0.4429096544168827 0.4069828715215415 
v 0.7349675544336254 0.40322021134792163 0.545193685849711 
v 0.7691992702664192 0.4244242155198465 0.4776992441923801 
v 0.7252990450412241 0.44825946184331744 0.52249856471595 
v 0.8098286632281358 0.39858001283084904 0.43047823357969084 
v 0.8184238791743725 0.3536849654459258 0.45286786065549683 
v 0.5918252953033578 0.31494794399722564 0.7419909786587798 
v 0.5524535072947241 0.34143504471222963 0.7604059656000314 
v 0.6662950700859986 0.25966419076126895 0.6990174444285274 
v 0.6300105407056261 0.2874463013187474 0.7214300676143021 
v 0.6468399493133787 0.3997690739569284 0.6494480483301843 
v 0.6399121464650228 0.3445203787028697 0.6868902048107531 
v 0.6839528365131776 0.3716913817465972 0.6277372333714831 
v 0.775831211132303 0.32523164856504 0.5406572912711436 
v 0.7313428715930216 0.34966277969004034 0.5855540493152681 
v 0.7248144358220525 0.2937015474268894 0.6232041677195447 
v 0.5642820247011268 0.8078525186197923 0.17017668688411783 
v 0.4936637374676895 0.8164093890377688 0.2996194649891914 
v 0.51881190572758 0.8205144625808165 0.23997963074192474 
v 0.6234782639753982 0.7558270957049914 0.20000063936993157 
v 0.6577483182092532 0.7149995411097052 0.23694473217569137 
v 0.3826834323650913 0.7858988711506307 0.485712214091263 
v 0.4069828715215415 0.798871692020939 0.4429096544168827 
v 0.545193685849711 0.7349675544336254 0.40322021134792163 
v 0.4776992441923801 0.7691992702664192 0.4244242155198465 
v 0.5224985647159499 0.7252990450412241 0.4482594618433174 
v 0.43047823357969084 0.8098286632281358 0.39858001283084904 
v 0.45286786065549683 0.8184238791743725 0.3536849654459258 
v 0.7419909786587798 0.5918252953033578 0.3149479439972256 
v 0.7604059656000314 0.5524535072947241 0.34143504471222963 
v 0.6990174444285274 0.6662950700859986 0.25966419076126895 
v 0.7214300676143021 0.6300105407056261 0.28744630131874743 
v 0.6494480483301843 0.6468399493133787 0.3997690739569284 
v 0.6868902048107532 0.6399121464650228 0.3445203787028698 
v 0.6277372333714831 0.6839528365131776 0.3716913817465972 
v 0.5406572912711436 0.775831211132303 0.32523164856504 
v 0.5855540493152681 0.7313428715930216 0.34966277969004034 
v 0.6232041677195447 0.7248144358220525 0.2937015474268894 
v 0.5367838385105813 0.4142726777845724 0.7350110605664694 
v 0.6283128224052934 0.4709170435214342 0.6192415807438368 
v 0.5847157051849383 0.4439573694506565 0.6789767287768658 
v 0.517970331271932 0.4852082791207153 0.7044711930198132 
v 0.4964413416146407 0.5524181007968372 0.6696120042590866 
v 0.7350110605664694 0.5367838385105813 0.4142726777845724 
v 0.6192415807438368 0.6283128224052934 0.4709170435214342 
v 0.6789767287768658 0.5847157051849383 0.4439573694506565 
v 0.7044711930198132 0.517970331271932 0.4852082791207153 
v 0.6696120042590866 0.4964413416146407 0.5524181007968372 
v 0.4142726777845724 0.7350110605664694 0.5367838385105813 
v 0.47091704352143426 0.619241580743837 0.6283128224052935 
v 0.4439573694506565 0.6789767287768658 0.5847157051849383 
v 0.4852082791207153 0.7044711930198132 0.517970331271932 
v 0.5524181007968372 0.6696120042590866 0.4964413416146407 
v 0.6074779927073494 0.5406499799786041 0.5819519632455797 
v 0.5819519632455797 0.6074779927073494 0.5406499799786041 
v 0.5406499799786041 0.5819519632455797 0.6074779927073494 
v -0.17017668688411783 0.5642820247011269 -0.8078525186197922 
v -0.2996194649891914 0.49366373746768943 -0.8164093890377687 
v -0.23997963074192474 0.51881190572758 -0.8205144625808165 
v -0.2000006393699316 0.6234782639753982 -0.7558270957049914 
v -0.23694473217569137 0.6577483182092532 -0.7149995411097052 
v -0.485712214091263 0.3826834323650913 -0.7858988711506307 
v -0.4429096544168827 0.4069828715215415 -0.798871692020939 
v -0.40322021134792163 0.545193685849711 -0.7349675544336254 
v -0.4244242155198465 0.4776992441923801 -0.7691992702664192 
v -0.44825946184331744 0.52249856471595 -0.7252990450412241 
v -0.39858001283084904 0.43047823357969084 -0.8098286632281358 
v -0.3536849654459258 0.45286786065549683 -0.8184238791743725 
v -0.31494794399722564 0.7419909786587798 -0.5918252953033578 
v -0.34143504471222963 0.7604059656000314 -0.5524535072947241 
v -0.25966419076126895 0.6990174444285274 -0.6662950700859986 
v -0.2874463013187474 0.7214300676143021 -0.6300105407056261 
v -0.3997690739569284 0.6494480483301843 -0.6468399493133787 
v -0.3445203787028697 0.6868902048107531 -0.6399121464650228 
v -0.3716913817465972 0.6277372333714831 -0.6839528365131776 
v -0.32523164856504 0.5406572912711436 -0.775831211132303 
v -0.34966277969004034 0.5855540493152681 -0.7313428715930216 
v -0.2937015474268894 0.6232041677195447 -0.7248144358220525 
v -0.8078525186197923 0.17017668688411783 -0.5642820247011268 
v -0.8164093890377687 0.2996194649891914 -0.49366373746768943 
v -0.8205144625808165 0.23997963074192474 -0.51881190572758 
v -0.7558270957049914 0.20000063936993157 -0.6234782639753981 
v -0.7149995411097051 0.23694473217569134 -0.6577483182092532 
v -0.7858988711506307 0.485712214091263 -0.3826834323650913 
v -0.798871692020939 0.4429096544168827 -0.4069828715215415 
v -0.7349675544336254 0.40322021134792163 -0.545193685849711 
v -0.7691992702664192 0.4244242155198465 -0.4776992441923801 
v -0.7252990450412241 0.44825946184331744 -0.52249856471595 
v -0.8098286632281358 0.39858001283084904 -0.43047823357969084 
v -0.8184238791743725 0.3536849654459258 -0.45286786065549683 
v -0.5918252953033578 0.31494794399722564 -0.7419909786587798 
v -0.5524535072947241 0.34143504471222963 -0.7604059656000314 
v -0.6662950700859986 0.25966419076126895 -0.6990174444285274 
v -0.6300105407056261 0.2874463013187474 -0.7214300676143021 
v -0.6468399493133787 0.3997690739569284 -0.6494480483301843 
v -0.6399121464650228 0.3445203787028697 -0.6868902048107531 
v -0.6839528365131776 0.3716913817465972 -0.6277372333714831 
v -0.775831211132303 0.32523164856504 -0.5406572912711436 
v -0.7313428715930216 0.34966277969004034 -0.5855540493152681 
v -0.7248144358220525 0.2937015474268894 -0.6232041677195447 
v -0.5642820247011268 0.8078525186197923 -0.17017668688411783 
v -0.4936637374676895 0.8164093890377688 -0.2996194649891914 
v -0.51881190572758 0.8205144625808165 -0.23997963074192474 
v -0.6234782639753982 0.7558270957049914 -0.20000063936993157 
v -0.6577483182092532 0.7149995411097052 -0.23694473217569137 
v -0.3826834323650913 0.7858988711506307 -0.485712214091263 
v -0.4069828715215415 0.798871692020939 -0.4429096544168827 
v -0.545193685849711 0.7349675544336254 -0.40322021134792163 
v -0.4776992441923801 0.7691992702664192 -0.4244242155198465 
v -0.5224985647159499 0.7252990450412241 -0.4482594618433174 
v -0.43047823357969084 0.8098286632281358 -0.39858001283084904 
v -0.45286786065549683 0.8184238791743725 -0.3536849654459258 
v -0.7419909786587798 0.5918252953033578 -0.3149479439972256 
v -0.7604059656000314 0.5524535072947241 -0.34143504471222963 
v -0.6990174444285274 0.6662950700859986 -0.25966419076126895 
v -0.7214300676143021 0.6300105407056261 -0.28744630131874743 
v -0.6494480483301843 0.6468399493133787 -0.3997690739569284 
v -0.6868902048107532 0.6399121464650228 -0.3445203787028698 
v -0.6277372333714831 0.6839528365131776 -0.3716913817465972 
v -0.5406572912711436 0.775831211132303 -0.32523164856504 
v -0.5855540493152681 0.7313428715930216 -0.34966277969004034 
v -0.6232041677195447 0.7248144358220525 -0.2937015474268894 
v -0.5367838385105813 0.4142726777845724 -0.7350110605664694 
v -0.6283128224052934 0.4709170435214342 -0.6192415807438368 
v -0.5847157051849383 0.4439573694506565 -0.6789767287768658 
v -0.517970331271932 0.4852082791207153 -0.7044711930198132 
v -0.4964413416146407 0.5524181007968372 -0.6696120042590866 
v -0.7350110605664694 0.5367838385105813 -0.4142726777845724 
v -0.6192415807438368 0.6283128224052934 -0.4709170435214342 
v -0.6789767287768658 0.5847157051849383 -0.4439573694506565 
v -0.7044711930198132 0.517970331271932 -0.4852082791207153 
v -0.6696120042590866 0.4964413416146407 -0.5524181007968372 
v -0.4142726777845724 0.7350110605664694 -0.5367838385105813 
v -0.47091704352143426 0.619241580743837 -0.6283128224052935 
v -0.4439573694506565 0.6789767287768658 -0.5847157051849383 
v -0.4852082791207153 0.7044711930198132 -0.517970331271932 
v -0.5524181007968372 0.6696120042590866 -0.4964413416146407 
v -0.6074779927073494 0.5406499799786041 -0.5819519632455797 
v -0.5819519632455797 0.6074779927073494 -0.5406499799786041 
v -0.5406499799786041 0.5819519632455797 -0.6074779927073494 
v 0.17017668688411783 0.5642820247011269 -0.8078525186197922 
v 0.23694473217569137 0.6577483182092532 -0.7149995411097052 
v 0.2000006393699316 0.6234782639753982 -0.7558270957049914 
v 0.23997963074192474 0.51881190572758 -0.8205144625808165 
v 0.2996194649891914 0.49366373746768943 -0.8164093890377687 
v 0.34143504471222963 0.7604059656000314 -0.5524535072947241 
v 0.31494794399722564 0.7419909786587798 -0.5918252953033578 
v 0.3716913817465972 0.6277372333714831 -0.6839528365131776 
v 0.3445203787028697 0.6868902048107531 -0.6399121464650228 
v 0.3997690739569284 0.6494480483301843 -0.6468399493133787 
v 0.2874463013187474 0.7214300676143021 -0.6300105407056261 
v 0.25966419076126895 0.6990174444285274 -0.6662950700859986 
v 0.4429096544168827 0.4069828715215415 -0.798871692020939 
v 0.485712214091263 0.3826834323650913 -0.7858988711506307 
v 0.3536849654459258 0.45286786065549683 -0.8184238791743725 
v 0.39858001283084904 0.43047823357969084 -0.8098286632281358 
v 0.44825946184331744 0.52249856471595 -0.7252990450412241 
v 0.4244242155198465 0.4776992441923801 -0.7691992702664192 
v 0.40322021134792163 0.545193685849711 -0.7349675544336254 
v 0.2937015474268894 0.6232041677195447 -0.7248144358220525 
v 0.34966277969004034 0.5855540493152681 -0.7313428715930216 
v 0.32523164856504 0.5406572912711436 -0.775831211132303 
v 0.5642820247011268 0.8078525186197923 -0.17017668688411783 
v 0.6577483182092532 0.7149995411097052 -0.23694473217569137 
v 0.6234782639753982 0.7558270957049914 -0.20000063936993157 
v 0.51881190572758 0.8205144625808165 -0.23997963074192474 
v 0.4936637374676895 0.8164093890377688 -0.2996194649891914 
v 0.7604059656000314 0.5524535072947241 -0.34143504471222963 
v 0.7419909786587798 0.5918252953033578 -0.3149479439972256 
v 0.6277372333714831 0.6839528365131776 -0.3716913817465972 
v 0.6868902048107532 0.6399121464650228 -0.3445203787028698 
v 0.6494480483301843 0.6468399493133787 -0.3997690739569284 
v 0.7214300676143021 0.6300105407056261 -0.28744630131874743 
v 0.6990174444285274 0.6662950700859986 -0.25966419076126895 
v 0.4069828715215415 0.798871692020939 -0.4429096544168827 
v 0.3826834323650913 0.7858988711506307 -0.485712214091263 
v 0.45286786065549683 0.8184238791743725 -0.3536849654459258 
v 0.43047823357969084 0.8098286632281358 -0.39858001283084904 
v 0.5224985647159499 0.7252990450412241 -0.4482594618433174 
v 0.4776992441923801 0.7691992702664192 -0.4244242155198465 
v 0.545193685849711 0.7349675544336254 -0.40322021134792163 
v 0.6232041677195447 0.7248144358220525 -0.2937015474268894 
v 0.5855540493152681 0.7313428715930216 -0.34966277969004034 
v 0.5406572912711436 0.775831211132303 -0.32523164856504 
v 0.8078525186197923 0.17017668688411783 -0.5642820247011268 
v 0.7149995411097051 0.23694473217569134 -0.6577483182092532 
v 0.7558270957049914 0.20000063936993157 -0.6234782639753981 
v 0.8205144625808165 0.23997963074192474 -0.51881190572758 
v 0.8164093890377687 0.2996194649891914 -0.49366373746768943 
v 0.5524535072947241 0.34143504471222963 -0.7604059656000314 
v 0.5918252953033578 0.31494794399722564 -0.7419909786587798 
v 0.6839528365131776 0.3716913817465972 -0.6277372333714831 
v 0.6399121464650228 0.3445203787028697 -0.6868902048107531 
v 0.6468399493133787 0.3997690739569284 -0.6494480483301843 
v 0.6300105407056261 0.2874463013187474 -0.7214300676143021 
v 0.6662950700859986 0.25966419076126895 -0.6990174444285274 
v 0.798871692020939 0.4429096544168827 -0.4069828715215415 
v 0.7858988711506307 0.485712214091263 -0.3826834323650913 
v 0.8184238791743725 0.3536849654459258 -0.45286786065549683 
v 0.8098286632281358 0.39858001283084904 -0.43047823357969084 
v 0.7252990450412241 0.44825946184331744 -0.52249856471595 
v 0.7691992702664192 0.4244242155198465 -0.4776992441923801 
v 0.7349675544336254 0.40322021134792163 -0.545193685849711 
v 0.7248144358220525 0.2937015474268894 -0.6232041677195447 
v 0.7313428715930216 0.34966277969004034 -0.5855540493152681 
v 0.775831211132303 0.32523164856504 -0.5406572912711436 
v 0.4142726777845724 0.7350110605664694 -0.5367838385105813 
v 0.5524181007968372 0.6696120042590866 -0.4964413416146407 
v 0.4852082791207153 0.7044711930198132 -0.517970331271932 
v 0.4439573694506565 0.6789767287768658 -0.5847157051849383 
v 0.47091704352143426 0.619241580743837 -0.6283128224052935 
v 0.7350110605664694 0.5367838385105813 -0.4142726777845724 
v 0.6696120042590866 0.4964413416146407 -0.5524181007968372 
v 0.7044711930198132 0.517970331271932 -0.4852082791207153 
v 0.6789767287768658 0.5847157051849383 -0.4439573694506565 
v 0.6192415807438368 0.6283128224052934 -0.4709170435214342 
v 0.5367838385105813 0.4142726777845724 -0.7350110605664694 
v 0.4964413416146407 0.5524181007968372 -0.6696120042590866 
v 0.517970331271932 0.4852082791207153 -0.7044711930198132 
v 0.5847157051849383 0.4439573694506565 -0.6789767287768658 
v 0.6283128224052934 0.4709170435214342 -0.6192415807438368 
v 0.5819519632455797 0.6074779927073494 -0.5406499799786041 
v 0.6074779927073494 0.5406499799786041 -0.5819519632455797 
v 0.5406499799786041 0.5819519632455797 -0.6074779927073494 
v -0.17017668688411783 -0.5642820247011269 -0.8078525186197922 
v -0.23694473217569137 -0.6577483182092532 -0.7149995411097052 
v -0.2000006393699316 -0.6234782639753982 -0.7558270957049914 
v -0.23997963074192474 -0.51881190572758 -0.8205144625808165 
v -0.2996194649891914 -0.49366373746768943 -0.8164093890377687 
v -0.34143504471222963 -0.7604059656000314 -0.5524535072947241 
v -0.31494794399722564 -0.7419909786587798 -0.5918252953033578 
v -0.3716913817465972 -0.6277372333714831 -0.6839528365131776 
v -0.3445203787028697 -0.6868902048107531 -0.6399121464650228 
v -0.3997690739569284 -0.6494480483301843 -0.6468399493133787 
v -0.2874463013187474 -0.7214300676143021 -0.6300105407056261 
v -0.25966419076126895 -0.6990174444285274 -0.6662950700859986 
v -0.4429096544168827 -0.4069828715215415 -0.798871692020939 
v -0.485712214091263 -0.3826834323650913 -0.7858988711506307 
v -0.3536849654459258 -0.45286786065549683 -0.8184238791743725 
v -0.39858001283084904 -0.43047823357969084 -0.8098286632281358 
v -0.44825946184331744 -0.52249856471595 -0.7252990450412241 
v -0.4244242155198465 -0.4776992441923801 -0.7691992702664192 
v -0.40322021134792163 -0.545193685849711 -0.7349675544336254 
v -0.2937015474268894 -0.6232041677195447 -0.7248144358220525 
v -0.34966277969004034 -0.5855540493152681 -0.7313428715930216 
v -0.32523164856504 -0.5406572912711436 -0.775831211132303 
v -0.5642820247011268 -0.8078525186197923 -0.17017668688411783 
v -0.6577483182092532 -0.7149995411097052 -0.23694473217569137 
v -0.6234782639753982 -0.7558270957049914 -0.20000063936993157 
v -0.51881190572758 -0.8205144625808165 -0.23997963074192474 
v -0.4936637374676895 -0.8164093890377688 -0.2996194649891914 
v -0.7604059656000314 -0.5524535072947241 -0.34143504471222963 
v -0.7419909786587798 -0.5918252953033578 -0.3149479439972256 
v -0.6277372333714831 -0.6839528365131776 -0.3716913817465972 
v -0.6868902048107532 -0.6399121464650228 -0.3445203787028698 
v -0.6494480483301843 -0.6468399493133787 -0.3997690739569284 
v -0.7214300676143021 -0.6300105407056261 -0.28744630131874743 
v -0.6990174444285274 -0.6662950700859986 -0.25966419076126895 
v -0.4069828715215415 -0.798871692020939 -0.4429096544168827 
v -0.3826834323650913 -0.7858988711506307 -0.485712214091263 
v -0.45286786065549683 -0.8184238791743725 -0.3536849654459258 
v -0.43047823357969084 -0.8098286632281358 -0.39858001283084904 
v -0.5224985647159499 -0.7252990450412241 -0.4482594618433174 
v -0.4776992441923801 -0.7691992702664192 -0.4244242155198465 
v -0.545193685849711 -0.7349675544336254 -0.40322021134792163 
v -0.6232041677195447 -0.7248144358220525 -0.2937015474268894 
v -0.5855540493152681 -0.7313428715930216 -0.34966277969004034 
v -0.5406572912711436 -0.775831211132303 -0.32523164856504 
v -0.8078525186197923 -0.17017668688411783 -0.5642820247011268 
v -0.7149995411097051 -0.23694473217569134 -0.6577483182092532 
v -0.7558270957049914 -0.20000063936993157 -0.6234782639753981 
v -0.8205144625808165 -0.23997963074192474 -0.51881190572758 
v -0.8164093890377687 -0.2996194649891914 -0.49366373746768943 
v -0.5524535072947241 -0.34143504471222963 -0.7604059656000314 
v -0.5918252953033578 -0.31494794399722564 -0.7419909786587798 
v -0.6839528365131776 -0.3716913817465972 -0.6277372333714831 
v -0.6399121464650228 -0.3445203787028697 -0.6868902048107531 
v -0.6468399493133787 -0.3997690739569284 -0.6494480483301843 
v -0.6300105407056261 -0.2874463013187474 -0.7214300676143021 
v -0.6662950700859986 -0.25966419076126895 -0.6990174444285274 
v -0.798871692020939 -0.4429096544168827 -0.4069828715215415 
v -0.7858988711506307 -0.485712214091263 -0.3826834323650913 
v -0.8184238791743725 -0.3536849654459258 -0.45286786065549683 
v -0.8098286632281358 -0.39858001283084904 -0.43047823357969084 
v -0.7252990450412241 -0.44825946184331744 -0.52249856471595 
v -0.7691992702664192 -0.4244242155198465 -0.4776992441923801 
v -0.7349675544336254 -0.40322021134792163 -0.545193685849711 
v -0.7248144358220525 -0.2937015474268894 -0.6232041677195447 
v -0.7313428715930216 -0.34966277969004034 -0.5855540493152681 
v -0.775831211132303 -0.32523164856504 -0.5406572912711436 
v -0.4142726777845724 -0.7350110605664694 -0.5367838385105813 
v -0.5524181007968372 -0.6696120042590866 -0.4964413416146407 
v -0.4852082791207153 -0.7044711930198132 -0.517970331271932 
v -0.4439573694506565 -0.6789767287768658 -0.5847157051849383 
v -0.47091704352143426 -0.619241580743837 -0.6283128224052935 
v -0.7350110605664694 -0.5367838385105813 -0.4142726777845724 
v -0.6696120042590866 -0.4964413416146407 -0.5524181007968372 
v -0.7044711930198132 -0.517970331271932 -0.4852082791207153 
v -0.6789767287768658 -0.5847157051849383 -0.4439573694506565 
v -0.6192415807438368 -0.6283128224052934 -0.4709170435214342 
v -0.5367838385105813 -0.4142726777845724 -0.7350110605664694 
v -0.4964413416146407 -0.5524181007968372 -0.6696120042590866 
v -0.517970331271932 -0.4852082791207153 -0.7044711930198132 
v -0.5847157051849383 -0.4439573694506565 -0.6789767287768658 
v -0.6283128224052934 -0.4709170435214342 -0.6192415807438368 
v -0.5819519632455797 -0.6074779927073494 -0.5406499799786041 
v -0.6074779927073494 -0.5406499799786041 -0.5819519632455797 
v -0.5406499799786041 -0.5819519632455797 -0.6074779927073494 
v 0.17017668688411783 -0.5642820247011269 -0.8078525186197922 
v 0.2996194649891914 -0.49366373746768943 -0.8164093890377687 
v 0.23997963074192474 -0.51881190572758 -0.8205144625808165 
v 0.2000006393699316 -0.6234782639753982 -0.7558270957049914 
v 0.23694473217569137 -0.6577483182092532 -0.7149995411097052 
v 0.485712214091263 -0.3826834323650913 -0.7858988711506307 
v 0.4429096544168827 -0.4069828715215415 -0.798871692020939 
v 0.40322021134792163 -0.545193685849711 -0.7349675544336254 
v 0.4244242155198465 -0.4776992441923801 -0.7691992702664192 
v 0.44825946184331744 -0.52249856471595 -0.7252990450412241 
v 0.39858001283084904 -0.43047823357969084 -0.8098286632281358 
v 0.3536849654459258 -0.45286786065549683 -0.8184238791743725 
v 0.31494794399722564 -0.7419909786587798 -0.5918252953033578 
v 0.34143504471222963 -0.7604059656000314 -0.5524535072947241 
v 0.25966419076126895 -0.6990174444285274 -0.6662950700859986 
v 0.2874463013187474 -0.7214300676143021 -0.6300105407056261 
v 0.3997690739569284 -0.6494480483301843 -0.6468399493133787 
v 0.3445203787028697 -0.6868902048107531 -0.6399121464650228 
v 0.3716913817465972 -0.6277372333714831 -0.6839528365131776 
v 0.32523164856504 -0.5406572912711436 -0.775831211132303 
v 0.34966277969004034 -0.5855540493152681 -0.7313428715930216 
v 0.2937015474268894 -0.6232041677195447 -0.7248144358220525 
v 0.8078525186197923 -0.17017668688411783 -0.5642820247011268 
v 0.8164093890377687 -0.2996194649891914 -0.49366373746768943 
v 0.8205144625808165 -0.23997963074192474 -0.51881190572758 
v 0.7558270957049914 -0.20000063936993157 -0.6234782639753981 
v 0.7149995411097051 -0.23694473217569134 -0.6577483182092532 
v 0.7858988711506307 -0.485712214091263 -0.3826834323650913 
v 0.798871692020939 -0.4429096544168827 -0.4069828715215415 
v 0.7349675544336254 -0.40322021134792163 -0.545193685849711 
v 0.7691992702664192 -0.4244242155198465 -0.4776992441923801 
v 0.7252990450412241 -0.44825946184331744 -0.52249856471595 
v 0.8098286632281358 -0.39858001283084904 -0.43047823357969084 
v 0.8184238791743725 -0.3536849654459258 -0.45286786065549683 
v 0.5918252953033578 -0.31494794399722564 -0.7419909786587798 
v 0.5524535072947241 -0.34143504471222963 -0.7604059656000314 
v 0.6662950700859986 -0.25966419076126895 -0.6990174444285274 
v 0.6300105407056261 -0.2874463013187474 -0.7214300676143021 
v 0.6468399493133787 -0.3997690739569284 -0.6494480483301843 
v 0.6399121464650228 -0.3445203787028697 -0.6868902048107531 
v 0.6839528365131776 -0.3716913817465972 -0.6277372333714831 
v 0.775831211132303 -0.32523164856504 -0.5406572912711436 
v 0.7313428715930216 -0.34966277969004034 -0.5855540493152681 
v 0.7248144358220525 -0.2937015474268894 -0.6232041677195447 
v 0.5642820247011268 -0.8078525186197923 -0.17017668688411783 
v 0.4936637374676895 -0.8164093890377688 -0.2996194649891914 
v 0.51881190572758 -0.8205144625808165 -0.23997963074192474 
v 0.6234782639753982 -0.7558270957049914 -0.20000063936993157 
v 0.6577483182092532 -0.7149995411097052 -0.23694473217569137 
v 0.3826834323650913 -0.7858988711506307 -0.485712214091263 
v 0.4069828715215415 -0.798871692020939 -0.4429096544168827 
v 0.545193685849711 -0.7349675544336254 -0.40322021134792163 
v 0.4776992441923801 -0.7691992702664192 -0.4244242155198465 
v 0.5224985647159499 -0.7252990450412241 -0.4482594618433174 
v 0.43047823357969084 -0.8098286632281358 -0.39858001283084904 
v 0.45286786065549683 -0.8184238791743725 -0.3536849654459258 
v 0.7419909786587798 -0.5918252953033578 -0.3149479439972256 
v 0.7604059656000314 -0.5524535072947241 -0.34143504471222963 
v 0.6990174444285274 -0.6662950700859986 -0.25966419076126895 
v 0.7214300676143021 -0.6300105407056261 -0.28744630131874743 
v 0.6494480483301843 -0.6468399493133787 -0.3997690739569284 
v 0.6868902048107532 -0.6399121464650228 -0.3445203787028698 
v 0.6277372333714831 -0.6839528365131776 -0.3716913817465972 
v 0.5406572912711436 -0.775831211132303 -0.32523164856504 
v 0.5855540493152681 -0.7313428715930216 -0.34966277969004034 
v 0.6232041677195447 -0.7248144358220525 -0.2937015474268894 
v 0.5367838385105813 -0.4142726777845724 -0.7350110605664694 
v 0.6283128224052934 -0.4709170435214342 -0.6192415807438368 
v 0.5847157051849383 -0.4439573694506565 -0.6789767287768658 
v 0.517970331271932 -0.4852082791207153 -0.7044711930198132 
v 0.4964413416146407 -0.5524181007968372 -0.6696120042590866 
v 0.7350110605664694 -0.5367838385105813 -0.4142726777845724 
v 0.6192415807438368 -0.6283128224052934 -0.4709170435214342 
v 0.6789767287768658 -0.5847157051849383 -0.4439573694506565 
v 0.7044711930198132 -0.517970331271932 -0.4852082791207153 
v 0.6696120042590866 -0.4964413416146407 -0.5524181007968372 
v 0.4142726777845724 -0.7350110605664694 -0.5367838385105813 
v 0.47091704352143426 -0.619241580743837 -0.6283128224052935 
v 0.4439573694506565 -0.6789767287768658 -0.5847157051849383 
v 0.4852082791207153 -0.7044711930198132 -0.517970331271932 
v 0.5524181007968372 -0.6696120042590866 -0.4964413416146407 
v 0.6074779927073494 -0.5406499799786041 -0.5819519632455797 
v 0.5819519632455797 -0.6074779927073494 -0.5406499799786041 
v 0.5406499799786041 -0.5819519632455797 -0.6074779927073494 
v -0.17017668688411783 -0.5642820247011269 0.8078525186197922 
v -0.2996194649891914 -0.49366373746768943 0.8164093890377687 
v -0.23997963074192474 -0.51881190572758 0.8205144625808165 
v -0.2000006393699316 -0.6234782639753982 0.7558270957049914 
v -0.23694473217569137 -0.6577483182092532 0.7149995411097052 
v -0.485712214091263 -0.3826834323650913 0.7858988711506307 
v -0.4429096544168827 -0.4069828715215415 0.798871692020939 
v -0.40322021134792163 -0.545193685849711 0.7349675544336254 
v -0.4244242155198465 -0.4776992441923801 0.7691992702664192 
v -0.44825946184331744 -0.52249856471595 0.7252990450412241 
v -0.39858001283084904 -0.43047823357969084 0.8098286632281358 
v -0.3536849654459258 -0.45286786065549683 0.8184238791743725 
v -0.31494794399722564 -0.7419909786587798 0.5918252953033578 
v -0.34143504471222963 -0.7604059656000314 0.5524535072947241 
v -0.25966419076126895 -0.6990174444285274 0.6662950700859986 
v -0.2874463013187474 -0.7214300676143021 0.6300105407056261 
v -0.3997690739569284 -0.6494480483301843 0.6468399493133787 
v -0.3445203787028697 -0.6868902048107531 0.6399121464650228 
v -0.3716913817465972 -0.6277372333714831 0.6839528365131776 
v -0.32523164856504 -0.5406572912711436 0.775831211132303 
v -0.34966277969004034 -0.5855540493152681 0.7313428715930216 
v -0.2937015474268894 -0.6232041677195447 0.7248144358220525 
v -0.8078525186197923 -0.17017668688411783 0.5642820247011268 
v -0.8164093890377687 -0.2996194649891914 0.49366373746768943 
v -0.8205144625808165 -0.23997963074192474 0.51881190572758 
v -0.7558270957049914 -0.20000063936993157 0.6234782639753981 
v -0.7149995411097051 -0.23694473217569134 0.6577483182092532 
v -0.7858988711506307 -0.485712214091263 0.3826834323650913 
v -0.798871692020939 -0.4429096544168827 0.4069828715215415 
v -0.7349675544336254 -0.40322021134792163 0.545193685849711 
v -0.7691992702664192 -0.4244242155198465 0.4776992441923801 
v -0.7252990450412241 -0.44825946184331744 0.52249856471595 
v -0.8098286632281358 -0.39858001283084904 0.43047823357969084 
v -0.8184238791743725 -0.3536849654459258 0.45286786065549683 
v -0.5918252953033578 -0.31494794399722564 0.7419909786587798 
v -0.5524535072947241 -0.34143504471222963 0.7604059656000314 
v -0.6662950700859986 -0.25966419076126895 0.6990174444285274 
v -0.6300105407056261 -0.2874463013187474 0.7214300676143021 
v -0.6468399493133787 -0.3997690739569284 0.6494480483301843 
v -0.6399121464650228 -0.3445203787028697 0.6868902048107531 
v -0.6839528365131776 -0.3716913817465972 0.6277372333714831 
v -0.775831211132303 -0.32523164856504 0.5406572912711436 
v -0.7313428715930216 -0.34966277969004034 0.5855540493152681 
v -0.7248144358220525 -0.2937015474268894 0.6232041677195447 
v -0.5642820247011268 -0.8078525186197923 0.17017668688411783 
v -0.4936637374676895 -0.8164093890377688 0.2996194649891914 
v -0.51881190572758 -0.8205144625808165 0.23997963074192474 
v -0.6234782639753982 -0.7558270957049914 0.20000063936993157 
v -0.6577483182092532 -0.7149995411097052 0.23694473217569137 
v -0.3826834323650913 -0.7858988711506307 0.485712214091263 
v -0.4069828715215415 -0.798871692020939 0.4429096544168827 
v -0.545193685849711 -0.7349675544336254 0.40322021134792163 
v -0.4776992441923801 -0.7691992702664192 0.4244242155198465 
v -0.5224985647159499 -0.7252990450412241 0.4482594618433174 
v -0.43047823357969084 -0.8098286632281358 0.39858001283084904 
v -0.45286786065549683 -0.8184238791743725 0.3536849654459258 
v -0.7419909786587798 -0.5918252953033578 0.3149479439972256 
v -0.7604059656000314 -0.5524535072947241 0.34143504471222963 
v -0.6990174444285274 -0.6662950700859986 0.25966419076126895 
v -0.7214300676143021 -0.6300105407056261 0.28744630131874743 
v -0.6494480483301843 -0.6468399493133787 0.3997690739569284 
v -0.6868902048107532 -0.6399121464650228 0.3445203787028698 
v -0.6277372333714831 -0.6839528365131776 0.3716913817465972 
v -0.5406572912711436 -0.775831211132303 0.32523164856504 
v -0.5855540493152681 -0.7313428715930216 0.34966277969004034 
v -0.6232041677195447 -0.7248144358220525 0.2937015474268894 
v -0.5367838385105813 -0.4142726777845724 0.7350110605664694 
v -0.6283128224052934 -0.4709170435214342 0.6192415807438368 
v -0.5847157051849383 -0.4439573694506565 0.6789767287768658 
v -0.517970331271932 -0.4852082791207153 0.7044711930198132 
v -0.4964413416146407 -0.5524181007968372 0.6696120042590866 
v -0.7350110605664694 -0.5367838385105813 0.4142726777845724 
v -0.6192415807438368 -0.6283128224052934 0.4709170435214342 
v -0.6789767287768658 -0.5847157051849383 0.4439573694506565 
v -0.7044711930198132 -0.517970331271932 0.4852082791207153 
v -0.6696120042590866 -0.4964413416146407 0.5524181007968372 
v -0.4142726777845724 -0.7350110605664694 0.5367838385105813 
v -0.47091704352143426 -0.619241580743837 0.6283128224052935 
v -0.4439573694506565 -0.6789767287768658 0.5847157051849383 
v -0.4852082791207153 -0.7044711930198132 0.517970331271932 
v -0.5524181007968372 -0.6696120042590866 0.4964413416146407 
v -0.6074779927073494 -0.5406499799786041 0.5819519632455797 
v -0.5819519632455797 -0.6074779927073494 0.5406499799786041 
v -0.5406499799786041 -0.5819519632455797 0.6074779927073494 
v 0.17017668688411783 -0.5642820247011269 0.8078525186197922 
v 0.23694473217569137 -0.6577483182092532 0.7149995411097052 
v 0.2000006393699316 -0.6234782639753982 0.7558270957049914 
v 0.23997963074192474 -0.51881190572758 0.8205144625808165 
v 0.2996194649891914 -0.49366373746768943 0.8164093890377687 
v 0.34143504471222963 -0.7604059656000314 0.5524535072947241 
v 0.31494794399722564 -0.7419909786587798 0.5918252953033578 
v 0.3716913817465972 -0.6277372333714831 0.6839528365131776 
v 0.3445203787028697 -0.6868902048107531 0.6399121464650228 
v 0.3997690739569284 -0.6494480483301843 0.6468399493133787 
v 0.2874463013187474 -0.7214300676143021 0.6300105407056261 
v 0.25966419076126895 -0.6990174444285274 0.6662950700859986 
v 0.4429096544168827 -0.4069828715215415 0.798871692020939 
v 0.485712214091263 -0.3826834323650913 0.7858988711506307 
v 0.3536849654459258 -0.45286786065549683 0.8184238791743725 
v 0.39858001283084904 -0.43047823357969084 0.8098286632281358 
v 0.44825946184331744 -0.52249856471595 0.7252990450412241 
v 0.4244242155198465 -0.4776992441923801 0.7691992702664192 
v 0.40322021134792163 -0.545193685849711 0.7349675544336254 
v 0.2937015474268894 -0.6232041677195447 0.7248144358220525 
v 0.34966277969004034 -0.5855540493152681 0.7313428715930216 
v 0.32523164856504 -0.5406572912711436 0.775831211132303 
v 0.5642820247011268 -0.8078525186197923 0.17017668688411783 
v 0.6577483182092532 -0.7149995411097052 0.23694473217569137 
v 0.6234782639753982 -0.7558270957049914 0.20000063936993157 
v 0.51881190572758 -0.8205144625808165 0.23997963074192474 
v 0.4936637374676895 -0.8164093890377688 0.2996194649891914 
v 0.7604059656000314 -0.5524535072947241 0.34143504471222963 
v 0.7419909786587798 -0.5918252953033578 0.3149479439972256 
v 0.6277372333714831 -0.6839528365131776 0.3716913817465972 
v 0.6868902048107532 -0.6399121464650228 0.3445203787028698 
v 0.6494480483301843 -0.6468399493133787 0.3997690739569284 
v 0.7214300676143021 -0.6300105407056261 0.28744630131874743 
v 0.6990174444285274 -0.6662950700859986 0.25966419076126895 
v 0.4069828715215415 -0.798871692020939 0.4429096544168827 
v 0.3826834323650913 -0.7858988711506307 0.485712214091263 
v 0.45286786065549683 -0.8184238791743725 0.3536849654459258 
v 0.43047823357969084 -0.8098286632281358 0.39858001283084904 
v 0.5224985647159499 -0.7252990450412241 0.4482594618433174 
v 0.4776992441923801 -0.7691992702664192 0.4244242155198465 
v 0.545193685849711 -0.7349675544336254 0.40322021134792163 
v 0.6232041677195447 -0.7248144358220525 0.2937015474268894 
v 0.5855540493152681 -0.7313428715930216 0.34966277969004034 
v 0.5406572912711436 -0.775831211132303 0.32523164856504 
v 0.8078525186197923 -0.17017668688411783 0.5642820247011268 
v 0.7149995411097051 -0.23694473217569134 0.6577483182092532 
v 0.7558270957049914 -0.20000063936993157 0.6234782639753981 
v 0.8205144625808165 -0.23997963074192474 0.51881190572758 
v 0.8164093890377687 -0.2996194649891914 0.49366373746768943 
v 0.5524535072947241 -0.34143504471222963 0.7604059656000314 
v 0.5918252953033578 -0.31494794399722564 0.7419909786587798 
v 0.6839528365131776 -0.3716913817465972 0.6277372333714831 
v 0.6399121464650228 -0.3445203787028697 0.6868902048107531 
v 0.6468399493133787 -0.3997690739569284 0.6494480483301843 
v 0.6300105407056261 -0.2874463013187474 0.7214300676143021 
v 0.6662950700859986 -0.25966419076126895 0.6990174444285274 
v 0.798871692020939 -0.4429096544168827 0.4069828715215415 
v 0.7858988711506307 -0.485712214091263 0.3826834323650913 
v 0.8184238791743725 -0.3536849654459258 0.45286786065549683 
v 0.8098286632281358 -0.39858001283084904 0.43047823357969084 
v 0.7252990450412241 -0.44825946184331744 0.52249856471595 
v 0.7691992702664192 -0.4244242155198465 0.4776992441923801 
v 0.7349675544336254 -0.40322021134792163 0.545193685849711 
v 0.7248144358220525 -0.2937015474268894 0.6232041677195447 
v 0.7313428715930216 -0.34966277969004034 0.5855540493152681 
v 0.775831211132303 -0.32523164856504 0.5406572912711436 
v 0.4142726777845724 -0.7350110605664694 0.5367838385105813 
v 0.5524181007968372 -0.6696120042590866 0.4964413416146407 
v 0.4852082791207153 -0.7044711930198132 0.517970331271932 
v 0.4439573694506565 -0.6789767287768658 0.5847157051849383 
v 0.47091704352143426 -0.619241580743837 0.6283128224052935 
v 0.7350110605664694 -0.5367838385105813 0.4142726777845724 
v 0.6696120042590866 -0.4964413416146407 0.5524181007968372 
v 0.7044711930198132 -0.517970331271932 0.4852082791207153 
v 0.6789767287768658 -0.5847157051849383 0.4439573694506565 
v 0.6192415807438368 -0.6283128224052934 0.4709170435214342 
v 0.5367838385105813 -0.4142726777845724 0.7350110605664694 
v 0.4964413416146407 -0.5524181007968372 0.6696120042590866 
v 0.517970331271932 -0.4852082791207153 0.7044711930198132 
v 0.5847157051849383 -0.4439573694506565 0.6789767287768658 
v 0.6283128224052934 -0.4709170435214342 0.6192415807438368 
v 0.5819519632455797 -0.6074779927073494 0.5406499799786041 
v 0.6074779927073494 -0.5406499799786041 0.5819519632455797 
v 0.5406499799786041 -0.5819519632455797 0.6074779927073494 
f 1 643 645 
f 163 644 643 
f 165 645 644 
f 643 644 645 
f 43 646 648 
f 164 647 646 
f 163 648 647 
f 646 647 648 
f 45 649 651 
f 165 650 649 
f 164 651 650 
f 649 650 651 
f 163 647 644 
f 164 650 647 
f 165 644 650 
f 647 650 644 
f 13 652 654 
f 166 653 652 
f 168 654 653 
f 652 653 654 
f 44 655 657 
f 167 656 655 
f 166 657 656 
f 655 656 657 
f 43 658 660 
f 168 659 658 
f 167 660 659 
f 658 659 660 
f 166 656 653 
f 167 659 656 
f 168 653 659 
f 656 659 653 
f 15 661 663 
f 169 662 661 
f 171 663 662 
f 661 662 663 
f 45 664 666 
f 170 665 664 
f 169 666 665 
f 664 665 666 
f 44 667 669 
f 171 668 667 
f 170 669 668 
f 667 668 669 
f 169 665 662 
f 170 668 665 
f 171 662 668 
f 665 668 662 
f 43 660 646 
f 167 670 660 
f 164 646 670 
f 660 670 646 
f 44 669 655 
f 170 671 669 
f 167 655 671 
f 669 671 655 
f 45 651 664 
f 164 672 651 
f 170 664 672 
f 651 672 664 
f 167 671 670 
f 170 672 671 
f 164 670 672 
f 671 672 670 
f 3 673 675 
f 172 674 673 
f 174 675 674 
f 673 674 675 
f 46 676 678 
f 173 677 676 
f 172 678 677 
f 676 677 678 
f 48 679 681 
f 174 680 679 
f 173 681 680 
f 679 680 681 
f 172 677 674 
f 173 680 677 
f 174 674 680 
f 677 680 674 
f 14 682 684 
f 175 683 682 
f 177 684 683 
f 682 683 684 
f 47 685 687 
f 176 686 685 
f 175 687 686 
f 685 686 687 
f 46 688 690 
f 177 689 688 
f 176 690 689 
f 688 689 690 
f 175 686 683 
f 176 689 686 
f 177 683 689 
f 686 689 683 
f 13 691 693 
f 178 692 691 
f 180 693 692 
f 691 692 693 
f 48 694 696 
f 179 695 694 
f 178 696 695 
f 694 695 696 
f 47 697 699 
f 180 698 697 
f 179 699 698 
f 697 698 699 
f 178 695 692 
f 179 698 695 
f 180 692 698 
f 695 698 692 
f 46 690 676 
f 176 700 690 
f 173 676 700 
f 690 700 676 
f 47 699 685 
f 179 701 699 
f 176 685 701 
f 699 701 685 
f 48 681 694 
f 173 702 681 
f 179 694 702 
f 681 702 694 
f 176 701 700 
f 179 702 701 
f 173 700 702 
f 701 702 700 
f 2 703 705 
f 181 704 703 
f 183 705 704 
f 703 704 705 
f 49 706 708 
f 182 707 706 
f 181 708 707 
f 706 707 708 
f 51 709 711 
f 183 710 709 
f 182 711 710 
f 709 710 711 
f 181 707 704 
f 182 710 707 
f 183 704 710 
f 707 710 704 
f 15 712 714 
f 184 713 712 
f 186 714 713 
f 712 713 714 
f 50 715 717 
f 185 716 715 
f 184 717 716 
f 715 716 717 
f 49 718 720 
f 186 719 718 
f 185 720 719 
f 718 719 720 
f 184 716 713 
f 185 719 716 
f 186 713 719 
f 716 719 713 
f 14 721 723 
f 187 722 721 
f 189 723 722 
f 721 722 723 
f 51 724 726 
f 188 725 724 
f 187 726 725 
f 724 725 726 
f 50 727 729 
f 189 728 727 
f 188 729 728 
f 727 728 729 
f 187 725 722 
f 188 728 725 
f 189 722 728 
f 725 728 722 
f 49 720 706 
f 185 730 720 
f 182 706 730 
f 720 730 706 
f 50 729 715 
f 188 731 729 
f 185 715 731 
f 729 731 715 
f 51 711 724 
f 182 732 711 
f 188 724 732 
f 711 732 724 
f 185 731 730 
f 188 732 731 
f 182 730 732 
f 731 732 730 
f 13 693 652 
f 180 733 693 
f 166 652 733 
f 693 733 652 
f 47 734 697 
f 190 735 734 
f 180 697 735 
f 734 735 697 
f 44 657 737 
f 166 736 657 
f 190 737 736 
f 657 736 737 
f 180 735 733 
f 190 736 735 
f 166 733 736 
f 735 736 733 
f 14 723 682 
f 189 738 723 
f 175 682 738 
f 723 738 682 
f 50 739 727 
f 191 740 739 
f 189 727 740 
f 739 740 727 
f 47 687 742 
f 175 741 687 
f 191 742 741 
f 687 741 742 
f 189 740 738 
f 191 741 740 
f 175 738 741 
f 740 741 738 
f 15 663 712 
f 171 743 663 
f 184 712 743 
f 663 743 712 
f 44 744 667 
f 192 745 744 
f 171 667 745 
f 744 745 667 
f 50 717 747 
f 184 746 717 
f 192 747 746 
f 717 746 747 
f 171 745 743 
f 192 746 745 
f 184 743 746 
f 745 746 743 
f 47 742 734 
f 191 748 742 
f 190 734 748 
f 742 748 734 
f 50 747 739 
f 192 749 747 
f 191 739 749 
f 747 749 739 
f 44 737 744 
f 190 750 737 
f 192 744 750 
f 737 750 744 
f 191 749 748 
f 192 750 749 
f 190 748 750 
f 749 750 748 
f 4 751 753 
f 193 752 751 
f 195 753 752 
f 751 752 753 
f 52 754 756 
f 194 755 754 
f 193 756 755 
f 754 755 756 
f 54 757 759 
f 195 758 757 
f 194 759 758 
f 757 758 759 
f 193 755 752 
f 194 758 755 
f 195 752 758 
f 755 758 752 
f 16 760 762 
f 196 761 760 
f 198 762 761 
f 760 761 762 
f 53 763 765 
f 197 764 763 
f 196 765 764 
f 763 764 765 
f 52 766 768 
f 198 767 766 
f 197 768 767 
f 766 767 768 
f 196 764 761 
f 197 767 764 
f 198 761 767 
f 764 767 761 
f 17 769 771 
f 199 770 769 
f 201 771 770 
f 769 770 771 
f 54 772 774 
f 200 773 772 
f 199 774 773 
f 772 773 774 
f 53 775 777 
f 201 776 775 
f 200 777 776 
f 775 776 777 
f 199 773 770 
f 200 776 773 
f 201 770 776 
f 773 776 770 
f 52 768 754 
f 197 778 768 
f 194 754 778 
f 768 778 754 
f 53 777 763 
f 200 779 777 
f 197 763 779 
f 777 779 763 
f 54 759 772 
f 194 780 759 
f 200 772 780 
f 759 780 772 
f 197 779 778 
f 200 780 779 
f 194 778 780 
f 779 780 778 
f 2 705 782 
f 183 781 705 
f 203 782 781 
f 705 781 782 
f 51 783 709 
f 202 784 783 
f 183 709 784 
f 783 784 709 
f 56 785 787 
f 203 786 785 
f 202 787 786 
f 785 786 787 
f 183 784 781 
f 202 786 784 
f 203 781 786 
f 784 786 781 
f 14 788 721 
f 204 789 788 
f 187 721 789 
f 788 789 721 
f 55 790 792 
f 205 791 790 
f 204 792 791 
f 790 791 792 
f 51 726 794 
f 187 793 726 
f 205 794 793 
f 726 793 794 
f 204 791 789 
f 205 793 791 
f 187 789 793 
f 791 793 789 
f 16 795 797 
f 206 796 795 
f 208 797 796 
f 795 796 797 
f 56 798 800 
f 207 799 798 
f 206 800 799 
f 798 799 800 
f 55 801 803 
f 208 802 801 
f 207 803 802 
f 801 802 803 
f 206 799 796 
f 207 802 799 
f 208 796 802 
f 799 802 796 
f 51 794 783 
f 205 804 794 
f 202 783 804 
f 794 804 783 
f 55 803 790 
f 207 805 803 
f 205 790 805 
f 803 805 790 
f 56 787 798 
f 202 806 787 
f 207 798 806 
f 787 806 798 
f 205 805 804 
f 207 806 805 
f 202 804 806 
f 805 806 804 
f 3 807 673 
f 209 808 807 
f 172 673 808 
f 807 808 673 
f 57 809 811 
f 210 810 809 
f 209 811 810 
f 809 810 811 
f 46 678 813 
f 172 812 678 
f 210 813 812 
f 678 812 813 
f 209 810 808 
f 210 812 810 
f 172 808 812 
f 810 812 808 
f 17 814 816 
f 211 815 814 
f 213 816 815 
f 814 815 816 
f 58 817 819 
f 212 818 817 
f 211 819 818 
f 817 818 819 
f 57 820 822 
f 213 821 820 
f 212 822 821 
f 820 821 822 
f 211 818 815 
f 212 821 818 
f 213 815 821 
f 818 821 815 
f 14 684 824 
f 177 823 684 
f 215 824 823 
f 684 823 824 
f 46 825 688 
f 214 826 825 
f 177 688 826 
f 825 826 688 
f 58 827 829 
f 215 828 827 
f 214 829 828 
f 827 828 829 
f 177 826 823 
f 214 828 826 
f 215 823 828 
f 826 828 823 
f 57 822 809 
f 212 830 822 
f 210 809 830 
f 822 830 809 
f 58 829 817 
f 214 831 829 
f 212 817 831 
f 829 831 817 
f 46 813 825 
f 210 832 813 
f 214 825 832 
f 813 832 825 
f 212 831 830 
f 214 832 831 
f 210 830 832 
f 831 832 830 
f 16 797 760 
f 208 833 797 
f 196 760 833 
f 797 833 760 
f 55 834 801 
f 216 835 834 
f 208 801 835 
f 834 835 801 
f 53 765 837 
f 196 836 765 
f 216 837 836 
f 765 836 837 
f 208 835 833 
f 216 836 835 
f 196 833 836 
f 835 836 833 
f 14 824 788 
f 215 838 824 
f 204 788 838 
f 824 838 788 
f 58 839 827 
f 217 840 839 
f 215 827 840 
f 839 840 827 
f 55 792 842 
f 204 841 792 
f 217 842 841 
f 792 841 842 
f 215 840 838 
f 217 841 840 
f 204 838 841 
f 840 841 838 
f 17 771 814 
f 201 843 771 
f 211 814 843 
f 771 843 814 
f 53 844 775 
f 218 845 844 
f 201 775 845 
f 844 845 775 
f 58 819 847 
f 211 846 819 
f 218 847 846 
f 819 846 847 
f 201 845 843 
f 218 846 845 
f 211 843 846 
f 845 846 843 
f 55 842 834 
f 217 848 842 
f 216 834 848 
f 842 848 834 
f 58 847 839 
f 218 849 847 
f 217 839 849 
f 847 849 839 
f 53 837 844 
f 216 850 837 
f 218 844 850 
f 837 850 844 
f 217 849 848 
f 218 850 849 
f 216 848 850 
f 849 850 848 
f 4 851 853 
f 219 852 851 
f 221 853 852 
f 851 852 853 
f 59 854 856 
f 220 855 854 
f 219 856 855 
f 854 855 856 
f 61 857 859 
f 221 858 857 
f 220 859 858 
f 857 858 859 
f 219 855 852 
f 220 858 855 
f 221 852 858 
f 855 858 852 
f 18 860 862 
f 222 861 860 
f 224 862 861 
f 860 861 862 
f 60 863 865 
f 223 864 863 
f 222 865 864 
f 863 864 865 
f 59 866 868 
f 224 867 866 
f 223 868 867 
f 866 867 868 
f 222 864 861 
f 223 867 864 
f 224 861 867 
f 864 867 861 
f 20 869 871 
f 225 870 869 
f 227 871 870 
f 869 870 871 
f 61 872 874 
f 226 873 872 
f 225 874 873 
f 872 873 874 
f 60 875 877 
f 227 876 875 
f 226 877 876 
f 875 876 877 
f 225 873 870 
f 226 876 873 
f 227 870 876 
f 873 876 870 
f 59 868 854 
f 223 878 868 
f 220 854 878 
f 868 878 854 
f 60 877 863 
f 226 879 877 
f 223 863 879 
f 877 879 863 
f 61 859 872 
f 220 880 859 
f 226 872 880 
f 859 880 872 
f 223 879 878 
f 226 880 879 
f 220 878 880 
f 879 880 878 
f 6 881 883 
f 228 882 881 
f 230 883 882 
f 881 882 883 
f 62 884 886 
f 229 885 884 
f 228 886 885 
f 884 885 886 
f 64 887 889 
f 230 888 887 
f 229 889 888 
f 887 888 889 
f 228 885 882 
f 229 888 885 
f 230 882 888 
f 885 888 882 
f 19 890 892 
f 231 891 890 
f 233 892 891 
f 890 891 892 
f 63 893 895 
f 232 894 893 
f 231 895 894 
f 893 894 895 
f 62 896 898 
f 233 897 896 
f 232 898 897 
f 896 897 898 
f 231 894 891 
f 232 897 894 
f 233 891 897 
f 894 897 891 
f 18 899 901 
f 234 900 899 
f 236 901 900 
f 899 900 901 
f 64 902 904 
f 235 903 902 
f 234 904 903 
f 902 903 904 
f 63 905 907 
f 236 906 905 
f 235 907 906 
f 905 906 907 
f 234 903 900 
f 235 906 903 
f 236 900 906 
f 903 906 900 
f 62 898 884 
f 232 908 898 
f 229 884 908 
f 898 908 884 
f 63 907 893 
f 235 909 907 
f 232 893 909 
f 907 909 893 
f 64 889 902 
f 229 910 889 
f 235 902 910 
f 889 910 902 
f 232 909 908 
f 235 910 909 
f 229 908 910 
f 909 910 908 
f 5 911 913 
f 237 912 911 
f 239 913 912 
f 911 912 913 
f 65 914 916 
f 238 915 914 
f 237 916 915 
f 914 915 916 
f 67 917 919 
f 239 918 917 
f 238 919 918 
f 917 918 919 
f 237 915 912 
f 238 918 915 
f 239 912 918 
f 915 918 912 
f 20 920 922 
f 240 921 920 
f 242 922 921 
f 920 921 922 
f 66 923 925 
f 241 924 923 
f 240 925 924 
f 923 924 925 
f 65 926 928 
f 242 927 926 
f 241 928 927 
f 926 927 928 
f 240 924 921 
f 241 927 924 
f 242 921 927 
f 924 927 921 
f 19 929 931 
f 243 930 929 
f 245 931 930 
f 929 930 931 
f 67 932 934 
f 244 933 932 
f 243 934 933 
f 932 933 934 
f 66 935 937 
f 245 936 935 
f 244 937 936 
f 935 936 937 
f 243 933 930 
f 244 936 933 
f 245 930 936 
f 933 936 930 
f 65 928 914 
f 241 938 928 
f 238 914 938 
f 928 938 914 
f 66 937 923 
f 244 939 937 
f 241 923 939 
f 937 939 923 
f 67 919 932 
f 238 940 919 
f 244 932 940 
f 919 940 932 
f 241 939 938 
f 244 940 939 
f 238 938 940 
f 939 940 938 
f 18 901 860 
f 236 941 901 
f 222 860 941 
f 901 941 860 
f 63 942 905 
f 246 943 942 
f 236 905 943 
f 942 943 905 
f 60 865 945 
f 222 944 865 
f 246 945 944 
f 865 944 945 
f 236 943 941 
f 246 944 943 
f 222 941 944 
f 943 944 941 
f 19 931 890 
f 245 946 931 
f 231 890 946 
f 931 946 890 
f 66 947 935 
f 247 948 947 
f 245 935 948 
f 947 948 935 
f 63 895 950 
f 231 949 895 
f 247 950 949 
f 895 949 950 
f 245 948 946 
f 247 949 948 
f 231 946 949 
f 948 949 946 
f 20 871 920 
f 227 951 871 
f 240 920 951 
f 871 951 920 
f 60 952 875 
f 248 953 952 
f 227 875 953 
f 952 953 875 
f 66 925 955 
f 240 954 925 
f 248 955 954 
f 925 954 955 
f 227 953 951 
f 248 954 953 
f 240 951 954 
f 953 954 951 
f 63 950 942 
f 247 956 950 
f 246 942 956 
f 950 956 942 
f 66 955 947 
f 248 957 955 
f 247 947 957 
f 955 957 947 
f 60 945 952 
f 246 958 945 
f 248 952 958 
f 945 958 952 
f 247 957 956 
f 248 958 957 
f 246 956 958 
f 957 958 956 
f 4 853 960 
f 221 959 853 
f 250 960 959 
f 853 959 960 
f 61 961 857 
f 249 962 961 
f 221 857 962 
f 961 962 857 
f 69 963 965 
f 250 964 963 
f 249 965 964 
f 963 964 965 
f 221 962 959 
f 249 964 962 
f 250 959 964 
f 962 964 959 
f 20 966 869 
f 251 967 966 
f 225 869 967 
f 966 967 869 
f 68 968 970 
f 252 969 968 
f 251 970 969 
f 968 969 970 
f 61 874 972 
f 225 971 874 
f 252 972 971 
f 874 971 972 
f 251 969 967 
f 252 971 969 
f 225 967 971 
f 969 971 967 
f 22 973 975 
f 253 974 973 
f 255 975 974 
f 973 974 975 
f 69 976 978 
f 254 977 976 
f 253 978 977 
f 976 977 978 
f 68 979 981 
f 255 980 979 
f 254 981 980 
f 979 980 981 
f 253 977 974 
f 254 980 977 
f 255 974 980 
f 977 980 974 
f 61 972 961 
f 252 982 972 
f 249 961 982 
f 972 982 961 
f 68 981 968 
f 254 983 981 
f 252 968 983 
f 981 983 968 
f 69 965 976 
f 249 984 965 
f 254 976 984 
f 965 984 976 
f 252 983 982 
f 254 984 983 
f 249 982 984 
f 983 984 982 
f 5 985 911 
f 256 986 985 
f 237 911 986 
f 985 986 911 
f 70 987 989 
f 257 988 987 
f 256 989 988 
f 987 988 989 
f 65 916 991 
f 237 990 916 
f 257 991 990 
f 916 990 991 
f 256 988 986 
f 257 990 988 
f 237 986 990 
f 988 990 986 
f 21 992 994 
f 258 993 992 
f 260 994 993 
f 992 993 994 
f 71 995 997 
f 259 996 995 
f 258 997 996 
f 995 996 997 
f 70 998 1000 
f 260 999 998 
f 259 1000 999 
f 998 999 1000 
f 258 996 993 
f 259 999 996 
f 260 993 999 
f 996 999 993 
f 20 922 1002 
f 242 1001 922 
f 262 1002 1001 
f 922 1001 1002 
f 65 1003 926 
f 261 1004 1003 
f 242 926 1004 
f 1003 1004 926 
f 71 1005 1007 
f 262 1006 1005 
f 261 1007 1006 
f 1005 1006 1007 
f 242 1004 1001 
f 261 1006 1004 
f 262 1001 1006 
f 1004 1006 1001 
f 70 1000 987 
f 259 1008 1000 
f 257 987 1008 
f 1000 1008 987 
f 71 1007 995 
f 261 1009 1007 
f 259 995 1009 
f 1007 1009 995 
f 65 991 1003 
f 257 1010 991 
f 261 1003 1010 
f 991 1010 1003 
f 259 1009 1008 
f 261 1010 1009 
f 257 1008 1010 
f 1009 1010 1008 
f 7 1011 1013 
f 263 1012 1011 
f 265 1013 1012 
f 1011 1012 1013 
f 72 1014 1016 
f 264 1015 1014 
f 263 1016 1015 
f 1014 1015 1016 
f 74 1017 1019 
f 265 1018 1017 
f 264 1019 1018 
f 1017 1018 1019 
f 263 1015 1012 
f 264 1018 1015 
f 265 1012 1018 
f 1015 1018 1012 
f 22 1020 1022 
f 266 1021 1020 
f 268 1022 1021 
f 1020 1021 1022 
f 73 1023 1025 
f 267 1024 1023 
f 266 1025 1024 
f 1023 1024 1025 
f 72 1026 1028 
f 268 1027 1026 
f 267 1028 1027 
f 1026 1027 1028 
f 266 1024 1021 
f 267 1027 1024 
f 268 1021 1027 
f 1024 1027 1021 
f 21 1029 1031 
f 269 1030 1029 
f 271 1031 1030 
f 1029 1030 1031 
f 74 1032 1034 
f 270 1033 1032 
f 269 1034 1033 
f 1032 1033 1034 
f 73 1035 1037 
f 271 1036 1035 
f 270 1037 1036 
f 1035 1036 1037 
f 269 1033 1030 
f 270 1036 1033 
f 271 1030 1036 
f 1033 1036 1030 
f 72 1028 1014 
f 267 1038 1028 
f 264 1014 1038 
f 1028 1038 1014 
f 73 1037 1023 
f 270 1039 1037 
f 267 1023 1039 
f 1037 1039 1023 
f 74 1019 1032 
f 264 1040 1019 
f 270 1032 1040 
f 1019 1040 1032 
f 267 1039 1038 
f 270 1040 1039 
f 264 1038 1040 
f 1039 1040 1038 
f 20 1002 966 
f 262 1041 1002 
f 251 966 1041 
f 1002 1041 966 
f 71 1042 1005 
f 272 1043 1042 
f 262 1005 1043 
f 1042 1043 1005 
f 68 970 1045 
f 251 1044 970 
f 272 1045 1044 
f 970 1044 1045 
f 262 1043 1041 
f 272 1044 1043 
f 251 1041 1044 
f 1043 1044 1041 
f 21 1031 992 
f 271 1046 1031 
f 258 992 1046 
f 1031 1046 992 
f 73 1047 1035 
f 273 1048 1047 
f 271 1035 1048 
f 1047 1048 1035 
f 71 997 1050 
f 258 1049 997 
f 273 1050 1049 
f 997 1049 1050 
f 271 1048 1046 
f 273 1049 1048 
f 258 1046 1049 
f 1048 1049 1046 
f 22 975 1020 
f 255 1051 975 
f 266 1020 1051 
f 975 1051 1020 
f 68 1052 979 
f 274 1053 1052 
f 255 979 1053 
f 1052 1053 979 
f 73 1025 1055 
f 266 1054 1025 
f 274 1055 1054 
f 1025 1054 1055 
f 255 1053 1051 
f 274 1054 1053 
f 266 1051 1054 
f 1053 1054 1051 
f 71 1050 1042 
f 273 1056 1050 
f 272 1042 1056 
f 1050 1056 1042 
f 73 1055 1047 
f 274 1057 1055 
f 273 1047 1057 
f 1055 1057 1047 
f 68 1045 1052 
f 272 1058 1045 
f 274 1052 1058 
f 1045 1058 1052 
f 273 1057 1056 
f 274 1058 1057 
f 272 1056 1058 
f 1057 1058 1056 
f 1 1059 1061 
f 275 1060 1059 
f 277 1061 1060 
f 1059 1060 1061 
f 75 1062 1064 
f 276 1063 1062 
f 275 1064 1063 
f 1062 1063 1064 
f 77 1065 1067 
f 277 1066 1065 
f 276 1067 1066 
f 1065 1066 1067 
f 275 1063 1060 
f 276 1066 1063 
f 277 1060 1066 
f 1063 1066 1060 
f 23 1068 1070 
f 278 1069 1068 
f 280 1070 1069 
f 1068 1069 1070 
f 76 1071 1073 
f 279 1072 1071 
f 278 1073 1072 
f 1071 1072 1073 
f 75 1074 1076 
f 280 1075 1074 
f 279 1076 1075 
f 1074 1075 1076 
f 278 1072 1069 
f 279 1075 1072 
f 280 1069 1075 
f 1072 1075 1069 
f 25 1077 1079 
f 281 1078 1077 
f 283 1079 1078 
f 1077 1078 1079 
f 77 1080 1082 
f 282 1081 1080 
f 281 1082 1081 
f 1080 1081 1082 
f 76 1083 1085 
f 283 1084 1083 
f 282 1085 1084 
f 1083 1084 1085 
f 281 1081 1078 
f 282 1084 1081 
f 283 1078 1084 
f 1081 1084 1078 
f 75 1076 1062 
f 279 1086 1076 
f 276 1062 1086 
f 1076 1086 1062 
f 76 1085 1071 
f 282 1087 1085 
f 279 1071 1087 
f 1085 1087 1071 
f 77 1067 1080 
f 276 1088 1067 
f 282 1080 1088 
f 1067 1088 1080 
f 279 1087 1086 
f 282 1088 1087 
f 276 1086 1088 
f 1087 1088 1086 
f 9 1089 1091 
f 284 1090 1089 
f 286 1091 1090 
f 1089 1090 1091 
f 78 1092 1094 
f 285 1093 1092 
f 284 1094 1093 
f 1092 1093 1094 
f 80 1095 1097 
f 286 1096 1095 
f 285 1097 1096 
f 1095 1096 1097 
f 284 1093 1090 
f 285 1096 1093 
f 286 1090 1096 
f 1093 1096 1090 
f 24 1098 1100 
f 287 1099 1098 
f 289 1100 1099 
f 1098 1099 1100 
f 79 1101 1103 
f 288 1102 1101 
f 287 1103 1102 
f 1101 1102 1103 
f 78 1104 1106 
f 289 1105 1104 
f 288 1106 1105 
f 1104 1105 1106 
f 287 1102 1099 
f 288 1105 1102 
f 289 1099 1105 
f 1102 1105 1099 
f 23 1107 1109 
f 290 1108 1107 
f 292 1109 1108 
f 1107 1108 1109 
f 80 1110 1112 
f 291 1111 1110 
f 290 1112 1111 
f 1110 1111 1112 
f 79 1113 1115 
f 292 1114 1113 
f 291 1115 1114 
f 1113 1114 1115 
f 290 1111 1108 
f 291 1114 1111 
f 292 1108 1114 
f 1111 1114 1108 
f 78 1106 1092 
f 288 1116 1106 
f 285 1092 1116 
f 1106 1116 1092 
f 79 1115 1101 
f 291 1117 1115 
f 288 1101 1117 
f 1115 1117 1101 
f 80 1097 1110 
f 285 1118 1097 
f 291 1110 1118 
f 1097 1118 1110 
f 288 1117 1116 
f 291 1118 1117 
f 285 1116 1118 
f 1117 1118 1116 
f 8 1119 1121 
f 293 1120 1119 
f 295 1121 1120 
f 1119 1120 1121 
f 81 1122 1124 
f 294 1123 1122 
f 293 1124 1123 
f 1122 1123 1124 
f 83 1125 1127 
f 295 1126 1125 
f 294 1127 1126 
f 1125 1126 1127 
f 293 1123 1120 
f 294 1126 1123 
f 295 1120 1126 
f 1123 1126 1120 
f 25 1128 1130 
f 296 1129 1128 
f 298 1130 1129 
f 1128 1129 1130 
f 82 1131 1133 
f 297 1132 1131 
f 296 1133 1132 
f 1131 1132 1133 
f 81 1134 1136 
f 298 1135 1134 
f 297 1136 1135 
f 1134 1135 1136 
f 296 1132 1129 
f 297 1135 1132 
f 298 1129 1135 
f 1132 1135 1129 
f 24 1137 1139 
f 299 1138 1137 
f 301 1139 1138 
f 1137 1138 1139 
f 83 1140 1142 
f 300 1141 1140 
f 299 1142 1141 
f 1140 1141 1142 
f 82 1143 1145 
f 301 1144 1143 
f 300 1145 1144 
f 1143 1144 1145 
f 299 1141 1138 
f 300 1144 1141 
f 301 1138 1144 
f 1141 1144 1138 
f 81 1136 1122 
f 297 1146 1136 
f 294 1122 1146 
f 1136 1146 1122 
f 82 1145 1131 
f 300 1147 1145 
f 297 1131 1147 
f 1145 1147 1131 
f 83 1127 1140 
f 294 1148 1127 
f 300 1140 1148 
f 1127 1148 1140 
f 297 1147 1146 
f 300 1148 1147 
f 294 1146 1148 
f 1147 1148 1146 
f 23 1109 1068 
f 292 1149 1109 
f 278 1068 1149 
f 1109 1149 1068 
f 79 1150 1113 
f 302 1151 1150 
f 292 1113 1151 
f 1150 1151 1113 
f 76 1073 1153 
f 278 1152 1073 
f 302 1153 1152 
f 1073 1152 1153 
f 292 1151 1149 
f 302 1152 1151 
f 278 1149 1152 
f 1151 1152 1149 
f 24 1139 1098 
f 301 1154 1139 
f 287 1098 1154 
f 1139 1154 1098 
f 82 1155 1143 
f 303 1156 1155 
f 301 1143 1156 
f 1155 1156 1143 
f 79 1103 1158 
f 287 1157 1103 
f 303 1158 1157 
f 1103 1157 1158 
f 301 1156 1154 
f 303 1157 1156 
f 287 1154 1157 
f 1156 1157 1154 
f 25 1079 1128 
f 283 1159 1079 
f 296 1128 1159 
f 1079 1159 1128 
f 76 1160 1083 
f 304 1161 1160 
f 283 1083 1161 
f 1160 1161 1083 
f 82 1133 1163 
f 296 1162 1133 
f 304 1163 1162 
f 1133 1162 1163 
f 283 1161 1159 
f 304 1162 1161 
f 296 1159 1162 
f 1161 1162 1159 
f 79 1158 1150 
f 303 1164 1158 
f 302 1150 1164 
f 1158 1164 1150 
f 82 1163 1155 
f 304 1165 1163 
f 303 1155 1165 
f 1163 1165 1155 
f 76 1153 1160 
f 302 1166 1153 
f 304 1160 1166 
f 1153 1166 1160 
f 303 1165 1164 
f 304 1166 1165 
f 302 1164 1166 
f 1165 1166 1164 
f 1 1061 1168 
f 277 1167 1061 
f 306 1168 1167 
f 1061 1167 1168 
f 77 1169 1065 
f 305 1170 1169 
f 277 1065 1170 
f 1169 1170 1065 
f 85 1171 1173 
f 306 1172 1171 
f 305 1173 1172 
f 1171 1172 1173 
f 277 1170 1167 
f 305 1172 1170 
f 306 1167 1172 
f 1170 1172 1167 
f 25 1174 1077 
f 307 1175 1174 
f 281 1077 1175 
f 1174 1175 1077 
f 84 1176 1178 
f 308 1177 1176 
f 307 1178 1177 
f 1176 1177 1178 
f 77 1082 1180 
f 281 1179 1082 
f 308 1180 1179 
f 1082 1179 1180 
f 307 1177 1175 
f 308 1179 1177 
f 281 1175 1179 
f 1177 1179 1175 
f 27 1181 1183 
f 309 1182 1181 
f 311 1183 1182 
f 1181 1182 1183 
f 85 1184 1186 
f 310 1185 1184 
f 309 1186 1185 
f 1184 1185 1186 
f 84 1187 1189 
f 311 1188 1187 
f 310 1189 1188 
f 1187 1188 1189 
f 309 1185 1182 
f 310 1188 1185 
f 311 1182 1188 
f 1185 1188 1182 
f 77 1180 1169 
f 308 1190 1180 
f 305 1169 1190 
f 1180 1190 1169 
f 84 1189 1176 
f 310 1191 1189 
f 308 1176 1191 
f 1189 1191 1176 
f 85 1173 1184 
f 305 1192 1173 
f 310 1184 1192 
f 1173 1192 1184 
f 308 1191 1190 
f 310 1192 1191 
f 305 1190 1192 
f 1191 1192 1190 
f 8 1193 1119 
f 312 1194 1193 
f 293 1119 1194 
f 1193 1194 1119 
f 86 1195 1197 
f 313 1196 1195 
f 312 1197 1196 
f 1195 1196 1197 
f 81 1124 1199 
f 293 1198 1124 
f 313 1199 1198 
f 1124 1198 1199 
f 312 1196 1194 
f 313 1198 1196 
f 293 1194 1198 
f 1196 1198 1194 
f 26 1200 1202 
f 314 1201 1200 
f 316 1202 1201 
f 1200 1201 1202 
f 87 1203 1205 
f 315 1204 1203 
f 314 1205 1204 
f 1203 1204 1205 
f 86 1206 1208 
f 316 1207 1206 
f 315 1208 1207 
f 1206 1207 1208 
f 314 1204 1201 
f 315 1207 1204 
f 316 1201 1207 
f 1204 1207 1201 
f 25 1130 1210 
f 298 1209 1130 
f 318 1210 1209 
f 1130 1209 1210 
f 81 1211 1134 
f 317 1212 1211 
f 298 1134 1212 
f 1211 1212 1134 
f 87 1213 1215 
f 318 1214 1213 
f 317 1215 1214 
f 1213 1214 1215 
f 298 1212 1209 
f 317 1214 1212 
f 318 1209 1214 
f 1212 1214 1209 
f 86 1208 1195 
f 315 1216 1208 
f 313 1195 1216 
f 1208 1216 1195 
f 87 1215 1203 
f 317 1217 1215 
f 315 1203 1217 
f 1215 1217 1203 
f 81 1199 1211 
f 313 1218 1199 
f 317 1211 1218 
f 1199 1218 1211 
f 315 1217 1216 
f 317 1218 1217 
f 313 1216 1218 
f 1217 1218 1216 
f 10 1219 1221 
f 319 1220 1219 
f 321 1221 1220 
f 1219 1220 1221 
f 88 1222 1224 
f 320 1223 1222 
f 319 1224 1223 
f 1222 1223 1224 
f 90 1225 1227 
f 321 1226 1225 
f 320 1227 1226 
f 1225 1226 1227 
f 319 1223 1220 
f 320 1226 1223 
f 321 1220 1226 
f 1223 1226 1220 
f 27 1228 1230 
f 322 1229 1228 
f 324 1230 1229 
f 1228 1229 1230 
f 89 1231 1233 
f 323 1232 1231 
f 322 1233 1232 
f 1231 1232 1233 
f 88 1234 1236 
f 324 1235 1234 
f 323 1236 1235 
f 1234 1235 1236 
f 322 1232 1229 
f 323 1235 1232 
f 324 1229 1235 
f 1232 1235 1229 
f 26 1237 1239 
f 325 1238 1237 
f 327 1239 1238 
f 1237 1238 1239 
f 90 1240 1242 
f 326 1241 1240 
f 325 1242 1241 
f 1240 1241 1242 
f 89 1243 1245 
f 327 1244 1243 
f 326 1245 1244 
f 1243 1244 1245 
f 325 1241 1238 
f 326 1244 1241 
f 327 1238 1244 
f 1241 1244 1238 
f 88 1236 1222 
f 323 1246 1236 
f 320 1222 1246 
f 1236 1246 1222 
f 89 1245 1231 
f 326 1247 1245 
f 323 1231 1247 
f 1245 1247 1231 
f 90 1227 1240 
f 320 1248 1227 
f 326 1240 1248 
f 1227 1248 1240 
f 323 1247 1246 
f 326 1248 1247 
f 320 1246 1248 
f 1247 1248 1246 
f 25 1210 1174 
f 318 1249 1210 
f 307 1174 1249 
f 1210 1249 1174 
f 87 1250 1213 
f 328 1251 1250 
f 318 1213 1251 
f 1250 1251 1213 
f 84 1178 1253 
f 307 1252 1178 
f 328 1253 1252 
f 1178 1252 1253 
f 318 1251 1249 
f 328 1252 1251 
f 307 1249 1252 
f 1251 1252 1249 
f 26 1239 1200 
f 327 1254 1239 
f 314 1200 1254 
f 1239 1254 1200 
f 89 1255 1243 
f 329 1256 1255 
f 327 1243 1256 
f 1255 1256 1243 
f 87 1205 1258 
f 314 1257 1205 
f 329 1258 1257 
f 1205 1257 1258 
f 327 1256 1254 
f 329 1257 1256 
f 314 1254 1257 
f 1256 1257 1254 
f 27 1183 1228 
f 311 1259 1183 
f 322 1228 1259 
f 1183 1259 1228 
f 84 1260 1187 
f 330 1261 1260 
f 311 1187 1261 
f 1260 1261 1187 
f 89 1233 1263 
f 322 1262 1233 
f 330 1263 1262 
f 1233 1262 1263 
f 311 1261 1259 
f 330 1262 1261 
f 322 1259 1262 
f 1261 1262 1259 
f 87 1258 1250 
f 329 1264 1258 
f 328 1250 1264 
f 1258 1264 1250 
f 89 1263 1255 
f 330 1265 1263 
f 329 1255 1265 
f 1263 1265 1255 
f 84 1253 1260 
f 328 1266 1253 
f 330 1260 1266 
f 1253 1266 1260 
f 329 1265 1264 
f 330 1266 1265 
f 328 1264 1266 
f 1265 1266 1264 
f 5 1267 1269 
f 331 1268 1267 
f 333 1269 1268 
f 1267 1268 1269 
f 91 1270 1272 
f 332 1271 1270 
f 331 1272 1271 
f 1270 1271 1272 
f 93 1273 1275 
f 333 1274 1273 
f 332 1275 1274 
f 1273 1274 1275 
f 331 1271 1268 
f 332 1274 1271 
f 333 1268 1274 
f 1271 1274 1268 
f 28 1276 1278 
f 334 1277 1276 
f 336 1278 1277 
f 1276 1277 1278 
f 92 1279 1281 
f 335 1280 1279 
f 334 1281 1280 
f 1279 1280 1281 
f 91 1282 1284 
f 336 1283 1282 
f 335 1284 1283 
f 1282 1283 1284 
f 334 1280 1277 
f 335 1283 1280 
f 336 1277 1283 
f 1280 1283 1277 
f 30 1285 1287 
f 337 1286 1285 
f 339 1287 1286 
f 1285 1286 1287 
f 93 1288 1290 
f 338 1289 1288 
f 337 1290 1289 
f 1288 1289 1290 
f 92 1291 1293 
f 339 1292 1291 
f 338 1293 1292 
f 1291 1292 1293 
f 337 1289 1286 
f 338 1292 1289 
f 339 1286 1292 
f 1289 1292 1286 
f 91 1284 1270 
f 335 1294 1284 
f 332 1270 1294 
f 1284 1294 1270 
f 92 1293 1279 
f 338 1295 1293 
f 335 1279 1295 
f 1293 1295 1279 
f 93 1275 1288 
f 332 1296 1275 
f 338 1288 1296 
f 1275 1296 1288 
f 335 1295 1294 
f 338 1296 1295 
f 332 1294 1296 
f 1295 1296 1294 
f 12 1297 1299 
f 340 1298 1297 
f 342 1299 1298 
f 1297 1298 1299 
f 94 1300 1302 
f 341 1301 1300 
f 340 1302 1301 
f 1300 1301 1302 
f 96 1303 1305 
f 342 1304 1303 
f 341 1305 1304 
f 1303 1304 1305 
f 340 1301 1298 
f 341 1304 1301 
f 342 1298 1304 
f 1301 1304 1298 
f 29 1306 1308 
f 343 1307 1306 
f 345 1308 1307 
f 1306 1307 1308 
f 95 1309 1311 
f 344 1310 1309 
f 343 1311 1310 
f 1309 1310 1311 
f 94 1312 1314 
f 345 1313 1312 
f 344 1314 1313 
f 1312 1313 1314 
f 343 1310 1307 
f 344 1313 1310 
f 345 1307 1313 
f 1310 1313 1307 
f 28 1315 1317 
f 346 1316 1315 
f 348 1317 1316 
f 1315 1316 1317 
f 96 1318 1320 
f 347 1319 1318 
f 346 1320 1319 
f 1318 1319 1320 
f 95 1321 1323 
f 348 1322 1321 
f 347 1323 1322 
f 1321 1322 1323 
f 346 1319 1316 
f 347 1322 1319 
f 348 1316 1322 
f 1319 1322 1316 
f 94 1314 1300 
f 344 1324 1314 
f 341 1300 1324 
f 1314 1324 1300 
f 95 1323 1309 
f 347 1325 1323 
f 344 1309 1325 
f 1323 1325 1309 
f 96 1305 1318 
f 341 1326 1305 
f 347 1318 1326 
f 1305 1326 1318 
f 344 1325 1324 
f 347 1326 1325 
f 341 1324 1326 
f 1325 1326 1324 
f 11 1327 1329 
f 349 1328 1327 
f 351 1329 1328 
f 1327 1328 1329 
f 97 1330 1332 
f 350 1331 1330 
f 349 1332 1331 
f 1330 1331 1332 
f 99 1333 1335 
f 351 1334 1333 
f 350 1335 1334 
f 1333 1334 1335 
f 349 1331 1328 
f 350 1334 1331 
f 351 1328 1334 
f 1331 1334 1328 
f 30 1336 1338 
f 352 1337 1336 
f 354 1338 1337 
f 1336 1337 1338 
f 98 1339 1341 
f 353 1340 1339 
f 352 1341 1340 
f 1339 1340 1341 
f 97 1342 1344 
f 354 1343 1342 
f 353 1344 1343 
f 1342 1343 1344 
f 352 1340 1337 
f 353 1343 1340 
f 354 1337 1343 
f 1340 1343 1337 
f 29 1345 1347 
f 355 1346 1345 
f 357 1347 1346 
f 1345 1346 1347 
f 99 1348 1350 
f 356 1349 1348 
f 355 1350 1349 
f 1348 1349 1350 
f 98 1351 1353 
f 357 1352 1351 
f 356 1353 1352 
f 1351 1352 1353 
f 355 1349 1346 
f 356 1352 1349 
f 357 1346 1352 
f 1349 1352 1346 
f 97 1344 1330 
f 353 1354 1344 
f 350 1330 1354 
f 1344 1354 1330 
f 98 1353 1339 
f 356 1355 1353 
f 353 1339 1355 
f 1353 1355 1339 
f 99 1335 1348 
f 350 1356 1335 
f 356 1348 1356 
f 1335 1356 1348 
f 353 1355 1354 
f 356 1356 1355 
f 350 1354 1356 
f 1355 1356 1354 
f 28 1317 1276 
f 348 1357 1317 
f 334 1276 1357 
f 1317 1357 1276 
f 95 1358 1321 
f 358 1359 1358 
f 348 1321 1359 
f 1358 1359 1321 
f 92 1281 1361 
f 334 1360 1281 
f 358 1361 1360 
f 1281 1360 1361 
f 348 1359 1357 
f 358 1360 1359 
f 334 1357 1360 
f 1359 1360 1357 
f 29 1347 1306 
f 357 1362 1347 
f 343 1306 1362 
f 1347 1362 1306 
f 98 1363 1351 
f 359 1364 1363 
f 357 1351 1364 
f 1363 1364 1351 
f 95 1311 1366 
f 343 1365 1311 
f 359 1366 1365 
f 1311 1365 1366 
f 357 1364 1362 
f 359 1365 1364 
f 343 1362 1365 
f 1364 1365 1362 
f 30 1287 1336 
f 339 1367 1287 
f 352 1336 1367 
f 1287 1367 1336 
f 92 1368 1291 
f 360 1369 1368 
f 339 1291 1369 
f 1368 1369 1291 
f 98 1341 1371 
f 352 1370 1341 
f 360 1371 1370 
f 1341 1370 1371 
f 339 1369 1367 
f 360 1370 1369 
f 352 1367 1370 
f 1369 1370 1367 
f 95 1366 1358 
f 359 1372 1366 
f 358 1358 1372 
f 1366 1372 1358 
f 98 1371 1363 
f 360 1373 1371 
f 359 1363 1373 
f 1371 1373 1363 
f 92 1361 1368 
f 358 1374 1361 
f 360 1368 1374 
f 1361 1374 1368 
f 359 1373 1372 
f 360 1374 1373 
f 358 1372 1374 
f 1373 1374 1372 
f 8 1375 1377 
f 361 1376 1375 
f 363 1377 1376 
f 1375 1376 1377 
f 100 1378 1380 
f 362 1379 1378 
f 361 1380 1379 
f 1378 1379 1380 
f 102 1381 1383 
f 363 1382 1381 
f 362 1383 1382 
f 1381 1382 1383 
f 361 1379 1376 
f 362 1382 1379 
f 363 1376 1382 
f 1379 1382 1376 
f 31 1384 1386 
f 364 1385 1384 
f 366 1386 1385 
f 1384 1385 1386 
f 101 1387 1389 
f 365 1388 1387 
f 364 1389 1388 
f 1387 1388 1389 
f 100 1390 1392 
f 366 1391 1390 
f 365 1392 1391 
f 1390 1391 1392 
f 364 1388 1385 
f 365 1391 1388 
f 366 1385 1391 
f 1388 1391 1385 
f 32 1393 1395 
f 367 1394 1393 
f 369 1395 1394 
f 1393 1394 1395 
f 102 1396 1398 
f 368 1397 1396 
f 367 1398 1397 
f 1396 1397 1398 
f 101 1399 1401 
f 369 1400 1399 
f 368 1401 1400 
f 1399 1400 1401 
f 367 1397 1394 
f 368 1400 1397 
f 369 1394 1400 
f 1397 1400 1394 
f 100 1392 1378 
f 365 1402 1392 
f 362 1378 1402 
f 1392 1402 1378 
f 101 1401 1387 
f 368 1403 1401 
f 365 1387 1403 
f 1401 1403 1387 
f 102 1383 1396 
f 362 1404 1383 
f 368 1396 1404 
f 1383 1404 1396 
f 365 1403 1402 
f 368 1404 1403 
f 362 1402 1404 
f 1403 1404 1402 
f 11 1329 1406 
f 351 1405 1329 
f 371 1406 1405 
f 1329 1405 1406 
f 99 1407 1333 
f 370 1408 1407 
f 351 1333 1408 
f 1407 1408 1333 
f 104 1409 1411 
f 371 1410 1409 
f 370 1411 1410 
f 1409 1410 1411 
f 351 1408 1405 
f 370 1410 1408 
f 371 1405 1410 
f 1408 1410 1405 
f 29 1412 1345 
f 372 1413 1412 
f 355 1345 1413 
f 1412 1413 1345 
f 103 1414 1416 
f 373 1415 1414 
f 372 1416 1415 
f 1414 1415 1416 
f 99 1350 1418 
f 355 1417 1350 
f 373 1418 1417 
f 1350 1417 1418 
f 372 1415 1413 
f 373 1417 1415 
f 355 1413 1417 
f 1415 1417 1413 
f 31 1419 1421 
f 374 1420 1419 
f 376 1421 1420 
f 1419 1420 1421 
f 104 1422 1424 
f 375 1423 1422 
f 374 1424 1423 
f 1422 1423 1424 
f 103 1425 1427 
f 376 1426 1425 
f 375 1427 1426 
f 1425 1426 1427 
f 374 1423 1420 
f 375 1426 1423 
f 376 1420 1426 
f 1423 1426 1420 
f 99 1418 1407 
f 373 1428 1418 
f 370 1407 1428 
f 1418 1428 1407 
f 103 1427 1414 
f 375 1429 1427 
f 373 1414 1429 
f 1427 1429 1414 
f 104 1411 1422 
f 370 1430 1411 
f 375 1422 1430 
f 1411 1430 1422 
f 373 1429 1428 
f 375 1430 1429 
f 370 1428 1430 
f 1429 1430 1428 
f 12 1431 1297 
f 377 1432 1431 
f 340 1297 1432 
f 1431 1432 1297 
f 105 1433 1435 
f 378 1434 1433 
f 377 1435 1434 
f 1433 1434 1435 
f 94 1302 1437 
f 340 1436 1302 
f 378 1437 1436 
f 1302 1436 1437 
f 377 1434 1432 
f 378 1436 1434 
f 340 1432 1436 
f 1434 1436 1432 
f 32 1438 1440 
f 379 1439 1438 
f 381 1440 1439 
f 1438 1439 1440 
f 106 1441 1443 
f 380 1442 1441 
f 379 1443 1442 
f 1441 1442 1443 
f 105 1444 1446 
f 381 1445 1444 
f 380 1446 1445 
f 1444 1445 1446 
f 379 1442 1439 
f 380 1445 1442 
f 381 1439 1445 
f 1442 1445 1439 
f 29 1308 1448 
f 345 1447 1308 
f 383 1448 1447 
f 1308 1447 1448 
f 94 1449 1312 
f 382 1450 1449 
f 345 1312 1450 
f 1449 1450 1312 
f 106 1451 1453 
f 383 1452 1451 
f 382 1453 1452 
f 1451 1452 1453 
f 345 1450 1447 
f 382 1452 1450 
f 383 1447 1452 
f 1450 1452 1447 
f 105 1446 1433 
f 380 1454 1446 
f 378 1433 1454 
f 1446 1454 1433 
f 106 1453 1441 
f 382 1455 1453 
f 380 1441 1455 
f 1453 1455 1441 
f 94 1437 1449 
f 378 1456 1437 
f 382 1449 1456 
f 1437 1456 1449 
f 380 1455 1454 
f 382 1456 1455 
f 378 1454 1456 
f 1455 1456 1454 
f 31 1421 1384 
f 376 1457 1421 
f 364 1384 1457 
f 1421 1457 1384 
f 103 1458 1425 
f 384 1459 1458 
f 376 1425 1459 
f 1458 1459 1425 
f 101 1389 1461 
f 364 1460 1389 
f 384 1461 1460 
f 1389 1460 1461 
f 376 1459 1457 
f 384 1460 1459 
f 364 1457 1460 
f 1459 1460 1457 
f 29 1448 1412 
f 383 1462 1448 
f 372 1412 1462 
f 1448 1462 1412 
f 106 1463 1451 
f 385 1464 1463 
f 383 1451 1464 
f 1463 1464 1451 
f 103 1416 1466 
f 372 1465 1416 
f 385 1466 1465 
f 1416 1465 1466 
f 383 1464 1462 
f 385 1465 1464 
f 372 1462 1465 
f 1464 1465 1462 
f 32 1395 1438 
f 369 1467 1395 
f 379 1438 1467 
f 1395 1467 1438 
f 101 1468 1399 
f 386 1469 1468 
f 369 1399 1469 
f 1468 1469 1399 
f 106 1443 1471 
f 379 1470 1443 
f 386 1471 1470 
f 1443 1470 1471 
f 369 1469 1467 
f 386 1470 1469 
f 379 1467 1470 
f 1469 1470 1467 
f 103 1466 1458 
f 385 1472 1466 
f 384 1458 1472 
f 1466 1472 1458 
f 106 1471 1463 
f 386 1473 1471 
f 385 1463 1473 
f 1471 1473 1463 
f 101 1461 1468 
f 384 1474 1461 
f 386 1468 1474 
f 1461 1474 1468 
f 385 1473 1472 
f 386 1474 1473 
f 384 1472 1474 
f 1473 1474 1472 
f 3 1475 1477 
f 387 1476 1475 
f 389 1477 1476 
f 1475 1476 1477 
f 107 1478 1480 
f 388 1479 1478 
f 387 1480 1479 
f 1478 1479 1480 
f 109 1481 1483 
f 389 1482 1481 
f 388 1483 1482 
f 1481 1482 1483 
f 387 1479 1476 
f 388 1482 1479 
f 389 1476 1482 
f 1479 1482 1476 
f 33 1484 1486 
f 390 1485 1484 
f 392 1486 1485 
f 1484 1485 1486 
f 108 1487 1489 
f 391 1488 1487 
f 390 1489 1488 
f 1487 1488 1489 
f 107 1490 1492 
f 392 1491 1490 
f 391 1492 1491 
f 1490 1491 1492 
f 390 1488 1485 
f 391 1491 1488 
f 392 1485 1491 
f 1488 1491 1485 
f 35 1493 1495 
f 393 1494 1493 
f 395 1495 1494 
f 1493 1494 1495 
f 109 1496 1498 
f 394 1497 1496 
f 393 1498 1497 
f 1496 1497 1498 
f 108 1499 1501 
f 395 1500 1499 
f 394 1501 1500 
f 1499 1500 1501 
f 393 1497 1494 
f 394 1500 1497 
f 395 1494 1500 
f 1497 1500 1494 
f 107 1492 1478 
f 391 1502 1492 
f 388 1478 1502 
f 1492 1502 1478 
f 108 1501 1487 
f 394 1503 1501 
f 391 1487 1503 
f 1501 1503 1487 
f 109 1483 1496 
f 388 1504 1483 
f 394 1496 1504 
f 1483 1504 1496 
f 391 1503 1502 
f 394 1504 1503 
f 388 1502 1504 
f 1503 1504 1502 
f 10 1505 1507 
f 396 1506 1505 
f 398 1507 1506 
f 1505 1506 1507 
f 110 1508 1510 
f 397 1509 1508 
f 396 1510 1509 
f 1508 1509 1510 
f 112 1511 1513 
f 398 1512 1511 
f 397 1513 1512 
f 1511 1512 1513 
f 396 1509 1506 
f 397 1512 1509 
f 398 1506 1512 
f 1509 1512 1506 
f 34 1514 1516 
f 399 1515 1514 
f 401 1516 1515 
f 1514 1515 1516 
f 111 1517 1519 
f 400 1518 1517 
f 399 1519 1518 
f 1517 1518 1519 
f 110 1520 1522 
f 401 1521 1520 
f 400 1522 1521 
f 1520 1521 1522 
f 399 1518 1515 
f 400 1521 1518 
f 401 1515 1521 
f 1518 1521 1515 
f 33 1523 1525 
f 402 1524 1523 
f 404 1525 1524 
f 1523 1524 1525 
f 112 1526 1528 
f 403 1527 1526 
f 402 1528 1527 
f 1526 1527 1528 
f 111 1529 1531 
f 404 1530 1529 
f 403 1531 1530 
f 1529 1530 1531 
f 402 1527 1524 
f 403 1530 1527 
f 404 1524 1530 
f 1527 1530 1524 
f 110 1522 1508 
f 400 1532 1522 
f 397 1508 1532 
f 1522 1532 1508 
f 111 1531 1517 
f 403 1533 1531 
f 400 1517 1533 
f 1531 1533 1517 
f 112 1513 1526 
f 397 1534 1513 
f 403 1526 1534 
f 1513 1534 1526 
f 400 1533 1532 
f 403 1534 1533 
f 397 1532 1534 
f 1533 1534 1532 
f 6 1535 1537 
f 405 1536 1535 
f 407 1537 1536 
f 1535 1536 1537 
f 113 1538 1540 
f 406 1539 1538 
f 405 1540 1539 
f 1538 1539 1540 
f 115 1541 1543 
f 407 1542 1541 
f 406 1543 1542 
f 1541 1542 1543 
f 405 1539 1536 
f 406 1542 1539 
f 407 1536 1542 
f 1539 1542 1536 
f 35 1544 1546 
f 408 1545 1544 
f 410 1546 1545 
f 1544 1545 1546 
f 114 1547 1549 
f 409 1548 1547 
f 408 1549 1548 
f 1547 1548 1549 
f 113 1550 1552 
f 410 1551 1550 
f 409 1552 1551 
f 1550 1551 1552 
f 408 1548 1545 
f 409 1551 1548 
f 410 1545 1551 
f 1548 1551 1545 
f 34 1553 1555 
f 411 1554 1553 
f 413 1555 1554 
f 1553 1554 1555 
f 115 1556 1558 
f 412 1557 1556 
f 411 1558 1557 
f 1556 1557 1558 
f 114 1559 1561 
f 413 1560 1559 
f 412 1561 1560 
f 1559 1560 1561 
f 411 1557 1554 
f 412 1560 1557 
f 413 1554 1560 
f 1557 1560 1554 
f 113 1552 1538 
f 409 1562 1552 
f 406 1538 1562 
f 1552 1562 1538 
f 114 1561 1547 
f 412 1563 1561 
f 409 1547 1563 
f 1561 1563 1547 
f 115 1543 1556 
f 406 1564 1543 
f 412 1556 1564 
f 1543 1564 1556 
f 409 1563 1562 
f 412 1564 1563 
f 406 1562 1564 
f 1563 1564 1562 
f 33 1525 1484 
f 404 1565 1525 
f 390 1484 1565 
f 1525 1565 1484 
f 111 1566 1529 
f 414 1567 1566 
f 404 1529 1567 
f 1566 1567 1529 
f 108 1489 1569 
f 390 1568 1489 
f 414 1569 1568 
f 1489 1568 1569 
f 404 1567 1565 
f 414 1568 1567 
f 390 1565 1568 
f 1567 1568 1565 
f 34 1555 1514 
f 413 1570 1555 
f 399 1514 1570 
f 1555 1570 1514 
f 114 1571 1559 
f 415 1572 1571 
f 413 1559 1572 
f 1571 1572 1559 
f 111 1519 1574 
f 399 1573 1519 
f 415 1574 1573 
f 1519 1573 1574 
f 413 1572 1570 
f 415 1573 1572 
f 399 1570 1573 
f 1572 1573 1570 
f 35 1495 1544 
f 395 1575 1495 
f 408 1544 1575 
f 1495 1575 1544 
f 108 1576 1499 
f 416 1577 1576 
f 395 1499 1577 
f 1576 1577 1499 
f 114 1549 1579 
f 408 1578 1549 
f 416 1579 1578 
f 1549 1578 1579 
f 395 1577 1575 
f 416 1578 1577 
f 408 1575 1578 
f 1577 1578 1575 
f 111 1574 1566 
f 415 1580 1574 
f 414 1566 1580 
f 1574 1580 1566 
f 114 1579 1571 
f 416 1581 1579 
f 415 1571 1581 
f 1579 1581 1571 
f 108 1569 1576 
f 414 1582 1569 
f 416 1576 1582 
f 1569 1582 1576 
f 415 1581 1580 
f 416 1582 1581 
f 414 1580 1582 
f 1581 1582 1580 
f 12 1583 1585 
f 417 1584 1583 
f 419 1585 1584 
f 1583 1584 1585 
f 116 1586 1588 
f 418 1587 1586 
f 417 1588 1587 
f 1586 1587 1588 
f 118 1589 1591 
f 419 1590 1589 
f 418 1591 1590 
f 1589 1590 1591 
f 417 1587 1584 
f 418 1590 1587 
f 419 1584 1590 
f 1587 1590 1584 
f 36 1592 1594 
f 420 1593 1592 
f 422 1594 1593 
f 1592 1593 1594 
f 117 1595 1597 
f 421 1596 1595 
f 420 1597 1596 
f 1595 1596 1597 
f 116 1598 1600 
f 422 1599 1598 
f 421 1600 1599 
f 1598 1599 1600 
f 420 1596 1593 
f 421 1599 1596 
f 422 1593 1599 
f 1596 1599 1593 
f 37 1601 1603 
f 423 1602 1601 
f 425 1603 1602 
f 1601 1602 1603 
f 118 1604 1606 
f 424 1605 1604 
f 423 1606 1605 
f 1604 1605 1606 
f 117 1607 1609 
f 425 1608 1607 
f 424 1609 1608 
f 1607 1608 1609 
f 423 1605 1602 
f 424 1608 1605 
f 425 1602 1608 
f 1605 1608 1602 
f 116 1600 1586 
f 421 1610 1600 
f 418 1586 1610 
f 1600 1610 1586 
f 117 1609 1595 
f 424 1611 1609 
f 421 1595 1611 
f 1609 1611 1595 
f 118 1591 1604 
f 418 1612 1591 
f 424 1604 1612 
f 1591 1612 1604 
f 421 1611 1610 
f 424 1612 1611 
f 418 1610 1612 
f 1611 1612 1610 
f 6 1537 1614 
f 407 1613 1537 
f 427 1614 1613 
f 1537 1613 1614 
f 115 1615 1541 
f 426 1616 1615 
f 407 1541 1616 
f 1615 1616 1541 
f 120 1617 1619 
f 427 1618 1617 
f 426 1619 1618 
f 1617 1618 1619 
f 407 1616 1613 
f 426 1618 1616 
f 427 1613 1618 
f 1616 1618 1613 
f 34 1620 1553 
f 428 1621 1620 
f 411 1553 1621 
f 1620 1621 1553 
f 119 1622 1624 
f 429 1623 1622 
f 428 1624 1623 
f 1622 1623 1624 
f 115 1558 1626 
f 411 1625 1558 
f 429 1626 1625 
f 1558 1625 1626 
f 428 1623 1621 
f 429 1625 1623 
f 411 1621 1625 
f 1623 1625 1621 
f 36 1627 1629 
f 430 1628 1627 
f 432 1629 1628 
f 1627 1628 1629 
f 120 1630 1632 
f 431 1631 1630 
f 430 1632 1631 
f 1630 1631 1632 
f 119 1633 1635 
f 432 1634 1633 
f 431 1635 1634 
f 1633 1634 1635 
f 430 1631 1628 
f 431 1634 1631 
f 432 1628 1634 
f 1631 1634 1628 
f 115 1626 1615 
f 429 1636 1626 
f 426 1615 1636 
f 1626 1636 1615 
f 119 1635 1622 
f 431 1637 1635 
f 429 1622 1637 
f 1635 1637 1622 
f 120 1619 1630 
f 426 1638 1619 
f 431 1630 1638 
f 1619 1638 1630 
f 429 1637 1636 
f 431 1638 1637 
f 426 1636 1638 
f 1637 1638 1636 
f 10 1639 1505 
f 433 1640 1639 
f 396 1505 1640 
f 1639 1640 1505 
f 121 1641 1643 
f 434 1642 1641 
f 433 1643 1642 
f 1641 1642 1643 
f 110 1510 1645 
f 396 1644 1510 
f 434 1645 1644 
f 1510 1644 1645 
f 433 1642 1640 
f 434 1644 1642 
f 396 1640 1644 
f 1642 1644 1640 
f 37 1646 1648 
f 435 1647 1646 
f 437 1648 1647 
f 1646 1647 1648 
f 122 1649 1651 
f 436 1650 1649 
f 435 1651 1650 
f 1649 1650 1651 
f 121 1652 1654 
f 437 1653 1652 
f 436 1654 1653 
f 1652 1653 1654 
f 435 1650 1647 
f 436 1653 1650 
f 437 1647 1653 
f 1650 1653 1647 
f 34 1516 1656 
f 401 1655 1516 
f 439 1656 1655 
f 1516 1655 1656 
f 110 1657 1520 
f 438 1658 1657 
f 401 1520 1658 
f 1657 1658 1520 
f 122 1659 1661 
f 439 1660 1659 
f 438 1661 1660 
f 1659 1660 1661 
f 401 1658 1655 
f 438 1660 1658 
f 439 1655 1660 
f 1658 1660 1655 
f 121 1654 1641 
f 436 1662 1654 
f 434 1641 1662 
f 1654 1662 1641 
f 122 1661 1649 
f 438 1663 1661 
f 436 1649 1663 
f 1661 1663 1649 
f 110 1645 1657 
f 434 1664 1645 
f 438 1657 1664 
f 1645 1664 1657 
f 436 1663 1662 
f 438 1664 1663 
f 434 1662 1664 
f 1663 1664 1662 
f 36 1629 1592 
f 432 1665 1629 
f 420 1592 1665 
f 1629 1665 1592 
f 119 1666 1633 
f 440 1667 1666 
f 432 1633 1667 
f 1666 1667 1633 
f 117 1597 1669 
f 420 1668 1597 
f 440 1669 1668 
f 1597 1668 1669 
f 432 1667 1665 
f 440 1668 1667 
f 420 1665 1668 
f 1667 1668 1665 
f 34 1656 1620 
f 439 1670 1656 
f 428 1620 1670 
f 1656 1670 1620 
f 122 1671 1659 
f 441 1672 1671 
f 439 1659 1672 
f 1671 1672 1659 
f 119 1624 1674 
f 428 1673 1624 
f 441 1674 1673 
f 1624 1673 1674 
f 439 1672 1670 
f 441 1673 1672 
f 428 1670 1673 
f 1672 1673 1670 
f 37 1603 1646 
f 425 1675 1603 
f 435 1646 1675 
f 1603 1675 1646 
f 117 1676 1607 
f 442 1677 1676 
f 425 1607 1677 
f 1676 1677 1607 
f 122 1651 1679 
f 435 1678 1651 
f 442 1679 1678 
f 1651 1678 1679 
f 425 1677 1675 
f 442 1678 1677 
f 435 1675 1678 
f 1677 1678 1675 
f 119 1674 1666 
f 441 1680 1674 
f 440 1666 1680 
f 1674 1680 1666 
f 122 1679 1671 
f 442 1681 1679 
f 441 1671 1681 
f 1679 1681 1671 
f 117 1669 1676 
f 440 1682 1669 
f 442 1676 1682 
f 1669 1682 1676 
f 441 1681 1680 
f 442 1682 1681 
f 440 1680 1682 
f 1681 1682 1680 
f 2 1683 1685 
f 443 1684 1683 
f 445 1685 1684 
f 1683 1684 1685 
f 123 1686 1688 
f 444 1687 1686 
f 443 1688 1687 
f 1686 1687 1688 
f 125 1689 1691 
f 445 1690 1689 
f 444 1691 1690 
f 1689 1690 1691 
f 443 1687 1684 
f 444 1690 1687 
f 445 1684 1690 
f 1687 1690 1684 
f 38 1692 1694 
f 446 1693 1692 
f 448 1694 1693 
f 1692 1693 1694 
f 124 1695 1697 
f 447 1696 1695 
f 446 1697 1696 
f 1695 1696 1697 
f 123 1698 1700 
f 448 1699 1698 
f 447 1700 1699 
f 1698 1699 1700 
f 446 1696 1693 
f 447 1699 1696 
f 448 1693 1699 
f 1696 1699 1693 
f 40 1701 1703 
f 449 1702 1701 
f 451 1703 1702 
f 1701 1702 1703 
f 125 1704 1706 
f 450 1705 1704 
f 449 1706 1705 
f 1704 1705 1706 
f 124 1707 1709 
f 451 1708 1707 
f 450 1709 1708 
f 1707 1708 1709 
f 449 1705 1702 
f 450 1708 1705 
f 451 1702 1708 
f 1705 1708 1702 
f 123 1700 1686 
f 447 1710 1700 
f 444 1686 1710 
f 1700 1710 1686 
f 124 1709 1695 
f 450 1711 1709 
f 447 1695 1711 
f 1709 1711 1695 
f 125 1691 1704 
f 444 1712 1691 
f 450 1704 1712 
f 1691 1712 1704 
f 447 1711 1710 
f 450 1712 1711 
f 444 1710 1712 
f 1711 1712 1710 
f 7 1713 1715 
f 452 1714 1713 
f 454 1715 1714 
f 1713 1714 1715 
f 126 1716 1718 
f 453 1717 1716 
f 452 1718 1717 
f 1716 1717 1718 
f 128 1719 1721 
f 454 1720 1719 
f 453 1721 1720 
f 1719 1720 1721 
f 452 1717 1714 
f 453 1720 1717 
f 454 1714 1720 
f 1717 1720 1714 
f 39 1722 1724 
f 455 1723 1722 
f 457 1724 1723 
f 1722 1723 1724 
f 127 1725 1727 
f 456 1726 1725 
f 455 1727 1726 
f 1725 1726 1727 
f 126 1728 1730 
f 457 1729 1728 
f 456 1730 1729 
f 1728 1729 1730 
f 455 1726 1723 
f 456 1729 1726 
f 457 1723 1729 
f 1726 1729 1723 
f 38 1731 1733 
f 458 1732 1731 
f 460 1733 1732 
f 1731 1732 1733 
f 128 1734 1736 
f 459 1735 1734 
f 458 1736 1735 
f 1734 1735 1736 
f 127 1737 1739 
f 460 1738 1737 
f 459 1739 1738 
f 1737 1738 1739 
f 458 1735 1732 
f 459 1738 1735 
f 460 1732 1738 
f 1735 1738 1732 
f 126 1730 1716 
f 456 1740 1730 
f 453 1716 1740 
f 1730 1740 1716 
f 127 1739 1725 
f 459 1741 1739 
f 456 1725 1741 
f 1739 1741 1725 
f 128 1721 1734 
f 453 1742 1721 
f 459 1734 1742 
f 1721 1742 1734 
f 456 1741 1740 
f 459 1742 1741 
f 453 1740 1742 
f 1741 1742 1740 
f 9 1743 1745 
f 461 1744 1743 
f 463 1745 1744 
f 1743 1744 1745 
f 129 1746 1748 
f 462 1747 1746 
f 461 1748 1747 
f 1746 1747 1748 
f 131 1749 1751 
f 463 1750 1749 
f 462 1751 1750 
f 1749 1750 1751 
f 461 1747 1744 
f 462 1750 1747 
f 463 1744 1750 
f 1747 1750 1744 
f 40 1752 1754 
f 464 1753 1752 
f 466 1754 1753 
f 1752 1753 1754 
f 130 1755 1757 
f 465 1756 1755 
f 464 1757 1756 
f 1755 1756 1757 
f 129 1758 1760 
f 466 1759 1758 
f 465 1760 1759 
f 1758 1759 1760 
f 464 1756 1753 
f 465 1759 1756 
f 466 1753 1759 
f 1756 1759 1753 
f 39 1761 1763 
f 467 1762 1761 
f 469 1763 1762 
f 1761 1762 1763 
f 131 1764 1766 
f 468 1765 1764 
f 467 1766 1765 
f 1764 1765 1766 
f 130 1767 1769 
f 469 1768 1767 
f 468 1769 1768 
f 1767 1768 1769 
f 467 1765 1762 
f 468 1768 1765 
f 469 1762 1768 
f 1765 1768 1762 
f 129 1760 1746 
f 465 1770 1760 
f 462 1746 1770 
f 1760 1770 1746 
f 130 1769 1755 
f 468 1771 1769 
f 465 1755 1771 
f 1769 1771 1755 
f 131 1751 1764 
f 462 1772 1751 
f 468 1764 1772 
f 1751 1772 1764 
f 465 1771 1770 
f 468 1772 1771 
f 462 1770 1772 
f 1771 1772 1770 
f 38 1733 1692 
f 460 1773 1733 
f 446 1692 1773 
f 1733 1773 1692 
f 127 1774 1737 
f 470 1775 1774 
f 460 1737 1775 
f 1774 1775 1737 
f 124 1697 1777 
f 446 1776 1697 
f 470 1777 1776 
f 1697 1776 1777 
f 460 1775 1773 
f 470 1776 1775 
f 446 1773 1776 
f 1775 1776 1773 
f 39 1763 1722 
f 469 1778 1763 
f 455 1722 1778 
f 1763 1778 1722 
f 130 1779 1767 
f 471 1780 1779 
f 469 1767 1780 
f 1779 1780 1767 
f 127 1727 1782 
f 455 1781 1727 
f 471 1782 1781 
f 1727 1781 1782 
f 469 1780 1778 
f 471 1781 1780 
f 455 1778 1781 
f 1780 1781 1778 
f 40 1703 1752 
f 451 1783 1703 
f 464 1752 1783 
f 1703 1783 1752 
f 124 1784 1707 
f 472 1785 1784 
f 451 1707 1785 
f 1784 1785 1707 
f 130 1757 1787 
f 464 1786 1757 
f 472 1787 1786 
f 1757 1786 1787 
f 451 1785 1783 
f 472 1786 1785 
f 464 1783 1786 
f 1785 1786 1783 
f 127 1782 1774 
f 471 1788 1782 
f 470 1774 1788 
f 1782 1788 1774 
f 130 1787 1779 
f 472 1789 1787 
f 471 1779 1789 
f 1787 1789 1779 
f 124 1777 1784 
f 470 1790 1777 
f 472 1784 1790 
f 1777 1790 1784 
f 471 1789 1788 
f 472 1790 1789 
f 470 1788 1790 
f 1789 1790 1788 
f 11 1791 1793 
f 473 1792 1791 
f 475 1793 1792 
f 1791 1792 1793 
f 132 1794 1796 
f 474 1795 1794 
f 473 1796 1795 
f 1794 1795 1796 
f 134 1797 1799 
f 475 1798 1797 
f 474 1799 1798 
f 1797 1798 1799 
f 473 1795 1792 
f 474 1798 1795 
f 475 1792 1798 
f 1795 1798 1792 
f 41 1800 1802 
f 476 1801 1800 
f 478 1802 1801 
f 1800 1801 1802 
f 133 1803 1805 
f 477 1804 1803 
f 476 1805 1804 
f 1803 1804 1805 
f 132 1806 1808 
f 478 1807 1806 
f 477 1808 1807 
f 1806 1807 1808 
f 476 1804 1801 
f 477 1807 1804 
f 478 1801 1807 
f 1804 1807 1801 
f 42 1809 1811 
f 479 1810 1809 
f 481 1811 1810 
f 1809 1810 1811 
f 134 1812 1814 
f 480 1813 1812 
f 479 1814 1813 
f 1812 1813 1814 
f 133 1815 1817 
f 481 1816 1815 
f 480 1817 1816 
f 1815 1816 1817 
f 479 1813 1810 
f 480 1816 1813 
f 481 1810 1816 
f 1813 1816 1810 
f 132 1808 1794 
f 477 1818 1808 
f 474 1794 1818 
f 1808 1818 1794 
f 133 1817 1803 
f 480 1819 1817 
f 477 1803 1819 
f 1817 1819 1803 
f 134 1799 1812 
f 474 1820 1799 
f 480 1812 1820 
f 1799 1820 1812 
f 477 1819 1818 
f 480 1820 1819 
f 474 1818 1820 
f 1819 1820 1818 
f 9 1745 1822 
f 463 1821 1745 
f 483 1822 1821 
f 1745 1821 1822 
f 131 1823 1749 
f 482 1824 1823 
f 463 1749 1824 
f 1823 1824 1749 
f 136 1825 1827 
f 483 1826 1825 
f 482 1827 1826 
f 1825 1826 1827 
f 463 1824 1821 
f 482 1826 1824 
f 483 1821 1826 
f 1824 1826 1821 
f 39 1828 1761 
f 484 1829 1828 
f 467 1761 1829 
f 1828 1829 1761 
f 135 1830 1832 
f 485 1831 1830 
f 484 1832 1831 
f 1830 1831 1832 
f 131 1766 1834 
f 467 1833 1766 
f 485 1834 1833 
f 1766 1833 1834 
f 484 1831 1829 
f 485 1833 1831 
f 467 1829 1833 
f 1831 1833 1829 
f 41 1835 1837 
f 486 1836 1835 
f 488 1837 1836 
f 1835 1836 1837 
f 136 1838 1840 
f 487 1839 1838 
f 486 1840 1839 
f 1838 1839 1840 
f 135 1841 1843 
f 488 1842 1841 
f 487 1843 1842 
f 1841 1842 1843 
f 486 1839 1836 
f 487 1842 1839 
f 488 1836 1842 
f 1839 1842 1836 
f 131 1834 1823 
f 485 1844 1834 
f 482 1823 1844 
f 1834 1844 1823 
f 135 1843 1830 
f 487 1845 1843 
f 485 1830 1845 
f 1843 1845 1830 
f 136 1827 1838 
f 482 1846 1827 
f 487 1838 1846 
f 1827 1846 1838 
f 485 1845 1844 
f 487 1846 1845 
f 482 1844 1846 
f 1845 1846 1844 
f 7 1847 1713 
f 489 1848 1847 
f 452 1713 1848 
f 1847 1848 1713 
f 137 1849 1851 
f 490 1850 1849 
f 489 1851 1850 
f 1849 1850 1851 
f 126 1718 1853 
f 452 1852 1718 
f 490 1853 1852 
f 1718 1852 1853 
f 489 1850 1848 
f 490 1852 1850 
f 452 1848 1852 
f 1850 1852 1848 
f 42 1854 1856 
f 491 1855 1854 
f 493 1856 1855 
f 1854 1855 1856 
f 138 1857 1859 
f 492 1858 1857 
f 491 1859 1858 
f 1857 1858 1859 
f 137 1860 1862 
f 493 1861 1860 
f 492 1862 1861 
f 1860 1861 1862 
f 491 1858 1855 
f 492 1861 1858 
f 493 1855 1861 
f 1858 1861 1855 
f 39 1724 1864 
f 457 1863 1724 
f 495 1864 1863 
f 1724 1863 1864 
f 126 1865 1728 
f 494 1866 1865 
f 457 1728 1866 
f 1865 1866 1728 
f 138 1867 1869 
f 495 1868 1867 
f 494 1869 1868 
f 1867 1868 1869 
f 457 1866 1863 
f 494 1868 1866 
f 495 1863 1868 
f 1866 1868 1863 
f 137 1862 1849 
f 492 1870 1862 
f 490 1849 1870 
f 1862 1870 1849 
f 138 1869 1857 
f 494 1871 1869 
f 492 1857 1871 
f 1869 1871 1857 
f 126 1853 1865 
f 490 1872 1853 
f 494 1865 1872 
f 1853 1872 1865 
f 492 1871 1870 
f 494 1872 1871 
f 490 1870 1872 
f 1871 1872 1870 
f 41 1837 1800 
f 488 1873 1837 
f 476 1800 1873 
f 1837 1873 1800 
f 135 1874 1841 
f 496 1875 1874 
f 488 1841 1875 
f 1874 1875 1841 
f 133 1805 1877 
f 476 1876 1805 
f 496 1877 1876 
f 1805 1876 1877 
f 488 1875 1873 
f 496 1876 1875 
f 476 1873 1876 
f 1875 1876 1873 
f 39 1864 1828 
f 495 1878 1864 
f 484 1828 1878 
f 1864 1878 1828 
f 138 1879 1867 
f 497 1880 1879 
f 495 1867 1880 
f 1879 1880 1867 
f 135 1832 1882 
f 484 1881 1832 
f 497 1882 1881 
f 1832 1881 1882 
f 495 1880 1878 
f 497 1881 1880 
f 484 1878 1881 
f 1880 1881 1878 
f 42 1811 1854 
f 481 1883 1811 
f 491 1854 1883 
f 1811 1883 1854 
f 133 1884 1815 
f 498 1885 1884 
f 481 1815 1885 
f 1884 1885 1815 
f 138 1859 1887 
f 491 1886 1859 
f 498 1887 1886 
f 1859 1886 1887 
f 481 1885 1883 
f 498 1886 1885 
f 491 1883 1886 
f 1885 1886 1883 
f 135 1882 1874 
f 497 1888 1882 
f 496 1874 1888 
f 1882 1888 1874 
f 138 1887 1879 
f 498 1889 1887 
f 497 1879 1889 
f 1887 1889 1879 
f 133 1877 1884 
f 496 1890 1877 
f 498 1884 1890 
f 1877 1890 1884 
f 497 1889 1888 
f 498 1890 1889 
f 496 1888 1890 
f 1889 1890 1888 
f 4 753 851 
f 195 1891 753 
f 219 851 1891 
f 753 1891 851 
f 54 1892 757 
f 499 1893 1892 
f 195 757 1893 
f 1892 1893 757 
f 59 856 1895 
f 219 1894 856 
f 499 1895 1894 
f 856 1894 1895 
f 195 1893 1891 
f 499 1894 1893 
f 219 1891 1894 
f 1893 1894 1891 
f 17 1896 769 
f 500 1897 1896 
f 199 769 1897 
f 1896 1897 769 
f 139 1898 1900 
f 501 1899 1898 
f 500 1900 1899 
f 1898 1899 1900 
f 54 774 1902 
f 199 1901 774 
f 501 1902 1901 
f 774 1901 1902 
f 500 1899 1897 
f 501 1901 1899 
f 199 1897 1901 
f 1899 1901 1897 
f 18 862 1904 
f 224 1903 862 
f 503 1904 1903 
f 862 1903 1904 
f 59 1905 866 
f 502 1906 1905 
f 224 866 1906 
f 1905 1906 866 
f 139 1907 1909 
f 503 1908 1907 
f 502 1909 1908 
f 1907 1908 1909 
f 224 1906 1903 
f 502 1908 1906 
f 503 1903 1908 
f 1906 1908 1903 
f 54 1902 1892 
f 501 1910 1902 
f 499 1892 1910 
f 1902 1910 1892 
f 139 1909 1898 
f 502 1911 1909 
f 501 1898 1911 
f 1909 1911 1898 
f 59 1895 1905 
f 499 1912 1895 
f 502 1905 1912 
f 1895 1912 1905 
f 501 1911 1910 
f 502 1912 1911 
f 499 1910 1912 
f 1911 1912 1910 
f 3 1477 807 
f 389 1913 1477 
f 209 807 1913 
f 1477 1913 807 
f 109 1914 1481 
f 504 1915 1914 
f 389 1481 1915 
f 1914 1915 1481 
f 57 811 1917 
f 209 1916 811 
f 504 1917 1916 
f 811 1916 1917 
f 389 1915 1913 
f 504 1916 1915 
f 209 1913 1916 
f 1915 1916 1913 
f 35 1918 1493 
f 505 1919 1918 
f 393 1493 1919 
f 1918 1919 1493 
f 140 1920 1922 
f 506 1921 1920 
f 505 1922 1921 
f 1920 1921 1922 
f 109 1498 1924 
f 393 1923 1498 
f 506 1924 1923 
f 1498 1923 1924 
f 505 1921 1919 
f 506 1923 1921 
f 393 1919 1923 
f 1921 1923 1919 
f 17 816 1926 
f 213 1925 816 
f 508 1926 1925 
f 816 1925 1926 
f 57 1927 820 
f 507 1928 1927 
f 213 820 1928 
f 1927 1928 820 
f 140 1929 1931 
f 508 1930 1929 
f 507 1931 1930 
f 1929 1930 1931 
f 213 1928 1925 
f 507 1930 1928 
f 508 1925 1930 
f 1928 1930 1925 
f 109 1924 1914 
f 506 1932 1924 
f 504 1914 1932 
f 1924 1932 1914 
f 140 1931 1920 
f 507 1933 1931 
f 506 1920 1933 
f 1931 1933 1920 
f 57 1917 1927 
f 504 1934 1917 
f 507 1927 1934 
f 1917 1934 1927 
f 506 1933 1932 
f 507 1934 1933 
f 504 1932 1934 
f 1933 1934 1932 
f 6 883 1535 
f 230 1935 883 
f 405 1535 1935 
f 883 1935 1535 
f 64 1936 887 
f 509 1937 1936 
f 230 887 1937 
f 1936 1937 887 
f 113 1540 1939 
f 405 1938 1540 
f 509 1939 1938 
f 1540 1938 1939 
f 230 1937 1935 
f 509 1938 1937 
f 405 1935 1938 
f 1937 1938 1935 
f 18 1940 899 
f 510 1941 1940 
f 234 899 1941 
f 1940 1941 899 
f 141 1942 1944 
f 511 1943 1942 
f 510 1944 1943 
f 1942 1943 1944 
f 64 904 1946 
f 234 1945 904 
f 511 1946 1945 
f 904 1945 1946 
f 510 1943 1941 
f 511 1945 1943 
f 234 1941 1945 
f 1943 1945 1941 
f 35 1546 1948 
f 410 1947 1546 
f 513 1948 1947 
f 1546 1947 1948 
f 113 1949 1550 
f 512 1950 1949 
f 410 1550 1950 
f 1949 1950 1550 
f 141 1951 1953 
f 513 1952 1951 
f 512 1953 1952 
f 1951 1952 1953 
f 410 1950 1947 
f 512 1952 1950 
f 513 1947 1952 
f 1950 1952 1947 
f 64 1946 1936 
f 511 1954 1946 
f 509 1936 1954 
f 1946 1954 1936 
f 141 1953 1942 
f 512 1955 1953 
f 511 1942 1955 
f 1953 1955 1942 
f 113 1939 1949 
f 509 1956 1939 
f 512 1949 1956 
f 1939 1956 1949 
f 511 1955 1954 
f 512 1956 1955 
f 509 1954 1956 
f 1955 1956 1954 
f 17 1926 1896 
f 508 1957 1926 
f 500 1896 1957 
f 1926 1957 1896 
f 140 1958 1929 
f 514 1959 1958 
f 508 1929 1959 
f 1958 1959 1929 
f 139 1900 1961 
f 500 1960 1900 
f 514 1961 1960 
f 1900 1960 1961 
f 508 1959 1957 
f 514 1960 1959 
f 500 1957 1960 
f 1959 1960 1957 
f 35 1948 1918 
f 513 1962 1948 
f 505 1918 1962 
f 1948 1962 1918 
f 141 1963 1951 
f 515 1964 1963 
f 513 1951 1964 
f 1963 1964 1951 
f 140 1922 1966 
f 505 1965 1922 
f 515 1966 1965 
f 1922 1965 1966 
f 513 1964 1962 
f 515 1965 1964 
f 505 1962 1965 
f 1964 1965 1962 
f 18 1904 1940 
f 503 1967 1904 
f 510 1940 1967 
f 1904 1967 1940 
f 139 1968 1907 
f 516 1969 1968 
f 503 1907 1969 
f 1968 1969 1907 
f 141 1944 1971 
f 510 1970 1944 
f 516 1971 1970 
f 1944 1970 1971 
f 503 1969 1967 
f 516 1970 1969 
f 510 1967 1970 
f 1969 1970 1967 
f 140 1966 1958 
f 515 1972 1966 
f 514 1958 1972 
f 1966 1972 1958 
f 141 1971 1963 
f 516 1973 1971 
f 515 1963 1973 
f 1971 1973 1963 
f 139 1961 1968 
f 514 1974 1961 
f 516 1968 1974 
f 1961 1974 1968 
f 515 1973 1972 
f 516 1974 1973 
f 514 1972 1974 
f 1973 1974 1972 
f 4 960 751 
f 250 1975 960 
f 193 751 1975 
f 960 1975 751 
f 69 1976 963 
f 517 1977 1976 
f 250 963 1977 
f 1976 1977 963 
f 52 756 1979 
f 193 1978 756 
f 517 1979 1978 
f 756 1978 1979 
f 250 1977 1975 
f 517 1978 1977 
f 193 1975 1978 
f 1977 1978 1975 
f 22 1980 973 
f 518 1981 1980 
f 253 973 1981 
f 1980 1981 973 
f 142 1982 1984 
f 519 1983 1982 
f 518 1984 1983 
f 1982 1983 1984 
f 69 978 1986 
f 253 1985 978 
f 519 1986 1985 
f 978 1985 1986 
f 518 1983 1981 
f 519 1985 1983 
f 253 1981 1985 
f 1983 1985 1981 
f 16 762 1988 
f 198 1987 762 
f 521 1988 1987 
f 762 1987 1988 
f 52 1989 766 
f 520 1990 1989 
f 198 766 1990 
f 1989 1990 766 
f 142 1991 1993 
f 521 1992 1991 
f 520 1993 1992 
f 1991 1992 1993 
f 198 1990 1987 
f 520 1992 1990 
f 521 1987 1992 
f 1990 1992 1987 
f 69 1986 1976 
f 519 1994 1986 
f 517 1976 1994 
f 1986 1994 1976 
f 142 1993 1982 
f 520 1995 1993 
f 519 1982 1995 
f 1993 1995 1982 
f 52 1979 1989 
f 517 1996 1979 
f 520 1989 1996 
f 1979 1996 1989 
f 519 1995 1994 
f 520 1996 1995 
f 517 1994 1996 
f 1995 1996 1994 
f 7 1715 1011 
f 454 1997 1715 
f 263 1011 1997 
f 1715 1997 1011 
f 128 1998 1719 
f 522 1999 1998 
f 454 1719 1999 
f 1998 1999 1719 
f 72 1016 2001 
f 263 2000 1016 
f 522 2001 2000 
f 1016 2000 2001 
f 454 1999 1997 
f 522 2000 1999 
f 263 1997 2000 
f 1999 2000 1997 
f 38 2002 1731 
f 523 2003 2002 
f 458 1731 2003 
f 2002 2003 1731 
f 143 2004 2006 
f 524 2005 2004 
f 523 2006 2005 
f 2004 2005 2006 
f 128 1736 2008 
f 458 2007 1736 
f 524 2008 2007 
f 1736 2007 2008 
f 523 2005 2003 
f 524 2007 2005 
f 458 2003 2007 
f 2005 2007 2003 
f 22 1022 2010 
f 268 2009 1022 
f 526 2010 2009 
f 1022 2009 2010 
f 72 2011 1026 
f 525 2012 2011 
f 268 1026 2012 
f 2011 2012 1026 
f 143 2013 2015 
f 526 2014 2013 
f 525 2015 2014 
f 2013 2014 2015 
f 268 2012 2009 
f 525 2014 2012 
f 526 2009 2014 
f 2012 2014 2009 
f 128 2008 1998 
f 524 2016 2008 
f 522 1998 2016 
f 2008 2016 1998 
f 143 2015 2004 
f 525 2017 2015 
f 524 2004 2017 
f 2015 2017 2004 
f 72 2001 2011 
f 522 2018 2001 
f 525 2011 2018 
f 2001 2018 2011 
f 524 2017 2016 
f 525 2018 2017 
f 522 2016 2018 
f 2017 2018 2016 
f 2 782 1683 
f 203 2019 782 
f 443 1683 2019 
f 782 2019 1683 
f 56 2020 785 
f 527 2021 2020 
f 203 785 2021 
f 2020 2021 785 
f 123 1688 2023 
f 443 2022 1688 
f 527 2023 2022 
f 1688 2022 2023 
f 203 2021 2019 
f 527 2022 2021 
f 443 2019 2022 
f 2021 2022 2019 
f 16 2024 795 
f 528 2025 2024 
f 206 795 2025 
f 2024 2025 795 
f 144 2026 2028 
f 529 2027 2026 
f 528 2028 2027 
f 2026 2027 2028 
f 56 800 2030 
f 206 2029 800 
f 529 2030 2029 
f 800 2029 2030 
f 528 2027 2025 
f 529 2029 2027 
f 206 2025 2029 
f 2027 2029 2025 
f 38 1694 2032 
f 448 2031 1694 
f 531 2032 2031 
f 1694 2031 2032 
f 123 2033 1698 
f 530 2034 2033 
f 448 1698 2034 
f 2033 2034 1698 
f 144 2035 2037 
f 531 2036 2035 
f 530 2037 2036 
f 2035 2036 2037 
f 448 2034 2031 
f 530 2036 2034 
f 531 2031 2036 
f 2034 2036 2031 
f 56 2030 2020 
f 529 2038 2030 
f 527 2020 2038 
f 2030 2038 2020 
f 144 2037 2026 
f 530 2039 2037 
f 529 2026 2039 
f 2037 2039 2026 
f 123 2023 2033 
f 527 2040 2023 
f 530 2033 2040 
f 2023 2040 2033 
f 529 2039 2038 
f 530 2040 2039 
f 527 2038 2040 
f 2039 2040 2038 
f 22 2010 1980 
f 526 2041 2010 
f 518 1980 2041 
f 2010 2041 1980 
f 143 2042 2013 
f 532 2043 2042 
f 526 2013 2043 
f 2042 2043 2013 
f 142 1984 2045 
f 518 2044 1984 
f 532 2045 2044 
f 1984 2044 2045 
f 526 2043 2041 
f 532 2044 2043 
f 518 2041 2044 
f 2043 2044 2041 
f 38 2032 2002 
f 531 2046 2032 
f 523 2002 2046 
f 2032 2046 2002 
f 144 2047 2035 
f 533 2048 2047 
f 531 2035 2048 
f 2047 2048 2035 
f 143 2006 2050 
f 523 2049 2006 
f 533 2050 2049 
f 2006 2049 2050 
f 531 2048 2046 
f 533 2049 2048 
f 523 2046 2049 
f 2048 2049 2046 
f 16 1988 2024 
f 521 2051 1988 
f 528 2024 2051 
f 1988 2051 2024 
f 142 2052 1991 
f 534 2053 2052 
f 521 1991 2053 
f 2052 2053 1991 
f 144 2028 2055 
f 528 2054 2028 
f 534 2055 2054 
f 2028 2054 2055 
f 521 2053 2051 
f 534 2054 2053 
f 528 2051 2054 
f 2053 2054 2051 
f 143 2050 2042 
f 533 2056 2050 
f 532 2042 2056 
f 2050 2056 2042 
f 144 2055 2047 
f 534 2057 2055 
f 533 2047 2057 
f 2055 2057 2047 
f 142 2045 2052 
f 532 2058 2045 
f 534 2052 2058 
f 2045 2058 2052 
f 533 2057 2056 
f 534 2058 2057 
f 532 2056 2058 
f 2057 2058 2056 
f 1 1168 643 
f 306 2059 1168 
f 163 643 2059 
f 1168 2059 643 
f 85 2060 1171 
f 535 2061 2060 
f 306 1171 2061 
f 2060 2061 1171 
f 43 648 2063 
f 163 2062 648 
f 535 2063 2062 
f 648 2062 2063 
f 306 2061 2059 
f 535 2062 2061 
f 163 2059 2062 
f 2061 2062 2059 
f 27 2064 1181 
f 536 2065 2064 
f 309 1181 2065 
f 2064 2065 1181 
f 145 2066 2068 
f 537 2067 2066 
f 536 2068 2067 
f 2066 2067 2068 
f 85 1186 2070 
f 309 2069 1186 
f 537 2070 2069 
f 1186 2069 2070 
f 536 2067 2065 
f 537 2069 2067 
f 309 2065 2069 
f 2067 2069 2065 
f 13 654 2072 
f 168 2071 654 
f 539 2072 2071 
f 654 2071 2072 
f 43 2073 658 
f 538 2074 2073 
f 168 658 2074 
f 2073 2074 658 
f 145 2075 2077 
f 539 2076 2075 
f 538 2077 2076 
f 2075 2076 2077 
f 168 2074 2071 
f 538 2076 2074 
f 539 2071 2076 
f 2074 2076 2071 
f 85 2070 2060 
f 537 2078 2070 
f 535 2060 2078 
f 2070 2078 2060 
f 145 2077 2066 
f 538 2079 2077 
f 537 2066 2079 
f 2077 2079 2066 
f 43 2063 2073 
f 535 2080 2063 
f 538 2073 2080 
f 2063 2080 2073 
f 537 2079 2078 
f 538 2080 2079 
f 535 2078 2080 
f 2079 2080 2078 
f 10 1507 1219 
f 398 2081 1507 
f 319 1219 2081 
f 1507 2081 1219 
f 112 2082 1511 
f 540 2083 2082 
f 398 1511 2083 
f 2082 2083 1511 
f 88 1224 2085 
f 319 2084 1224 
f 540 2085 2084 
f 1224 2084 2085 
f 398 2083 2081 
f 540 2084 2083 
f 319 2081 2084 
f 2083 2084 2081 
f 33 2086 1523 
f 541 2087 2086 
f 402 1523 2087 
f 2086 2087 1523 
f 146 2088 2090 
f 542 2089 2088 
f 541 2090 2089 
f 2088 2089 2090 
f 112 1528 2092 
f 402 2091 1528 
f 542 2092 2091 
f 1528 2091 2092 
f 541 2089 2087 
f 542 2091 2089 
f 402 2087 2091 
f 2089 2091 2087 
f 27 1230 2094 
f 324 2093 1230 
f 544 2094 2093 
f 1230 2093 2094 
f 88 2095 1234 
f 543 2096 2095 
f 324 1234 2096 
f 2095 2096 1234 
f 146 2097 2099 
f 544 2098 2097 
f 543 2099 2098 
f 2097 2098 2099 
f 324 2096 2093 
f 543 2098 2096 
f 544 2093 2098 
f 2096 2098 2093 
f 112 2092 2082 
f 542 2100 2092 
f 540 2082 2100 
f 2092 2100 2082 
f 146 2099 2088 
f 543 2101 2099 
f 542 2088 2101 
f 2099 2101 2088 
f 88 2085 2095 
f 540 2102 2085 
f 543 2095 2102 
f 2085 2102 2095 
f 542 2101 2100 
f 543 2102 2101 
f 540 2100 2102 
f 2101 2102 2100 
f 3 675 1475 
f 174 2103 675 
f 387 1475 2103 
f 675 2103 1475 
f 48 2104 679 
f 545 2105 2104 
f 174 679 2105 
f 2104 2105 679 
f 107 1480 2107 
f 387 2106 1480 
f 545 2107 2106 
f 1480 2106 2107 
f 174 2105 2103 
f 545 2106 2105 
f 387 2103 2106 
f 2105 2106 2103 
f 13 2108 691 
f 546 2109 2108 
f 178 691 2109 
f 2108 2109 691 
f 147 2110 2112 
f 547 2111 2110 
f 546 2112 2111 
f 2110 2111 2112 
f 48 696 2114 
f 178 2113 696 
f 547 2114 2113 
f 696 2113 2114 
f 546 2111 2109 
f 547 2113 2111 
f 178 2109 2113 
f 2111 2113 2109 
f 33 1486 2116 
f 392 2115 1486 
f 549 2116 2115 
f 1486 2115 2116 
f 107 2117 1490 
f 548 2118 2117 
f 392 1490 2118 
f 2117 2118 1490 
f 147 2119 2121 
f 549 2120 2119 
f 548 2121 2120 
f 2119 2120 2121 
f 392 2118 2115 
f 548 2120 2118 
f 549 2115 2120 
f 2118 2120 2115 
f 48 2114 2104 
f 547 2122 2114 
f 545 2104 2122 
f 2114 2122 2104 
f 147 2121 2110 
f 548 2123 2121 
f 547 2110 2123 
f 2121 2123 2110 
f 107 2107 2117 
f 545 2124 2107 
f 548 2117 2124 
f 2107 2124 2117 
f 547 2123 2122 
f 548 2124 2123 
f 545 2122 2124 
f 2123 2124 2122 
f 27 2094 2064 
f 544 2125 2094 
f 536 2064 2125 
f 2094 2125 2064 
f 146 2126 2097 
f 550 2127 2126 
f 544 2097 2127 
f 2126 2127 2097 
f 145 2068 2129 
f 536 2128 2068 
f 550 2129 2128 
f 2068 2128 2129 
f 544 2127 2125 
f 550 2128 2127 
f 536 2125 2128 
f 2127 2128 2125 
f 33 2116 2086 
f 549 2130 2116 
f 541 2086 2130 
f 2116 2130 2086 
f 147 2131 2119 
f 551 2132 2131 
f 549 2119 2132 
f 2131 2132 2119 
f 146 2090 2134 
f 541 2133 2090 
f 551 2134 2133 
f 2090 2133 2134 
f 549 2132 2130 
f 551 2133 2132 
f 541 2130 2133 
f 2132 2133 2130 
f 13 2072 2108 
f 539 2135 2072 
f 546 2108 2135 
f 2072 2135 2108 
f 145 2136 2075 
f 552 2137 2136 
f 539 2075 2137 
f 2136 2137 2075 
f 147 2112 2139 
f 546 2138 2112 
f 552 2139 2138 
f 2112 2138 2139 
f 539 2137 2135 
f 552 2138 2137 
f 546 2135 2138 
f 2137 2138 2135 
f 146 2134 2126 
f 551 2140 2134 
f 550 2126 2140 
f 2134 2140 2126 
f 147 2139 2131 
f 552 2141 2139 
f 551 2131 2141 
f 2139 2141 2131 
f 145 2129 2136 
f 550 2142 2129 
f 552 2136 2142 
f 2129 2142 2136 
f 551 2141 2140 
f 552 2142 2141 
f 550 2140 2142 
f 2141 2142 2140 
f 1 645 1059 
f 165 2143 645 
f 275 1059 2143 
f 645 2143 1059 
f 45 2144 649 
f 553 2145 2144 
f 165 649 2145 
f 2144 2145 649 
f 75 1064 2147 
f 275 2146 1064 
f 553 2147 2146 
f 1064 2146 2147 
f 165 2145 2143 
f 553 2146 2145 
f 275 2143 2146 
f 2145 2146 2143 
f 15 2148 661 
f 554 2149 2148 
f 169 661 2149 
f 2148 2149 661 
f 148 2150 2152 
f 555 2151 2150 
f 554 2152 2151 
f 2150 2151 2152 
f 45 666 2154 
f 169 2153 666 
f 555 2154 2153 
f 666 2153 2154 
f 554 2151 2149 
f 555 2153 2151 
f 169 2149 2153 
f 2151 2153 2149 
f 23 1070 2156 
f 280 2155 1070 
f 557 2156 2155 
f 1070 2155 2156 
f 75 2157 1074 
f 556 2158 2157 
f 280 1074 2158 
f 2157 2158 1074 
f 148 2159 2161 
f 557 2160 2159 
f 556 2161 2160 
f 2159 2160 2161 
f 280 2158 2155 
f 556 2160 2158 
f 557 2155 2160 
f 2158 2160 2155 
f 45 2154 2144 
f 555 2162 2154 
f 553 2144 2162 
f 2154 2162 2144 
f 148 2161 2150 
f 556 2163 2161 
f 555 2150 2163 
f 2161 2163 2150 
f 75 2147 2157 
f 553 2164 2147 
f 556 2157 2164 
f 2147 2164 2157 
f 555 2163 2162 
f 556 2164 2163 
f 553 2162 2164 
f 2163 2164 2162 
f 2 1685 703 
f 445 2165 1685 
f 181 703 2165 
f 1685 2165 703 
f 125 2166 1689 
f 558 2167 2166 
f 445 1689 2167 
f 2166 2167 1689 
f 49 708 2169 
f 181 2168 708 
f 558 2169 2168 
f 708 2168 2169 
f 445 2167 2165 
f 558 2168 2167 
f 181 2165 2168 
f 2167 2168 2165 
f 40 2170 1701 
f 559 2171 2170 
f 449 1701 2171 
f 2170 2171 1701 
f 149 2172 2174 
f 560 2173 2172 
f 559 2174 2173 
f 2172 2173 2174 
f 125 1706 2176 
f 449 2175 1706 
f 560 2176 2175 
f 1706 2175 2176 
f 559 2173 2171 
f 560 2175 2173 
f 449 2171 2175 
f 2173 2175 2171 
f 15 714 2178 
f 186 2177 714 
f 562 2178 2177 
f 714 2177 2178 
f 49 2179 718 
f 561 2180 2179 
f 186 718 2180 
f 2179 2180 718 
f 149 2181 2183 
f 562 2182 2181 
f 561 2183 2182 
f 2181 2182 2183 
f 186 2180 2177 
f 561 2182 2180 
f 562 2177 2182 
f 2180 2182 2177 
f 125 2176 2166 
f 560 2184 2176 
f 558 2166 2184 
f 2176 2184 2166 
f 149 2183 2172 
f 561 2185 2183 
f 560 2172 2185 
f 2183 2185 2172 
f 49 2169 2179 
f 558 2186 2169 
f 561 2179 2186 
f 2169 2186 2179 
f 560 2185 2184 
f 561 2186 2185 
f 558 2184 2186 
f 2185 2186 2184 
f 9 1091 1743 
f 286 2187 1091 
f 461 1743 2187 
f 1091 2187 1743 
f 80 2188 1095 
f 563 2189 2188 
f 286 1095 2189 
f 2188 2189 1095 
f 129 1748 2191 
f 461 2190 1748 
f 563 2191 2190 
f 1748 2190 2191 
f 286 2189 2187 
f 563 2190 2189 
f 461 2187 2190 
f 2189 2190 2187 
f 23 2192 1107 
f 564 2193 2192 
f 290 1107 2193 
f 2192 2193 1107 
f 150 2194 2196 
f 565 2195 2194 
f 564 2196 2195 
f 2194 2195 2196 
f 80 1112 2198 
f 290 2197 1112 
f 565 2198 2197 
f 1112 2197 2198 
f 564 2195 2193 
f 565 2197 2195 
f 290 2193 2197 
f 2195 2197 2193 
f 40 1754 2200 
f 466 2199 1754 
f 567 2200 2199 
f 1754 2199 2200 
f 129 2201 1758 
f 566 2202 2201 
f 466 1758 2202 
f 2201 2202 1758 
f 150 2203 2205 
f 567 2204 2203 
f 566 2205 2204 
f 2203 2204 2205 
f 466 2202 2199 
f 566 2204 2202 
f 567 2199 2204 
f 2202 2204 2199 
f 80 2198 2188 
f 565 2206 2198 
f 563 2188 2206 
f 2198 2206 2188 
f 150 2205 2194 
f 566 2207 2205 
f 565 2194 2207 
f 2205 2207 2194 
f 129 2191 2201 
f 563 2208 2191 
f 566 2201 2208 
f 2191 2208 2201 
f 565 2207 2206 
f 566 2208 2207 
f 563 2206 2208 
f 2207 2208 2206 
f 15 2178 2148 
f 562 2209 2178 
f 554 2148 2209 
f 2178 2209 2148 
f 149 2210 2181 
f 568 2211 2210 
f 562 2181 2211 
f 2210 2211 2181 
f 148 2152 2213 
f 554 2212 2152 
f 568 2213 2212 
f 2152 2212 2213 
f 562 2211 2209 
f 568 2212 2211 
f 554 2209 2212 
f 2211 2212 2209 
f 40 2200 2170 
f 567 2214 2200 
f 559 2170 2214 
f 2200 2214 2170 
f 150 2215 2203 
f 569 2216 2215 
f 567 2203 2216 
f 2215 2216 2203 
f 149 2174 2218 
f 559 2217 2174 
f 569 2218 2217 
f 2174 2217 2218 
f 567 2216 2214 
f 569 2217 2216 
f 559 2214 2217 
f 2216 2217 2214 
f 23 2156 2192 
f 557 2219 2156 
f 564 2192 2219 
f 2156 2219 2192 
f 148 2220 2159 
f 570 2221 2220 
f 557 2159 2221 
f 2220 2221 2159 
f 150 2196 2223 
f 564 2222 2196 
f 570 2223 2222 
f 2196 2222 2223 
f 557 2221 2219 
f 570 2222 2221 
f 564 2219 2222 
f 2221 2222 2219 
f 149 2218 2210 
f 569 2224 2218 
f 568 2210 2224 
f 2218 2224 2210 
f 150 2223 2215 
f 570 2225 2223 
f 569 2215 2225 
f 2223 2225 2215 
f 148 2213 2220 
f 568 2226 2213 
f 570 2220 2226 
f 2213 2226 2220 
f 569 2225 2224 
f 570 2226 2225 
f 568 2224 2226 
f 2225 2226 2224 
f 8 1377 1193 
f 363 2227 1377 
f 312 1193 2227 
f 1377 2227 1193 
f 102 2228 1381 
f 571 2229 2228 
f 363 1381 2229 
f 2228 2229 1381 
f 86 1197 2231 
f 312 2230 1197 
f 571 2231 2230 
f 1197 2230 2231 
f 363 2229 2227 
f 571 2230 2229 
f 312 2227 2230 
f 2229 2230 2227 
f 32 2232 1393 
f 572 2233 2232 
f 367 1393 2233 
f 2232 2233 1393 
f 151 2234 2236 
f 573 2235 2234 
f 572 2236 2235 
f 2234 2235 2236 
f 102 1398 2238 
f 367 2237 1398 
f 573 2238 2237 
f 1398 2237 2238 
f 572 2235 2233 
f 573 2237 2235 
f 367 2233 2237 
f 2235 2237 2233 
f 26 1202 2240 
f 316 2239 1202 
f 575 2240 2239 
f 1202 2239 2240 
f 86 2241 1206 
f 574 2242 2241 
f 316 1206 2242 
f 2241 2242 1206 
f 151 2243 2245 
f 575 2244 2243 
f 574 2245 2244 
f 2243 2244 2245 
f 316 2242 2239 
f 574 2244 2242 
f 575 2239 2244 
f 2242 2244 2239 
f 102 2238 2228 
f 573 2246 2238 
f 571 2228 2246 
f 2238 2246 2228 
f 151 2245 2234 
f 574 2247 2245 
f 573 2234 2247 
f 2245 2247 2234 
f 86 2231 2241 
f 571 2248 2231 
f 574 2241 2248 
f 2231 2248 2241 
f 573 2247 2246 
f 574 2248 2247 
f 571 2246 2248 
f 2247 2248 2246 
f 12 1585 1431 
f 419 2249 1585 
f 377 1431 2249 
f 1585 2249 1431 
f 118 2250 1589 
f 576 2251 2250 
f 419 1589 2251 
f 2250 2251 1589 
f 105 1435 2253 
f 377 2252 1435 
f 576 2253 2252 
f 1435 2252 2253 
f 419 2251 2249 
f 576 2252 2251 
f 377 2249 2252 
f 2251 2252 2249 
f 37 2254 1601 
f 577 2255 2254 
f 423 1601 2255 
f 2254 2255 1601 
f 152 2256 2258 
f 578 2257 2256 
f 577 2258 2257 
f 2256 2257 2258 
f 118 1606 2260 
f 423 2259 1606 
f 578 2260 2259 
f 1606 2259 2260 
f 577 2257 2255 
f 578 2259 2257 
f 423 2255 2259 
f 2257 2259 2255 
f 32 1440 2262 
f 381 2261 1440 
f 580 2262 2261 
f 1440 2261 2262 
f 105 2263 1444 
f 579 2264 2263 
f 381 1444 2264 
f 2263 2264 1444 
f 152 2265 2267 
f 580 2266 2265 
f 579 2267 2266 
f 2265 2266 2267 
f 381 2264 2261 
f 579 2266 2264 
f 580 2261 2266 
f 2264 2266 2261 
f 118 2260 2250 
f 578 2268 2260 
f 576 2250 2268 
f 2260 2268 2250 
f 152 2267 2256 
f 579 2269 2267 
f 578 2256 2269 
f 2267 2269 2256 
f 105 2253 2263 
f 576 2270 2253 
f 579 2263 2270 
f 2253 2270 2263 
f 578 2269 2268 
f 579 2270 2269 
f 576 2268 2270 
f 2269 2270 2268 
f 10 1221 1639 
f 321 2271 1221 
f 433 1639 2271 
f 1221 2271 1639 
f 90 2272 1225 
f 581 2273 2272 
f 321 1225 2273 
f 2272 2273 1225 
f 121 1643 2275 
f 433 2274 1643 
f 581 2275 2274 
f 1643 2274 2275 
f 321 2273 2271 
f 581 2274 2273 
f 433 2271 2274 
f 2273 2274 2271 
f 26 2276 1237 
f 582 2277 2276 
f 325 1237 2277 
f 2276 2277 1237 
f 153 2278 2280 
f 583 2279 2278 
f 582 2280 2279 
f 2278 2279 2280 
f 90 1242 2282 
f 325 2281 1242 
f 583 2282 2281 
f 1242 2281 2282 
f 582 2279 2277 
f 583 2281 2279 
f 325 2277 2281 
f 2279 2281 2277 
f 37 1648 2284 
f 437 2283 1648 
f 585 2284 2283 
f 1648 2283 2284 
f 121 2285 1652 
f 584 2286 2285 
f 437 1652 2286 
f 2285 2286 1652 
f 153 2287 2289 
f 585 2288 2287 
f 584 2289 2288 
f 2287 2288 2289 
f 437 2286 2283 
f 584 2288 2286 
f 585 2283 2288 
f 2286 2288 2283 
f 90 2282 2272 
f 583 2290 2282 
f 581 2272 2290 
f 2282 2290 2272 
f 153 2289 2278 
f 584 2291 2289 
f 583 2278 2291 
f 2289 2291 2278 
f 121 2275 2285 
f 581 2292 2275 
f 584 2285 2292 
f 2275 2292 2285 
f 583 2291 2290 
f 584 2292 2291 
f 581 2290 2292 
f 2291 2292 2290 
f 32 2262 2232 
f 580 2293 2262 
f 572 2232 2293 
f 2262 2293 2232 
f 152 2294 2265 
f 586 2295 2294 
f 580 2265 2295 
f 2294 2295 2265 
f 151 2236 2297 
f 572 2296 2236 
f 586 2297 2296 
f 2236 2296 2297 
f 580 2295 2293 
f 586 2296 2295 
f 572 2293 2296 
f 2295 2296 2293 
f 37 2284 2254 
f 585 2298 2284 
f 577 2254 2298 
f 2284 2298 2254 
f 153 2299 2287 
f 587 2300 2299 
f 585 2287 2300 
f 2299 2300 2287 
f 152 2258 2302 
f 577 2301 2258 
f 587 2302 2301 
f 2258 2301 2302 
f 585 2300 2298 
f 587 2301 2300 
f 577 2298 2301 
f 2300 2301 2298 
f 26 2240 2276 
f 575 2303 2240 
f 582 2276 2303 
f 2240 2303 2276 
f 151 2304 2243 
f 588 2305 2304 
f 575 2243 2305 
f 2304 2305 2243 
f 153 2280 2307 
f 582 2306 2280 
f 588 2307 2306 
f 2280 2306 2307 
f 575 2305 2303 
f 588 2306 2305 
f 582 2303 2306 
f 2305 2306 2303 
f 152 2302 2294 
f 587 2308 2302 
f 586 2294 2308 
f 2302 2308 2294 
f 153 2307 2299 
f 588 2309 2307 
f 587 2299 2309 
f 2307 2309 2299 
f 151 2297 2304 
f 586 2310 2297 
f 588 2304 2310 
f 2297 2310 2304 
f 587 2309 2308 
f 588 2310 2309 
f 586 2308 2310 
f 2309 2310 2308 
f 8 1121 1375 
f 295 2311 1121 
f 361 1375 2311 
f 1121 2311 1375 
f 83 2312 1125 
f 589 2313 2312 
f 295 1125 2313 
f 2312 2313 1125 
f 100 1380 2315 
f 361 2314 1380 
f 589 2315 2314 
f 1380 2314 2315 
f 295 2313 2311 
f 589 2314 2313 
f 361 2311 2314 
f 2313 2314 2311 
f 24 2316 1137 
f 590 2317 2316 
f 299 1137 2317 
f 2316 2317 1137 
f 154 2318 2320 
f 591 2319 2318 
f 590 2320 2319 
f 2318 2319 2320 
f 83 1142 2322 
f 299 2321 1142 
f 591 2322 2321 
f 1142 2321 2322 
f 590 2319 2317 
f 591 2321 2319 
f 299 2317 2321 
f 2319 2321 2317 
f 31 1386 2324 
f 366 2323 1386 
f 593 2324 2323 
f 1386 2323 2324 
f 100 2325 1390 
f 592 2326 2325 
f 366 1390 2326 
f 2325 2326 1390 
f 154 2327 2329 
f 593 2328 2327 
f 592 2329 2328 
f 2327 2328 2329 
f 366 2326 2323 
f 592 2328 2326 
f 593 2323 2328 
f 2326 2328 2323 
f 83 2322 2312 
f 591 2330 2322 
f 589 2312 2330 
f 2322 2330 2312 
f 154 2329 2318 
f 592 2331 2329 
f 591 2318 2331 
f 2329 2331 2318 
f 100 2315 2325 
f 589 2332 2315 
f 592 2325 2332 
f 2315 2332 2325 
f 591 2331 2330 
f 592 2332 2331 
f 589 2330 2332 
f 2331 2332 2330 
f 9 1822 1089 
f 483 2333 1822 
f 284 1089 2333 
f 1822 2333 1089 
f 136 2334 1825 
f 594 2335 2334 
f 483 1825 2335 
f 2334 2335 1825 
f 78 1094 2337 
f 284 2336 1094 
f 594 2337 2336 
f 1094 2336 2337 
f 483 2335 2333 
f 594 2336 2335 
f 284 2333 2336 
f 2335 2336 2333 
f 41 2338 1835 
f 595 2339 2338 
f 486 1835 2339 
f 2338 2339 1835 
f 155 2340 2342 
f 596 2341 2340 
f 595 2342 2341 
f 2340 2341 2342 
f 136 1840 2344 
f 486 2343 1840 
f 596 2344 2343 
f 1840 2343 2344 
f 595 2341 2339 
f 596 2343 2341 
f 486 2339 2343 
f 2341 2343 2339 
f 24 1100 2346 
f 289 2345 1100 
f 598 2346 2345 
f 1100 2345 2346 
f 78 2347 1104 
f 597 2348 2347 
f 289 1104 2348 
f 2347 2348 1104 
f 155 2349 2351 
f 598 2350 2349 
f 597 2351 2350 
f 2349 2350 2351 
f 289 2348 2345 
f 597 2350 2348 
f 598 2345 2350 
f 2348 2350 2345 
f 136 2344 2334 
f 596 2352 2344 
f 594 2334 2352 
f 2344 2352 2334 
f 155 2351 2340 
f 597 2353 2351 
f 596 2340 2353 
f 2351 2353 2340 
f 78 2337 2347 
f 594 2354 2337 
f 597 2347 2354 
f 2337 2354 2347 
f 596 2353 2352 
f 597 2354 2353 
f 594 2352 2354 
f 2353 2354 2352 
f 11 1406 1791 
f 371 2355 1406 
f 473 1791 2355 
f 1406 2355 1791 
f 104 2356 1409 
f 599 2357 2356 
f 371 1409 2357 
f 2356 2357 1409 
f 132 1796 2359 
f 473 2358 1796 
f 599 2359 2358 
f 1796 2358 2359 
f 371 2357 2355 
f 599 2358 2357 
f 473 2355 2358 
f 2357 2358 2355 
f 31 2360 1419 
f 600 2361 2360 
f 374 1419 2361 
f 2360 2361 1419 
f 156 2362 2364 
f 601 2363 2362 
f 600 2364 2363 
f 2362 2363 2364 
f 104 1424 2366 
f 374 2365 1424 
f 601 2366 2365 
f 1424 2365 2366 
f 600 2363 2361 
f 601 2365 2363 
f 374 2361 2365 
f 2363 2365 2361 
f 41 1802 2368 
f 478 2367 1802 
f 603 2368 2367 
f 1802 2367 2368 
f 132 2369 1806 
f 602 2370 2369 
f 478 1806 2370 
f 2369 2370 1806 
f 156 2371 2373 
f 603 2372 2371 
f 602 2373 2372 
f 2371 2372 2373 
f 478 2370 2367 
f 602 2372 2370 
f 603 2367 2372 
f 2370 2372 2367 
f 104 2366 2356 
f 601 2374 2366 
f 599 2356 2374 
f 2366 2374 2356 
f 156 2373 2362 
f 602 2375 2373 
f 601 2362 2375 
f 2373 2375 2362 
f 132 2359 2369 
f 599 2376 2359 
f 602 2369 2376 
f 2359 2376 2369 
f 601 2375 2374 
f 602 2376 2375 
f 599 2374 2376 
f 2375 2376 2374 
f 24 2346 2316 
f 598 2377 2346 
f 590 2316 2377 
f 2346 2377 2316 
f 155 2378 2349 
f 604 2379 2378 
f 598 2349 2379 
f 2378 2379 2349 
f 154 2320 2381 
f 590 2380 2320 
f 604 2381 2380 
f 2320 2380 2381 
f 598 2379 2377 
f 604 2380 2379 
f 590 2377 2380 
f 2379 2380 2377 
f 41 2368 2338 
f 603 2382 2368 
f 595 2338 2382 
f 2368 2382 2338 
f 156 2383 2371 
f 605 2384 2383 
f 603 2371 2384 
f 2383 2384 2371 
f 155 2342 2386 
f 595 2385 2342 
f 605 2386 2385 
f 2342 2385 2386 
f 603 2384 2382 
f 605 2385 2384 
f 595 2382 2385 
f 2384 2385 2382 
f 31 2324 2360 
f 593 2387 2324 
f 600 2360 2387 
f 2324 2387 2360 
f 154 2388 2327 
f 606 2389 2388 
f 593 2327 2389 
f 2388 2389 2327 
f 156 2364 2391 
f 600 2390 2364 
f 606 2391 2390 
f 2364 2390 2391 
f 593 2389 2387 
f 606 2390 2389 
f 600 2387 2390 
f 2389 2390 2387 
f 155 2386 2378 
f 605 2392 2386 
f 604 2378 2392 
f 2386 2392 2378 
f 156 2391 2383 
f 606 2393 2391 
f 605 2383 2393 
f 2391 2393 2383 
f 154 2381 2388 
f 604 2394 2381 
f 606 2388 2394 
f 2381 2394 2388 
f 605 2393 2392 
f 606 2394 2393 
f 604 2392 2394 
f 2393 2394 2392 
f 5 913 1267 
f 239 2395 913 
f 331 1267 2395 
f 913 2395 1267 
f 67 2396 917 
f 607 2397 2396 
f 239 917 2397 
f 2396 2397 917 
f 91 1272 2399 
f 331 2398 1272 
f 607 2399 2398 
f 1272 2398 2399 
f 239 2397 2395 
f 607 2398 2397 
f 331 2395 2398 
f 2397 2398 2395 
f 19 2400 929 
f 608 2401 2400 
f 243 929 2401 
f 2400 2401 929 
f 157 2402 2404 
f 609 2403 2402 
f 608 2404 2403 
f 2402 2403 2404 
f 67 934 2406 
f 243 2405 934 
f 609 2406 2405 
f 934 2405 2406 
f 608 2403 2401 
f 609 2405 2403 
f 243 2401 2405 
f 2403 2405 2401 
f 28 1278 2408 
f 336 2407 1278 
f 611 2408 2407 
f 1278 2407 2408 
f 91 2409 1282 
f 610 2410 2409 
f 336 1282 2410 
f 2409 2410 1282 
f 157 2411 2413 
f 611 2412 2411 
f 610 2413 2412 
f 2411 2412 2413 
f 336 2410 2407 
f 610 2412 2410 
f 611 2407 2412 
f 2410 2412 2407 
f 67 2406 2396 
f 609 2414 2406 
f 607 2396 2414 
f 2406 2414 2396 
f 157 2413 2402 
f 610 2415 2413 
f 609 2402 2415 
f 2413 2415 2402 
f 91 2399 2409 
f 607 2416 2399 
f 610 2409 2416 
f 2399 2416 2409 
f 609 2415 2414 
f 610 2416 2415 
f 607 2414 2416 
f 2415 2416 2414 
f 6 1614 881 
f 427 2417 1614 
f 228 881 2417 
f 1614 2417 881 
f 120 2418 1617 
f 612 2419 2418 
f 427 1617 2419 
f 2418 2419 1617 
f 62 886 2421 
f 228 2420 886 
f 612 2421 2420 
f 886 2420 2421 
f 427 2419 2417 
f 612 2420 2419 
f 228 2417 2420 
f 2419 2420 2417 
f 36 2422 1627 
f 613 2423 2422 
f 430 1627 2423 
f 2422 2423 1627 
f 158 2424 2426 
f 614 2425 2424 
f 613 2426 2425 
f 2424 2425 2426 
f 120 1632 2428 
f 430 2427 1632 
f 614 2428 2427 
f 1632 2427 2428 
f 613 2425 2423 
f 614 2427 2425 
f 430 2423 2427 
f 2425 2427 2423 
f 19 892 2430 
f 233 2429 892 
f 616 2430 2429 
f 892 2429 2430 
f 62 2431 896 
f 615 2432 2431 
f 233 896 2432 
f 2431 2432 896 
f 158 2433 2435 
f 616 2434 2433 
f 615 2435 2434 
f 2433 2434 2435 
f 233 2432 2429 
f 615 2434 2432 
f 616 2429 2434 
f 2432 2434 2429 
f 120 2428 2418 
f 614 2436 2428 
f 612 2418 2436 
f 2428 2436 2418 
f 158 2435 2424 
f 615 2437 2435 
f 614 2424 2437 
f 2435 2437 2424 
f 62 2421 2431 
f 612 2438 2421 
f 615 2431 2438 
f 2421 2438 2431 
f 614 2437 2436 
f 615 2438 2437 
f 612 2436 2438 
f 2437 2438 2436 
f 12 1299 1583 
f 342 2439 1299 
f 417 1583 2439 
f 1299 2439 1583 
f 96 2440 1303 
f 617 2441 2440 
f 342 1303 2441 
f 2440 2441 1303 
f 116 1588 2443 
f 417 2442 1588 
f 617 2443 2442 
f 1588 2442 2443 
f 342 2441 2439 
f 617 2442 2441 
f 417 2439 2442 
f 2441 2442 2439 
f 28 2444 1315 
f 618 2445 2444 
f 346 1315 2445 
f 2444 2445 1315 
f 159 2446 2448 
f 619 2447 2446 
f 618 2448 2447 
f 2446 2447 2448 
f 96 1320 2450 
f 346 2449 1320 
f 619 2450 2449 
f 1320 2449 2450 
f 618 2447 2445 
f 619 2449 2447 
f 346 2445 2449 
f 2447 2449 2445 
f 36 1594 2452 
f 422 2451 1594 
f 621 2452 2451 
f 1594 2451 2452 
f 116 2453 1598 
f 620 2454 2453 
f 422 1598 2454 
f 2453 2454 1598 
f 159 2455 2457 
f 621 2456 2455 
f 620 2457 2456 
f 2455 2456 2457 
f 422 2454 2451 
f 620 2456 2454 
f 621 2451 2456 
f 2454 2456 2451 
f 96 2450 2440 
f 619 2458 2450 
f 617 2440 2458 
f 2450 2458 2440 
f 159 2457 2446 
f 620 2459 2457 
f 619 2446 2459 
f 2457 2459 2446 
f 116 2443 2453 
f 617 2460 2443 
f 620 2453 2460 
f 2443 2460 2453 
f 619 2459 2458 
f 620 2460 2459 
f 617 2458 2460 
f 2459 2460 2458 
f 19 2430 2400 
f 616 2461 2430 
f 608 2400 2461 
f 2430 2461 2400 
f 158 2462 2433 
f 622 2463 2462 
f 616 2433 2463 
f 2462 2463 2433 
f 157 2404 2465 
f 608 2464 2404 
f 622 2465 2464 
f 2404 2464 2465 
f 616 2463 2461 
f 622 2464 2463 
f 608 2461 2464 
f 2463 2464 2461 
f 36 2452 2422 
f 621 2466 2452 
f 613 2422 2466 
f 2452 2466 2422 
f 159 2467 2455 
f 623 2468 2467 
f 621 2455 2468 
f 2467 2468 2455 
f 158 2426 2470 
f 613 2469 2426 
f 623 2470 2469 
f 2426 2469 2470 
f 621 2468 2466 
f 623 2469 2468 
f 613 2466 2469 
f 2468 2469 2466 
f 28 2408 2444 
f 611 2471 2408 
f 618 2444 2471 
f 2408 2471 2444 
f 157 2472 2411 
f 624 2473 2472 
f 611 2411 2473 
f 2472 2473 2411 
f 159 2448 2475 
f 618 2474 2448 
f 624 2475 2474 
f 2448 2474 2475 
f 611 2473 2471 
f 624 2474 2473 
f 618 2471 2474 
f 2473 2474 2471 
f 158 2470 2462 
f 623 2476 2470 
f 622 2462 2476 
f 2470 2476 2462 
f 159 2475 2467 
f 624 2477 2475 
f 623 2467 2477 
f 2475 2477 2467 
f 157 2465 2472 
f 622 2478 2465 
f 624 2472 2478 
f 2465 2478 2472 
f 623 2477 2476 
f 624 2478 2477 
f 622 2476 2478 
f 2477 2478 2476 
f 5 1269 985 
f 333 2479 1269 
f 256 985 2479 
f 1269 2479 985 
f 93 2480 1273 
f 625 2481 2480 
f 333 1273 2481 
f 2480 2481 1273 
f 70 989 2483 
f 256 2482 989 
f 625 2483 2482 
f 989 2482 2483 
f 333 2481 2479 
f 625 2482 2481 
f 256 2479 2482 
f 2481 2482 2479 
f 30 2484 1285 
f 626 2485 2484 
f 337 1285 2485 
f 2484 2485 1285 
f 160 2486 2488 
f 627 2487 2486 
f 626 2488 2487 
f 2486 2487 2488 
f 93 1290 2490 
f 337 2489 1290 
f 627 2490 2489 
f 1290 2489 2490 
f 626 2487 2485 
f 627 2489 2487 
f 337 2485 2489 
f 2487 2489 2485 
f 21 994 2492 
f 260 2491 994 
f 629 2492 2491 
f 994 2491 2492 
f 70 2493 998 
f 628 2494 2493 
f 260 998 2494 
f 2493 2494 998 
f 160 2495 2497 
f 629 2496 2495 
f 628 2497 2496 
f 2495 2496 2497 
f 260 2494 2491 
f 628 2496 2494 
f 629 2491 2496 
f 2494 2496 2491 
f 93 2490 2480 
f 627 2498 2490 
f 625 2480 2498 
f 2490 2498 2480 
f 160 2497 2486 
f 628 2499 2497 
f 627 2486 2499 
f 2497 2499 2486 
f 70 2483 2493 
f 625 2500 2483 
f 628 2493 2500 
f 2483 2500 2493 
f 627 2499 2498 
f 628 2500 2499 
f 625 2498 2500 
f 2499 2500 2498 
f 11 1793 1327 
f 475 2501 1793 
f 349 1327 2501 
f 1793 2501 1327 
f 134 2502 1797 
f 630 2503 2502 
f 475 1797 2503 
f 2502 2503 1797 
f 97 1332 2505 
f 349 2504 1332 
f 630 2505 2504 
f 1332 2504 2505 
f 475 2503 2501 
f 630 2504 2503 
f 349 2501 2504 
f 2503 2504 2501 
f 42 2506 1809 
f 631 2507 2506 
f 479 1809 2507 
f 2506 2507 1809 
f 161 2508 2510 
f 632 2509 2508 
f 631 2510 2509 
f 2508 2509 2510 
f 134 1814 2512 
f 479 2511 1814 
f 632 2512 2511 
f 1814 2511 2512 
f 631 2509 2507 
f 632 2511 2509 
f 479 2507 2511 
f 2509 2511 2507 
f 30 1338 2514 
f 354 2513 1338 
f 634 2514 2513 
f 1338 2513 2514 
f 97 2515 1342 
f 633 2516 2515 
f 354 1342 2516 
f 2515 2516 1342 
f 161 2517 2519 
f 634 2518 2517 
f 633 2519 2518 
f 2517 2518 2519 
f 354 2516 2513 
f 633 2518 2516 
f 634 2513 2518 
f 2516 2518 2513 
f 134 2512 2502 
f 632 2520 2512 
f 630 2502 2520 
f 2512 2520 2502 
f 161 2519 2508 
f 633 2521 2519 
f 632 2508 2521 
f 2519 2521 2508 
f 97 2505 2515 
f 630 2522 2505 
f 633 2515 2522 
f 2505 2522 2515 
f 632 2521 2520 
f 633 2522 2521 
f 630 2520 2522 
f 2521 2522 2520 
f 7 1013 1847 
f 265 2523 1013 
f 489 1847 2523 
f 1013 2523 1847 
f 74 2524 1017 
f 635 2525 2524 
f 265 1017 2525 
f 2524 2525 1017 
f 137 1851 2527 
f 489 2526 1851 
f 635 2527 2526 
f 1851 2526 2527 
f 265 2525 2523 
f 635 2526 2525 
f 489 2523 2526 
f 2525 2526 2523 
f 21 2528 1029 
f 636 2529 2528 
f 269 1029 2529 
f 2528 2529 1029 
f 162 2530 2532 
f 637 2531 2530 
f 636 2532 2531 
f 2530 2531 2532 
f 74 1034 2534 
f 269 2533 1034 
f 637 2534 2533 
f 1034 2533 2534 
f 636 2531 2529 
f 637 2533 2531 
f 269 2529 2533 
f 2531 2533 2529 
f 42 1856 2536 
f 493 2535 1856 
f 639 2536 2535 
f 1856 2535 2536 
f 137 2537 1860 
f 638 2538 2537 
f 493 1860 2538 
f 2537 2538 1860 
f 162 2539 2541 
f 639 2540 2539 
f 638 2541 2540 
f 2539 2540 2541 
f 493 2538 2535 
f 638 2540 2538 
f 639 2535 2540 
f 2538 2540 2535 
f 74 2534 2524 
f 637 2542 2534 
f 635 2524 2542 
f 2534 2542 2524 
f 162 2541 2530 
f 638 2543 2541 
f 637 2530 2543 
f 2541 2543 2530 
f 137 2527 2537 
f 635 2544 2527 
f 638 2537 2544 
f 2527 2544 2537 
f 637 2543 2542 
f 638 2544 2543 
f 635 2542 2544 
f 2543 2544 2542 
f 30 2514 2484 
f 634 2545 2514 
f 626 2484 2545 
f 2514 2545 2484 
f 161 2546 2517 
f 640 2547 2546 
f 634 2517 2547 
f 2546 2547 2517 
f 160 2488 2549 
f 626 2548 2488 
f 640 2549 2548 
f 2488 2548 2549 
f 634 2547 2545 
f 640 2548 2547 
f 626 2545 2548 
f 2547 2548 2545 
f 42 2536 2506 
f 639 2550 2536 
f 631 2506 2550 
f 2536 2550 2506 
f 162 2551 2539 
f 641 2552 2551 
f 639 2539 2552 
f 2551 2552 2539 
f 161 2510 2554 
f 631 2553 2510 
f 641 2554 2553 
f 2510 2553 2554 
f 639 2552 2550 
f 641 2553 2552 
f 631 2550 2553 
f 2552 2553 2550 
f 21 2492 2528 
f 629 2555 2492 
f 636 2528 2555 
f 2492 2555 2528 
f 160 2556 2495 
f 642 2557 2556 
f 629 2495 2557 
f 2556 2557 2495 
f 162 2532 2559 
f 636 2558 2532 
f 642 2559 2558 
f 2532 2558 2559 
f 629 2557 2555 
f 642 2558 2557 
f 636 2555 2558 
f 2557 2558 2555 
f 161 2554 2546 
f 641 2560 2554 
f 640 2546 2560 
f 2554 2560 2546 
f 162 2559 2551 
f 642 2561 2559 
f 641 2551 2561 
f 2559 2561 2551 
f 160 2549 2556 
f 640 2562 2549 
f 642 2556 2562 
f 2549 2562 2556 
f 641 2561 2560 
f 642 2562 2561 
f 640 2560 2562 
f 2561 2562 2560 
